time,voltage
0.0,0.36886735
0.0005,0.24949782
0.001,0.22585507
0.0015,0.27586958
0.002,0.31546973
0.0025,0.25186874
0.003,0.25417997
0.0035,0.16954332
0.004,0.25029022
0.0045,0.22377112
0.005,0.3113211
0.0055,0.39170065
0.006,0.38506535
0.0065,0.34019269
0.007,0.16658193
0.0075,0.07369839
0.008,-0.08766345
0.0085,-0.23268859
0.009,-0.2002188
0.0095,-0.2998876
0.01,-0.33650047
0.0105,-0.48231222
0.011,-0.45449208
0.0115,-0.49308052
0.012,-0.45827037
0.0125,-0.37350657
0.013,-0.33151105
0.0135,-0.15158128
0.014,-0.12226483
0.0145,-0.18324735
0.015,-0.22528554
0.0155,-0.23334138
0.016,-0.29233982
0.0165,-0.2729675
0.017,-0.18640823
0.0175,-0.18095169
0.018,-0.17403757
0.0185,-0.22098759
0.019,-0.1989876
0.0195,-0.05127724
0.02,0.0883882
0.0205,0.25157308
0.021,0.40991776
0.0215,0.48245062
0.022,0.48721635
0.0225,0.43053364
0.023,0.36052664
0.0235,0.35675835
0.024,0.37876977
0.0245,0.25259137
0.025,0.27947088
0.0255,0.2022325
0.026,0.13989734
0.0265,0.09911197
0.027,0.07627744
0.0275,0.07580944
0.028,0.1770284
0.0285,0.26785041
0.029,0.2864639
0.0295,0.26211034
0.03,0.15027283
0.0305,0.08932208
0.031,-0.01351675
0.0315,-0.10175261
0.032,-0.18320834
0.0325,-0.17988802
0.033,-0.3472183
0.0335,-0.41467816
0.034,-0.57492942
0.0345,-0.59418422
0.035,-0.49559573
0.0355,-0.46110831
0.036,-0.27718992
0.0365,-0.11294428
0.037,-0.14253684
0.0375,-0.1239753
0.038,-0.1667665
0.0385,-0.14233785
0.039,-0.12591273
0.0395,-0.1347152
0.04,-0.04612835
0.0405,-0.13245347
0.041,-0.06688565
0.0415,-0.18586711
0.042,-0.22244463
0.0425,-0.05467636
0.043,0.07150203
0.0435,0.26181854
0.044,0.40220444
0.0445,0.4261452
0.045,0.50192891
0.0455,0.55586474
0.046,0.48452411
0.0465,0.46217419
0.047,0.42908589
0.0475,0.46246326
0.048,0.40190938
0.0485,0.28535643
0.049,0.20566012
0.0495,0.04999872
0.05,-0.01095786
0.0505,0.02231185
0.051,0.06050635
0.0515,0.1829037
0.052,0.20416629
0.0525,0.11953151
0.053,0.13250583
0.0535,0.03420874
0.054,0.02709585
0.0545,-0.07710872
0.055,-0.09644897
0.0555,-0.19393002
0.056,-0.26510746
0.0565,-0.46827327
0.057,-0.6327437
0.0575,-0.5964955
0.058,-0.61370423
0.0585,-0.41807609
0.059,-0.41991319
0.0595,-0.30086437
0.06,-0.1763597
0.0605,-0.21616518
0.061,-0.12192159
0.0615,-0.06335771
0.062,-0.03606672
0.0625,-0.01024529
0.063,0.08205878
0.0635,0.00070217
0.064,-0.05906834
0.0645,-0.09371566
0.065,-0.08489791
0.0655,-0.1320163
0.066,0.08051467
0.0665,0.10716467
0.067,0.33984799
0.0675,0.36906332
0.068,0.3968805
0.0685,0.44111489
0.069,0.47622039
0.0695,0.47084864
0.07,0.51753751
0.0705,0.5342596
0.071,0.43312524
0.0715,0.31882614
0.072,0.21692101
0.0725,0.03444224
0.073,-0.05256717
0.0735,-0.08822135
0.074,-0.01792499
0.0745,0.0394608
0.075,0.0476872
0.0755,0.02155051
0.076,-0.01552523
0.0765,-0.05585871
0.077,-0.07309762
0.0775,-0.04751053
0.078,-0.01751706
0.0785,-0.10595985
0.079,-0.20170605
0.0795,-0.34242761
0.08,-0.50647861
0.0805,-0.6411422
0.081,-0.51201993
0.0815,-0.55540937
0.082,-0.42950019
0.0825,-0.34829944
0.083,-0.28416434
0.0835,-0.23633771
0.084,-0.18877534
0.0845,-0.12723841
0.085,0.03853552
0.0855,0.12983382
0.086,0.18939578
0.0865,0.1235191
0.087,0.06231938
0.0875,-0.01050782
0.088,-0.09598557
0.0885,-0.03582669
0.089,0.03719349
0.0895,0.13242396
0.09,0.22825998
0.0905,0.24464303
0.091,0.30400842
0.0915,0.35836201
0.092,0.45047903
0.0925,0.54978479
0.093,0.57378882
0.0935,0.65250525
0.094,0.46733712
0.0945,0.330326
0.095,0.19788911
0.0955,0.03930303
0.096,0.02501218
0.0965,-0.0567535
0.097,-0.06288478
0.0975,-0.08721896
0.098,-0.07406316
0.0985,-0.14786575
0.099,-0.17172029
0.0995,-0.16155047
0.1,-0.18737809
0.1005,-0.04932304
0.101,-0.03321499
0.1015,-0.05870841
0.102,-0.14118424
0.1025,-0.304131
0.103,-0.4298445
0.1035,-0.55456458
0.104,-0.50229004
0.1045,-0.44741716
0.105,-0.41557742
0.1055,-0.4698175
0.106,-0.39627497
0.1065,-0.32576835
0.107,-0.25487053
0.1075,-0.10764373
0.108,9.62e-05
0.1085,0.21909662
0.109,0.25412752
0.1095,0.24025193
0.11,0.17364859
0.1105,0.1359286
0.111,0.12775994
0.1115,0.11564967
0.112,0.10766842
0.1125,0.16143026
0.113,0.22408202
0.1135,0.21676042
0.114,0.17946684
0.1145,0.22537632
0.115,0.32507747
0.1155,0.42946917
0.116,0.52510085
0.1165,0.58198864
0.117,0.55014133
0.1175,0.44392073
0.118,0.31892153
0.1185,0.17360597
0.119,0.08533617
0.1195,-0.02479752
0.12,-0.07006547
0.1205,-0.16285721
0.121,-0.1390671
0.1215,-0.27789752
0.122,-0.30840771
0.1225,-0.36969868
0.123,-0.19139491
0.1235,-0.13936215
0.124,-0.08981076
0.1245,-0.09992111
0.125,-0.12274246
0.1255,-0.18427113
0.126,-0.26997727
0.1265,-0.35142059
0.127,-0.42553219
0.1275,-0.39986913
0.128,-0.32778561
0.1285,-0.42343812
0.129,-0.44007898
0.1295,-0.36604796
0.13,-0.33709835
0.1305,-0.16714608
0.131,0.02243179
0.1315,0.07195609
0.132,0.32723459
0.1325,0.32438656
0.133,0.30717102
0.1335,0.24419916
0.134,0.19976486
0.1345,0.29995452
0.135,0.27977434
0.1355,0.29007968
0.136,0.22972003
0.1365,0.25939794
0.137,0.21830465
0.1375,0.16724515
0.138,0.23201673
0.1385,0.29359376
0.139,0.40045464
0.1395,0.51255308
0.14,0.45619817
0.1405,0.41557901
0.141,0.35830564
0.1415,0.21738996
0.142,0.13000098
0.1425,0.06658294
0.143,0.00904028
0.1435,-0.07499002
0.144,-0.21719836
0.1445,-0.38205898
0.145,-0.44087328
0.1455,-0.43537786
0.146,-0.36089801
0.1465,-0.32597589
0.147,-0.21270787
0.1475,-0.14091757
0.148,-0.12363472
0.1485,-0.16177218
0.149,-0.25480152
0.1495,-0.33086194
0.15,-0.32895353
0.1505,-0.28856575
0.151,-0.19754255
0.1515,-0.32609267
0.152,-0.40937528
0.1525,-0.38236835
0.153,-0.36101843
0.1535,-0.17671215
0.154,-0.07931697
0.1545,0.15301673
0.155,0.20976309
0.1555,0.26261431
0.156,0.29363273
0.1565,0.2823064
0.157,0.34243099
0.1575,0.3925588
0.158,0.34618862
0.1585,0.35985667
0.159,0.27826429
0.1595,0.27216116
0.16,0.09678309
0.1605,0.15473104
0.161,0.1544957
0.1615,0.24076684
0.162,0.32396231
0.1625,0.37670829
0.163,0.43689699
0.1635,0.3965596
0.164,0.25811196
0.1645,0.21925067
0.165,0.10871752
0.1655,0.06437364
0.166,0.08913169
0.1665,-0.03946601
0.167,-0.18166844
0.1675,-0.36230309
0.168,-0.4737843
0.1685,-0.50327433
0.169,-0.37917287
0.1695,-0.28483803
0.17,-0.380228
0.1705,-0.28949522
0.171,-0.23359004
0.1715,-0.22668977
0.172,-0.27240089
0.1725,-0.20094044
0.173,-0.21073227
0.1735,-0.15004479
0.174,-0.20826381
0.1745,-0.24983515
0.175,-0.27541208
0.1755,-0.35196701
0.176,-0.3028329
0.1765,-0.24514415
0.177,-0.0356989
0.1775,0.07194902
0.178,0.11544078
0.1785,0.2595036
0.179,0.22639439
0.1795,0.37729196
0.18,0.39843616
0.1805,0.40337064
0.181,0.4947321
0.1815,0.50427249
0.182,0.41061372
0.1825,0.3423709
0.183,0.20500768
0.1835,0.06858544
0.184,-0.00398052
0.1845,0.07152761
0.185,0.17830975
0.1855,0.26685289
0.186,0.29390009
0.1865,0.2380048
0.187,0.2311947
0.1875,0.12188869
0.188,0.21587461
0.1885,0.18022284
0.189,0.08038686
0.1895,-0.03969679
0.19,-0.21148236
0.1905,-0.32905425
0.191,-0.46602635
0.1915,-0.53892549
0.192,-0.46370976
0.1925,-0.43479323
0.193,-0.40410119
0.1935,-0.36403029
0.194,-0.32803541
0.1945,-0.32308272
0.195,-0.23689841
0.1955,-0.20057056
0.196,-0.10764259
0.1965,-0.04765346
0.197,-0.05828331
0.1975,-0.11664423
0.198,-0.19716698
0.1985,-0.34707674
0.199,-0.28004271
0.1995,-0.22172553
0.2,-0.04182236
0.2005,-0.00238562
0.201,0.10742553
0.2015,0.20447807
0.202,0.23907904
0.2025,0.336696
0.203,0.39735225
0.2035,0.45343482
0.204,0.64357562
0.2045,0.60779215
0.205,0.46221318
0.2055,0.43290985
0.206,0.26047632
0.2065,0.1809221
0.207,0.11629955
0.2075,0.1251177
0.208,0.19078059
0.2085,0.2220369
0.209,0.16812251
0.2095,0.06204707
0.21,0.03904675
0.2105,0.11137831
0.211,0.12077323
0.2115,0.13703898
0.212,0.15556128
0.2125,0.03872014
0.213,-0.10491906
0.2135,-0.27481626
0.214,-0.46552276
0.2145,-0.47165117
0.215,-0.50712618
0.2155,-0.48781252
0.216,-0.47294
0.2165,-0.52773637
0.217,-0.38311088
0.2175,-0.34514168
0.218,-0.35764624
0.2185,-0.18480243
0.219,-0.07388632
0.2195,0.02390064
0.22,0.04297212
0.2205,-0.00169606
0.221,-0.01356958
0.2215,-0.06853465
0.222,-0.12880969
0.2225,-0.16516596
0.223,-0.04368402
0.2235,0.11351157
0.224,-0.02865068
0.2245,0.14656592
0.225,0.08102269
0.2255,0.2235605
0.226,0.35284837
0.2265,0.46719672
0.227,0.60407808
0.2275,0.66375125
0.228,0.63241667
0.2285,0.44150165
0.229,0.26836726
0.2295,0.25966281
0.23,0.1699057
0.2305,0.11422939
0.231,0.09988554
0.2315,0.05119319
0.232,0.00946613
0.2325,-0.05190687
0.233,-0.1267381
0.2335,-0.04149371
0.234,0.04384944
0.2345,0.05561203
0.235,0.10339795
0.2355,-0.0137479
0.236,-0.07818609
0.2365,-0.23700373
0.237,-0.37607287
0.2375,-0.39668954
0.238,-0.41930691
0.2385,-0.49164933
0.239,-0.46224464
0.2395,-0.50658262
0.24,-0.51551908
0.2405,-0.45380918
0.241,-0.37734676
0.2415,-0.29708247
0.242,-0.01968651
0.2425,-0.01304876
0.243,0.11440605
0.2435,0.09028279
0.244,-0.01650604
0.2445,-0.01542226
0.245,0.04039817
0.2455,0.02970372
0.246,0.14838563
0.2465,0.11795754
0.247,0.01863194
0.2475,0.14381663
0.248,0.11090065
0.2485,0.16346488
0.249,0.27837528
0.2495,0.44814641
0.25,0.56764098
0.2505,0.62313469
0.251,0.51894259
0.2515,0.41979764
0.252,0.36105273
0.2525,0.31160053
0.253,0.29158298
0.2535,0.21239032
0.254,0.11344183
0.2545,-0.00462305
0.255,-0.05012706
0.2555,-0.18882358
0.256,-0.18811443
0.2565,-0.17323469
0.257,-0.10124714
0.2575,0.00648099
0.258,-0.02626313
0.2585,-0.08408404
0.259,-0.07658147
0.2595,-0.19746592
0.26,-0.19324359
0.2605,-0.28440506
0.261,-0.31934328
0.2615,-0.40851899
0.262,-0.367329
0.2625,-0.49390452
0.263,-0.56877197
0.2635,-0.54779997
0.264,-0.48494946
0.2645,-0.25668238
0.265,-0.15112217
0.2655,-0.03737216
0.266,0.14324959
0.2665,0.10157443
0.267,0.1177721
0.2675,0.12449624
0.268,0.18873556
0.2685,0.13295329
0.269,0.25095041
0.2695,0.24195021
0.27,0.13261338
0.2705,0.08194028
0.271,0.02675462
0.2715,0.09880211
0.272,0.19858444
0.2725,0.31782821
0.273,0.4673002
0.2735,0.43496499
0.274,0.56438874
0.2745,0.42739332
0.275,0.42008247
0.2755,0.38927182
0.276,0.29278278
0.2765,0.25944187
0.277,0.11271931
0.2775,0.04288757
0.278,-0.0956083
0.2785,-0.27781549
0.279,-0.36188291
0.2795,-0.24003408
0.28,-0.23756511
0.2805,-0.14760108
0.281,-0.17016143
0.2815,-0.12912887
0.282,-0.17932505
0.2825,-0.26359766
0.283,-0.16735973
0.2835,-0.1640238
0.284,-0.23076925
0.2845,-0.20741779
0.285,-0.27619473
0.2855,-0.43533828
0.286,-0.53435117
0.2865,-0.54687734
0.287,-0.4789859
0.2875,-0.31262486
0.288,-0.13183002
0.2885,-0.05047399
0.289,-0.0234326
0.2895,0.13555663
0.29,0.08941337
0.2905,0.20499144
0.291,0.27222201
0.2915,0.38762205
0.292,0.35709992
0.2925,0.36587756
0.293,0.21932278
0.2935,0.11010362
0.294,0.11100125
0.2945,0.10088045
0.295,0.2357077
0.2955,0.31153778
0.296,0.32713492
0.2965,0.37434377
0.297,0.3630354
0.2975,0.36904483
0.298,0.3743521
0.2985,0.40590809
0.299,0.40485722
0.2995,0.3604433
0.3,0.2425293
0.3005,0.05923697
0.301,-0.12122642
0.3015,-0.26512247
0.302,-0.2920433
0.3025,-0.28490652
0.303,-0.28425119
0.3035,-0.22517531
0.304,-0.25859592
0.3045,-0.238737
0.305,-0.18342765
0.3055,-0.29606012
0.306,-0.19437397
0.3065,-0.16421901
0.307,-0.13478075
0.3075,-0.19014671
0.308,-0.24983933
0.3085,-0.28988413
0.309,-0.4386828
0.3095,-0.45077453
0.31,-0.47939649
0.3105,-0.33973444
0.311,-0.21025208
0.3115,-0.1305047
0.312,-0.01006186
0.3125,0.0519795
0.313,0.08319574
0.3135,0.14546417
0.314,0.33516869
0.3145,0.41140158
0.315,0.45055337
0.3155,0.40532081
0.316,0.36916684
0.3165,0.20414798
0.317,0.16596953
0.3175,0.21091139
0.318,0.18451202
0.3185,0.23836325
0.319,0.26832125
0.3195,0.31368436
0.32,0.22242243
0.3205,0.24993287
0.321,0.2255636
0.3215,0.31884292
0.322,0.37426486
0.3225,0.34873953
0.323,0.35841515
0.3235,0.03643636
0.324,-0.07503434
0.3245,-0.16903065
0.325,-0.31189657
0.3255,-0.27512584
0.326,-0.34873592
0.3265,-0.38469299
0.327,-0.34133743
0.3275,-0.41135691
0.328,-0.35525882
0.3285,-0.36968207
0.329,-0.24985023
0.3295,-0.15314023
0.33,-0.17192379
0.3305,-0.08544405
0.331,-0.15266081
0.3315,-0.20657969
0.332,-0.31790069
0.3325,-0.36822376
0.333,-0.36645693
0.3335,-0.24739086
0.334,-0.16344554
0.3345,-0.19320465
0.335,-0.15292459
0.3355,-0.09419273
0.336,0.02406588
0.3365,0.19317956
0.337,0.33944341
0.3375,0.40030853
0.338,0.52605846
0.3385,0.52470028
0.339,0.46449849
0.3395,0.25634677
0.34,0.27151274
0.3405,0.24549045
0.341,0.25400161
0.3415,0.22223014
0.342,0.20708756
0.3425,0.19301306
0.343,0.16724293
0.3435,0.14196487
0.344,0.1737788
0.3445,0.15442167
0.345,0.3262715
0.3455,0.31836361
0.346,0.23220358
0.3465,0.19565117
0.347,0.02903141
0.3475,-0.14017245
0.348,-0.27992183
0.3485,-0.31298148
0.349,-0.33362957
0.3495,-0.42121168
0.35,-0.36709276
0.3505,-0.53149519
0.351,-0.47726228
0.3515,-0.47255927
0.352,-0.3320885
0.3525,-0.17230363
0.353,-0.06706377
0.3535,-0.11666941
0.354,-0.11705391
0.3545,-0.11504227
0.355,-0.1958013
0.3555,-0.21698472
0.356,-0.20415698
0.3565,-0.1600496
0.357,-0.12118933
0.3575,-0.13968443
0.358,-0.1283882
0.3585,-0.12275052
0.359,0.00546857
0.3595,0.134113
0.36,0.17097004
0.3605,0.39984791
0.361,0.53684814
0.3615,0.53802126
0.362,0.53550845
0.3625,0.46265212
0.363,0.29664553
0.3635,0.35073152
0.364,0.31160143
0.3645,0.31194204
0.365,0.19148552
0.3655,0.14317735
0.366,-0.00027545
0.3665,0.03943365
0.367,-0.02453866
0.3675,0.1069698
0.368,0.16925714
0.3685,0.22403808
0.369,0.19382272
0.3695,0.06409339
0.37,-0.01834132
0.3705,-0.10554511
0.371,-0.19691937
0.3715,-0.21324408
0.372,-0.32825493
0.3725,-0.358195
0.373,-0.46076968
0.3735,-0.545589
0.374,-0.63891155
0.3745,-0.56140732
0.375,-0.40875657
0.3755,-0.28506656
0.376,-0.20752023
0.3765,-0.09728042
0.377,-0.09134551
0.3775,-0.11806439
0.378,-0.11156506
0.3785,-0.14249951
0.379,-0.08877226
0.3795,-0.04223113
0.38,0.03563505
0.3805,-0.12794291
0.381,-0.03823863
0.3815,-0.05310184
0.382,-0.04963306
0.3825,-0.01675068
0.383,0.16425472
0.3835,0.34560002
0.384,0.47775833
0.3845,0.49438335
0.385,0.50336629
0.3855,0.48102409
0.386,0.45860015
0.3865,0.40236941
0.387,0.40526096
0.3875,0.3224555
0.388,0.24470565
0.3885,0.11825663
0.389,-0.08742505
0.3895,-0.05116342
0.39,-0.06539452
0.3905,0.01425715
0.391,0.06307905
0.3915,0.09937788
0.392,0.06129175
0.3925,0.02464942
0.393,-0.06960585
0.3935,-0.06450703
0.394,-0.12663212
0.3945,-0.1538053
0.395,-0.15447025
0.3955,-0.29032626
0.396,-0.40399328
0.3965,-0.53649374
0.397,-0.65865276
0.3975,-0.49996089
0.398,-0.46448325
0.3985,-0.36468439
0.399,-0.21753435
0.3995,-0.1621382
0.4,-0.06070695
0.4005,-0.0899532
0.401,-0.05346875
0.4015,0.04285074
0.402,0.10184636
0.4025,0.10703176
0.403,0.09778266
0.4035,0.08736247
0.404,0.00303135
0.4045,-0.06307834
0.405,0.00565341
0.4055,-0.00739258
0.406,0.13583244
0.4065,0.34002598
0.407,0.39528149
0.4075,0.44276913
0.408,0.40730577
0.4085,0.45187615
0.409,0.46483929
0.4095,0.51412258
0.41,0.49313098
0.4105,0.44767001
0.411,0.26341949
0.4115,0.19749659
0.412,0.0299414
0.4125,-0.09687895
0.413,-0.08770059
0.4135,-0.01678178
0.414,-0.0782998
0.4145,-0.07635753
0.415,-0.04567801
0.4155,-0.13430089
0.416,-0.18333394
0.4165,-0.08947501
0.417,-0.05692355
0.4175,-0.10293573
0.418,-0.13949786
0.4185,-0.20451564
0.419,-0.35176841
0.4195,-0.4918917
0.42,-0.482423
0.4205,-0.49899094
0.421,-0.50376809
0.4215,-0.39642004
0.422,-0.2755664
0.4225,-0.28117319
0.423,-0.18891612
0.4235,-0.157001
0.424,-0.03462867
0.4245,0.02187565
0.425,0.13146786
0.4255,0.23490288
0.426,0.20154775
0.4265,0.21618248
0.427,0.02493195
0.4275,0.0623073
0.428,0.0975598
0.4285,0.14114969
0.429,0.1131307
0.4295,0.18904692
0.43,0.29460167
0.4305,0.30994401
0.431,0.32112548
0.4315,0.36303486
0.432,0.4495199
0.4325,0.49587046
0.433,0.54273743
0.4335,0.50268205
0.434,0.32356222
0.4345,0.1563124
0.435,-0.02836727
0.4355,0.00229997
0.436,-0.16530144
0.4365,-0.09071988
0.437,-0.19019903
0.4375,-0.18907968
0.438,-0.1619354
0.4385,-0.22121957
0.439,-0.22807115
0.4395,-0.16666018
0.44,-0.10190681
0.4405,-0.06913343
0.441,-0.07807634
0.4415,-0.16743004
0.442,-0.23668421
0.4425,-0.31677996
0.443,-0.49985816
0.4435,-0.52103469
0.444,-0.41003909
0.4445,-0.40634979
0.445,-0.37579582
0.4455,-0.31249934
0.446,-0.27369145
0.4465,-0.24164067
0.447,-0.11772438
0.4475,0.06539817
0.448,0.18168343
0.4485,0.32302927
0.449,0.33061661
0.4495,0.27749207
0.45,0.21213644
0.4505,0.1892153
0.451,0.1468116
0.4515,0.21091367
0.452,0.17836741
0.4525,0.24501506
0.453,0.25522618
0.4535,0.18631769
0.454,0.26236933
0.4545,0.26466064
0.455,0.40610381
0.4555,0.48708124
0.456,0.52224656
0.4565,0.44993373
0.457,0.42167986
0.4575,0.22299126
0.458,0.10673863
0.4585,-0.02542409
0.459,-0.10186151
0.4595,-0.15112474
0.46,-0.17537688
0.4605,-0.27594924
0.461,-0.32308473
0.4615,-0.37351698
0.462,-0.39510715
0.4625,-0.25775881
0.463,-0.20753576
0.4635,-0.19706087
0.464,-0.08534264
0.4645,-0.11824847
0.465,-0.2746887
0.4655,-0.2736153
0.466,-0.32883206
0.4665,-0.32908844
0.467,-0.3881709
0.4675,-0.33871032
0.468,-0.2975316
0.4685,-0.34217666
0.469,-0.3133736
0.4695,-0.25762583
0.47,-0.14664377
0.4705,-0.02058815
0.471,0.21015192
0.4715,0.27723207
0.472,0.32497852
0.4725,0.37781694
0.473,0.3753187
0.4735,0.25952524
0.474,0.26128943
0.4745,0.23114829
0.475,0.27045944
0.4755,0.22717222
0.476,0.22168737
0.4765,0.12299791
0.477,0.09360468
0.4775,0.1766893
0.478,0.26831187
0.4785,0.4047259
0.479,0.41472643
0.4795,0.446219
0.48,0.28094253
0.4805,0.27324316
0.481,0.17358747
0.4815,0.05921399
0.482,0.01940099
0.4825,-0.06808228
0.483,-0.15560851
0.4835,-0.26292302
0.484,-0.33656894
0.4845,-0.47147861
0.485,-0.4453696
0.4855,-0.39871189
0.486,-0.37990903
0.4865,-0.19345257
0.487,-0.08298951
0.4875,-0.12912246
0.488,-0.19116748
0.4885,-0.24514909
0.489,-0.23127071
0.4895,-0.2264231
0.49,-0.17519615
0.4905,-0.20382292
0.491,-0.31853472
0.4915,-0.25280196
0.492,-0.32244504
0.4925,-0.2720718
0.493,-0.13580821
0.4935,-0.02041713
0.494,0.16721221
0.4945,0.32631641
0.495,0.38414829
0.4955,0.42333334
0.496,0.34196361
0.4965,0.34275363
0.497,0.41009815
0.4975,0.40439717
0.498,0.36209307
0.4985,0.38716673
0.499,0.25581138
0.4995,0.14089175
0.5,0.07327256
0.5005,0.05606209
0.501,0.12212264
0.5015,0.32630151
0.502,0.28537248
0.5025,0.27977574
0.503,0.21569397
0.5035,0.15822297
0.504,0.06470727
0.5045,0.06387321
0.505,0.02561499
0.5055,-0.05751134
0.506,-0.09624919
0.5065,-0.31650781
0.507,-0.42983531
0.5075,-0.45720654
0.508,-0.55789011
0.5085,-0.47602865
0.509,-0.42284435
0.5095,-0.30449772
0.51,-0.24514318
0.5105,-0.18156129
0.511,-0.2570166
0.5115,-0.21340981
0.512,-0.14688459
0.5125,-0.09681128
0.513,-0.07597663
0.5135,-0.12096701
0.514,-0.06960947
0.5145,-0.21877979
0.515,-0.27049418
0.5155,-0.2558408
0.516,-0.14808126
0.5165,0.00710596
0.517,0.11353634
0.5175,0.27912172
0.518,0.30012771
0.5185,0.36703475
0.519,0.3979039
0.5195,0.39910477
0.52,0.43319846
0.5205,0.44916037
0.521,0.49308177
0.5215,0.41068961
0.522,0.27840588
0.5225,0.18439772
0.523,0.06290675
0.5235,0.05107905
0.524,0.1317281
0.5245,0.19265727
0.525,0.18511557
0.5255,0.18440138
0.526,0.16607505
0.5265,0.1015064
0.527,0.07964319
0.5275,0.11435582
0.528,0.07535059
0.5285,0.06869565
0.529,-0.02009082
0.5295,-0.18160766
0.53,-0.3470956
0.5305,-0.49433266
0.531,-0.55775006
0.5315,-0.51221064
0.532,-0.42286827
0.5325,-0.38153762
0.533,-0.3578839
0.5335,-0.30879879
0.534,-0.30955987
0.5345,-0.28760584
0.535,-0.11661167
0.5355,-0.00671373
0.536,0.0489769
0.5365,0.06359095
0.537,0.04714878
0.5375,-0.14463818
0.538,-0.10387883
0.5385,-0.11133638
0.539,-0.10657728
0.5395,-0.02192454
0.54,0.08512943
0.5405,0.19976931
0.541,0.27089598
0.5415,0.25284327
0.542,0.29036175
0.5425,0.38146417
0.543,0.47002116
0.5435,0.55195704
0.544,0.51459546
0.5445,0.51115711
0.545,0.38749286
0.5455,0.23895765
0.546,0.09216357
0.5465,0.07230297
0.547,0.04512041
0.5475,0.06118051
0.548,0.04157761
0.5485,0.06268605
0.549,0.01383013
0.5495,-0.07396013
0.55,-0.01300293
0.5505,0.0525766
0.551,0.09750291
0.5515,0.0792405
0.552,-0.06247043
0.5525,-0.14561341
0.553,-0.32421601
0.5535,-0.43658315
0.554,-0.48601578
0.5545,-0.4945165
0.555,-0.39067755
0.5555,-0.41138801
0.556,-0.44002681
0.5565,-0.40462703
0.557,-0.40186859
0.5575,-0.25867308
0.558,-0.11586125
0.5585,-0.00695392
0.559,0.09473167
0.5595,0.02937182
0.56,0.00061424
0.5605,0.02126691
0.561,-0.02463737
0.5615,-0.01610678
0.562,-0.02897323
0.5625,0.0539181
0.563,0.05729326
0.5635,0.13388872
0.564,0.13537749
0.5645,0.23774581
0.565,0.25463475
0.5655,0.29901373
0.566,0.50929223
0.5665,0.60007262
0.567,0.58954553
0.5675,0.50385825
0.568,0.39944951
0.5685,0.26054479
0.569,0.11723916
0.5695,0.06632274
0.57,0.05017037
0.5705,0.09873338
0.571,-0.01055166
0.5715,-0.02017945
0.572,-0.18581462
0.5725,-0.22560165
0.573,-0.11888905
0.5735,-0.07273421
0.574,0.02099045
0.5745,-0.03932651
0.575,-0.03912599
0.5755,-0.23056593
0.576,-0.25063726
0.5765,-0.32946009
0.577,-0.35335739
0.5775,-0.41052198
0.578,-0.40354005
0.5785,-0.3949891
0.579,-0.39997821
0.5795,-0.41452115
0.58,-0.44244422
0.5805,-0.32857413
0.581,-0.20680506
0.5815,-0.03173705
0.582,0.11056857
0.5825,0.16045956
0.583,0.16599807
0.5835,0.08475997
0.584,0.03573157
0.5845,0.15226501
0.585,0.12364854
0.5855,0.13983602
0.586,0.19675692
0.5865,0.14472832
0.587,0.14069352
0.5875,0.15248082
0.588,0.21959526
0.5885,0.28451741
0.589,0.45808802
0.5895,0.50418883
0.59,0.48033505
0.5905,0.54600884
0.591,0.41708215
0.5915,0.34017504
0.592,0.22164376
0.5925,0.19373713
0.593,0.11499534
0.5935,0.09828955
0.594,-0.06130673
0.5945,-0.11532017
0.595,-0.29669681
0.5955,-0.26260572
0.596,-0.22033539
0.5965,-0.25349229
0.597,-0.12441312
0.5975,0.02857735
0.598,-0.04297395
0.5985,-0.10126497
0.599,-0.27226619
0.5995,-0.24498945
0.6,-0.29620796
0.6005,-0.28166042
0.601,-0.34776013
0.6015,-0.40033154
0.602,-0.43971029
0.6025,-0.45389192
0.603,-0.48303623
0.6035,-0.36659129
0.604,-0.23815455
0.6045,-0.08220277
0.605,0.0287481
0.6055,0.1321529
0.606,0.22771708
0.6065,0.12640653
0.607,0.16827144
0.6075,0.19632819
0.608,0.21787516
0.6085,0.28831486
0.609,0.24556776
0.6095,0.21552769
0.61,0.1302814
0.6105,0.13883661
0.611,0.12478701
0.6115,0.19255467
0.612,0.37570948
0.6125,0.51224407
0.613,0.43542375
0.6135,0.42718411
0.614,0.40202634
0.6145,0.29844545
0.615,0.31100974
0.6155,0.19989631
0.616,0.17283003
0.6165,0.10508926
0.617,-0.0734814
0.6175,-0.11696058
0.618,-0.28066529
0.6185,-0.34887928
0.619,-0.39296484
0.6195,-0.25475369
0.62,-0.15633605
0.6205,-0.22372313
0.621,-0.15580217
0.6215,-0.12523907
0.622,-0.17619192
0.6225,-0.25544926
0.623,-0.31632915
0.6235,-0.23267312
0.624,-0.22642862
0.6245,-0.29786666
0.625,-0.2932738
0.6255,-0.45791703
0.626,-0.39469651
0.6265,-0.40557999
0.627,-0.24675274
0.6275,-0.13214164
0.628,0.00586724
0.6285,0.06383425
0.629,0.16947711
0.6295,0.15419803
0.63,0.22879997
0.6305,0.27082498
0.631,0.34473893
0.6315,0.41172883
0.632,0.37189064
0.6325,0.32500408
0.633,0.17268792
0.6335,0.13118047
0.634,0.09113083
0.6345,0.1229191
0.635,0.25388191
0.6355,0.34963669
0.636,0.35460248
0.6365,0.34153009
0.637,0.29792597
0.6375,0.26558994
0.638,0.2360129
0.6385,0.32383308
0.639,0.27207651
0.6395,0.18115546
0.64,-0.03762205
0.6405,-0.13934746
0.641,-0.4137223
0.6415,-0.36550915
0.642,-0.36978552
0.6425,-0.42372964
0.643,-0.1935478
0.6435,-0.26366217
0.644,-0.25666764
0.6445,-0.25408888
0.645,-0.24611913
0.6455,-0.22404941
0.646,-0.1834972
0.6465,-0.14743495
0.647,-0.17653717
0.6475,-0.15851849
0.648,-0.27510513
0.6485,-0.30947145
0.649,-0.38548704
0.6495,-0.3881463
0.65,-0.30263207
0.6505,-0.1471596
0.651,0.04936356
0.6515,-0.00989458
0.652,0.13410558
0.6525,0.15732383
0.653,0.1990595
0.6535,0.38787379
0.654,0.49345805
0.6545,0.49725225
0.655,0.40045452
0.6555,0.39236121
0.656,0.32172381
0.6565,0.15432129
0.657,0.11661039
0.6575,0.14385065
0.658,0.17188311
0.6585,0.24975855
0.659,0.28749024
0.6595,0.12590824
0.66,0.24633354
0.6605,0.17527677
0.661,0.24988887
0.6615,0.28001371
0.662,0.25938224
0.6625,0.21971165
0.663,0.05697091
0.6635,-0.13912808
0.664,-0.2246449
0.6645,-0.32707348
0.665,-0.36752075
0.6655,-0.34572248
0.666,-0.43697737
0.6665,-0.28121625
0.667,-0.47305876
0.6675,-0.37947813
0.668,-0.32582761
0.6685,-0.31146095
0.669,-0.14650064
0.6695,-0.11585708
0.67,-0.08107147
0.6705,-0.09985448
0.671,-0.17251694
0.6715,-0.23065892
0.672,-0.24657333
0.6725,-0.20413691
0.673,-0.2289655
0.6735,-0.11672018
0.674,-0.02804254
0.6745,0.00186034
0.675,0.00466193
0.6755,0.0233814
0.676,0.22313785
0.6765,0.38793848
0.677,0.48843864
0.6775,0.55510773
0.678,0.54716737
0.6785,0.44300263
0.679,0.35728577
0.6795,0.32482133
0.68,0.21117162
0.6805,0.20311313
0.681,0.25329862
0.6815,0.12536437
0.682,0.12746541
0.6825,0.06701135
0.683,0.00056512
0.6835,0.0276094
0.684,0.18063306
0.6845,0.23727002
0.685,0.21007133
0.6855,0.23602647
0.686,0.1107792
0.6865,-0.1586483
0.687,-0.24511862
0.6875,-0.2343971
0.688,-0.34301506
0.6885,-0.30739595
0.689,-0.41286218
0.6895,-0.48539841
0.69,-0.47010454
0.6905,-0.52415364
0.691,-0.40931175
0.6915,-0.31021058
0.692,-0.23018862
0.6925,-0.10421798
0.693,-0.04053025
0.6935,-0.07691696
0.694,-0.05557925
0.6945,-0.13429439
0.695,-0.10432816
0.6955,-0.13550529
0.696,-0.10237718
0.6965,0.02139496
0.697,-0.02209528
0.6975,-0.04715949
0.698,-0.04321043
0.6985,0.10145604
0.699,0.10563252
0.6995,0.22526994
0.7,0.45154036
0.7005,0.54586712
0.701,0.50306719
0.7015,0.49564117
0.702,0.44339517
0.7025,0.40279316
0.703,0.28806232
0.7035,0.25933335
0.704,0.29915543
0.7045,0.1320437
0.705,0.07264002
0.7055,-0.03803171
0.706,-0.00962815
0.7065,0.00816708
0.707,0.01930421
0.7075,0.07820822
0.708,0.21792868
0.7085,0.14865041
0.709,0.05488978
0.7095,-0.08320302
0.71,-0.22231632
0.7105,-0.25218311
0.711,-0.26113872
0.7115,-0.30197427
0.712,-0.39338204
0.7125,-0.44583785
0.713,-0.49311302
0.7135,-0.5907148
0.714,-0.52240666
0.7145,-0.41497357
0.715,-0.27052188
0.7155,-0.16348587
0.716,-0.09331648
0.7165,0.0181683
0.717,-0.03208019
0.7175,-0.01324134
0.718,-0.02877995
0.7185,0.03068982
0.719,0.07489749
0.7195,0.09874287
0.72,0.07190737
0.7205,0.00902893
0.721,-0.03801197
0.7215,0.04638554
0.722,0.11949342
0.7225,0.27917965
0.723,0.37968516
0.7235,0.48252433
0.724,0.51822503
0.7245,0.5460057
0.725,0.47972571
0.7255,0.3710135
0.726,0.42808075
0.7265,0.35339347
0.727,0.28717711
0.7275,0.21378061
0.728,0.05105292
0.7285,-0.03852324
0.729,-0.08780002
0.7295,-0.17817114
0.73,-0.11948872
0.7305,-0.09897546
0.731,-0.00913621
0.7315,0.00917949
0.732,-0.0417569
0.7325,-0.0785132
0.733,-0.2088692
0.7335,-0.16466277
0.734,-0.16948844
0.7345,-0.30143783
0.735,-0.33696959
0.7355,-0.48634818
0.736,-0.52932734
0.7365,-0.49252965
0.737,-0.50095308
0.7375,-0.51443176
0.738,-0.35780022
0.7385,-0.22605529
0.739,-0.092346
0.7395,-0.0004844
0.74,-0.07961337
0.7405,-0.010197
0.741,0.11497438
0.7415,0.21150601
0.742,0.20999254
0.7425,0.13466405
0.743,0.10292985
0.7435,0.04486189
0.744,0.01904413
0.7445,-0.02628542
0.745,0.09826397
0.7455,0.19391652
0.746,0.31019592
0.7465,0.35199972
0.747,0.35751518
0.7475,0.41455393
0.748,0.42331072
0.7485,0.42606181
0.749,0.48961857
0.7495,0.43670131
0.75,0.36516513
0.7505,0.23956756
0.751,0.11409833
0.7515,-0.0188961
0.752,-0.12478364
0.7525,-0.24355151
0.753,-0.16326984
0.7535,-0.16538372
0.754,-0.07230101
0.7545,-0.15244192
0.755,-0.10719903
0.7555,-0.18037706
0.756,-0.1902709
0.7565,-0.18962439
0.757,-0.19376657
0.7575,-0.11133636
0.758,-0.2104116
0.7585,-0.36726191
0.759,-0.42936202
0.7595,-0.44430009
0.76,-0.50182259
0.7605,-0.45906373
0.761,-0.31854521
0.7615,-0.18972006
0.762,-0.18838073
0.7625,-0.1100489
0.763,-0.05328686
0.7635,0.05512393
0.764,0.10290437
0.7645,0.2612282
0.765,0.34209664
0.7655,0.30911812
0.766,0.26387369
0.7665,0.12515088
0.767,0.04932814
0.7675,0.08777421
0.768,0.16462749
0.7685,0.15065171
0.769,0.22821046
0.7695,0.2725144
0.77,0.33196416
0.7705,0.33044344
0.771,0.3069978
0.7715,0.36844929
0.772,0.50251094
0.7725,0.40090359
0.773,0.3543646
0.7735,0.32316573
0.774,0.17435985
0.7745,-0.02585308
0.775,-0.14338576
0.7755,-0.24319913
0.776,-0.26461244
0.7765,-0.16181294
0.777,-0.26788545
0.7775,-0.22771652
0.778,-0.23417173
0.7785,-0.29050432
0.779,-0.26707649
0.7795,-0.11738274
0.78,-0.13356536
0.7805,-0.08464169
0.781,-0.15413142
0.7815,-0.23640106
0.782,-0.35424081
0.7825,-0.41881311
0.783,-0.43442946
0.7835,-0.40997924
0.784,-0.32092528
0.7845,-0.36355918
0.785,-0.24816482
0.7855,-0.23245155
0.786,-0.18007714
0.7865,-0.00469575
0.787,0.10676439
0.7875,0.25263548
0.788,0.36061442
0.7885,0.39135252
0.789,0.30269572
0.7895,0.26291287
0.79,0.2393331
0.7905,0.19661989
0.791,0.20338411
0.7915,0.24478476
0.792,0.1789903
0.7925,0.26688145
0.793,0.21899502
0.7935,0.22853795
0.794,0.3041143
0.7945,0.26508745
0.795,0.32197839
0.7955,0.40392573
0.796,0.36765584
0.7965,0.33865157
0.797,0.1776001
0.7975,0.05527173
0.798,-0.15633066
0.7985,-0.18866257
0.799,-0.24893136
0.7995,-0.21744966
0.8,-0.3013048
0.8005,-0.37036141
0.801,-0.32368191
0.8015,-0.37091842
0.802,-0.34611147
0.8025,-0.22481606
0.803,-0.15441985
0.8035,-0.08932292
0.804,-0.14342653
0.8045,-0.11783617
0.805,-0.27157402
0.8055,-0.29196979
0.806,-0.29098124
0.8065,-0.27730363
0.807,-0.29741062
0.8075,-0.25873636
0.808,-0.30616436
0.8085,-0.24891305
0.809,-0.15193452
0.8095,0.00050196
0.81,0.06893851
0.8105,0.22507741
0.811,0.39770096
0.8115,0.43492799
0.812,0.48683869
0.8125,0.32054656
0.813,0.29924981
0.8135,0.23439564
0.814,0.2620516
0.8145,0.27848462
0.815,0.31391444
0.8155,0.21691444
0.816,0.11840745
0.8165,0.12223046
0.817,0.09645339
0.8175,0.2007334
0.818,0.27477309
0.8185,0.35573126
0.819,0.32918434
0.8195,0.22607939
0.82,0.16636227
0.8205,0.04980466
0.821,-0.01863851
0.8215,-0.02674076
0.822,-0.13628331
0.8225,-0.18292604
0.823,-0.29481645
0.8235,-0.43106388
0.824,-0.54618739
0.8245,-0.5100589
0.825,-0.5110337
0.8255,-0.35460669
0.826,-0.21174653
0.8265,-0.17727325
0.827,-0.15301172
0.8275,-0.15207048
0.828,-0.17533782
0.8285,-0.20097035
0.829,-0.1644239
0.8295,-0.14367441
0.83,-0.07922806
0.8305,-0.14743534
0.831,-0.20233665
0.8315,-0.23534337
0.832,-0.22063332
0.8325,-0.06212112
0.833,0.00728154
0.8335,0.21291638
0.834,0.27934702
0.8345,0.38979171
0.835,0.42634599
0.8355,0.42197149
0.836,0.36985452
0.8365,0.41818635
0.837,0.34170839
0.8375,0.39029771
0.838,0.3602965
0.8385,0.28514585
0.839,0.14417362
0.8395,0.03110264
0.84,0.07257146
0.8405,0.06165464
0.841,0.22123119
0.8415,0.22281806
0.842,0.26132063
0.8425,0.14522578
0.843,0.14010948
0.8435,0.01962165
0.844,0.02528214
0.8445,-0.00797718
0.845,-0.09860349
0.8455,-0.22919122
0.846,-0.28859421
0.8465,-0.40648225
0.847,-0.55581055
0.8475,-0.58241533
0.848,-0.46444618
0.8485,-0.38487093
0.849,-0.33504862
0.8495,-0.28693628
0.85,-0.19194395
0.8505,-0.12712995
0.851,-0.16161532
0.8515,-0.14513699
0.852,-0.13689237
0.8525,0.04461112
0.853,-0.06650751
0.8535,-0.06180443
0.854,-0.18786798
0.8545,-0.22323281
0.855,-0.16642485
0.8555,-0.07176302
0.856,0.12676339
0.8565,0.19589028
0.857,0.32278162
0.8575,0.31642038
0.858,0.41661171
0.8585,0.38995188
0.859,0.38329511
0.8595,0.46101493
0.86,0.50114878
0.8605,0.44725302
0.861,0.36066904
0.8615,0.31562732
0.862,0.12043367
0.8625,0.01977077
0.863,0.02360531
0.8635,-0.0371723
0.864,0.06889723
0.8645,0.07580883
0.865,0.1037136
0.8655,0.04592043
0.866,0.04532936
0.8665,0.0286433
0.867,0.02444091
0.8675,-0.0295462
0.868,-0.00011089
0.8685,-0.12863063
0.869,-0.16714692
0.8695,-0.36503432
0.87,-0.47481526
0.8705,-0.59186684
0.871,-0.51055763
0.8715,-0.46273177
0.872,-0.3548753
0.8725,-0.3122346
0.873,-0.26614963
0.8735,-0.23396641
0.874,-0.19879523
0.8745,-0.08592967
0.875,0.01461062
0.8755,0.11189006
0.876,0.0462495
0.8765,0.02474642
0.877,-0.03462054
0.8775,-0.10499287
0.878,-0.14985311
0.8785,-0.08464211
0.879,0.02675911
0.8795,0.12730698
0.88,0.25672017
0.8805,0.30237597
0.881,0.3032677
0.8815,0.369323
0.882,0.40112201
0.8825,0.49161657
0.883,0.57946872
0.8835,0.49281137
0.884,0.41649471
0.8845,0.32487871
0.885,0.23445413
0.8855,0.06576581
0.886,0.0186832
0.8865,-0.01608093
0.887,0.00366685
0.8875,0.03689644
0.888,-0.02022533
0.8885,-0.09404093
0.889,-0.09485521
0.8895,-0.0574898
0.89,-0.09809854
0.8905,0.03728361
0.891,0.00815507
0.8915,-0.07859263
0.892,-0.19623925
0.8925,-0.30320739
0.893,-0.41640177
0.8935,-0.52819429
0.894,-0.46948136
0.8945,-0.46208443
0.895,-0.41788926
0.8955,-0.405953
0.896,-0.32036191
0.8965,-0.34961574
0.897,-0.28701404
0.8975,-0.14993478
0.898,0.02762975
0.8985,0.09171563
0.899,0.1661741
0.8995,0.21865629
0.9,0.10115921
0.9005,0.06715523
0.901,0.021986
0.9015,0.06193103
0.902,0.08400428
0.9025,0.10023606
0.903,0.13806197
0.9035,0.19072535
0.904,0.18864997
0.9045,0.27617132
0.905,0.28084509
0.9055,0.49122915
0.906,0.55051609
0.9065,0.52617263
0.907,0.46699771
0.9075,0.37649087
0.908,0.28062288
0.9085,0.07757682
0.909,0.06826907
0.9095,0.01154965
0.91,-0.0666664
0.9105,-0.09055306
0.911,-0.04327476
0.9115,-0.27942296
0.912,-0.20812807
0.9125,-0.21189735
0.913,-0.10040317
0.9135,-0.03018864
0.914,-0.0147955
0.9145,-0.10101953
0.915,-0.1252752
0.9155,-0.2224023
0.916,-0.33515032
0.9165,-0.35953815
0.917,-0.37349871
0.9175,-0.37961938
0.918,-0.39194095
0.9185,-0.36158042
0.919,-0.41481231
0.9195,-0.41327987
0.92,-0.29387475
0.9205,-0.18201374
0.921,-0.02421733
0.9215,0.23397215
0.922,0.24880179
0.9225,0.26723197
0.923,0.199156
0.9235,0.11887413
0.924,0.15640072
0.9245,0.1379562
0.925,0.17178725
0.9255,0.16766657
0.926,0.12198031
0.9265,0.17982193
0.927,0.15004664
0.9275,0.17227593
0.928,0.27409714
0.9285,0.35427743
0.929,0.47660358
0.9295,0.61719931
0.93,0.49758935
0.9305,0.41112571
0.931,0.22151679
0.9315,0.22567154
0.932,0.12086415
0.9325,0.0906487
0.933,0.00040912
0.9335,-0.1058362
0.934,-0.16633045
0.9345,-0.29417768
0.935,-0.31310373
0.9355,-0.34973691
0.936,-0.26671876
0.9365,-0.09703924
0.937,-0.06915558
0.9375,-0.12916926
0.938,-0.07546925
0.9385,-0.18359185
0.939,-0.34327729
0.9395,-0.35313544
0.94,-0.37282048
0.9405,-0.26315543
0.941,-0.36634265
0.9415,-0.39909577
0.942,-0.37211828
0.9425,-0.42077997
0.943,-0.34530436
0.9435,-0.2555921
0.944,-0.01875407
0.9445,0.10119396
0.945,0.18043703
0.9455,0.26735166
0.946,0.28713727
0.9465,0.27137113
0.947,0.21186887
0.9475,0.26378825
0.948,0.22563084
0.9485,0.25953561
0.949,0.2215041
0.9495,0.20354993
0.95,0.09596448
0.9505,0.13318323
0.951,0.16635996
0.9515,0.28965505
0.952,0.38753242
0.9525,0.40038716
0.953,0.36445832
0.9535,0.36211029
0.954,0.24386027
0.9545,0.20735503
0.955,0.14435222
0.9555,0.05623519
0.956,0.0063094
0.9565,-0.08071515
0.957,-0.19506108
0.9575,-0.30595604
0.958,-0.40770474
0.9585,-0.39702438
0.959,-0.43669624
0.9595,-0.30183184
0.96,-0.1912692
0.9605,-0.19440446
0.961,-0.21202596
0.9615,-0.21716129
0.962,-0.24755916
0.9625,-0.23955748
0.963,-0.21332114
0.9635,-0.16976806
0.964,-0.2953012
0.9645,-0.31724009
0.965,-0.34326577
0.9655,-0.40378075
0.966,-0.30347922
0.9665,-0.200488
0.967,-0.03587075
0.9675,0.02978912
0.968,0.19937392
0.9685,0.15973531
0.969,0.23489277
0.9695,0.28078849
0.97,0.30957691
0.9705,0.40094331
0.971,0.46611719
0.9715,0.45786142
0.972,0.31683171
0.9725,0.17634887
0.973,0.11628543
0.9735,0.14338716
0.974,0.1028646
0.9745,0.24449298
0.975,0.26418034
0.9755,0.30881328
0.976,0.37628436
0.9765,0.27528994
0.977,0.22532137
0.9775,0.12973709
0.978,0.20553391
0.9785,0.15616715
0.979,0.15619609
0.9795,-0.07677859
0.98,-0.22251923
0.9805,-0.39468963
0.981,-0.42534055
0.9815,-0.39790552
0.982,-0.41750849
0.9825,-0.2819814
0.983,-0.2793226
0.9835,-0.24505749
0.984,-0.26360204
0.9845,-0.27467211
0.985,-0.21973956
0.9855,-0.12970891
0.986,-0.08168979
0.9865,-0.09555177
0.987,-0.07234588
0.9875,-0.19979202
0.988,-0.24681731
0.9885,-0.28915742
0.989,-0.2998116
0.9895,-0.20602897
0.99,-0.05209333
0.9905,-0.00064348
0.991,0.06279771
0.9915,0.17849235
0.992,0.20991594
0.9925,0.28056384
0.993,0.3636626
0.9935,0.49355242
0.994,0.52007814
0.9945,0.49285491
0.995,0.41647271
0.9955,0.24352467
0.996,0.17340731
0.9965,0.07923349
0.997,0.10842218
0.9975,0.0388135
0.998,0.26483907
0.9985,0.20004149
0.999,0.1524493
0.9995,0.14476807
1.0,0.10553946
1.0005,0.19172836
1.001,0.17153416
1.0015,0.19881828
1.002,0.13884785
1.0025,-0.0126726
1.003,-0.18008435
1.0035,-0.29295472
1.004,-0.387931
1.0045,-0.53544677
1.005,-0.33284965
1.0055,-0.36106579
1.006,-0.37126985
1.0065,-0.33301998
1.007,-0.35068332
1.0075,-0.378759
1.008,-0.22005967
1.0085,-0.12497265
1.009,-0.03201112
1.0095,-0.01560626
1.01,-0.03074962
1.0105,-0.08011759
1.011,-0.15437601
1.0115,-0.15739392
1.012,-0.17543704
1.0125,-0.13421577
1.013,-0.05372199
1.0135,-0.03716472
1.014,0.0331865
1.0145,0.07573396
1.015,0.14929488
1.0155,0.22607079
1.016,0.43365442
1.0165,0.47355084
1.017,0.57522477
1.0175,0.47571681
1.018,0.451283
1.0185,0.36598075
1.019,0.27677299
1.0195,0.17834792
1.02,0.14936346
1.0205,0.16409921
1.021,0.11575182
1.0215,0.05956928
1.022,0.04935221
1.0225,-0.03323668
1.023,0.04832894
1.0235,0.01715207
1.024,0.12923609
1.0245,0.16963616
1.025,0.15820276
1.0255,0.04855754
1.026,-0.13363538
1.0265,-0.21833883
1.027,-0.30486051
1.0275,-0.39055294
1.028,-0.40497037
1.0285,-0.33760002
1.029,-0.42792794
1.0295,-0.47855618
1.03,-0.45762364
1.0305,-0.40680355
1.031,-0.28108776
1.0315,-0.1714561
1.032,-0.07418103
1.0325,0.01199327
1.033,0.01845641
1.0335,0.00739277
1.034,-0.04437007
1.0345,-0.11742776
1.035,-0.11667235
1.0355,0.00605581
1.036,-0.02623432
1.0365,-0.01346473
1.037,0.02721052
1.0375,-0.01791713
1.038,0.07336215
1.0385,0.21803379
1.039,0.29762665
1.0395,0.38976574
1.04,0.50245848
1.0405,0.4927909
1.041,0.4688462
1.0415,0.41526199
1.042,0.32087832
1.0425,0.24524144
1.043,0.2386506
1.0435,0.23086835
1.044,0.14802849
1.0445,0.02892731
1.045,-0.0527561
1.0455,-0.13929979
1.046,-0.15004002
1.0465,-0.05350369
1.047,0.06824238
1.0475,0.06206564
1.048,0.10456121
1.0485,0.03841274
1.049,-0.08923738
1.0495,-0.19191063
1.05,-0.28472242
1.0505,-0.30332676
1.051,-0.30908446
1.0515,-0.39293679
1.052,-0.34307701
1.0525,-0.42713678
1.053,-0.46627369
1.0535,-0.46517804
1.054,-0.29190349
1.0545,-0.25926037
1.055,-0.10038425
1.0555,0.00917947
1.056,0.03667099
1.0565,-0.00268684
1.057,0.06574299
1.0575,0.05196387
1.058,0.0864556
1.0585,0.09231265
1.059,0.08722197
1.0595,0.05691347
1.06,0.09940954
1.0605,0.07737281
1.061,0.01960125
1.0615,0.11886043
1.062,0.22180022
1.0625,0.37124465
1.063,0.4553921
1.0635,0.48930406
1.064,0.44502576
1.0645,0.33681311
1.065,0.31204819
1.0655,0.41707525
1.066,0.30796273
1.0665,0.27642225
1.067,0.12848246
1.0675,0.04889732
1.068,-0.10287512
1.0685,-0.25346381
1.069,-0.21886084
1.0695,-0.16773331
1.07,-0.14667216
1.0705,0.00045527
1.071,-0.10475451
1.0715,-0.0490104
1.072,-0.07881606
1.0725,-0.1694502
1.073,-0.20954553
1.0735,-0.18128714
1.074,-0.20508237
1.0745,-0.28691351
1.075,-0.42988786
1.0755,-0.47211904
1.076,-0.45489228
1.0765,-0.54415758
1.077,-0.47147564
1.0775,-0.26023794
1.078,-0.14995814
1.0785,-0.11538313
1.079,0.0045573
1.0795,0.03422414
1.08,0.05424198
1.0805,0.13655294
1.081,0.19602214
1.0815,0.24595978
1.082,0.25109789
1.0825,0.23002213
1.083,0.12669566
1.0835,0.0503375
1.084,0.0908771
1.0845,0.15512454
1.085,0.24417248
1.0855,0.30102269
1.086,0.38550697
1.0865,0.40721665
1.087,0.44208547
1.0875,0.38427795
1.088,0.38206976
1.0885,0.32100474
1.089,0.34743236
1.0895,0.31056297
1.09,0.18868812
1.0905,0.02015908
1.091,-0.19490483
1.0915,-0.19187202
1.092,-0.24138095
1.0925,-0.21091026
1.093,-0.16594334
1.0935,-0.1834966
1.094,-0.12275036
1.0945,-0.24251971
1.095,-0.19108954
1.0955,-0.21042013
1.096,-0.19708979
1.0965,-0.23450961
1.097,-0.1594728
1.0975,-0.18247828
1.098,-0.27874086
1.0985,-0.4339163
1.099,-0.51158642
1.0995,-0.42923611
1.1,-0.37555272
1.1005,-0.34420667
1.101,-0.23122057
1.1015,-0.11588242
1.102,0.01654729
1.1025,-0.01520417
1.103,0.05803493
1.1035,0.19891891
1.104,0.28527722
1.1045,0.28794873
1.105,0.35544313
1.1055,0.2644221
1.106,0.22222188
1.1065,0.12621599
1.107,0.10275299
1.1075,0.13505777
1.108,0.18993314
1.1085,0.20146542
1.109,0.30327034
1.1095,0.24303912
1.11,0.26366847
1.1105,0.30665775
1.111,0.28725539
1.1115,0.36057383
1.112,0.32360549
1.1125,0.34633229
1.113,0.17456086
1.1135,0.08139223
1.114,-0.1231103
1.1145,-0.15237488
1.115,-0.28198718
1.1155,-0.25977374
1.116,-0.22928613
1.1165,-0.29779228
1.117,-0.27022864
1.1175,-0.26926803
1.118,-0.31714245
1.1185,-0.28228963
1.119,-0.24808386
1.1195,-0.13599737
1.12,-0.10872886
1.1205,-0.16573692
1.121,-0.18852341
1.1215,-0.34504703
1.122,-0.32511155
1.1225,-0.39020633
1.123,-0.33225583
1.1235,-0.33669341
1.124,-0.16597587
1.1245,-0.19268761
1.125,-0.15710682
1.1255,-0.07102389
1.126,0.05841398
1.1265,0.12066763
1.127,0.25644105
1.1275,0.43080618
1.128,0.48514205
1.1285,0.36108555
1.129,0.37482158
1.1295,0.2787277
1.13,0.19274177
1.1305,0.16930258
1.131,0.21538207
1.1315,0.17600908
1.132,0.17597873
1.1325,0.26435473
1.133,0.18146704
1.1335,0.13523813
1.134,0.22550495
1.1345,0.32472658
1.135,0.33962105
1.1355,0.35884223
1.136,0.27773074
1.1365,0.11087837
1.137,-0.00204045
1.1375,-0.14413627
1.138,-0.21721961
1.1385,-0.21289152
1.139,-0.36374177
1.1395,-0.25813833
1.14,-0.35964117
1.1405,-0.4442021
1.141,-0.37843189
1.1415,-0.39623569
1.142,-0.30171025
1.1425,-0.15943785
1.143,-0.17662374
1.1435,-0.08187624
1.144,-0.07864429
1.1445,-0.1752186
1.145,-0.27675121
1.1455,-0.23113935
1.146,-0.19869273
1.1465,-0.25879879
1.147,-0.17830319
1.1475,-0.11597287
1.148,-0.15265863
1.1485,-0.15877758
1.149,0.00580763
1.1495,0.15591158
1.15,0.2482506
1.1505,0.40171983
1.151,0.46314579
1.1515,0.47126795
1.152,0.34934707
1.1525,0.3364505
1.153,0.31180068
1.1535,0.25170948
1.154,0.27579174
1.1545,0.24623625
1.155,0.15965865
1.1555,0.12323209
1.156,0.09725498
1.1565,0.06519506
1.157,0.09410542
1.1575,0.21061763
1.158,0.29135732
1.1585,0.23801172
1.159,0.25711582
1.1595,0.10658328
1.16,-0.00315444
1.1605,-0.11138634
1.161,-0.15012074
1.1615,-0.17642566
1.162,-0.30579836
1.1625,-0.25415083
1.163,-0.43216503
1.1635,-0.49198039
1.164,-0.50028808
1.1645,-0.34037931
1.165,-0.35561899
1.1655,-0.2195006
1.166,-0.1743522
1.1665,-0.14009653
1.167,-0.13603975
1.1675,-0.18097326
1.168,-0.12180188
1.1685,-0.14699801
1.169,-0.13426511
1.1695,-0.11396852
1.17,-0.05445087
1.1705,-0.17314785
1.171,-0.21154119
1.1715,-0.08688196
1.172,-0.05491432
1.1725,0.12777198
1.173,0.25280808
1.1735,0.33597272
1.174,0.47485631
1.1745,0.5184809
1.175,0.42796728
1.1755,0.40253694
1.176,0.32708372
1.1765,0.34635208
1.177,0.35363359
1.1775,0.28033638
1.178,0.15504001
1.1785,0.09376437
1.179,0.04529279
1.1795,-0.00261847
1.18,0.05837192
1.1805,0.08336202
1.181,0.18383998
1.1815,0.141191
1.182,0.12612323
1.1825,0.10652866
1.183,-0.04510357
1.1835,-0.01225296
1.184,-0.11929061
1.1845,-0.12401507
1.185,-0.21744063
1.1855,-0.3922398
1.186,-0.39444209
1.1865,-0.45601644
1.187,-0.62228025
1.1875,-0.57062316
1.188,-0.41528503
1.1885,-0.28504454
1.189,-0.19014687
1.1895,-0.15915576
1.19,-0.1509186
1.1905,-0.15669764
1.191,-0.1024661
1.1915,-0.06893838
1.192,-0.0511878
1.1925,0.02918184
1.193,0.02959207
1.1935,-0.0861268
1.194,-0.03283242
1.1945,-0.11121611
1.195,-0.09339195
1.1955,0.04541695
1.196,0.24492446
1.1965,0.29699044
1.197,0.36295802
1.1975,0.46792275
1.198,0.42786835
1.1985,0.3490362
1.199,0.44225345
1.1995,0.43530383
1.2,0.44130072
1.2005,0.34133575
1.201,0.29069547
1.2015,0.08824153
1.202,0.00162873
1.2025,-0.01897649
1.203,-0.02466862
1.2035,0.02910135
1.204,0.01349462
1.2045,0.05659556
1.205,0.00194881
1.2055,0.0013835
1.206,-0.04911666
1.2065,-0.06890795
1.207,-0.0828017
1.2075,-0.09297155
1.208,-0.18666386
1.2085,-0.26623377
1.209,-0.40647035
1.2095,-0.48570194
1.21,-0.48300301
1.2105,-0.48745488
1.211,-0.50972221
1.2115,-0.33179887
1.212,-0.31743948
1.2125,-0.26920994
1.213,-0.14852522
1.2135,-0.11676969
1.214,-0.04695535
1.2145,0.07083097
1.215,0.1665415
1.2155,0.15244043
1.216,0.12910278
1.2165,0.07940429
1.217,0.00745388
1.2175,-0.02329286
1.218,-0.03192804
1.2185,0.06916198
1.219,0.20151781
1.2195,0.23448867
1.22,0.21719159
1.2205,0.35125132
1.221,0.39385963
1.2215,0.34610351
1.222,0.44826262
1.2225,0.51622809
1.223,0.47927799
1.2235,0.43895833
1.224,0.26357323
1.2245,0.15098785
1.225,0.01315605
1.2255,-0.08356426
1.226,-0.0476721
1.2265,-0.06864706
1.227,-0.1178474
1.2275,-0.13292648
1.228,-0.17203657
1.2285,-0.16490548
1.229,-0.1398808
1.2295,-0.05484519
1.23,-0.01971043
1.2305,-0.07135235
1.231,-0.06145946
1.2315,-0.18735141
1.232,-0.25598677
1.2325,-0.34616236
1.233,-0.45613189
1.2335,-0.47747548
1.234,-0.44443307
1.2345,-0.35590403
1.235,-0.33037061
1.2355,-0.29857387
1.236,-0.26866136
1.2365,-0.15173804
1.237,-0.06735156
1.2375,0.07783471
1.238,0.17911902
1.2385,0.24413692
1.239,0.25935996
1.2395,0.16568574
1.24,0.09668578
1.2405,0.00969592
1.241,0.03429231
1.2415,0.09116608
1.242,0.12110019
1.2425,0.20476187
1.243,0.2124231
1.2435,0.25934696
1.244,0.28388382
1.2445,0.33263804
1.245,0.40832354
1.2455,0.42597462
1.246,0.47903094
1.2465,0.43164275
1.247,0.38575026
1.2475,0.18505006
1.248,-0.02607961
1.2485,-0.02923848
1.249,-0.03051104
1.2495,-0.0861223
1.25,-0.19371071
1.2505,-0.21135229
1.251,-0.2514387
1.2515,-0.24448683
1.252,-0.23678416
1.2525,-0.19513058
1.253,-0.10938328
1.2535,-0.03186927
1.254,-0.12593618
1.2545,-0.12811143
1.255,-0.25130962
1.2555,-0.39865125
1.256,-0.39254707
1.2565,-0.37130869
1.257,-0.32314694
1.2575,-0.36466256
1.258,-0.38038021
1.2585,-0.39925869
1.259,-0.28929768
1.2595,-0.27478846
1.26,-0.17691964
1.2605,0.07671851
1.261,0.22695217
1.2615,0.30429876
1.262,0.31245611
1.2625,0.24570818
1.263,0.2229208
1.2635,0.19757949
1.264,0.25409885
1.2645,0.23403236
1.265,0.24279606
1.2655,0.22199729
1.266,0.18465329
1.2665,0.10817977
1.267,0.1337528
1.2675,0.21278568
1.268,0.32802313
1.2685,0.4741374
1.269,0.46845456
1.2695,0.36538272
1.27,0.32770895
1.2705,0.23880788
1.271,0.14560446
1.2715,0.04604693
1.272,-0.01038098
1.2725,-0.09161107
1.273,-0.1433719
1.2735,-0.27166004
1.274,-0.37346146
1.2745,-0.35470082
1.275,-0.38551356
1.2755,-0.29651564
1.276,-0.23822622
1.2765,-0.13007288
1.277,-0.0905453
1.2775,-0.12262949
1.278,-0.20574299
1.2785,-0.27398988
1.279,-0.21907617
1.2795,-0.32214622
1.28,-0.26432063
1.2805,-0.30298357
1.281,-0.32583232
1.2815,-0.34932416
1.282,-0.4203606
1.2825,-0.24387215
1.283,-0.14879546
1.2835,0.01390919
1.284,0.16007243
1.2845,0.2388179
1.285,0.42401031
1.2855,0.27839679
1.286,0.26710769
1.2865,0.28898277
1.287,0.32906467
1.2875,0.29840197
1.288,0.32997913
1.2885,0.25824372
1.289,0.14994118
1.2895,0.1330169
1.29,0.12436938
1.2905,0.08059604
1.291,0.19686443
1.2915,0.35024934
1.292,0.37519325
1.2925,0.31527753
1.293,0.28214577
1.2935,0.24542324
1.294,0.15299256
1.2945,0.05631221
1.295,0.05675146
1.2955,-0.03644089
1.296,-0.17412105
1.2965,-0.29380206
1.297,-0.3929493
1.2975,-0.44488359
1.298,-0.4811731
1.2985,-0.41642984
1.299,-0.22275362
1.2995,-0.13106386
1.3,-0.15665267
1.3005,-0.16309932
1.301,-0.07158214
1.3015,-0.1764786
1.302,-0.21293777
1.3025,-0.11058948
1.303,-0.17963026
1.3035,-0.19388376
1.304,-0.23222807
1.3045,-0.29095007
1.305,-0.2979076
1.3055,-0.20564285
1.306,-0.18289076
1.3065,0.01894039
1.307,0.07307853
1.3075,0.23458093
1.308,0.26287166
1.3085,0.33701012
1.309,0.41533939
1.3095,0.31125998
1.31,0.50246395
1.3105,0.46060223
1.311,0.40468725
1.3115,0.35255526
1.312,0.19433326
1.3125,0.10340263
1.313,0.02933531
1.3135,0.08561644
1.314,0.14809499
1.3145,0.22201071
1.315,0.31947383
1.3155,0.22619277
1.316,0.2246756
1.3165,0.21943671
1.317,0.19390342
1.3175,0.04698957
1.318,0.07786282
1.3185,0.06642565
1.319,-0.06279211
1.3195,-0.2460503
1.32,-0.32771598
1.3205,-0.43753271
1.321,-0.50834273
1.3215,-0.45205129
1.322,-0.43377403
1.3225,-0.33960235
1.323,-0.32740716
1.3235,-0.27357572
1.324,-0.25446354
1.3245,-0.21486661
1.325,-0.14400341
1.3255,-0.01063259
1.326,-0.05906791
1.3265,-0.08560695
1.327,-0.11774403
1.3275,-0.18643637
1.328,-0.272823
1.3285,-0.1919185
1.329,-0.13404701
1.3295,-0.05804911
1.33,-0.01855441
1.3305,0.16780816
1.331,0.24361851
1.3315,0.21196606
1.332,0.34285192
1.3325,0.41183988
1.333,0.48057132
1.3335,0.51657765
1.334,0.48285532
1.3345,0.37379916
1.335,0.1983223
1.3355,0.20212332
1.336,0.06941603
1.3365,0.07670291
1.337,0.10672924
1.3375,0.10905245
1.338,0.08596094
1.3385,0.05658706
1.339,0.00175203
1.3395,0.09077636
1.34,0.07327144
1.3405,0.12083863
1.341,0.0681524
1.3415,0.08349674
1.342,-0.06709455
1.3425,-0.15923958
1.343,-0.40412489
1.3435,-0.4771279
1.344,-0.47467742
1.3445,-0.46057731
1.345,-0.39912661
1.3455,-0.4007468
1.346,-0.37459666
1.3465,-0.35770081
1.347,-0.36441835
1.3475,-0.25987278
1.348,-0.09214625
1.3485,0.0007663
1.349,0.02287464
1.3495,0.05761581
1.35,-0.01904545
1.3505,-0.05659287
1.351,-0.10782977
1.3515,-0.15316024
1.352,-0.08726347
1.3525,0.05501266
1.353,0.14657838
1.3535,0.12201985
1.354,0.1433067
1.3545,0.15540948
1.355,0.26298949
1.3555,0.44041182
1.356,0.48685574
1.3565,0.47808964
1.357,0.49052447
1.3575,0.42822714
1.358,0.33055545
1.3585,0.23302544
1.359,0.18641008
1.3595,0.13272417
1.36,0.07642422
1.3605,0.07330556
1.361,0.00125754
1.3615,-0.00168759
1.362,-0.11644438
1.3625,-0.07865744
1.363,-0.02656053
1.3635,-0.0135725
1.364,0.0260465
1.3645,0.07218059
1.365,-0.01431175
1.3655,-0.14393494
1.366,-0.2857717
1.3665,-0.36804189
1.367,-0.39228874
1.3675,-0.45340441
1.368,-0.45074857
1.3685,-0.38906222
1.369,-0.42300379
1.3695,-0.43294916
1.37,-0.44153583
1.3705,-0.26336264
1.371,-0.21328892
1.3715,-0.076096
1.372,0.0661236
1.3725,0.12959547
1.373,0.10624372
1.3735,-0.01905276
1.374,0.01000849
1.3745,-0.00443397
1.375,0.05655358
1.3755,0.08702542
1.376,0.10696547
1.3765,0.13443308
1.377,0.0669279
1.3775,0.09006853
1.378,0.26391451
1.3785,0.32952999
1.379,0.38545894
1.3795,0.50979111
1.38,0.60003068
1.3805,0.48152791
1.381,0.44013913
1.3815,0.2846656
1.382,0.19752592
1.3825,0.17621684
1.383,0.10361451
1.3835,0.12340359
1.384,0.03884397
1.3845,-0.10768828
1.385,-0.11309822
1.3855,-0.21308909
1.386,-0.07830067
1.3865,-0.02149828
1.387,0.00047094
1.3875,0.05158128
1.388,-0.03022701
1.3885,-0.12976289
1.389,-0.25837133
1.3895,-0.31594185
1.39,-0.30906734
1.3905,-0.30896055
1.391,-0.38913222
1.3915,-0.3637779
1.392,-0.4562683
1.3925,-0.48253814
1.393,-0.44911112
1.3935,-0.36035911
1.394,-0.20359135
1.3945,-0.04634253
1.395,0.08159881
1.3955,0.18908018
1.396,0.12908413
1.3965,0.09265492
1.397,0.10413417
1.3975,0.12426811
1.398,0.14747982
1.3985,0.16723163
1.399,0.15658503
1.3995,0.08321773
1.4,0.09445351
1.4005,0.14472076
1.401,0.11381522
1.4015,0.17502375
1.402,0.34073368
1.4025,0.41974121
1.403,0.54030716
1.4035,0.45791228
1.404,0.31235628
1.4045,0.28937551
1.405,0.29938511
1.4055,0.22312811
1.406,0.2255547
1.4065,0.12051557
1.407,-0.07352893
1.4075,-0.1807667
1.408,-0.18901996
1.4085,-0.28026424
1.409,-0.25616688
1.4095,-0.19768539
1.41,-0.1542208
1.4105,-0.03095726
1.411,-0.1809117
1.4115,-0.16626186
1.412,-0.19573358
1.4125,-0.19800209
1.413,-0.26498689
1.4135,-0.21915344
1.414,-0.27404912
1.4145,-0.34446586
1.415,-0.3745384
1.4155,-0.48837003
1.416,-0.41278384
1.4165,-0.36662368
1.417,-0.260842
1.4175,-0.09313019
1.418,0.04559911
1.4185,0.05684936
1.419,0.07272801
1.4195,0.11317193
1.42,0.18132394
1.4205,0.23570291
1.421,0.25003692
1.4215,0.28005144
1.422,0.31200671
1.4225,0.18489264
1.423,0.04458137
1.4235,0.08450617
1.424,0.05906336
1.4245,0.22132462
1.425,0.36040735
1.4255,0.36155814
1.426,0.42762977
1.4265,0.31530791
1.427,0.3336396
1.4275,0.32127339
1.428,0.34197851
1.4285,0.26647726
1.429,0.26446732
1.4295,0.17024176
1.43,-0.00858762
1.4305,-0.13302284
1.431,-0.24276264
1.4315,-0.36769037
1.432,-0.2478955
1.4325,-0.2512503
1.433,-0.21601336
1.4335,-0.15839633
1.434,-0.18700311
1.4345,-0.22349289
1.435,-0.27216025
1.4355,-0.18171718
1.436,-0.179163
1.4365,-0.13648887
1.437,-0.16522561
1.4375,-0.26847918
1.438,-0.28069489
1.4385,-0.45983409
1.439,-0.44830258
1.4395,-0.39564237
1.44,-0.21628491
1.4405,-0.14380227
1.441,-0.04132554
1.4415,0.01027188
1.442,0.09042741
1.4425,0.09211268
1.443,0.26523166
1.4435,0.3695529
1.444,0.31918146
1.4445,0.37801661
1.445,0.38142331
1.4455,0.29734325
1.446,0.15301956
1.4465,0.11714893
1.447,0.09136731
1.4475,0.18664518
1.448,0.30714654
1.4485,0.23738263
1.449,0.31363446
1.4495,0.19917946
1.45,0.25859797
1.4505,0.3062255
1.451,0.33906472
1.4515,0.23293275
1.452,0.2842937
1.4525,0.23649783
1.453,0.10587041
1.4535,-0.0923203
1.454,-0.26864363
1.4545,-0.35085605
1.455,-0.38452063
1.4555,-0.36474748
1.456,-0.24600794
1.4565,-0.29651122
1.457,-0.29515755
1.4575,-0.35565477
1.458,-0.23143294
1.4585,-0.24688724
1.459,-0.21823749
1.4595,-0.06546442
1.46,-0.11860144
1.4605,-0.15613204
1.461,-0.23537096
1.4615,-0.35770803
1.462,-0.30223296
1.4625,-0.28595904
1.463,-0.25280261
1.4635,-0.18310946
1.464,-0.0649124
1.4645,-0.06294944
1.465,0.01493386
1.4655,0.1409645
1.466,0.23868912
1.4665,0.28476698
1.467,0.41294506
1.4675,0.43849797
1.468,0.50964455
1.4685,0.39561429
1.469,0.2414697
1.4695,0.15097108
1.47,0.19162937
1.4705,0.2293569
1.471,0.16239717
1.4715,0.25301988
1.472,0.17842845
1.4725,0.18609453
1.473,0.14718987
1.4735,0.10963057
1.474,0.14545536
1.4745,0.22495706
1.475,0.28191173
1.4755,0.20037317
1.476,0.0723177
1.4765,-0.0703569
1.477,-0.19097838
1.4775,-0.32212065
1.478,-0.30758009
1.4785,-0.32984632
1.479,-0.35981301
1.4795,-0.42484466
1.48,-0.44664148
1.4805,-0.46021855
1.481,-0.35434319
1.4815,-0.26134726
1.482,-0.19518136
1.4825,-0.07081932
1.483,-0.07900704
1.4835,-0.05948711
1.484,-0.11902307
1.4845,-0.20792138
1.485,-0.23496661
1.4855,-0.18027017
1.486,-0.11362387
1.4865,-0.09406473
1.487,-0.0853172
1.4875,-0.06078322
1.488,-0.04641891
1.4885,0.04706153
1.489,0.16185631
1.4895,0.25462781
1.49,0.43977413
1.4905,0.52315165
1.491,0.52148053
1.4915,0.46641803
1.492,0.28923045
1.4925,0.22422039
1.493,0.26302702
1.4935,0.2672333
1.494,0.23963046
1.4945,0.12674434
1.495,0.05531098
1.4955,0.06818527
1.496,-0.00782606
1.4965,0.04480047
1.497,0.12671248
1.4975,0.17013501
1.498,0.25820378
1.4985,0.13055643
1.499,0.09282897
1.4995,-0.0787774
1.5,-0.09439249
1.5005,-0.21706075
1.501,-0.28185734
1.5015,-0.24487985
1.502,-0.39155552
1.5025,-0.45000327
1.503,-0.51268339
1.5035,-0.43841408
1.504,-0.48179092
1.5045,-0.34587695
1.505,-0.21293577
1.5055,-0.11357946
1.506,-0.07388423
1.5065,-0.06736971
1.507,-0.07298321
1.5075,-0.09661666
1.508,-0.03874301
1.5085,-0.07465302
1.509,0.0063372
1.5095,-0.05683024
1.51,-0.02748023
1.5105,-0.12111174
1.511,-0.11561705
1.5115,0.02344622
1.512,0.14116932
1.5125,0.28240147
1.513,0.45547921
1.5135,0.48820616
1.514,0.42945841
1.5145,0.51397405
1.515,0.44338591
1.5155,0.3812225
1.516,0.3798128
1.5165,0.30920142
1.517,0.28074835
1.5175,0.17232861
1.518,0.01822982
1.5185,0.00516945
1.519,-0.07747112
1.5195,0.01567095
1.52,0.00813911
1.5205,0.06255139
1.521,0.08087464
1.5215,0.07241874
1.522,-0.02488624
1.5225,-0.08232777
1.523,-0.1352035
1.5235,-0.1659247
1.524,-0.16843249
1.5245,-0.22809628
1.525,-0.37431406
1.5255,-0.39199638
1.526,-0.43317603
1.5265,-0.52358975
1.527,-0.46010611
1.5275,-0.43683478
1.528,-0.32759951
1.5285,-0.18699714
1.529,-0.14487011
1.5295,-0.12164922
1.53,-0.13256016
1.5305,-0.07554096
1.531,-0.00610074
1.5315,0.07589769
1.532,0.17589059
1.5325,0.05741092
1.533,-0.00033355
1.5335,-0.0028878
1.534,-0.03681447
1.5345,-0.01470507
1.535,0.08032055
1.5355,0.21341161
1.536,0.38069745
1.5365,0.43779582
1.537,0.43753899
1.5375,0.37678001
1.538,0.40152112
1.5385,0.42365045
1.539,0.43515181
1.5395,0.42691774
1.54,0.37568964
1.5405,0.217615
1.541,0.04982276
1.5415,-0.04639273
1.542,-0.1038358
1.5425,-0.16759267
1.543,-0.09188815
1.5435,-0.09577483
1.544,-0.00816842
1.5445,-0.05077147
1.545,-0.08799747
1.5455,-0.15006163
1.546,-0.12393365
1.5465,-0.09783793
1.547,-0.10571762
1.5475,-0.12184519
1.548,-0.27581585
1.5485,-0.38474787
1.549,-0.48626281
1.5495,-0.54110093
1.55,-0.49776711
1.5505,-0.45237926
1.551,-0.31644182
1.5515,-0.22681467
1.552,-0.14284436
1.5525,-0.10818006
1.553,-0.08026448
1.5535,-0.03651524
1.554,0.0917099
1.5545,0.17187238
1.555,0.24117909
1.5555,0.18147232
1.556,0.14304507
1.5565,0.07793179
1.557,0.03098096
1.5575,-0.06331931
1.558,0.05419799
1.5585,0.16673013
1.559,0.24214628
1.5595,0.2279273
1.56,0.32112458
1.5605,0.34135954
1.561,0.38897511
1.5615,0.35339495
1.562,0.41891234
1.5625,0.46014691
1.563,0.3538525
1.5635,0.27485775
1.564,0.07966132
1.5645,0.01150854
1.565,-0.13630213
1.5655,-0.09304874
1.566,-0.1013143
1.5665,-0.10655723
1.567,-0.06664964
1.5675,-0.1668091
1.568,-0.16796295
1.5685,-0.1177069
1.569,-0.19150277
1.5695,-0.17991503
1.57,-0.09229559
1.5705,-0.16433959
1.571,-0.16143592
1.5715,-0.23348735
1.572,-0.37206757
1.5725,-0.48763033
1.573,-0.48031102
1.5735,-0.40303694
1.574,-0.39273636
1.5745,-0.27022877
1.575,-0.24879495
1.5755,-0.19001141
1.576,-0.11229018
1.5765,-0.01294541
1.577,0.11480419
1.5775,0.24056785
1.578,0.24526823
1.5785,0.34105805
1.579,0.19605906
1.5795,0.15531326
1.58,0.11937201
1.5805,0.15126703
1.581,0.16913922
1.5815,0.24927429
1.582,0.24878904
1.5825,0.23243454
1.583,0.21232428
1.5835,0.2528175
1.584,0.2878875
1.5845,0.36588292
1.585,0.46822308
1.5855,0.4742495
1.586,0.4153678
1.5865,0.27206531
1.587,0.13288741
1.5875,0.00664936
1.588,-0.06358071
1.5885,-0.1416215
1.589,-0.18967847
1.5895,-0.19910317
1.59,-0.19347604
1.5905,-0.28287519
1.591,-0.37636602
1.5915,-0.2558883
1.592,-0.27746735
1.5925,-0.12411867
1.593,-0.13624292
1.5935,-0.11438679
1.594,-0.16522441
1.5945,-0.28696525
1.595,-0.30137624
1.5955,-0.41269664
1.596,-0.35273255
1.5965,-0.36025908
1.597,-0.30195239
1.5975,-0.33147273
1.598,-0.27604568
1.5985,-0.27012683
1.599,-0.16623147
1.5995,-0.02211205
1.6,0.0986786
1.6005,0.21602295
1.601,0.34388283
1.6015,0.40188237
1.602,0.42251985
1.6025,0.29860687
1.603,0.22016383
1.6035,0.18500478
1.604,0.23720907
1.6045,0.22671457
1.605,0.28236853
1.6055,0.23422098
1.606,0.09315638
1.6065,0.15020595
1.607,0.14374534
1.6075,0.26460324
1.608,0.3606837
1.6085,0.38485178
1.609,0.39799298
1.6095,0.3031575
1.61,0.19979323
1.6105,0.05113479
1.611,0.01135866
1.6115,-0.12946647
1.612,-0.1022863
1.6125,-0.21385929
1.613,-0.31792303
1.6135,-0.35768036
1.614,-0.44191296
1.6145,-0.38869464
1.615,-0.38357864
1.6155,-0.17504894
1.616,-0.14933144
1.6165,-0.13138351
1.617,-0.17445708
1.6175,-0.20641549
1.618,-0.20470073
1.6185,-0.20816641
1.619,-0.25549218
1.6195,-0.22389096
1.62,-0.23061386
1.6205,-0.28384749
1.621,-0.28859167
1.6215,-0.27533647
1.622,-0.20453421
1.6225,-0.1120784
1.623,0.022356
1.6235,0.1457689
1.624,0.32706657
1.6245,0.38873163
1.625,0.36814753
1.6255,0.3191734
1.626,0.2810669
1.6265,0.36235254
1.627,0.38795298
1.6275,0.3272488
1.628,0.24824181
1.6285,0.15797019
1.629,0.07763229
1.6295,0.14829382
1.63,0.13707946
1.6305,0.1471926
1.631,0.31696584
1.6315,0.24615382
1.632,0.28748923
1.6325,0.23340186
1.633,0.15938572
1.6335,0.03983033
1.634,0.04422846
1.6345,-0.02748919
1.635,-0.10638835
1.6355,-0.1264471
1.636,-0.23727898
1.6365,-0.42819468
1.637,-0.49461989
1.6375,-0.43978896
1.638,-0.39851003
1.6385,-0.25923765
1.639,-0.26340389
1.6395,-0.19405242
1.64,-0.16454189
1.6405,-0.20243811
1.641,-0.19859816
1.6415,-0.16907956
1.642,-0.11910947
1.6425,-0.09060837
1.643,-0.16205656
1.6435,-0.11310512
1.644,-0.22898243
1.6445,-0.20990857
1.645,-0.24157444
1.6455,-0.11840535
1.646,-0.00565301
1.6465,0.18882193
1.647,0.28052843
1.6475,0.29837825
1.648,0.4038681
1.6485,0.3702469
1.649,0.41669122
1.6495,0.35301668
1.65,0.45482064
1.6505,0.40640867
1.651,0.38171633
1.6515,0.1988374
1.652,0.10846677
1.6525,0.0567809
1.653,0.09797788
1.6535,0.06383744
1.654,0.14480235
1.6545,0.19466689
1.655,0.11189771
1.6555,0.15304586
1.656,0.09509519
1.6565,0.03774962
1.657,0.12405477
1.6575,0.05918922
1.658,-0.03745045
1.6585,-0.12492841
1.659,-0.29286173
1.6595,-0.361041
1.66,-0.5277922
1.6605,-0.50018029
1.661,-0.49568584
1.6615,-0.37969245
1.662,-0.26931811
1.6625,-0.25055732
1.663,-0.25902951
1.6635,-0.23737219
1.664,-0.1587149
1.6645,-0.12219695
1.665,-0.04207335
1.6655,0.03824138
1.666,-0.04045996
1.6665,-0.03938303
1.667,-0.11569473
1.6675,-0.1608703
1.668,-0.2329871
1.6685,-0.1326159
1.669,0.02552706
1.6695,0.15241799
1.67,0.21212298
1.6705,0.22267474
1.671,0.35772485
1.6715,0.32673633
1.672,0.31411239
1.6725,0.48614929
1.673,0.5365832
1.6735,0.47263552
1.674,0.4427686
1.6745,0.26745145
1.675,0.12828437
1.6755,0.06535415
1.676,0.07378869
1.6765,0.04304451
1.677,0.05479124
1.6775,0.05105136
1.678,0.0918377
1.6785,-0.01050431
1.679,-0.00452352
1.6795,0.02822413
1.68,0.06527171
1.6805,0.00039356
1.681,0.06291948
1.6815,-0.06672744
1.682,-0.24495469
1.6825,-0.33029832
1.683,-0.43849213
1.6835,-0.47857373
1.684,-0.47878319
1.6845,-0.44983962
1.685,-0.41615366
1.6855,-0.41722573
1.686,-0.33201192
1.6865,-0.28429791
1.687,-0.22433483
1.6875,-0.07722154
1.688,-0.01352591
1.6885,0.13176461
1.689,0.10612745
1.6895,0.04985429
1.69,0.01530898
1.6905,-0.07101017
1.691,-0.06759592
1.6915,-0.00898996
1.692,-0.00674642
1.6925,0.06085843
1.693,0.16996102
1.6935,0.19400766
1.694,0.25470188
1.6945,0.26126816
1.695,0.36258549
1.6955,0.50862615
1.696,0.55061412
1.6965,0.58793375
1.697,0.44218847
1.6975,0.32777544
1.698,0.1998055
1.6985,0.18369238
1.699,0.09348289
1.6995,0.03074307
1.7,0.01897025
1.7005,-0.05790136
1.701,-0.0408279
1.7015,-0.08842886
1.702,-0.14174791
1.7025,-0.09580274
1.703,-0.01580294
1.7035,-0.03958935
1.704,0.05039616
1.7045,-0.09689094
1.705,-0.16968381
1.7055,-0.26237617
1.706,-0.36080991
1.7065,-0.42998589
1.707,-0.4206654
1.7075,-0.46094028
1.708,-0.35551386
1.7085,-0.35379955
1.709,-0.37674565
1.7095,-0.34118765
1.71,-0.20618615
1.7105,-0.19250532
1.711,0.04410881
1.7115,0.1643457
1.712,0.14395421
1.7125,0.14008324
1.713,0.11821763
1.7135,0.02545169
1.714,0.03598342
1.7145,0.0751587
1.715,0.10419107
1.7155,0.14717269
1.716,0.15201235
1.7165,0.10335422
1.717,0.15330069
1.7175,0.16072766
1.718,0.30296383
1.7185,0.39217785
1.719,0.5086564
1.7195,0.50064982
1.72,0.46908625
1.7205,0.35112885
1.721,0.29174787
1.7215,0.17450275
1.722,0.15091364
1.7225,0.07351638
1.723,0.03929268
1.7235,-0.02224961
1.724,-0.15589293
1.7245,-0.3120462
1.725,-0.28025808
1.7255,-0.18942935
1.726,-0.12352487
1.7265,-0.01066424
1.727,-0.06104173
1.7275,-0.06440557
1.728,-0.23550208
1.7285,-0.29105724
1.729,-0.28651659
1.7295,-0.37089457
1.73,-0.36548069
1.7305,-0.35671588
1.731,-0.40887727
1.7315,-0.34798965
1.732,-0.41868464
1.7325,-0.40467452
1.733,-0.32941949
1.7335,-0.17020935
1.734,-0.04491615
1.7345,0.14104069
1.735,0.23786817
1.7355,0.20722668
1.736,0.18689832
1.7365,0.15390828
1.737,0.11271491
1.7375,0.25978608
1.738,0.23280012
1.7385,0.22966563
1.739,0.08061625
1.7395,0.10535033
1.74,0.09084914
1.7405,0.12349559
1.741,0.28297339
1.7415,0.36100585
1.742,0.385908
1.7425,0.48597213
1.743,0.41249519
1.7435,0.36038313
1.744,0.30321301
1.7445,0.22937446
1.745,0.14861686
1.7455,0.09265575
1.746,0.03608052
1.7465,-0.09224491
1.747,-0.18588729
1.7475,-0.35591805
1.748,-0.3847063
1.7485,-0.28321225
1.749,-0.22167355
1.7495,-0.18443881
1.75,-0.11812286
1.7505,-0.13849604
1.751,-0.11049006
1.7515,-0.25375845
1.752,-0.21134701
1.7525,-0.30238197
1.753,-0.19805341
1.7535,-0.17281127
1.754,-0.31893674
1.7545,-0.35168759
1.755,-0.41258152
1.7555,-0.39155108
1.756,-0.32237952
1.7565,-0.22064368
1.757,-0.08663711
1.7575,0.07930532
1.758,0.16591215
1.7585,0.16078288
1.759,0.22286299
1.7595,0.2749953
1.76,0.37426376
1.7605,0.27989606
1.761,0.30746113
1.7615,0.28541628
1.762,0.20946067
1.7625,0.16168877
1.763,0.05388421
1.7635,0.08370942
1.764,0.20262912
1.7645,0.26467072
1.765,0.34378711
1.7655,0.31580201
1.766,0.39968644
1.7665,0.28167915
1.767,0.27036623
1.7675,0.27096195
1.768,0.21699073
1.7685,0.20724882
1.769,0.05757566
1.7695,-0.06785347
1.77,-0.17321899
1.7705,-0.37272619
1.771,-0.42931182
1.7715,-0.37580116
1.772,-0.32005832
1.7725,-0.2179085
1.773,-0.19702673
1.7735,-0.26207634
1.774,-0.30693919
1.7745,-0.2659252
1.775,-0.25675771
1.7755,-0.15679704
1.776,-0.09952993
1.7765,-0.13382351
1.777,-0.19742317
1.7775,-0.20422058
1.778,-0.33187224
1.7785,-0.38724611
1.779,-0.31785478
1.7795,-0.21900867
1.78,-0.12283798
1.7805,0.01109792
1.781,0.13516831
1.7815,0.13179836
1.782,0.20545145
1.7825,0.24400265
1.783,0.37853816
1.7835,0.44787499
1.784,0.46771208
1.7845,0.40690457
1.785,0.31084516
1.7855,0.19719957
1.786,0.09856528
1.7865,0.13335319
1.787,0.12293511
1.7875,0.1561486
1.788,0.27165765
1.7885,0.22590176
1.789,0.22903701
1.7895,0.15205213
1.79,0.28467103
1.7905,0.24530377
1.791,0.27477534
1.7915,0.24249516
1.792,0.15606571
1.7925,-0.00826966
1.793,-0.17682011
1.7935,-0.2367322
1.794,-0.44368544
1.7945,-0.41967207
1.795,-0.32921933
1.7955,-0.34001228
1.796,-0.42301194
1.7965,-0.35613103
1.797,-0.29759867
1.7975,-0.31510189
1.798,-0.23188411
1.7985,-0.11537487
1.799,-0.0930952
1.7995,0.0223642
1.8,-0.07569903
1.8005,-0.19276213
1.801,-0.24390808
1.8015,-0.30711611
1.802,-0.20240504
1.8025,-0.13951493
1.803,-0.08743887
1.8035,0.03031888
1.804,0.02191664
1.8045,0.07284539
1.805,0.13617836
1.8055,0.2176241
1.806,0.42390759
1.8065,0.47784771
1.807,0.49447862
1.8075,0.49530496
1.808,0.3853527
1.8085,0.28455364
1.809,0.17809979
1.8095,0.16407386
1.81,0.13179844
1.8105,0.18057359
1.811,0.14739914
1.8115,0.07583905
1.812,0.07961452
1.8125,0.06330025
1.813,0.11248128
1.8135,0.14336287
1.814,0.19430237
1.8145,0.19535991
1.815,0.13431855
1.8155,0.04755953
1.816,-0.15259393
1.8165,-0.28025113
1.817,-0.33082719
1.8175,-0.38843822
1.818,-0.40391639
1.8185,-0.37592207
1.819,-0.37849694
1.8195,-0.38472136
1.82,-0.48770001
1.8205,-0.38894124
1.821,-0.29219844
1.8215,-0.12430218
1.822,-0.06772994
1.8225,0.0144085
1.823,0.00327142
1.8235,-0.05479281
1.824,-0.17196467
1.8245,-0.1216048
1.825,-0.14409892
1.8255,-0.01850125
1.826,-0.05476043
1.8265,0.0517482
1.827,0.01020473
1.8275,0.02756789
1.828,0.12881861
1.8285,0.17362152
1.829,0.32460203
1.8295,0.48743584
1.83,0.52670182
1.8305,0.45193538
1.831,0.449519
1.8315,0.30992194
1.832,0.31449406
1.8325,0.23706519
1.833,0.20923541
1.8335,0.18840339
1.834,0.1356101
1.8345,0.09917341
1.835,-0.01008772
1.8355,-0.00997338
1.836,-0.06137575
1.8365,0.03227714
1.837,0.1265179
1.8375,0.13304193
1.838,0.08734595
1.8385,0.03739033
1.839,-0.0910438
1.8395,-0.1714544
1.84,-0.22460646
1.8405,-0.25785326
1.841,-0.33843634
1.8415,-0.38039863
1.842,-0.43393206
1.8425,-0.45572416
1.843,-0.50585234
1.8435,-0.46516043
1.844,-0.34413905
1.8445,-0.19345838
1.845,-0.08551522
1.8455,0.02767997
1.846,0.0698904
1.8465,-0.00321505
1.847,-0.01655385
1.8475,-0.02883166
1.848,0.05800601
1.8485,-0.02868754
1.849,0.06345436
1.8495,0.02238497
1.85,0.01695933
1.8505,-0.00202787
1.851,0.04437359
1.8515,0.10637757
1.852,0.3211534
1.8525,0.4321437
1.853,0.48214284
1.8535,0.48072154
1.854,0.47058918
1.8545,0.36826883
1.855,0.35604019
1.8555,0.30804823
1.856,0.30791526
1.8565,0.22604663
1.857,0.14534153
1.8575,0.01701247
1.858,-0.04378953
1.8585,-0.16066981
1.859,-0.16165233
1.8595,-0.04421474
1.86,0.0576734
1.8605,0.08086252
1.861,-0.01641248
1.8615,-0.05363376
1.862,-0.10645756
1.8625,-0.20168245
1.863,-0.1895552
1.8635,-0.1767803
1.864,-0.24432481
1.8645,-0.34460266
1.865,-0.41742811
1.8655,-0.4752298
1.866,-0.57212048
1.8665,-0.43811643
1.867,-0.40776546
1.8675,-0.29799611
1.868,-0.14940348
1.8685,-0.08339084
1.869,-0.09421141
1.8695,0.01666707
1.87,0.02111393
1.8705,0.07912038
1.871,0.04980808
1.8715,0.20159944
1.872,0.2373894
1.8725,0.07154359
1.873,0.04985804
1.8735,-0.01698317
1.874,0.04970727
1.8745,0.12159009
1.875,0.20231683
1.8755,0.31505804
1.876,0.48172912
1.8765,0.46270644
1.877,0.3512746
1.8775,0.42480475
1.878,0.38633046
1.8785,0.40750473
1.879,0.3389908
1.8795,0.33095556
1.88,0.21046516
1.8805,-0.02884264
1.881,-0.04811382
1.8815,-0.16878587
1.882,-0.14587438
1.8825,-0.20093881
1.883,-0.06982133
1.8835,-0.0018196
1.884,-0.13936854
1.8845,-0.14710102
1.885,-0.1416055
1.8855,-0.16387672
1.886,-0.16182751
1.8865,-0.18583277
1.887,-0.20166517
1.8875,-0.24442651
1.888,-0.3512122
1.8885,-0.4406326
1.889,-0.53847209
1.8895,-0.50253075
1.89,-0.4139214
1.8905,-0.22300394
1.891,-0.25965496
1.8915,-0.06553477
1.892,-0.06901557
1.8925,-0.08832154
1.893,0.00096368
1.8935,0.16729354
1.894,0.19219199
1.8945,0.31212512
1.895,0.27516776
1.8955,0.14254535
1.896,0.15146756
1.8965,0.05096926
1.897,0.10779116
1.8975,0.18700563
1.898,0.25366059
1.8985,0.23945868
1.899,0.34650046
1.8995,0.31974252
1.9,0.40484009
1.9005,0.34117817
1.901,0.39428095
1.9015,0.3698393
1.902,0.38384656
1.9025,0.3114711
1.903,0.22657842
1.9035,0.07810095
1.904,-0.10806047
1.9045,-0.21439025
1.905,-0.18783906
1.9055,-0.23888154
1.906,-0.2160796
1.9065,-0.23249213
1.907,-0.27001172
1.9075,-0.23627282
1.908,-0.23219769
1.9085,-0.21749788
1.909,-0.19880007
1.9095,-0.06614389
1.91,-0.11247519
1.9105,-0.20302324
1.911,-0.29453247
1.9115,-0.36022698
1.912,-0.45524215
1.9125,-0.46799651
1.913,-0.4151654
1.9135,-0.36578499
1.914,-0.17746433
1.9145,-0.18742582
1.915,-0.13124051
1.9155,-0.05745835
1.916,0.05223842
1.9165,0.12811247
1.917,0.30308972
1.9175,0.28039983
1.918,0.38176754
1.9185,0.37123568
1.919,0.21951257
1.9195,0.16962747
1.92,0.1814415
1.9205,0.18505373
1.921,0.21112874
1.9215,0.21676177
1.922,0.1623274
1.9225,0.20957435
1.923,0.22721951
1.9235,0.26426853
1.924,0.31079659
1.9245,0.4149654
1.925,0.41727719
1.9255,0.3430046
1.926,0.31781899
1.9265,0.11905595
1.927,-0.11291777
1.9275,-0.1292979
1.928,-0.24020087
1.9285,-0.25456733
1.929,-0.30332227
1.9295,-0.30715977
1.93,-0.36151687
1.9305,-0.39222675
1.931,-0.35639562
1.9315,-0.24360166
1.932,-0.21430593
1.9325,-0.12824819
1.933,-0.03019854
1.9335,-0.16015476
1.934,-0.1621393
1.9345,-0.34201571
1.935,-0.33425352
1.9355,-0.34658347
1.936,-0.28788961
1.9365,-0.25634597
1.937,-0.24689781
1.9375,-0.22256831
1.938,-0.19684399
1.9385,-0.16620046
1.939,0.00637507
1.9395,0.16941633
1.94,0.34127538
1.9405,0.36527388
1.941,0.43453985
1.9415,0.47043217
1.942,0.32773254
1.9425,0.34467777
1.943,0.25126949
1.9435,0.23277761
1.944,0.20309648
1.9445,0.24200484
1.945,0.22170301
1.9455,0.10915806
1.946,0.1133859
1.9465,0.15900197
1.947,0.20498585
1.9475,0.30912932
1.948,0.38561659
1.9485,0.39565641
1.949,0.25594563
1.9495,0.1765
1.95,0.00443117
1.9505,-0.08170221
1.951,-0.17417672
1.9515,-0.17823269
1.952,-0.27493004
1.9525,-0.36050507
1.953,-0.39098311
1.9535,-0.45658241
1.954,-0.4555624
1.9545,-0.43314613
1.955,-0.21486833
1.9555,-0.12526179
1.956,-0.18699585
1.9565,-0.12438546
1.957,-0.10484691
1.9575,-0.21690032
1.958,-0.26518629
1.9585,-0.2210872
1.959,-0.18548979
1.9595,-0.10055299
1.96,-0.19277963
1.9605,-0.19478109
1.961,-0.20303941
1.9615,-0.18417964
1.962,-0.04577549
1.9625,0.15200723
1.963,0.27520443
1.9635,0.37392292
1.964,0.45252919
1.9645,0.42898196
1.965,0.39108508
1.9655,0.36930114
1.966,0.36479279
1.9665,0.30178039
1.967,0.3729311
1.9675,0.29398436
1.968,0.1812499
1.9685,0.14928447
1.969,0.04169147
1.9695,0.08509999
1.97,0.0743475
1.9705,0.16864253
1.971,0.27266027
1.9715,0.20683026
1.972,0.2205047
1.9725,0.06563016
1.973,0.00042085
1.9735,-0.04089196
1.974,-0.03386955
1.9745,-0.1302631
1.975,-0.18656175
1.9755,-0.29440096
1.976,-0.45224585
1.9765,-0.54420685
1.977,-0.47555839
1.9775,-0.39939083
1.978,-0.28417716
1.9785,-0.24409661
1.979,-0.12378418
1.9795,-0.10299585
1.98,-0.15110974
1.9805,-0.21557527
1.981,-0.09965665
1.9815,-0.09302415
1.982,-0.14318219
1.9825,-0.06529545
1.983,-0.1389835
1.9835,-0.14567793
1.984,-0.15495602
1.9845,-0.18132367
1.985,-0.05463325
1.9855,0.05091413
1.986,0.2665703
1.9865,0.33425264
1.987,0.3756493
1.9875,0.36297115
1.988,0.33164926
1.9885,0.4235247
1.989,0.45806738
1.9895,0.45759147
1.99,0.38263554
1.9905,0.3249544
1.991,0.25496169
1.9915,0.07284485
1.992,0.04890965
1.9925,0.0264921
1.993,0.0180099
1.9935,0.06477551
1.994,0.09332824
1.9945,0.10901869
1.995,0.04495894
1.9955,0.0645494
1.996,0.08114809
1.9965,-0.00922884
1.997,-0.03149732
1.9975,-0.09831067
1.998,-0.14380384
1.9985,-0.30984837
1.999,-0.41537663
1.9995,-0.5291203
2.0,-0.5918304
2.0005,-0.51817655
2.001,-0.46842412
2.0015,-0.39179618
2.002,-0.29214488
2.0025,-0.22174009
2.003,-0.16609256
2.0035,-0.16840711
2.004,0.00872286
2.0045,0.07466997
2.005,0.11328526
2.0055,0.09621105
2.006,0.03608465
2.0065,-0.02812684
2.007,-0.09793564
2.0075,-0.11795561
2.008,-0.0593002
2.0085,0.08304905
2.009,0.14943418
2.0095,0.30857817
2.01,0.26790273
2.0105,0.36567209
2.011,0.38380102
2.0115,0.43969487
2.012,0.45083008
2.0125,0.47233213
2.013,0.51611739
2.0135,0.43234714
2.014,0.31348546
2.0145,0.1898965
2.015,-0.03514704
2.0155,-0.03238369
2.016,-0.07118273
2.0165,0.01597374
2.017,0.04514929
2.0175,0.06946422
2.018,-0.01616603
2.0185,-0.11342186
2.019,-0.07584387
2.0195,-0.04879047
2.02,-0.02437588
2.0205,-0.05043466
2.021,-0.08040578
2.0215,-0.30023972
2.022,-0.31190917
2.0225,-0.49699184
2.023,-0.59100654
2.0235,-0.52261162
2.024,-0.38883314
2.0245,-0.36463672
2.025,-0.35850105
2.0255,-0.24771295
2.026,-0.23406603
2.0265,-0.16969135
2.027,-0.02912249
2.0275,0.06998518
2.028,0.11600844
2.0285,0.21623937
2.029,0.09212654
2.0295,0.12173919
2.03,0.03573242
2.0305,0.0368795
2.031,0.05985621
2.0315,0.10476285
2.032,0.19484783
2.0325,0.15751168
2.033,0.25976719
2.0335,0.25956519
2.034,0.25501052
2.0345,0.33771801
2.035,0.48744773
2.0355,0.57740905
2.036,0.49114919
2.0365,0.4554728
2.037,0.33302113
2.0375,0.19728835
2.038,0.07908406
2.0385,-0.01037221
2.039,-0.08084681
2.0395,-0.09449545
2.04,-0.10446929
2.0405,-0.14660643
2.041,-0.20052774
2.0415,-0.19265364
2.042,-0.1943375
2.0425,-0.115951
2.043,-0.04047147
2.0435,-0.02838389
2.044,-0.04038317
2.0445,-0.14169438
2.045,-0.36616882
2.0455,-0.33173346
2.046,-0.42687737
2.0465,-0.41486152
2.047,-0.40828812
2.0475,-0.48907227
2.048,-0.39707361
2.0485,-0.30095586
2.049,-0.34236518
2.0495,-0.24629438
2.05,-0.08706438
2.0505,0.05741875
2.051,0.21294325
2.0515,0.26330446
2.052,0.2290133
2.0525,0.16055122
2.053,0.17446182
2.0535,0.13173516
2.054,0.06914837
2.0545,0.20297711
2.055,0.1839676
2.0555,0.23649466
2.056,0.18937467
2.0565,0.22124321
2.057,0.19652202
2.0575,0.28889221
2.058,0.39265651
2.0585,0.49472602
2.059,0.50942056
2.0595,0.45593633
2.06,0.34831785
2.0605,0.23682207
2.061,0.12111642
2.0615,0.01953338
2.062,-0.01044889
2.0625,-0.07521926
2.063,-0.15753078
2.0635,-0.21919694
2.064,-0.2657943
2.0645,-0.26708817
2.065,-0.29260858
2.0655,-0.19141746
2.066,-0.09787104
2.0665,-0.08192779
2.067,-0.08514808
2.0675,-0.1910192
2.068,-0.18240959
2.0685,-0.26478033
2.069,-0.30256169
2.0695,-0.31318605
2.07,-0.4271239
2.0705,-0.37659972
2.071,-0.34323512
2.0715,-0.35353543
2.072,-0.35659488
2.0725,-0.29425077
2.073,-0.12749027
2.0735,0.02104366
2.074,0.17118527
2.0745,0.29303191
2.075,0.26866202
2.0755,0.21963158
2.076,0.25206941
2.0765,0.26894779
2.077,0.27262214
2.0775,0.28643487
2.078,0.26538147
2.0785,0.25500542
2.079,0.10432474
2.0795,0.11248082
2.08,0.1664679
2.0805,0.19839425
2.081,0.31264567
2.0815,0.37875627
2.082,0.45357191
2.0825,0.43035788
2.083,0.32849946
2.0835,0.17373283
2.084,0.11761101
2.0845,0.12740312
2.085,0.11688076
2.0855,0.01306523
2.086,-0.12281856
2.0865,-0.25262052
2.087,-0.37931784
2.0875,-0.39484031
2.088,-0.44991411
2.0885,-0.31937506
2.089,-0.18409083
2.0895,-0.18294431
2.09,-0.13308058
2.0905,-0.14549701
2.091,-0.18990158
2.0915,-0.23988561
2.092,-0.25793849
2.0925,-0.30403956
2.093,-0.25426213
2.0935,-0.21882343
2.094,-0.24636518
2.0945,-0.35567328
2.095,-0.36033886
2.0955,-0.27702586
2.096,-0.1207716
2.0965,-0.04905665
2.097,0.12270426
2.0975,0.1730464
2.098,0.22085637
2.0985,0.30663493
2.099,0.3377217
2.0995,0.37754029
2.1,0.358247
2.1005,0.43048015
2.101,0.33416937
2.1015,0.2439852
2.102,0.20029344
2.1025,0.0995216
2.103,0.10039012
2.1035,0.13173789
2.104,0.28070478
2.1045,0.23831903
2.105,0.3385504
2.1055,0.34798414
2.106,0.29241852
2.1065,0.19980357
2.107,0.15196303
2.1075,0.15007376
2.108,0.12296119
2.1085,0.03521262
2.109,-0.10412952
2.1095,-0.23294012
2.11,-0.34561781
2.1105,-0.4535685
2.111,-0.48720524
2.1115,-0.46821065
2.112,-0.27932484
2.1125,-0.2271888
2.113,-0.20877237
2.1135,-0.22348008
2.114,-0.1961078
2.1145,-0.23601668
2.115,-0.16059117
2.1155,-0.13174389
2.116,-0.14838317
2.1165,-0.18160336
2.117,-0.25038638
2.1175,-0.35974487
2.118,-0.28349239
2.1185,-0.28260106
2.119,-0.19366921
2.1195,-0.09940304
2.12,0.08599763
2.1205,0.13903571
2.121,0.23502591
2.1215,0.25839966
2.122,0.30026589
2.1225,0.44189754
2.123,0.48619345
2.1235,0.50101691
2.124,0.49209212
2.1245,0.41042212
2.125,0.25876789
2.1255,0.11398588
2.126,0.11380649
2.1265,0.14195394
2.127,0.2208413
2.1275,0.15878466
2.128,0.22872671
2.1285,0.11701094
2.129,0.13468417
2.1295,0.14610839
2.13,0.18755094
2.1305,0.26652683
2.131,0.14723087
2.1315,0.10017991
2.132,-0.10203954
2.1325,-0.20309675
2.133,-0.35649073
2.1335,-0.45286326
2.134,-0.46611358
2.1345,-0.38154464
2.135,-0.38985777
2.1355,-0.38374276
2.136,-0.37373326
2.1365,-0.27940611
2.137,-0.33043696
2.1375,-0.28137585
2.138,-0.12743963
2.1385,-0.01732966
2.139,-0.03683647
2.1395,-0.01423163
2.14,-0.09399419
2.1405,-0.20169558
2.141,-0.19556487
2.1415,-0.19046979
2.142,-0.18371388
2.1425,0.00174498
2.143,-0.03864001
2.1435,0.08699298
2.144,0.10507567
2.1445,0.20327282
2.145,0.31650041
2.1455,0.43816267
2.146,0.47775566
2.1465,0.5924294
2.147,0.56031992
2.1475,0.41620825
2.148,0.25617126
2.1485,0.27740919
2.149,0.17404482
2.1495,0.07847038
2.15,0.16791783
2.1505,0.17486687
2.151,0.11846705
2.1515,0.03345236
2.152,0.07190091
2.1525,0.05667728
2.153,0.1086649
2.1535,0.12666396
2.154,0.20498405
2.1545,0.13534526
2.155,0.00151339
2.1555,-0.15610598
2.156,-0.32532184
2.1565,-0.39832739
2.157,-0.40516132
2.1575,-0.45741358
2.158,-0.39021974
2.1585,-0.39957764
2.159,-0.50219661
2.1595,-0.53139216
2.16,-0.29563212
2.1605,-0.29798842
2.161,-0.15143795
2.1615,-0.05325787
2.162,0.05013298
2.1625,0.02108561
2.163,0.00442552
2.1635,-0.01761691
2.164,-0.07167739
2.1645,-0.08466849
2.165,-0.04887853
2.1655,0.06400671
2.166,0.05652532
2.1665,0.05212737
2.167,0.10158168
2.1675,0.16875453
2.168,0.22919733
2.1685,0.36962339
2.169,0.49485371
2.1695,0.56763758
2.17,0.49876803
2.1705,0.48563649
2.171,0.39603243
2.1715,0.29821354
2.172,0.24469508
2.1725,0.2033573
2.173,0.18741783
2.1735,0.01133635
2.174,0.04599166
2.1745,-0.03997144
2.175,-0.16354334
2.1755,-0.12347191
2.176,-0.01040286
2.1765,0.02518739
2.177,0.05228854
2.1775,0.04835948
2.178,0.07897533
2.1785,-0.13859318
2.179,-0.24366926
2.1795,-0.30380948
2.18,-0.39808615
2.1805,-0.38190586
2.181,-0.37679671
2.1815,-0.45492504
2.182,-0.50318011
2.1825,-0.5201597
2.183,-0.47556752
2.1835,-0.33528494
2.184,-0.20165084
2.1845,-0.10790935
2.185,-0.0076842
2.1855,0.10348481
2.186,0.02320192
2.1865,0.02193476
2.187,0.01699578
2.1875,0.11966075
2.188,0.08308101
2.1885,0.10029146
2.189,0.11671471
2.1895,0.07174568
2.19,0.05668941
2.1905,0.09286403
2.191,0.2238687
2.1915,0.32109696
2.192,0.455893
2.1925,0.53243528
2.193,0.50091103
2.1935,0.48020934
2.194,0.48674857
2.1945,0.3790402
2.195,0.2456253
2.1955,0.28655818
2.196,0.18904619
2.1965,0.12157878
2.197,-0.03779387
2.1975,-0.11848168
2.198,-0.25215174
2.1985,-0.16895494
2.199,-0.14820423
2.1995,-0.04418967
2.2,-0.01135402
2.2005,-0.00750139
2.201,-0.10053638
2.2015,-0.13972832
2.202,-0.25424852
2.2025,-0.25184438
2.203,-0.23146332
2.2035,-0.31142441
2.204,-0.33518029
2.2045,-0.43431108
2.205,-0.50590583
2.2055,-0.57739302
2.206,-0.4778957
2.2065,-0.40663467
2.207,-0.27435618
2.2075,-0.12700817
2.208,0.03882625
2.2085,0.03783234
2.209,0.14896069
2.2095,0.11170286
2.21,0.16328623
2.2105,0.19683325
2.211,0.20418908
2.2115,0.27484774
2.212,0.21789214
2.2125,0.17822939
2.213,0.04250156
2.2135,0.05405946
2.214,0.09906837
2.2145,0.29850435
2.215,0.36655107
2.2155,0.44220518
2.216,0.4839739
2.2165,0.34567334
2.217,0.40841271
2.2175,0.389933
2.218,0.33540659
2.2185,0.31302741
2.219,0.34927229
2.2195,0.21322599
2.22,0.01942306
2.2205,-0.11905427
2.221,-0.3155659
2.2215,-0.30863393
2.222,-0.25684848
2.2225,-0.28649581
2.223,-0.1837383
2.2235,-0.1399758
2.224,-0.12695498
2.2245,-0.1176461
2.225,-0.16762867
2.2255,-0.24979994
2.226,-0.19665754
2.2265,-0.1895409
2.227,-0.26913832
2.2275,-0.36470644
2.228,-0.43275057
2.2285,-0.45889303
2.229,-0.51187735
2.2295,-0.3735175
2.23,-0.22871463
2.2305,-0.13039528
2.231,0.00530552
2.2315,0.02048546
2.232,0.0127477
2.2325,0.14719151
2.233,0.20143618
2.2335,0.27011121
2.234,0.39910351
2.2345,0.31544562
2.235,0.24748497
2.2355,0.18037447
2.236,0.07823207
2.2365,0.08507104
2.237,0.12289547
2.2375,0.22750355
2.238,0.29091761
2.2385,0.31057326
2.239,0.35518634
2.2395,0.3401776
2.24,0.31590898
2.2405,0.26141906
2.241,0.32427489
2.2415,0.35864669
2.242,0.3000418
2.2425,0.19311996
2.243,-0.00799341
2.2435,-0.15928834
2.244,-0.25691772
2.2445,-0.32911501
2.245,-0.27599747
2.2455,-0.36136643
2.246,-0.24253042
2.2465,-0.23327978
2.247,-0.31437864
2.2475,-0.30533125
2.248,-0.28550453
2.2485,-0.18104617
2.249,-0.23710182
2.2495,-0.13275658
2.25,-0.20838719
2.2505,-0.24977742
2.251,-0.35649845
2.2515,-0.359487
2.252,-0.40978941
2.2525,-0.38891351
2.253,-0.2977929
2.2535,-0.22151484
2.254,-0.14208779
2.2545,-0.08422974
2.255,-0.02277401
2.2555,0.12283531
2.256,0.2376051
2.2565,0.33873785
2.257,0.47278515
2.2575,0.42339977
2.258,0.41830999
2.2585,0.31516362
2.259,0.21226854
2.2595,0.18081915
2.26,0.18273879
2.2605,0.23195996
2.261,0.23244784
2.2615,0.21385891
2.262,0.20088868
2.2625,0.23130394
2.263,0.14649355
2.2635,0.24752402
2.264,0.31700104
2.2645,0.34894848
2.265,0.36207288
2.2655,0.15261813
2.266,-0.00445057
2.2665,-0.08862427
2.267,-0.20806853
2.2675,-0.2536559
2.268,-0.30732989
2.2685,-0.36315573
2.269,-0.32045188
2.2695,-0.35479316
2.27,-0.42621715
2.2705,-0.42988172
2.271,-0.27241559
2.2715,-0.20812142
2.272,-0.12350378
2.2725,-0.05567845
2.273,-0.14010962
2.2735,-0.13940816
2.274,-0.18902572
2.2745,-0.29502929
2.275,-0.27589501
2.2755,-0.28455377
2.276,-0.1798027
2.2765,-0.1479198
2.277,-0.10374716
2.2775,-0.11426725
2.278,-0.05675491
2.2785,0.08364966
2.279,0.23022594
2.2795,0.34965236
2.28,0.46472625
2.2805,0.48707292
2.281,0.42653618
2.2815,0.35044496
2.282,0.29832035
2.2825,0.25675703
2.283,0.18554059
2.2835,0.24110091
2.284,0.31972321
2.2845,0.18042063
2.285,0.11994282
2.2855,0.13809541
2.286,0.08894936
2.2865,0.10104305
2.287,0.18318669
2.2875,0.26984337
2.288,0.26416609
2.2885,0.19056426
2.289,0.14228156
2.2895,0.02250158
2.29,-0.15038619
2.2905,-0.22818425
2.291,-0.2341337
2.2915,-0.27334688
2.292,-0.44361659
2.2925,-0.45450707
2.293,-0.58104298
2.2935,-0.48233132
2.294,-0.44727556
2.2945,-0.29472486
2.295,-0.20554615
2.2955,-0.09400693
2.296,-0.0448637
2.2965,-0.16213213
2.297,-0.1736193
2.2975,-0.24365515
2.298,-0.12420594
2.2985,-0.14508799
2.299,-0.09848186
2.2995,-0.12722562
2.3,-0.13259092
2.3005,-0.13985746
2.301,-0.07674707
2.3015,-0.02064131
2.302,0.15017833
2.3025,0.30747758
2.303,0.40845168
2.3035,0.48658678
2.304,0.41851158
2.3045,0.47350609
2.305,0.35628912
2.3055,0.37203107
2.306,0.32279413
2.3065,0.31313811
2.307,0.23780948
2.3075,0.16500147
2.308,0.09620094
2.3085,-0.024702
2.309,0.03803951
2.3095,-0.03274634
2.31,0.14836915
2.3105,0.2190879
2.311,0.18876652
2.3115,0.14281165
2.312,0.08160943
2.3125,-0.07316854
2.313,-0.07923288
2.3135,-0.14424814
2.314,-0.1987187
2.3145,-0.29454027
2.315,-0.36540906
2.3155,-0.53852596
2.316,-0.61744651
2.3165,-0.60293165
2.317,-0.47302483
2.3175,-0.29959152
2.318,-0.26290223
2.3185,-0.1334737
2.319,-0.13092154
2.3195,-0.1151375
2.32,-0.1443772
2.3205,-0.06962314
2.321,-0.08297901
2.3215,-0.04297469
2.322,-0.03142861
2.3225,-0.04940545
2.323,-0.01969304
2.3235,-0.13268727
2.324,-0.08590714
2.3245,-0.06310016
2.325,0.06619344
2.3255,0.24182166
2.326,0.36770358
2.3265,0.44099087
2.327,0.5021744
2.3275,0.40382636
2.328,0.45972101
2.3285,0.43850448
2.329,0.47718009
2.3295,0.40383941
2.33,0.32402081
2.3305,0.18552093
2.331,0.111555
2.3315,-0.01657267
2.332,-0.10156977
2.3325,-0.07888094
2.333,-0.00616953
2.3335,0.12106056
2.334,0.11001803
2.3345,0.05441035
2.335,-0.02368047
2.3355,-0.04997445
2.336,-0.01198748
2.3365,-0.08950748
2.337,-0.09188761
2.3375,-0.18029916
2.338,-0.26548259
2.3385,-0.4525131
2.339,-0.54103109
2.3395,-0.62334452
2.34,-0.49001302
2.3405,-0.36571955
2.341,-0.30110899
2.3415,-0.20751174
2.342,-0.1596227
2.3425,-0.09407168
2.343,-0.10018654
2.3435,-0.00258749
2.344,0.11551019
2.3445,0.13056839
2.345,0.09027939
2.3455,0.09827231
2.346,0.05105259
2.3465,-0.02834918
2.347,-0.08303736
2.3475,0.0052435
2.348,0.17645642
2.3485,0.23513654
2.349,0.26320595
2.3495,0.31737622
2.35,0.33356928
2.3505,0.38537881
2.351,0.44922282
2.3515,0.45399256
2.352,0.48199317
2.3525,0.46161503
2.353,0.3279293
2.3535,0.29671674
2.354,0.08746294
2.3545,-0.07401116
2.355,-0.11069908
2.3555,-0.11506173
2.356,-0.03595501
2.3565,-0.09647701
2.357,-0.10619142
2.3575,-0.13032749
2.358,-0.156176
2.3585,-0.1039546
2.359,-0.16249123
2.3595,-0.05676929
2.36,-0.07463249
2.3605,-0.13906204
2.361,-0.26309953
2.3615,-0.35463709
2.362,-0.54584597
2.3625,-0.55758921
2.363,-0.49213743
2.3635,-0.44308599
2.364,-0.3069637
2.3645,-0.35572662
2.365,-0.27506197
2.3655,-0.22790144
2.366,-0.10907593
2.3665,0.01110401
2.367,0.11356576
2.3675,0.19914877
2.368,0.23887376
2.3685,0.24113846
2.369,0.18136821
2.3695,0.07210172
2.37,0.02708501
2.3705,0.13923703
2.371,0.15284484
2.3715,0.12057593
2.372,0.22108873
2.3725,0.33024538
2.373,0.26649588
2.3735,0.32556424
2.374,0.37761553
2.3745,0.46936004
2.375,0.53381541
2.3755,0.49065298
2.376,0.40960026
2.3765,0.31491755
2.377,0.11280412
2.3775,-0.02352009
2.378,-0.0744786
2.3785,-0.12781047
2.379,-0.16832842
2.3795,-0.16413835
2.38,-0.14905569
2.3805,-0.25503844
2.381,-0.26991185
2.3815,-0.23767175
2.382,-0.2570745
2.3825,-0.11808013
2.383,-0.12126227
2.3835,-0.16639814
2.384,-0.19666574
2.3845,-0.30942195
2.385,-0.3466941
2.3855,-0.47659866
2.386,-0.4938384
2.3865,-0.42376819
2.387,-0.42176983
2.3875,-0.28396046
2.388,-0.28997622
2.3885,-0.27478608
2.389,-0.21807534
2.3895,-0.03726005
2.39,0.09720848
2.3905,0.23397928
2.391,0.32470266
2.3915,0.39743652
2.392,0.24784448
2.3925,0.22247504
2.393,0.1970232
2.3935,0.14378152
2.394,0.20668703
2.3945,0.20447141
2.395,0.22318711
2.3955,0.20005356
2.396,0.19061809
2.3965,0.25709638
2.397,0.27399627
2.3975,0.36240814
2.398,0.48685937
2.3985,0.47365395
2.399,0.42132371
2.3995,0.32638911
2.4,0.20442554
2.4005,0.06689564
2.401,0.07463102
2.4015,-0.08929781
2.402,-0.13653
2.4025,-0.19779552
2.403,-0.30977115
2.4035,-0.39014408
2.404,-0.39831729
2.4045,-0.3801259
2.405,-0.25669982
2.4055,-0.16121804
2.406,-0.10143206
2.4065,-0.112164
2.407,-0.20574407
2.4075,-0.24720053
2.408,-0.35899393
2.4085,-0.40940025
2.409,-0.37130523
2.4095,-0.33930538
2.41,-0.3178457
2.4105,-0.27972376
2.411,-0.28775482
2.4115,-0.30814871
2.412,-0.24980512
2.4125,-0.1207674
2.413,0.09561658
2.4135,0.28368033
2.414,0.23528871
2.4145,0.33244173
2.415,0.29569933
2.4155,0.26229135
2.416,0.32113538
2.4165,0.28475535
2.417,0.27598887
2.4175,0.27385211
2.418,0.25356542
2.4185,0.19743806
2.419,0.17222275
2.4195,0.11095103
2.42,0.23966085
2.4205,0.26128859
2.421,0.43314072
2.4215,0.34945347
2.422,0.39880854
2.4225,0.30561797
2.423,0.2452672
2.4235,0.11593548
2.424,0.00731012
2.4245,-0.02474796
2.425,-0.04840509
2.4255,-0.24356208
2.426,-0.29747178
2.4265,-0.41548562
2.427,-0.53069229
2.4275,-0.39742515
2.428,-0.37890204
2.4285,-0.30142944
2.429,-0.16000568
2.4295,-0.17123927
2.43,-0.15312542
2.4305,-0.23555796
2.431,-0.2450527
2.4315,-0.17951239
2.432,-0.16281451
2.4325,-0.12263948
2.433,-0.23252415
2.4335,-0.32450306
2.434,-0.29216754
2.4345,-0.37566495
2.435,-0.19897724
2.4355,-0.06444832
2.436,0.05479358
2.4365,0.15462696
2.437,0.33580484
2.4375,0.3124607
2.438,0.35633584
2.4385,0.35914581
2.439,0.37364687
2.4395,0.45025296
2.44,0.47573593
2.4405,0.37895099
2.441,0.29229727
2.4415,0.15288819
2.442,0.06750015
2.4425,0.07251514
2.443,0.14823683
2.4435,0.22482362
2.444,0.27563925
2.4445,0.30112961
2.445,0.26511872
2.4455,0.19079988
2.446,0.18688968
2.4465,0.09579011
2.447,0.10310476
2.4475,0.06983082
2.448,-0.00292313
2.4485,-0.14830235
2.449,-0.30279136
2.4495,-0.46025748
2.45,-0.50318244
2.4505,-0.49466615
2.451,-0.47102492
2.4515,-0.32984677
2.452,-0.27144208
2.4525,-0.28658348
2.453,-0.21401855
2.4535,-0.31510835
2.454,-0.18540039
2.4545,-0.14252529
2.455,-0.05712372
2.4555,-0.02602512
2.456,-0.12784675
2.4565,-0.16477101
2.457,-0.20897742
2.4575,-0.20168456
2.458,-0.18990725
2.4585,-0.06704536
2.459,0.05497414
2.4595,0.12921365
2.46,0.2540968
2.4605,0.22856814
2.461,0.28661526
2.4615,0.35829816
2.462,0.41696012
2.4625,0.56798988
2.463,0.53237727
2.4635,0.52451803
2.464,0.35359353
2.4645,0.2400561
2.465,0.2009692
2.4655,0.0529226
2.466,0.127019
2.4665,0.04940336
2.467,0.1010616
2.4675,0.14060809
2.468,0.14109837
2.4685,0.08167287
2.469,0.09957727
2.4695,0.07019808
2.47,0.11290829
2.4705,0.05466479
2.471,-0.0208375
2.4715,-0.06388048
2.472,-0.22787422
2.4725,-0.43203259
2.473,-0.46739423
2.4735,-0.52336532
2.474,-0.48055259
2.4745,-0.45138906
2.475,-0.3586418
2.4755,-0.41704771
2.476,-0.38179999
2.4765,-0.23424335
2.477,-0.16207538
2.4775,-0.08932722
2.478,-0.07558654
2.4785,0.03753412
2.479,0.04484025
2.4795,-0.11441966
2.48,-0.16930522
2.4805,-0.21901807
2.481,-0.19921742
2.4815,-0.04171996
2.482,0.02269698
2.4825,0.08784029
2.483,0.17189639
2.4835,0.25106896
2.484,0.22751359
2.4845,0.32736527
2.485,0.3914698
2.4855,0.55152348
2.486,0.59151393
2.4865,0.53232587
2.487,0.4353741
2.4875,0.31731385
2.488,0.14965848
2.4885,0.11121197
2.489,-0.01282658
2.4895,0.10092843
2.49,0.04284093
2.4905,0.04163028
2.491,-0.00198087
2.4915,-0.07428073
2.492,-0.08051817
2.4925,-0.00558229
2.493,0.03101164
2.4935,0.13630275
2.494,-0.01541809
2.4945,-0.10003966
2.495,-0.22172849
2.4955,-0.31616612
2.496,-0.42440035
2.4965,-0.42573284
2.497,-0.47673187
2.4975,-0.46465829
2.498,-0.44616663
2.4985,-0.43359601
2.499,-0.42847712
2.4995,-0.37185049
2.5,-0.24594815
2.5005,-0.14877249
2.501,0.01432743
2.5015,0.06571084
2.502,0.13518545
2.5025,0.05560074
2.503,0.04406846
2.5035,0.00482688
2.504,-0.03168649
2.5045,0.04410104
2.505,0.08903089
2.5055,0.13671649
2.506,0.11879729
2.5065,0.12390767
2.507,0.14234872
2.5075,0.28778566
2.508,0.39035546
2.5085,0.53033216
2.509,0.5479604
2.5095,0.64065466
2.51,0.56698288
2.5105,0.43132898
2.511,0.3034389
2.5115,0.15215845
2.512,0.10077886
2.5125,0.03413442
2.513,0.032119
2.5135,-0.03571169
2.514,-0.22410006
2.5145,-0.16168578
2.515,-0.21593387
2.5155,-0.16777288
2.516,-0.09066118
2.5165,-0.01565332
2.517,-0.04561392
2.5175,-0.11695295
2.518,-0.18871198
2.5185,-0.33741135
2.519,-0.38344377
2.5195,-0.41034479
2.52,-0.36339022
2.5205,-0.4200498
2.521,-0.48948328
2.5215,-0.48365507
2.522,-0.44382069
2.5225,-0.38838712
2.523,-0.30411313
2.5235,-0.16561142
2.524,-0.01875897
2.5245,0.10163133
2.525,0.10198197
2.5255,0.06974483
2.526,0.13201672
2.5265,0.12225742
2.527,0.08950144
2.5275,0.16809046
2.528,0.2307906
2.5285,0.08573348
2.529,0.01385577
2.5295,0.08561827
2.53,0.08582827
2.5305,0.1757097
2.531,0.31091669
2.5315,0.43170355
2.532,0.47658187
2.5325,0.54028692
2.533,0.47917721
2.5335,0.38373788
2.534,0.32218278
2.5345,0.32245419
2.535,0.16008079
2.5355,0.14181879
2.536,0.01148697
2.5365,-0.06120932
2.537,-0.190301
2.5375,-0.21121394
2.538,-0.25740126
2.5385,-0.32332286
2.539,-0.21592454
2.5395,-0.07875449
2.54,-0.11009655
2.5405,-0.09841871
2.541,-0.18007608
2.5415,-0.27330103
2.542,-0.22005233
2.5425,-0.28352766
2.543,-0.30233627
2.5435,-0.34978889
2.544,-0.37620482
2.5445,-0.4894803
2.545,-0.55577074
2.5455,-0.42555178
2.546,-0.33913876
2.5465,-0.21678956
2.547,-0.04300731
2.5475,0.04259849
2.548,0.11945925
2.5485,0.17338154
2.549,0.20349737
2.5495,0.23116522
2.55,0.25230214
2.5505,0.27695603
2.551,0.2780044
2.5515,0.21490001
2.552,0.2041472
2.5525,0.14177695
2.553,0.09120659
2.5535,0.16201683
2.554,0.25382054
2.5545,0.38688076
2.555,0.4338097
2.5555,0.42945488
2.556,0.41326456
2.5565,0.38806051
2.557,0.32514907
2.5575,0.33273557
2.558,0.23739736
2.5585,0.1837569
2.559,0.16200234
2.5595,-0.04763911
2.56,-0.26600615
2.5605,-0.34283827
2.561,-0.33758041
2.5615,-0.3575482
2.562,-0.30788928
2.5625,-0.14829259
2.563,-0.14562262
2.5635,-0.12320744
2.564,-0.21753119
2.5645,-0.29466488
2.565,-0.19339933
2.5655,-0.17355193
2.566,-0.15931752
2.5665,-0.22908017
2.567,-0.34224433
2.5675,-0.35706206
2.568,-0.43657242
2.5685,-0.4061552
2.569,-0.35654019
2.5695,-0.27669531
2.57,-0.17034817
2.5705,0.01840427
2.571,0.08201304
2.5715,0.14145327
2.572,0.20176892
2.5725,0.29463449
2.573,0.36376117
2.5735,0.45394824
2.574,0.40581435
2.5745,0.34241838
2.575,0.2307277
2.5755,0.06653347
2.576,0.18461283
2.5765,0.13266793
2.577,0.15654128
2.5775,0.27073198
2.578,0.3416087
2.5785,0.34325059
2.579,0.31954561
2.5795,0.27249757
2.58,0.28549528
2.5805,0.35542298
2.581,0.29997004
2.5815,0.31783773
2.582,0.05860836
2.5825,0.00017857
2.583,-0.15842101
2.5835,-0.32533211
2.584,-0.41032071
2.5845,-0.33893046
2.585,-0.33151404
2.5855,-0.35045022
2.586,-0.36306702
2.5865,-0.29029498
2.587,-0.26072381
2.5875,-0.29373187
2.588,-0.18948794
2.5885,-0.11345464
2.589,-0.10827979
2.5895,-0.12261665
2.59,-0.30027162
2.5905,-0.26848951
2.591,-0.37936859
2.5915,-0.32474779
2.592,-0.32114155
2.5925,-0.18616731
2.593,-0.0987065
2.5935,-0.06678497
2.594,-0.00428013
2.5945,0.05826823
2.595,0.15753642
2.5955,0.27544261
2.596,0.3819229
2.5965,0.48677029
2.597,0.47708512
2.5975,0.49168867
2.598,0.41430345
2.5985,0.23699314
2.599,0.17656892
2.5995,0.2210675
2.6,0.1713365
2.6005,0.24696088
2.601,0.20711127
2.6015,0.18360172
2.602,0.11953029
2.6025,0.0931368
2.603,0.21354401
2.6035,0.22388989
2.604,0.33899494
2.6045,0.26556787
2.605,0.1773513
2.6055,0.033451
2.606,-0.14425781
2.6065,-0.26437007
2.607,-0.34630842
2.6075,-0.43528457
2.608,-0.41055679
2.6085,-0.36629961
2.609,-0.46917346
2.6095,-0.47878759
2.61,-0.4208024
2.6105,-0.24748323
2.611,-0.22040665
2.6115,-0.10433658
2.612,-0.02366627
2.6125,-0.05029564
2.613,-0.07148987
2.6135,-0.23290662
2.614,-0.24930369
2.6145,-0.19748431
2.615,-0.22210129
2.6155,-0.08261104
2.616,-0.07616133
2.6165,-0.13742147
2.617,-0.02700448
2.6175,0.04655556
2.618,0.03600669
2.6185,0.2621209
2.619,0.38614622
2.6195,0.5060397
2.62,0.62017354
2.6205,0.5053755
2.621,0.40962679
2.6215,0.36030325
2.622,0.26248921
2.6225,0.23357777
2.623,0.26059881
2.6235,0.15881223
2.624,0.15754823
2.6245,0.10617004
2.625,0.083413
2.6255,0.01019444
2.626,0.10816025
2.6265,0.17660007
2.627,0.16862414
2.6275,0.28249873
2.628,0.16818565
2.6285,0.00418102
2.629,-0.14490662
2.6295,-0.27835423
2.63,-0.24190335
2.6305,-0.34223425
2.631,-0.38283315
2.6315,-0.41455918
2.632,-0.52021831
2.6325,-0.58571515
2.633,-0.51754611
2.6335,-0.43705643
2.634,-0.3437694
2.6345,-0.22410741
2.635,-0.13156181
2.6355,-0.03250507
2.636,-0.0065363
2.6365,-0.0727894
2.637,-0.14970462
2.6375,-0.09445704
2.638,-0.10628679
2.6385,-0.00980829
2.639,-0.03535647
2.6395,-0.06932941
2.64,-0.06175975
2.6405,-0.10155035
2.641,0.04723851
2.6415,0.19458341
2.642,0.43825895
2.6425,0.50181732
2.643,0.60888455
2.6435,0.53580935
2.644,0.50720041
2.6445,0.42777155
2.645,0.3973358
2.6455,0.39563786
2.646,0.35564241
2.6465,0.26040702
2.647,0.16599297
2.6475,0.00294289
2.648,-0.05579499
2.6485,-0.03344705
2.649,-0.02504027
2.6495,0.0362373
2.65,0.08181574
2.6505,0.13762994
2.651,0.11523693
2.6515,-0.00310825
2.652,-0.08174538
2.6525,-0.20625373
2.653,-0.23106201
2.6535,-0.26278165
2.654,-0.26482119
2.6545,-0.39862625
2.655,-0.49165416
2.6555,-0.63133564
2.656,-0.58636692
2.6565,-0.55639518
2.657,-0.34976863
2.6575,-0.31142145
2.658,-0.1185522
2.6585,-0.03450051
2.659,-0.08510812
2.6595,-0.11024811
2.66,-0.0249206
2.6605,-0.03192923
2.661,0.03614937
2.6615,0.09007239
2.662,0.05248578
2.6625,0.05845317
2.663,-3.733e-05
2.6635,-0.09705816
2.664,0.02634349
2.6645,0.16764974
2.665,0.30688432
2.6655,0.39178937
2.666,0.50241631
2.6665,0.48444608
2.667,0.46896195
2.6675,0.51355714
2.668,0.46005824
2.6685,0.43486141
2.669,0.38382089
2.6695,0.33103946
2.67,0.18678666
2.6705,0.03218724
2.671,-0.07995005
2.6715,-0.09346351
2.672,-0.13554202
2.6725,-0.06777555
2.673,-0.06879713
2.6735,-0.00792509
2.674,-0.00288035
2.6745,-0.12327825
2.675,-0.16726235
2.6755,-0.23216678
2.676,-0.13324148
2.6765,-0.1401344
2.677,-0.26513124
2.6775,-0.34078489
2.678,-0.45269516
2.6785,-0.57444561
2.679,-0.60703325
2.6795,-0.53821241
2.68,-0.48910231
2.6805,-0.28448257
2.681,-0.21168099
2.6815,-0.12759571
2.682,-0.07579312
2.6825,-0.01292621
2.683,0.05247895
2.6835,0.15662235
2.684,0.20925985
2.6845,0.2208571
2.685,0.18522365
2.6855,0.13337846
2.686,0.04792454
2.6865,0.02430401
2.687,0.0129933
2.6875,0.12804684
2.688,0.24017792
2.6885,0.37445365
2.689,0.38619522
2.6895,0.3510214
2.69,0.38912116
2.6905,0.41473197
2.691,0.50747338
2.6915,0.46329942
2.692,0.42676774
2.6925,0.41557061
2.693,0.18200101
2.6935,0.08792719
2.694,-0.12687651
2.6945,-0.1696356
2.695,-0.15646719
2.6955,-0.16311682
2.696,-0.15686786
2.6965,-0.17910682
2.697,-0.1851826
2.6975,-0.14004411
2.698,-0.21093041
2.6985,-0.21157044
2.699,-0.15933666
2.6995,-0.06642647
2.7,-0.1459733
2.7005,-0.30769417
2.701,-0.39460654
2.7015,-0.43064917
2.702,-0.50407095
2.7025,-0.52657322
2.703,-0.4300325
2.7035,-0.34145251
2.704,-0.20790836
2.7045,-0.19634561
2.705,-0.10077622
2.7055,-0.07490913
2.706,0.00124841
2.7065,0.21914877
2.707,0.30941978
2.7075,0.39319976
2.708,0.31001712
2.7085,0.21192917
2.709,0.10997458
2.7095,0.07081001
2.71,0.08597179
2.7105,0.21308171
2.711,0.26078289
2.7115,0.21792992
2.712,0.21102191
2.7125,0.32118301
2.713,0.31378604
2.7135,0.33520781
2.714,0.45582582
2.7145,0.44610337
2.715,0.50901388
2.7155,0.42093923
2.716,0.2725052
2.7165,0.0719848
2.717,-0.04596945
2.7175,-0.15116904
2.718,-0.21352334
2.7185,-0.19885367
2.719,-0.20508728
2.7195,-0.26899495
2.72,-0.32290776
2.7205,-0.35242445
2.721,-0.34492057
2.7215,-0.17915364
2.722,-0.14948059
2.7225,-0.11774492
2.723,-0.09288754
2.7235,-0.13684679
2.724,-0.28558409
2.7245,-0.36715065
2.725,-0.42847581
2.7255,-0.4003926
2.726,-0.35077076
2.7265,-0.30708648
2.727,-0.30654137
2.7275,-0.20584645
2.728,-0.19252462
2.7285,-0.17663486
2.729,0.03265617
2.7295,0.20045348
2.73,0.21023477
2.7305,0.3780739
2.731,0.43490602
2.7315,0.33898522
2.732,0.24699338
2.7325,0.22251745
2.733,0.16876412
2.7335,0.27304182
2.734,0.26167025
2.7345,0.30296117
2.735,0.23363941
2.7355,0.18874716
2.736,0.22138782
2.7365,0.27493341
2.737,0.32888517
2.7375,0.44953268
2.738,0.46796983
2.7385,0.36931459
2.739,0.25228911
2.7395,0.15245765
2.74,0.10431803
2.7405,-0.14121329
2.741,-0.14434857
2.7415,-0.19421318
2.742,-0.23934531
2.7425,-0.35449679
2.743,-0.45906766
2.7435,-0.48139151
2.744,-0.4387667
2.7445,-0.28263124
2.745,-0.21566343
2.7455,-0.18539345
2.746,-0.10394868
2.7465,-0.02554236
2.747,-0.23329089
2.7475,-0.34846771
2.748,-0.35578138
2.7485,-0.33545826
2.749,-0.27830317
2.7495,-0.29203366
2.75,-0.30514077
2.7505,-0.32333754
2.751,-0.26377449
2.7515,-0.17579471
2.752,-0.10469613
2.7525,0.15838268
2.753,0.28474019
2.7535,0.4244623
2.754,0.50568216
2.7545,0.42172117
2.755,0.32037863
2.7555,0.32807759
2.756,0.36023213
2.7565,0.33579653
2.757,0.3046524
2.7575,0.27653169
2.758,0.24961464
2.7585,0.0904984
2.759,0.08646932
2.7595,0.09968863
2.76,0.22593489
2.7605,0.30345591
2.761,0.37552093
2.7615,0.28764179
2.762,0.29276366
2.7625,0.21656435
2.763,0.1059466
2.7635,-0.07067842
2.764,-0.08190654
2.7645,-0.18729877
2.765,-0.23093503
2.7655,-0.42694196
2.766,-0.45360298
2.7665,-0.55238554
2.767,-0.50360295
2.7675,-0.41989019
2.768,-0.38765159
2.7685,-0.25679283
2.769,-0.17714105
2.7695,-0.18548252
2.77,-0.17475442
2.7705,-0.20959194
2.771,-0.21788559
2.7715,-0.12203358
2.772,-0.10939311
2.7725,-0.18885837
2.773,-0.13629292
2.7735,-0.24995281
2.774,-0.26716763
2.7745,-0.08170557
2.775,-0.01321453
2.7755,0.14489914
2.776,0.30191411
2.7765,0.39227637
2.777,0.33570457
2.7775,0.46804968
2.778,0.46657793
2.7785,0.43580727
2.779,0.41183717
2.7795,0.46247612
2.78,0.39353064
2.7805,0.34316879
2.781,0.20095329
2.7815,0.01283494
2.782,0.02767473
2.7825,0.03590267
2.783,0.10775794
2.7835,0.21218097
2.784,0.25421711
2.7845,0.20063246
2.785,0.18515861
2.7855,0.11827766
2.786,-0.00668907
2.7865,0.00057819
2.787,0.05918403
2.7875,-0.07783156
2.788,-0.25440976
2.7885,-0.3689292
2.789,-0.4719437
2.7895,-0.55340386
2.79,-0.52561119
2.7905,-0.54310097
2.791,-0.39386625
2.7915,-0.28112475
2.792,-0.2903004
2.7925,-0.22761788
2.793,-0.19335743
2.7935,-0.14605802
2.794,-0.08529724
2.7945,-1.241e-05
2.795,-0.03381431
2.7955,-0.02378307
2.796,-0.05587277
2.7965,-0.19693752
2.797,-0.1437198
2.7975,-0.21866797
2.798,-0.03833205
2.7985,0.14614299
2.799,0.19129723
2.7995,0.26466434
2.8,0.32071024
2.8005,0.42325917
2.801,0.40830101
2.8015,0.51238366
2.802,0.51092074
2.8025,0.53545908
2.803,0.55565108
2.8035,0.34444542
2.804,0.25303167
2.8045,0.08413235
2.805,-0.02043133
2.8055,0.0415076
2.806,0.03725376
2.8065,0.02897516
2.807,0.09652977
2.8075,0.05248916
2.808,0.06693989
2.8085,0.03176085
2.809,0.02645759
2.8095,-0.00161299
2.81,-0.02421651
2.8105,-0.00425552
2.811,-0.2045747
2.8115,-0.31115634
2.812,-0.39894563
2.8125,-0.58148843
2.813,-0.55514849
2.8135,-0.50859432
2.814,-0.48425642
2.8145,-0.38947029
2.815,-0.41040042
2.8155,-0.2831441
2.816,-0.21818023
2.8165,-0.20221311
2.817,-0.08856696
2.8175,0.05821296
2.818,0.18963214
2.8185,0.07947015
2.819,0.02606058
2.8195,-0.06174751
2.82,-0.08540997
2.8205,-0.07360068
2.821,-0.02258769
2.8215,0.08012525
2.822,0.22561098
2.8225,0.1628242
2.823,0.28289247
2.8235,0.34181286
2.824,0.36730694
2.8245,0.39870513
2.825,0.599584
2.8255,0.59976967
2.826,0.54612895
2.8265,0.41927677
2.827,0.32306552
2.8275,0.10692454
2.828,0.11875761
2.8285,-0.01160228
2.829,0.00157447
2.8295,0.00300842
2.83,-0.00764988
2.8305,-0.06182809
2.831,-0.12244554
2.8315,-0.15339514
2.832,-0.08904269
2.8325,-0.0121844
2.833,0.08719449
2.8335,0.00067463
2.834,-0.05683116
2.8345,-0.18870844
2.835,-0.416786
2.8355,-0.43587784
2.836,-0.4511916
2.8365,-0.46058228
2.837,-0.503272
2.8375,-0.43624479
2.838,-0.40063088
2.8385,-0.40545632
2.839,-0.33733755
2.8395,-0.25778943
2.84,-0.08766508
2.8405,0.0164567
2.841,0.13801995
2.8415,0.22107063
2.842,0.1802862
2.8425,0.02702825
2.843,0.03653743
2.8435,0.06950806
2.844,0.15226347
2.8445,0.14130906
2.845,0.14658764
2.8455,0.2244609
2.846,0.19699857
2.8465,0.17705216
2.847,0.30055055
2.8475,0.43629914
2.848,0.525538
2.8485,0.61050599
2.849,0.57835831
2.8495,0.49267746
2.85,0.37855651
2.8505,0.21942523
2.851,0.10818326
2.8515,0.04968933
2.852,-0.01466803
2.8525,0.01789134
2.853,-0.12934195
2.8535,-0.23326417
2.854,-0.26134971
2.8545,-0.25082768
2.855,-0.25156546
2.8555,-0.13119366
2.856,-0.07880025
2.8565,0.00049757
2.857,-0.1198242
2.8575,-0.24868527
2.858,-0.38656696
2.8585,-0.35204599
2.859,-0.37161101
2.8595,-0.45779499
2.86,-0.41412444
2.8605,-0.41591558
2.861,-0.38802078
2.8615,-0.44288065
2.862,-0.4596316
2.8625,-0.28937615
2.863,-0.12272753
2.8635,0.07245889
2.864,0.13719193
2.8645,0.34021865
2.865,0.2814885
2.8655,0.23696497
2.866,0.11764822
2.8665,0.20410662
2.867,0.20115687
2.8675,0.24758701
2.868,0.22350283
2.8685,0.11368715
2.869,0.15169454
2.8695,0.15602639
2.87,0.19454648
2.8705,0.32381523
2.871,0.43898243
2.8715,0.5348275
2.872,0.56159185
2.8725,0.47044644
2.873,0.34024872
2.8735,0.27308542
2.874,0.23106429
2.8745,0.14497846
2.875,0.12399568
2.8755,0.0457625
2.876,-0.09255726
2.8765,-0.23776876
2.877,-0.38577814
2.8775,-0.37244251
2.878,-0.33812703
2.8785,-0.24757714
2.879,-0.16926965
2.8795,-0.14365613
2.88,-0.12789788
2.8805,-0.20254604
2.881,-0.2887221
2.8815,-0.22635055
2.882,-0.32445303
2.8825,-0.31298811
2.883,-0.33233289
2.8835,-0.38340201
2.884,-0.41056691
2.8845,-0.40532319
2.885,-0.52730385
2.8855,-0.30504372
2.886,-0.18864715
2.8865,0.0633541
2.887,0.12112791
2.8875,0.21715042
2.888,0.21609656
2.8885,0.28505129
2.889,0.29526631
2.8895,0.32683887
2.89,0.37436756
2.8905,0.49275034
2.891,0.30967535
2.8915,0.2506607
2.892,0.19309772
2.8925,0.11378032
2.893,0.18515641
2.8935,0.17833535
2.894,0.33753715
2.8945,0.39412536
2.895,0.40071105
2.8955,0.38810784
2.896,0.32387399
2.8965,0.3098719
2.897,0.20945814
2.8975,0.27829276
2.898,0.11124869
2.8985,0.06539713
2.899,-0.10536588
2.8995,-0.25178985
2.9,-0.40785725
2.9005,-0.46574572
2.901,-0.44029228
2.9015,-0.36648861
2.902,-0.24694094
2.9025,-0.31439325
2.903,-0.23170753
2.9035,-0.25609283
2.904,-0.24791139
2.9045,-0.14955873
2.905,-0.20362899
2.9055,-0.18856432
2.906,-0.17097766
2.9065,-0.23614954
2.907,-0.37814547
2.9075,-0.39242691
2.908,-0.45745937
2.9085,-0.36329962
2.909,-0.2216213
2.9095,-0.0368297
2.91,0.06219766
2.9105,0.17000898
2.911,0.19918181
2.9115,0.29054108
2.912,0.31646701
2.9125,0.50341642
2.913,0.44985207
2.9135,0.53841936
2.914,0.44363935
2.9145,0.35472731
2.915,0.18482485
2.9155,0.11464049
2.916,0.14874247
2.9165,0.19641773
2.917,0.24483118
2.9175,0.34512439
2.918,0.25301798
2.9185,0.28247279
2.919,0.21180597
2.9195,0.32711976
2.92,0.28164075
2.9205,0.24262501
2.921,0.165231
2.9215,0.11040355
2.922,-0.1660408
2.9225,-0.23490883
2.923,-0.39750335
2.9235,-0.52135201
2.924,-0.55384416
2.9245,-0.38600006
2.925,-0.44222549
2.9255,-0.30800641
2.926,-0.39597496
2.9265,-0.38331375
2.927,-0.27105567
2.9275,-0.25069187
2.928,-0.08397143
2.9285,-0.11216703
2.929,-0.06481598
2.9295,-0.18056376
2.93,-0.1865947
2.9305,-0.39222624
2.931,-0.29331842
2.9315,-0.27735628
2.932,-0.23406614
2.9325,-0.04301225
2.933,0.03451424
2.9335,0.06542601
2.934,0.18233632
2.9345,0.21629156
2.935,0.32079534
2.9355,0.44445108
2.936,0.61362527
2.9365,0.49245228
2.937,0.49953737
2.9375,0.37728489
2.938,0.26772872
2.9385,0.14962716
2.939,0.11395931
2.9395,0.20932944
2.94,0.19920021
2.9405,0.21206874
2.941,0.11714963
2.9415,0.07720123
2.942,0.11226908
2.9425,0.11205893
2.943,0.20118029
2.9435,0.22574997
2.944,0.2139851
2.9445,0.10894012
2.945,-0.09364536
2.9455,-0.14447659
2.946,-0.32320898
2.9465,-0.38405059
2.947,-0.47037951
2.9475,-0.49138295
2.948,-0.50668476
2.9485,-0.47920255
2.949,-0.51488134
2.9495,-0.42248599
2.95,-0.40215608
2.9505,-0.21315653
2.951,-0.07404985
2.9515,0.00119931
2.952,0.01988937
2.9525,0.01480734
2.953,-0.07597314
2.9535,-0.18582921
2.954,-0.15786895
2.9545,-0.15296335
2.955,-0.11004937
2.9555,-0.03422573
2.956,-0.04205454
2.9565,0.03354015
2.957,0.12464346
2.9575,0.17396965
2.958,0.33564022
2.9585,0.44765627
2.959,0.50247964
2.9595,0.61383668
2.96,0.58398817
2.9605,0.45218623
2.961,0.38705858
2.9615,0.24660217
2.962,0.24347792
2.9625,0.21877094
2.963,0.20952604
2.9635,0.15948833
2.964,0.00720268
2.9645,0.02139023
2.965,0.01472949
2.9655,-0.0380807
2.966,0.05708977
2.9665,0.14687827
2.967,0.15767884
2.9675,0.0743184
2.968,-0.01262776
2.9685,-0.23514605
2.969,-0.39927083
2.9695,-0.34842776
2.97,-0.39809631
2.9705,-0.38673165
2.971,-0.41372813
2.9715,-0.46815241
2.972,-0.5563026
2.9725,-0.5610596
2.973,-0.42610594
2.9735,-0.39498465
2.974,-0.21452521
2.9745,-0.02155476
2.975,0.04040962
2.9755,0.06623523
2.976,-0.03004707
2.9765,-0.08111389
2.977,-0.09133526
2.9775,-0.02869546
2.978,0.00646513
2.9785,0.05861883
2.979,-0.01517364
2.9795,0.04814416
2.98,-0.00431019
2.9805,0.11344213
2.981,0.19086283
2.9815,0.40886777
2.982,0.49170231
2.9825,0.62323294
2.983,0.59412563
2.9835,0.53382812
2.984,0.43148497
2.9845,0.32331301
2.985,0.37601195
2.9855,0.28748844
2.986,0.22379273
2.9865,0.05242933
2.987,0.00169339
2.9875,-0.08887744
2.988,-0.14259222
2.9885,-0.13026986
2.989,-0.11508567
2.9895,0.03700808
2.99,0.06680972
2.9905,0.06335737
2.991,-0.092937
2.9915,-0.1223271
2.992,-0.24616066
2.9925,-0.27874247
2.993,-0.27151265
2.9935,-0.35181493
2.994,-0.39858495
2.9945,-0.54354004
2.995,-0.58769648
2.9955,-0.59938477
2.996,-0.56102541
2.9965,-0.43850631
2.997,-0.23796951
2.9975,-0.0226242
2.998,-0.02154169
2.9985,0.03388209
2.999,0.01594373
2.9995,0.08087227
3.0,0.09040008
3.0005,0.15974737
3.001,0.14669267
3.0015,0.16909305
3.002,0.07199099
3.0025,0.03612199
3.003,0.01261318
3.0035,0.01748813
3.004,0.21558358
3.0045,0.30897789
3.005,0.57521842
3.0055,0.45060264
3.006,0.4989576
3.0065,0.47075053
3.007,0.50739292
3.0075,0.40921723
3.008,0.43588535
3.0085,0.36250307
3.009,0.24364607
3.0095,0.14106522
3.01,-0.00401504
3.0105,-0.12421013
3.011,-0.26399115
3.0115,-0.24150551
3.012,-0.18608946
3.0125,-0.06037917
3.013,-0.06414575
3.0135,-0.12072578
3.014,-0.15917715
3.0145,-0.15106674
3.015,-0.18961621
3.0155,-0.18158272
3.016,-0.16484119
3.0165,-0.20969047
3.017,-0.33092577
3.0175,-0.51049195
3.018,-0.56333474
3.0185,-0.55126406
3.019,-0.5429598
3.0195,-0.37912927
3.02,-0.28782576
3.0205,-0.14741575
3.021,-0.11622699
3.0215,-0.03843114
3.022,0.0226692
3.0225,0.09861809
3.023,0.16233619
3.0235,0.29309036
3.024,0.31754431
3.0245,0.28562722
3.025,0.1487398
3.0255,0.09032822
3.026,0.05485859
3.0265,0.05836401
3.027,0.15657738
3.0275,0.30851619
3.028,0.34478999
3.0285,0.47636278
3.029,0.42726657
3.0295,0.37998979
3.03,0.38900569
3.0305,0.37913911
3.031,0.43856952
3.0315,0.4015335
3.032,0.31940621
3.0325,0.23048832
3.033,0.02726421
3.0335,-0.20186285
3.034,-0.26158275
3.0345,-0.32203108
3.035,-0.36538466
3.0355,-0.202951
3.036,-0.19520584
3.0365,-0.13602464
3.037,-0.25588404
3.0375,-0.25184226
3.038,-0.17641294
3.0385,-0.12716756
3.039,-0.1326747
3.0395,-0.16071744
3.04,-0.23053568
3.0405,-0.375108
3.041,-0.44016759
3.0415,-0.51450503
3.042,-0.49063384
3.0425,-0.3576482
3.043,-0.2913206
3.0435,-0.2580626
3.044,-0.20208053
3.0445,-0.10990453
3.045,0.10055321
3.0455,0.16753304
3.046,0.33473209
3.0465,0.4062526
3.047,0.37708409
3.0475,0.43843744
3.048,0.27584706
3.0485,0.22010235
3.049,0.18289768
3.0495,0.15791526
3.05,0.19178968
3.0505,0.14497619
3.051,0.24209081
3.0515,0.2809521
3.052,0.37315788
3.0525,0.3619207
3.053,0.33605411
3.0535,0.31457636
3.054,0.37985076
3.0545,0.3728718
3.055,0.30683405
3.0555,0.22316164
3.056,0.06736972
3.0565,-0.08710982
3.057,-0.23303317
3.0575,-0.2537783
3.058,-0.31347036
3.0585,-0.33415027
3.059,-0.37428782
3.0595,-0.35884655
3.06,-0.32459604
3.0605,-0.39222954
3.061,-0.32315698
3.0615,-0.19446776
3.062,-0.09352384
3.0625,-0.04552803
3.063,-0.14045372
3.0635,-0.22574087
3.064,-0.39422189
3.0645,-0.39082838
3.065,-0.41588247
3.0655,-0.32271061
3.066,-0.2475405
3.0665,-0.2328218
3.067,-0.1676013
3.0675,-0.13750467
3.068,-0.08044252
3.0685,-0.00755361
3.069,0.27232791
3.0695,0.38533119
3.07,0.49765364
3.0705,0.55850822
3.071,0.44891093
3.0715,0.31094227
3.072,0.28151403
3.0725,0.19090729
3.073,0.2605775
3.0735,0.21761974
3.074,0.25357827
3.0745,0.18748667
3.075,0.13603806
3.0755,0.11877136
3.076,0.21064864
3.0765,0.3157583
3.077,0.42386322
3.0775,0.40890728
3.078,0.33095677
3.0785,0.21103498
3.079,0.02113682
3.0795,-0.07723267
3.08,-0.17832901
3.0805,-0.22988177
3.081,-0.26324276
3.0815,-0.34524363
3.082,-0.37508986
3.0825,-0.47203999
3.083,-0.52666903
3.0835,-0.44758044
3.084,-0.38815764
3.0845,-0.24834359
3.085,-0.17025519
3.0855,-0.08266243
3.086,-0.12290118
3.0865,-0.2111063
3.087,-0.23099439
3.0875,-0.24441444
3.088,-0.26952571
3.0885,-0.26097895
3.089,-0.21128393
3.0895,-0.24701957
3.09,-0.12975836
3.0905,-0.19004421
3.091,-0.13315205
3.0915,0.11913979
3.092,0.26656398
3.0925,0.39597246
3.093,0.51049962
3.0935,0.57767239
3.094,0.46636114
3.0945,0.3860299
3.095,0.39401875
3.0955,0.34252869
3.096,0.38263322
3.0965,0.34603155
3.097,0.27778656
3.0975,0.1119133
3.098,0.11190248
3.0985,0.09334566
3.099,0.03886198
3.0995,0.16548326
3.1,0.30398701
3.1005,0.35543931
3.101,0.31294619
3.1015,0.1739233
3.102,0.04842563
3.1025,-0.05898491
3.103,-0.1130029
3.1035,-0.19080011
3.104,-0.22763984
3.1045,-0.33935725
3.105,-0.42942637
3.1055,-0.53697554
3.106,-0.61201824
3.1065,-0.62371944
3.107,-0.44425225
3.1075,-0.31646468
3.108,-0.18434545
3.1085,-0.1463934
3.109,-0.08865521
3.1095,-0.19604815
3.11,-0.15148721
3.1105,-0.20612643
3.111,-0.10887137
3.1115,-0.10328653
3.112,-0.07060342
3.1125,-0.06744142
3.113,-0.09602841
3.1135,-0.22474791
3.114,-0.1444634
3.1145,-0.0672979
3.115,0.09387553
3.1155,0.30784905
3.116,0.38231345
3.1165,0.4739366
3.117,0.52350333
3.1175,0.46003676
3.118,0.43216521
3.1185,0.45094005
3.119,0.41763133
3.1195,0.47759768
3.12,0.27373806
3.1205,0.1301297
3.121,0.04509044
3.1215,-0.00916961
3.122,-0.03437841
3.1225,0.06545448
3.123,0.178378
3.1235,0.1013262
3.124,0.12269519
3.1245,0.1055434
3.125,0.03156386
3.1255,0.07927254
3.126,-0.07133724
3.1265,-0.09224209
3.127,-0.1386866
3.1275,-0.22653378
3.128,-0.43126996
3.1285,-0.51529014
3.129,-0.6208327
3.1295,-0.66131971
3.13,-0.5161904
3.1305,-0.39866987
3.131,-0.34928781
3.1315,-0.25076891
3.132,-0.17183477
3.1325,-0.10746632
3.133,-0.15317068
3.1335,0.00300603
3.134,0.06874624
3.1345,0.05156083
3.135,0.03709743
3.1355,0.05367673
3.136,-0.10211543
3.1365,-0.12893864
3.137,-0.10862163
3.1375,-0.01441248
3.138,0.09691345
3.1385,0.228021
3.139,0.31706863
3.1395,0.43358617
3.14,0.40931134
3.1405,0.45337135
3.141,0.46986946
3.1415,0.50105979
3.142,0.59432586
3.1425,0.43147495
3.143,0.4007858
3.1435,0.16983238
3.144,0.01619725
3.1445,-0.04492848
3.145,-0.10666003
3.1455,0.01106689
3.146,0.017863
3.1465,0.01224049
3.147,0.05493455
3.1475,-0.06551733
3.148,-0.044859
3.1485,-0.1195077
3.149,-0.03020804
3.1495,-0.10735437
3.15,-0.07295027
3.1505,-0.20314937
3.151,-0.28436802
3.1515,-0.48855192
3.152,-0.57469353
3.1525,-0.5653065
3.153,-0.62647623
3.1535,-0.45255253
3.154,-0.35529004
3.1545,-0.32089674
3.155,-0.31440551
3.1555,-0.20214942
3.156,-0.17514425
3.1565,-0.05677318
3.157,0.1107649
3.1575,0.18042519
3.158,0.19096308
3.1585,0.15550371
3.159,0.02659073
3.1595,0.01637828
3.16,-0.00977262
3.1605,0.05012566
3.161,0.07594193
3.1615,0.17349333
3.162,0.24504672
3.1625,0.33471681
3.163,0.37860665
3.1635,0.37927088
3.164,0.52150159
3.1645,0.56370467
3.165,0.58465692
3.1655,0.59314723
3.166,0.50823298
3.1665,0.28859662
3.167,0.16889111
3.1675,0.0581299
3.168,-0.05414855
3.1685,-0.09568017
3.169,-0.05054713
3.1695,-0.0653987
3.17,-0.18565085
3.1705,-0.22074883
3.171,-0.18232456
3.1715,-0.17551239
3.172,-0.11881794
3.1725,-0.07104867
3.173,-0.00863775
3.1735,-0.13349417
3.174,-0.22166631
3.1745,-0.35359233
3.175,-0.52832276
3.1755,-0.5588672
3.176,-0.51384528
3.1765,-0.44120501
3.177,-0.41463435
3.1775,-0.40508861
3.178,-0.39836156
3.1785,-0.28585416
3.179,-0.20517947
3.1795,-0.02479384
3.18,0.13529922
3.1805,0.26822649
3.181,0.2651
3.1815,0.29872342
3.182,0.17930846
3.1825,0.1436658
3.183,0.18823928
3.1835,0.18132741
3.184,0.20744453
3.1845,0.21074722
3.185,0.15653686
3.1855,0.29606765
3.186,0.1990393
3.1865,0.32831621
3.187,0.36586752
3.1875,0.43426385
3.188,0.5456921
3.1885,0.54283213
3.189,0.482985
3.1895,0.37636002
3.19,0.13308409
3.1905,0.0577377
3.191,-0.01822526
3.1915,-0.07874817
3.192,-0.11143892
3.1925,-0.1201586
3.193,-0.25242759
3.1935,-0.34437308
3.194,-0.35737827
3.1945,-0.28931416
3.195,-0.19000938
3.1955,-0.09812294
3.196,-0.10182026
3.1965,-0.11172065
3.197,-0.15574647
3.1975,-0.29295484
3.198,-0.35072652
3.1985,-0.38731332
3.199,-0.43339908
3.1995,-0.37341223
3.2,-0.38220326
3.2005,-0.43511573
3.201,-0.38551271
3.2015,-0.37920191
3.202,-0.21666143
3.2025,-0.09154252
3.203,0.09778089
3.2035,0.2573698
3.204,0.34399075
3.2045,0.30290043
3.205,0.24686788
3.2055,0.20228513
3.206,0.25238816
3.2065,0.28001906
3.207,0.31714168
3.2075,0.25287099
3.208,0.21687349
3.2085,0.19212964
3.209,0.17904527
3.2095,0.16444552
3.21,0.26933142
3.2105,0.43241429
3.211,0.43228161
3.2115,0.5366969
3.212,0.47073885
3.2125,0.37158169
3.213,0.25855533
3.2135,0.20682871
3.214,0.07266781
3.2145,0.02932378
3.215,-0.06961147
3.2155,-0.21010232
3.216,-0.34366631
3.2165,-0.41104388
3.217,-0.42559348
3.2175,-0.48397404
3.218,-0.33824194
3.2185,-0.23725907
3.219,-0.18663774
3.2195,-0.19823256
3.22,-0.29387384
3.2205,-0.23014104
3.221,-0.29919956
3.2215,-0.31649278
3.222,-0.28901305
3.2225,-0.34804625
3.223,-0.27644642
3.2235,-0.37856351
3.224,-0.45717211
3.2245,-0.41802874
3.225,-0.32490486
3.2255,-0.14444754
3.226,0.02632253
3.2265,0.18642017
3.227,0.36933414
3.2275,0.36913534
3.228,0.32245158
3.2285,0.40293333
3.229,0.36456138
3.2295,0.33052737
3.23,0.35385774
3.2305,0.35889774
3.231,0.22876803
3.2315,0.19944279
3.232,0.08139708
3.2325,0.17784629
3.233,0.2471048
3.2335,0.28954786
3.234,0.36838094
3.2345,0.36484386
3.235,0.34683961
3.2355,0.29765807
3.236,0.3121152
3.2365,0.16984511
3.237,0.11098892
3.2375,0.07302561
3.238,-0.07291173
3.2385,-0.21798767
3.239,-0.31732757
3.2395,-0.50325976
3.24,-0.50070809
3.2405,-0.48643401
3.241,-0.43545484
3.2415,-0.2951794
3.242,-0.31657377
3.2425,-0.25065227
3.243,-0.30482945
3.2435,-0.28130174
3.244,-0.26648804
3.2445,-0.15173533
3.245,-0.16067137
3.2455,-0.17463997
3.246,-0.23324057
3.2465,-0.20500292
3.247,-0.32483115
3.2475,-0.44261709
3.248,-0.24954619
3.2485,-0.11983388
3.249,-0.02557778
3.2495,0.14125563
3.25,0.20630741
3.2505,0.28253187
3.251,0.34099995
3.2515,0.35028218
3.252,0.49805349
3.2525,0.50824409
3.253,0.53176464
3.2535,0.44650741
3.254,0.299674
3.2545,0.22026052
3.255,0.15056722
3.2555,0.09290991
3.256,0.1110361
3.2565,0.23209915
3.257,0.26570338
3.2575,0.23518334
3.258,0.17341693
3.2585,0.213813
3.259,0.21815099
3.2595,0.23242513
3.26,0.1814361
3.2605,0.12389022
3.261,0.03161143
3.2615,-0.14731241
3.262,-0.29887979
3.2625,-0.47108598
3.263,-0.52940218
3.2635,-0.53911944
3.264,-0.46656025
3.2645,-0.4218304
3.265,-0.3572112
3.2655,-0.36058003
3.266,-0.38692288
3.2665,-0.32533972
3.267,-0.24752806
3.2675,-0.11053251
3.268,0.01859758
3.2685,-0.03055281
3.269,-0.09554749
3.2695,-0.16330936
3.27,-0.24421994
3.2705,-0.24279534
3.271,-0.22026168
3.2715,-0.06097902
3.272,-0.06736677
3.2725,0.07822522
3.273,0.16810297
3.2735,0.19930348
3.274,0.28833975
3.2745,0.41700606
3.275,0.5298593
3.2755,0.60176475
3.276,0.66194879
3.2765,0.51057253
3.277,0.40178157
3.2775,0.27217359
3.278,0.14907384
3.2785,0.07209611
3.279,0.10994745
3.2795,0.15451017
3.28,0.18421138
3.2805,0.09305211
3.281,0.09768289
3.2815,0.08282051
3.282,0.09349383
3.2825,0.11300185
3.283,0.13272185
3.2835,0.19802547
3.284,0.09725459
3.2845,-0.11103437
3.285,-0.30742916
3.2855,-0.37990856
3.286,-0.49245169
3.2865,-0.5000391
3.287,-0.49134498
3.2875,-0.51939501
3.288,-0.42775822
3.2885,-0.48396615
3.289,-0.49947282
3.2895,-0.36504513
3.29,-0.25723307
3.2905,-0.09306679
3.291,-0.04539159
3.2915,0.08158555
3.292,0.00812785
3.2925,-0.03818831
3.293,-0.10075727
3.2935,-0.04889111
3.294,-0.14166083
3.2945,0.02426239
3.295,-0.05199676
3.2955,0.0888666
3.296,0.00145159
3.2965,0.15098034
3.297,0.13543286
3.2975,0.34946463
3.298,0.47961577
3.2985,0.62603007
3.299,0.64442774
3.2995,0.57723367
3.3,0.48892005
3.3005,0.36941039
3.301,0.28249335
3.3015,0.17735337
3.302,0.18610076
3.3025,0.11375112
3.303,0.1112582
3.3035,0.02478419
3.304,-0.04148165
3.3045,-0.11723699
3.305,-0.13415205
3.3055,-0.03078842
3.306,0.09279008
3.3065,0.10635453
3.307,0.01738218
3.3075,-0.05087078
3.308,-0.19973163
3.3085,-0.33840165
3.309,-0.37214572
3.3095,-0.4427293
3.31,-0.45827901
3.3105,-0.44903116
3.311,-0.49032244
3.3115,-0.52939053
3.312,-0.52304633
3.3125,-0.40990585
3.313,-0.30141714
3.3135,-0.1330702
3.314,0.00979705
3.3145,0.0767469
3.315,0.09288578
3.3155,0.08161063
3.316,0.00107196
3.3165,-0.0084716
3.317,0.06109159
3.3175,0.06823317
3.318,0.16425298
3.3185,0.15475425
3.319,0.06882312
3.3195,0.06270877
3.32,0.15120673
3.3205,0.26650839
3.321,0.38421366
3.3215,0.50985338
3.322,0.59380387
3.3225,0.62338781
3.323,0.50850753
3.3235,0.45454387
3.324,0.3285067
3.3245,0.31524022
3.325,0.18476042
3.3255,0.15839416
3.326,0.08686874
3.3265,-0.12006251
3.327,-0.20898043
3.3275,-0.27988403
3.328,-0.26155645
3.3285,-0.17355338
3.329,-0.03024973
3.3295,0.04096562
3.33,-0.00610592
3.3305,-0.04536912
3.331,-0.23945166
3.3315,-0.24267699
3.332,-0.26126233
3.3325,-0.29825199
3.333,-0.32746428
3.3335,-0.41217404
3.334,-0.48852125
3.3345,-0.54072196
3.335,-0.56191674
3.3355,-0.50244707
3.336,-0.35063587
3.3365,-0.14984028
3.337,-0.02195184
3.3375,0.038723
3.338,0.08836755
3.3385,0.08965437
3.339,0.10073014
3.3395,0.20333042
3.34,0.19413834
3.3405,0.22313775
3.341,0.23996253
3.3415,0.17241652
3.342,0.05919858
3.3425,0.11060432
3.343,0.04298526
3.3435,0.16606903
3.344,0.33641349
3.3445,0.46102487
3.345,0.52369365
3.3455,0.56772581
3.346,0.46501352
3.3465,0.44783497
3.347,0.41362511
3.3475,0.38794819
3.348,0.3598149
3.3485,0.18466484
3.349,0.10252212
3.3495,-0.04598381
3.35,-0.18287294
3.3505,-0.342244
3.351,-0.35024035
3.3515,-0.26015931
3.352,-0.22478205
3.3525,-0.17347976
3.353,-0.1692119
3.3535,-0.18380029
3.354,-0.23031168
3.3545,-0.27201278
3.355,-0.27939946
3.3555,-0.22136336
3.356,-0.25951666
3.3565,-0.28852629
3.357,-0.47472174
3.3575,-0.44660349
3.358,-0.55782367
3.3585,-0.50272338
3.359,-0.42147247
3.3595,-0.28005694
3.36,-0.15381503
3.3605,0.07072967
3.361,0.07801829
3.3615,0.17122592
3.362,0.17524268
3.3625,0.27718698
3.363,0.32095212
3.3635,0.41668427
3.364,0.28607002
3.3645,0.29498043
3.365,0.214421
3.3655,0.08773238
3.366,0.02705965
3.3665,0.15911287
3.367,0.24077195
3.3675,0.31407816
3.368,0.37853175
3.3685,0.41033308
3.369,0.41599501
3.3695,0.36157751
3.37,0.3701321
3.3705,0.40028068
3.371,0.35804453
3.3715,0.30485358
3.372,0.14710777
3.3725,-0.06526695
3.373,-0.23595913
3.3735,-0.3762603
3.374,-0.38993801
3.3745,-0.34271842
3.375,-0.3409985
3.3755,-0.29832313
3.376,-0.22737761
3.3765,-0.28979551
3.377,-0.30731116
3.3775,-0.24473162
3.378,-0.22668458
3.3785,-0.11386453
3.379,-0.14781978
3.3795,-0.26855802
3.38,-0.24694764
3.3805,-0.45959062
3.381,-0.48980308
3.3815,-0.47643617
3.382,-0.37514476
3.3825,-0.23318879
3.383,-0.17960528
3.3835,-0.07320026
3.384,-0.04399933
3.3845,0.07191943
3.385,0.13663811
3.3855,0.26788254
3.386,0.39219026
3.3865,0.5377689
3.387,0.47974033
3.3875,0.41792191
3.388,0.27093896
3.3885,0.23178999
3.389,0.18535896
3.3895,0.16662076
3.39,0.28750496
3.3905,0.28297661
3.391,0.26197652
3.3915,0.31982481
3.392,0.22697811
3.3925,0.27346436
3.393,0.31724008
3.3935,0.32540589
3.394,0.36417938
3.3945,0.2811654
3.395,0.09043715
3.3955,-0.0439944
3.396,-0.17211417
3.3965,-0.2846422
3.397,-0.33483199
3.3975,-0.40022944
3.398,-0.3297678
3.3985,-0.3884711
3.399,-0.41649259
3.3995,-0.43728987
3.4,-0.39705821
3.4005,-0.3066661
3.401,-0.21257233
3.4015,-0.14521182
3.402,-0.04860491
3.4025,-0.10760229
3.403,-0.17501717
3.4035,-0.29015333
3.404,-0.34491823
3.4045,-0.38807212
3.405,-0.36913995
3.4055,-0.1968512
3.406,-0.17644074
3.4065,-0.08449027
3.407,-0.1387026
3.4075,-0.02762965
3.408,0.08934746
3.4085,0.22477813
3.409,0.47105003
3.4095,0.51002438
3.41,0.5397936
3.4105,0.48821277
3.411,0.42616713
3.4115,0.31792077
3.412,0.21638201
3.4125,0.24732231
3.413,0.24309205
3.4135,0.24005174
3.414,0.1821585
3.4145,0.17842908
3.415,0.13319852
3.4155,0.15213742
3.416,0.17529537
3.4165,0.28661167
3.417,0.27231391
3.4175,0.21906082
3.418,0.17899506
3.4185,0.05646407
3.419,-0.17208439
3.4195,-0.25126059
3.42,-0.31597476
3.4205,-0.30495188
3.421,-0.40522782
3.4215,-0.47135495
3.422,-0.42585047
3.4225,-0.56356669
3.423,-0.48068158
3.4235,-0.37609097
3.424,-0.23378219
3.4245,-0.18086017
3.425,-0.08354555
3.4255,-0.08853394
3.426,-0.11235837
3.4265,-0.19050049
3.427,-0.23563687
3.4275,-0.20195789
3.428,-0.17960216
3.4285,-0.12150706
3.429,-0.11967537
3.4295,-0.16019792
3.43,-0.10037519
3.4305,-0.03322719
3.431,0.07409545
3.4315,0.28028229
3.432,0.3471525
3.4325,0.54470936
3.433,0.58239832
3.4335,0.60084413
3.434,0.46479289
3.4345,0.39012602
3.435,0.33768479
3.4355,0.36535638
3.436,0.34255323
3.4365,0.22715722
3.437,0.19453103
3.4375,0.04135846
3.438,-0.00896676
3.4385,0.01943727
3.439,0.08740837
3.4395,0.12836627
3.44,0.1865816
3.4405,0.2179593
3.441,0.09053776
3.4415,0.09273443
3.442,-0.06832606
3.4425,-0.18901394
3.443,-0.25294066
3.4435,-0.19537686
3.444,-0.37715717
3.4445,-0.45879639
3.445,-0.59056005
3.4455,-0.59307832
3.446,-0.5523962
3.4465,-0.51076976
3.447,-0.36478326
3.4475,-0.19801062
3.448,-0.13719564
3.4485,-0.06481046
3.449,-0.03858949
3.4495,-0.13992784
3.45,-0.10998748
3.4505,-0.0151943
3.451,-0.04743072
3.4515,0.02765538
3.452,-0.04242205
3.4525,-0.04563771
3.453,-0.13422072
3.4535,-0.11990709
3.454,0.01131558
3.4545,0.2237101
3.455,0.38705341
3.4555,0.49085085
3.456,0.5613417
3.4565,0.51062256
3.457,0.48052809
3.4575,0.41377486
3.458,0.39992311
3.4585,0.40188951
3.459,0.35087758
3.4595,0.30060999
3.46,0.12547756
3.4605,0.11358781
3.461,-0.08691098
3.4615,-0.11990659
3.462,-0.10051984
3.4625,0.02385356
3.463,0.06257481
3.4635,0.1176835
3.464,-0.00807045
3.4645,-0.04338933
3.465,-0.07633344
3.4655,-0.17288469
3.466,-0.11802181
3.4665,-0.19215891
3.467,-0.32069888
3.4675,-0.40792422
3.468,-0.52217824
3.4685,-0.60857793
3.469,-0.6480492
3.4695,-0.56690712
3.47,-0.44024167
3.4705,-0.27087184
3.471,-0.13390521
3.4715,-0.168474
3.472,-0.09935338
3.4725,-0.05083838
3.473,0.03578794
3.4735,0.08039327
3.474,0.11173715
3.4745,0.16399984
3.475,0.10176257
3.4755,0.02525612
3.476,-0.06993645
3.4765,-0.06908566
3.477,-0.02385715
3.4775,0.18136357
3.478,0.27386586
3.4785,0.36794487
3.479,0.43657727
3.4795,0.43806697
3.48,0.46130398
3.4805,0.51385547
3.481,0.4907258
3.4815,0.50098978
3.482,0.44616637
3.4825,0.36678894
3.483,0.21545681
3.4835,0.07224862
3.484,-0.10993275
3.4845,-0.15312181
3.485,-0.16789057
3.4855,-0.09937641
3.486,-0.03138185
3.4865,-0.05438626
3.487,-0.14093419
3.4875,-0.07736354
3.488,-0.0849634
3.4885,-0.10305809
3.489,-0.13518448
3.4895,-0.12408986
3.49,-0.18214628
3.4905,-0.30321184
3.491,-0.44623311
3.4915,-0.62972567
3.492,-0.58813106
3.4925,-0.52643475
3.493,-0.47805492
3.4935,-0.34245403
3.494,-0.23459712
3.4945,-0.20624509
3.495,-0.149378
3.4955,-0.05609229
3.496,0.06257661
3.4965,0.11800186
3.497,0.2166729
3.4975,0.26564515
3.498,0.21183329
3.4985,0.180615
3.499,0.06179642
3.4995,0.09222631
3.5,0.0839827
3.5005,0.15476224
3.501,0.22916683
3.5015,0.2748163
3.502,0.34162826
3.5025,0.39570132
3.503,0.3588742
3.5035,0.42141131
3.504,0.51630208
3.5045,0.57240401
3.505,0.47022524
3.5055,0.37487483
3.506,0.23493298
3.5065,0.02945256
3.507,-0.00710898
3.5075,-0.1158898
3.508,-0.11452632
3.5085,-0.15707583
3.509,-0.07935302
3.5095,-0.22786438
3.51,-0.22443602
3.5105,-0.29935324
3.511,-0.20041773
3.5115,-0.1961794
3.512,-0.04161171
3.5125,-0.03416372
3.513,-0.15207632
3.5135,-0.23408909
3.514,-0.29598312
3.5145,-0.48087731
3.515,-0.51615892
3.5155,-0.48017068
3.516,-0.4363879
3.5165,-0.42498331
3.517,-0.3055095
3.5175,-0.27349381
3.518,-0.29219368
3.5185,-0.14976702
3.519,0.05025027
3.5195,0.20841095
3.52,0.29832595
3.5205,0.35771384
3.521,0.31884653
3.5215,0.26223455
3.522,0.21612114
3.5225,0.1347498
3.523,0.14661905
3.5235,0.20987624
3.524,0.20244826
3.5245,0.23899939
3.525,0.25807735
3.5255,0.21953235
3.526,0.24244914
3.5265,0.29456521
3.527,0.4201402
3.5275,0.50209894
3.528,0.55524579
3.5285,0.35485801
3.529,0.29135671
3.5295,0.17303621
3.53,0.06343788
3.5305,-0.06628424
3.531,-0.11936213
3.5315,-0.23659879
3.532,-0.26600992
3.5325,-0.29468539
3.533,-0.37824317
3.5335,-0.41115304
3.534,-0.3901381
3.5345,-0.18898008
3.535,-0.18028045
3.5355,-0.0906974
3.536,-0.08953072
3.5365,-0.28970406
3.537,-0.28514058
3.5375,-0.37395452
3.538,-0.45801416
3.5385,-0.36477488
3.539,-0.32537558
3.5395,-0.3127889
3.54,-0.31349932
3.5405,-0.36081257
3.541,-0.28409231
3.5415,-0.18680372
3.542,0.00141336
3.5425,0.14608051
3.543,0.34585885
3.5435,0.38860503
3.544,0.39365792
3.5445,0.35355578
3.545,0.35480172
3.5455,0.27532703
3.546,0.28351997
3.5465,0.24185672
3.547,0.22119513
3.5475,0.30599846
3.548,0.23266244
3.5485,0.17122562
3.549,0.14824694
3.5495,0.2486907
3.55,0.33431259
3.5505,0.44030594
3.551,0.45618295
3.5515,0.43943623
3.552,0.288126
3.5525,0.16146844
3.553,0.05513239
3.5535,-0.01716517
3.554,-0.06359274
3.5545,-0.15510664
3.555,-0.2629028
3.5555,-0.40470012
3.556,-0.46749762
3.5565,-0.49540158
3.557,-0.49202525
3.5575,-0.42532696
3.558,-0.30830251
3.5585,-0.16249559
3.559,-0.09203595
3.5595,-0.18049483
3.56,-0.28503433
3.5605,-0.31563565
3.561,-0.2766584
3.5615,-0.26937753
3.562,-0.23210133
3.5625,-0.22954692
3.563,-0.36652374
3.5635,-0.31906141
3.564,-0.29824623
3.5645,-0.26496873
3.565,-0.05914719
3.5655,0.10465569
3.566,0.28860642
3.5665,0.40807025
3.567,0.45614121
3.5675,0.40320481
3.568,0.40973564
3.5685,0.41649822
3.569,0.43096844
3.5695,0.36523956
3.57,0.38591747
3.5705,0.33920354
3.571,0.16726792
3.5715,0.06490729
3.572,0.07078939
3.5725,0.16829987
3.573,0.24400941
3.5735,0.28567064
3.574,0.380468
3.5745,0.33722985
3.575,0.20400025
3.5755,0.11698417
3.576,0.06348344
3.5765,0.09782415
3.577,-0.00856829
3.5775,-0.11107853
3.578,-0.26321647
3.5785,-0.40978148
3.579,-0.46118214
3.5795,-0.54177191
3.58,-0.54564286
3.5805,-0.45685858
3.581,-0.33778142
3.5815,-0.31179695
3.582,-0.30749389
3.5825,-0.19215716
3.583,-0.23231611
3.5835,-0.22512145
3.584,-0.19623684
3.5845,-0.02700702
3.585,-0.13324285
3.5855,-0.14690096
3.586,-0.2271648
3.5865,-0.30439655
3.587,-0.28570843
3.5875,-0.18718498
3.588,-0.14831625
3.5885,0.06224251
3.589,0.1410242
3.5895,0.26356522
3.59,0.35081603
3.5905,0.40285867
3.591,0.45689279
3.5915,0.48030341
3.592,0.49448066
3.5925,0.5515809
3.593,0.47124599
3.5935,0.32318355
3.594,0.16768542
3.5945,0.15896896
3.595,0.04555402
3.5955,0.05700479
3.596,0.09787584
3.5965,0.15759122
3.597,0.21224695
3.5975,0.24154418
3.598,0.08673048
3.5985,0.11972851
3.599,0.09526287
3.5995,0.03145642
3.6,0.10716282
3.6005,0.00178769
3.601,-0.16878525
3.6015,-0.36680596
3.602,-0.4782697
3.6025,-0.57854116
3.603,-0.54692843
3.6035,-0.43667039
3.604,-0.45081017
3.6045,-0.38174575
3.605,-0.34127155
3.6055,-0.34182041
3.606,-0.21323624
3.6065,-0.11411988
3.607,-0.07402136
3.6075,0.03983205
3.608,0.01008659
3.6085,-0.019295
3.609,-0.07193589
3.6095,-0.17295704
3.61,-0.22013979
3.6105,-0.14736126
3.611,-0.08260525
3.6115,0.06640043
3.612,0.17953187
3.6125,0.27156181
3.613,0.30032214
3.6135,0.27666517
3.614,0.39873478
3.6145,0.53070378
3.615,0.57351543
3.6155,0.5856701
3.616,0.56949325
3.6165,0.42945779
3.617,0.28198823
3.6175,0.17688471
3.618,0.04848886
3.6185,0.02786024
3.619,0.07768161
3.6195,0.03537047
3.62,0.02449188
3.6205,0.00235662
3.621,-0.04523765
3.6215,-0.03642603
3.622,-0.01148679
3.6225,0.02583122
3.623,0.06239788
3.6235,0.03821296
3.624,-0.14770023
3.6245,-0.27714748
3.625,-0.47286047
3.6255,-0.51663213
3.626,-0.56283259
3.6265,-0.54043943
3.627,-0.52627504
3.6275,-0.46355202
3.628,-0.50403077
3.6285,-0.43146194
3.629,-0.35857858
3.6295,-0.23229918
3.63,-0.04986353
3.6305,0.1071625
3.631,0.13475108
3.6315,0.1100984
3.632,0.04939553
3.6325,-0.09508388
3.633,-0.0455832
3.6335,0.05811718
3.634,-0.00284997
3.6345,0.07773653
3.635,0.14476059
3.6355,0.19729531
3.636,0.23033552
3.6365,0.25675801
3.637,0.31429913
3.6375,0.51168027
3.638,0.61832357
3.6385,0.59944735
3.639,0.5579302
3.6395,0.47324784
3.64,0.39224399
3.6405,0.21183335
3.641,0.09023974
3.6415,0.02908118
3.642,0.01800262
3.6425,-0.03714058
3.643,-0.04811794
3.6435,-0.14789717
3.644,-0.22534374
3.6445,-0.19031653
3.645,-0.08187761
3.6455,-0.00521016
3.646,0.02863913
3.6465,0.00870442
3.647,-0.06749777
3.6475,-0.29250996
3.648,-0.35271022
3.6485,-0.41260342
3.649,-0.43911709
3.6495,-0.51020398
3.65,-0.39506
3.6505,-0.48010503
3.651,-0.54808823
3.6515,-0.44542363
3.652,-0.3809365
3.6525,-0.27376402
3.653,-0.12721407
3.6535,0.06697746
3.654,0.1674744
3.6545,0.13785516
3.655,0.16147915
3.6555,0.14764308
3.656,0.1208155
3.6565,0.12611184
3.657,0.15642314
3.6575,0.11973115
3.658,0.16272802
3.6585,0.12900888
3.659,0.0968603
3.6595,0.14432193
3.66,0.27266805
3.6605,0.40776918
3.661,0.50410829
3.6615,0.53606906
3.662,0.59423865
3.6625,0.49047317
3.663,0.34618021
3.6635,0.25438255
3.664,0.24103384
3.6645,0.16163056
3.665,0.11986158
3.6655,-0.00828803
3.666,-0.14072403
3.6665,-0.24105813
3.667,-0.36989019
3.6675,-0.3437937
3.668,-0.22208723
3.6685,-0.0925284
3.669,0.0327135
3.6695,-0.09440745
3.67,-0.09372749
3.6705,-0.27191646
3.671,-0.27603875
3.6715,-0.43072828
3.672,-0.40864253
3.6725,-0.36036251
3.673,-0.40012336
3.6735,-0.47260007
3.674,-0.46394283
3.6745,-0.58700917
3.675,-0.44466392
3.6755,-0.30280083
3.676,-0.15144553
3.6765,0.01681838
3.677,0.15247035
3.6775,0.19147994
3.678,0.20123236
3.6785,0.20812242
3.679,0.22095767
3.6795,0.31234968
3.68,0.37945268
3.6805,0.28912172
3.681,0.21305568
3.6815,0.16914303
3.682,0.09527284
3.6825,0.09414894
3.683,0.16874918
3.6835,0.33281619
3.684,0.45060772
3.6845,0.54561641
3.685,0.47391834
3.6855,0.41102038
3.686,0.41609498
3.6865,0.28369444
3.687,0.31161265
3.6875,0.25163655
3.688,0.18720787
3.6885,0.0486179
3.689,-0.17419271
3.6895,-0.3321724
3.69,-0.39448289
3.6905,-0.3641275
3.691,-0.38505551
3.6915,-0.23901508
3.692,-0.13094532
3.6925,-0.21471362
3.693,-0.24532695
3.6935,-0.24613347
3.694,-0.25366664
3.6945,-0.29982273
3.695,-0.27802247
3.6955,-0.1961907
3.696,-0.27398583
3.6965,-0.36908988
3.697,-0.4046828
3.6975,-0.47728934
3.698,-0.38327158
3.6985,-0.3134736
3.699,-0.1748733
3.6995,-0.06594783
3.7,0.08707982
3.7005,0.20194719
3.701,0.20841882
3.7015,0.20008402
3.702,0.36480271
3.7025,0.3983492
3.703,0.50967886
3.7035,0.46340481
3.704,0.29759716
3.7045,0.26259338
3.705,0.16403498
3.7055,0.04849955
3.706,0.15037054
3.7065,0.16528033
3.707,0.28565767
3.7075,0.35428089
3.708,0.34264725
3.7085,0.35715178
3.709,0.29264575
3.7095,0.35133853
3.71,0.29448818
3.7105,0.23186012
3.711,0.26774153
3.7115,0.04515877
3.712,-0.13038536
3.7125,-0.24120589
3.713,-0.40530853
3.7135,-0.44733309
3.714,-0.3912317
3.7145,-0.33048749
3.715,-0.28713308
3.7155,-0.33571753
3.716,-0.30507231
3.7165,-0.33726633
3.717,-0.29358535
3.7175,-0.15325614
3.718,-0.11406323
3.7185,-0.13270166
3.719,-0.14117998
3.7195,-0.27511181
3.72,-0.32905739
3.7205,-0.43823648
3.721,-0.3976169
3.7215,-0.2480222
3.722,-0.237503
3.7225,-0.1049253
3.723,0.02923061
3.7235,0.03967406
3.724,0.10905567
3.7245,0.23154453
3.725,0.35459399
3.7255,0.44732896
3.726,0.48869284
3.7265,0.61225307
3.727,0.48458023
3.7275,0.33405991
3.728,0.28658026
3.7285,0.07935614
3.729,0.17548705
3.7295,0.1228345
3.73,0.17782929
3.7305,0.26589605
3.731,0.26638451
3.7315,0.26200993
3.732,0.20649036
3.7325,0.22641568
3.733,0.28454954
3.7335,0.31877042
3.734,0.22944527
3.7345,0.0810117
3.735,-0.00524653
3.7355,-0.25310547
3.736,-0.41402691
3.7365,-0.43619913
3.737,-0.43123744
3.7375,-0.39353206
3.738,-0.37499035
3.7385,-0.45449962
3.739,-0.42266175
3.7395,-0.41223583
3.74,-0.28308346
3.7405,-0.19998103
3.741,-0.17702764
3.7415,-0.08096076
3.742,-0.00582151
3.7425,-0.10490469
3.743,-0.24021681
3.7435,-0.28866674
3.744,-0.21537985
3.7445,-0.19725895
3.745,-0.10398533
3.7455,-0.09988306
3.746,-0.01486453
3.7465,-0.00733685
3.747,0.05768569
3.7475,0.21281888
3.748,0.4100903
3.7485,0.50054344
3.749,0.61312796
3.7495,0.54623863
3.75,0.52016829
3.7505,0.41905361
3.751,0.27958384
3.7515,0.19061568
3.752,0.22718327
3.7525,0.17330086
3.753,0.2515915
3.7535,0.1564569
3.754,0.06879573
3.7545,0.12811911
3.755,0.06078526
3.7555,0.0967728
3.756,0.15744453
3.7565,0.23441406
3.757,0.2501803
3.7575,0.10190195
3.758,0.01520337
3.7585,-0.15619163
3.759,-0.27007958
3.7595,-0.35434368
3.76,-0.35753119
3.7605,-0.48321858
3.761,-0.47025978
3.7615,-0.53154803
3.762,-0.53296723
3.7625,-0.54498472
3.763,-0.40924899
3.7635,-0.31169363
3.764,-0.17729656
3.7645,-0.06690723
3.765,0.00668677
3.7655,-0.04887159
3.766,-0.0844519
3.7665,-0.13232424
3.767,-0.10480536
3.7675,-0.10217914
3.768,-0.04307012
3.7685,-0.04319962
3.769,-0.06244565
3.7695,-0.08214797
3.77,0.00547478
3.7705,0.0903559
3.771,0.29378027
3.7715,0.43462013
3.772,0.63181138
3.7725,0.58564829
3.773,0.59211669
3.7735,0.46800995
3.774,0.40195026
3.7745,0.34032945
3.775,0.28895975
3.7755,0.22973515
3.776,0.19004851
3.7765,0.08469315
3.777,-0.03199855
3.7775,-0.08251994
3.778,-0.07296493
3.7785,-0.01054841
3.779,0.10615783
3.7795,0.11938482
3.78,0.11773935
3.7805,0.04675383
3.781,-0.0407882
3.7815,-0.14079502
3.782,-0.24136177
3.7825,-0.23612315
3.783,-0.29725835
3.7835,-0.4169465
3.784,-0.39650013
3.7845,-0.54243073
3.785,-0.57588531
3.7855,-0.58295295
3.786,-0.50407358
3.7865,-0.30593228
3.787,-0.15336309
3.7875,-0.06089356
3.788,-0.01352278
3.7885,-0.0095445
3.789,-0.01511669
3.7895,-0.02004415
3.79,0.04792838
3.7905,0.07576371
3.791,0.09391794
3.7915,0.04283498
3.792,-0.0298184
3.7925,-0.05243114
3.793,-0.08360783
3.7935,0.03742679
3.794,0.20349408
3.7945,0.44438628
3.795,0.46301729
3.7955,0.511879
3.796,0.50902339
3.7965,0.55037833
3.797,0.48951551
3.7975,0.47696873
3.798,0.41430893
3.7985,0.37339506
3.799,0.25125213
3.7995,0.13904494
3.8,-0.00904882
3.8005,-0.10487662
3.801,-0.20278941
3.8015,-0.1761427
3.802,-0.03907382
3.8025,0.0243105
3.803,0.04530671
3.8035,-0.03658433
3.804,-0.06886795
3.8045,-0.13687608
3.805,-0.19103037
3.8055,-0.22774492
3.806,-0.25169183
3.8065,-0.30600664
3.807,-0.43301826
3.8075,-0.53466046
3.808,-0.61778583
3.8085,-0.6258016
3.809,-0.56578456
3.8095,-0.38902181
3.81,-0.27244457
3.8105,-0.04924577
3.811,-0.11483078
3.8115,-0.03804763
3.812,-0.0443395
3.8125,0.10129367
3.813,0.14635534
3.8135,0.24072554
3.814,0.22507054
3.8145,0.15945462
3.815,0.1241391
3.8155,0.09863609
3.816,-0.02793468
3.8165,0.09990252
3.817,0.18937471
3.8175,0.35363917
3.818,0.39360776
3.8185,0.48153883
3.819,0.49525504
3.8195,0.46823581
3.82,0.54753538
3.8205,0.50590546
3.821,0.45003134
3.8215,0.40808643
3.822,0.36080784
3.8225,0.13487982
3.823,-0.00837346
3.8235,-0.12149435
3.824,-0.23175669
3.8245,-0.28150618
3.825,-0.21072582
3.8255,-0.11063615
3.826,-0.08317372
3.8265,-0.17129675
3.827,-0.25464929
3.8275,-0.16472697
3.828,-0.2368577
3.8285,-0.10779629
3.829,-0.2004801
3.8295,-0.21252147
3.83,-0.3811089
3.8305,-0.40881545
3.831,-0.6315082
3.8315,-0.54933625
3.832,-0.48384076
3.8325,-0.36630914
3.833,-0.25700234
3.8335,-0.16214998
3.834,-0.14231514
3.8345,-0.07992148
3.835,0.0485769
3.8355,0.12591423
3.836,0.27949116
3.8365,0.31228397
3.837,0.45019982
3.8375,0.34470195
3.838,0.28529558
3.8385,0.09967905
3.839,0.10763719
3.8395,0.12721753
3.84,0.14035551
3.8405,0.28492881
3.841,0.24842536
3.8415,0.27590445
3.842,0.32682813
3.8425,0.31362749
3.843,0.40584396
3.8435,0.47460301
3.844,0.49502312
3.8445,0.44699321
3.845,0.37217803
3.8455,0.13858386
3.846,0.05733024
3.8465,-0.12915513
3.847,-0.23237773
3.8475,-0.22972407
3.848,-0.26404926
3.8485,-0.27724621
3.849,-0.28852157
3.8495,-0.37710877
3.85,-0.35685918
3.8505,-0.32996315
3.851,-0.20142048
3.8515,-0.12294361
3.852,-0.0519905
3.8525,-0.1357489
3.853,-0.12847795
3.8535,-0.35718864
3.854,-0.36043493
3.8545,-0.4379499
3.855,-0.499677
3.8555,-0.43819034
3.856,-0.27331715
3.8565,-0.27649576
3.857,-0.22357492
3.8575,-0.1888553
3.858,-0.02697135
3.8585,0.138689
3.859,0.24197758
3.8595,0.36992151
3.86,0.44079541
3.8605,0.42458687
3.861,0.33108456
3.8615,0.24895111
3.862,0.17311006
3.8625,0.18779459
3.863,0.25301924
3.8635,0.25163311
3.864,0.27303226
3.8645,0.26896015
3.865,0.20853172
3.8655,0.27554961
3.866,0.27031904
3.8665,0.43265057
3.867,0.44496607
3.8675,0.38916096
3.868,0.35472852
3.8685,0.24467888
3.869,0.06980252
3.8695,-0.04630334
3.87,-0.1494344
3.8705,-0.22692205
3.871,-0.19696373
3.8715,-0.29084332
3.872,-0.41107033
3.8725,-0.42457136
3.873,-0.43277848
3.8735,-0.41641782
3.874,-0.32909458
3.8745,-0.18840077
3.875,-0.17675957
3.8755,-0.11860628
3.876,-0.16057217
3.8765,-0.32371787
3.877,-0.36235792
3.8775,-0.36277804
3.878,-0.29845783
3.8785,-0.2997249
3.879,-0.27867656
3.8795,-0.2833103
3.88,-0.23298201
3.8805,-0.21716642
3.881,-0.11739335
3.8815,0.03178216
3.882,0.28958501
3.8825,0.40192989
3.883,0.45252372
3.8835,0.48274107
3.884,0.44470031
3.8845,0.38681457
3.885,0.3677471
3.8855,0.29008142
3.886,0.26522797
3.8865,0.30896692
3.887,0.23133815
3.8875,0.16284764
3.888,0.11863909
3.8885,0.09756405
3.889,0.1942297
3.8895,0.30683519
3.89,0.37519924
3.8905,0.36106882
3.891,0.35356216
3.8915,0.20209876
3.892,0.06445965
3.8925,-0.04123406
3.893,-0.104189
3.8935,-0.15698356
3.894,-0.27621507
3.8945,-0.29218867
3.895,-0.39952118
3.8955,-0.56905535
3.896,-0.60821289
3.8965,-0.53537037
3.897,-0.37241743
3.8975,-0.33104668
3.898,-0.19647604
3.8985,-0.16374202
3.899,-0.14849142
3.8995,-0.17842818
3.9,-0.21167442
3.9005,-0.23854741
3.901,-0.19966672
3.9015,-0.15544379
3.902,-0.25002484
3.9025,-0.21273422
3.903,-0.27936187
3.9035,-0.17940762
3.904,-0.06167116
3.9045,0.02652446
3.905,0.12695077
3.9055,0.31728416
3.906,0.46722026
3.9065,0.42039019
3.907,0.46091748
3.9075,0.43663239
3.908,0.48662416
3.9085,0.38550662
3.909,0.44874989
3.9095,0.39970767
3.91,0.24502911
3.9105,0.20811635
3.911,0.10238491
3.9115,0.07425939
3.912,0.12000252
3.9125,0.13575448
3.913,0.23023144
3.9135,0.2546349
3.914,0.24235178
3.9145,0.07312935
3.915,0.054187
3.9155,-0.03850376
3.916,-0.01801857
3.9165,-0.05231042
3.917,-0.18217519
3.9175,-0.29478815
3.918,-0.43545809
3.9185,-0.58000833
3.919,-0.62682166
3.9195,-0.55551614
3.92,-0.53086932
3.9205,-0.37284044
3.921,-0.2351377
3.9215,-0.19168135
3.922,-0.14199133
3.9225,-0.24067509
3.923,-0.20346896
3.9235,-0.12702253
3.924,-0.05504183
3.9245,-0.10994114
3.925,-0.01766014
3.9255,-0.17561584
3.926,-0.16083592
3.9265,-0.17108583
3.927,-0.16422766
3.9275,-0.04889068
3.928,0.18580466
3.9285,0.26682527
3.929,0.39317136
3.9295,0.44630432
3.93,0.439982
3.9305,0.44056261
3.931,0.51479212
3.9315,0.52240628
3.932,0.51951775
3.9325,0.42755525
3.933,0.37850801
3.9335,0.19353348
3.934,0.0256401
3.9345,-0.0223716
3.935,0.00365708
3.9355,0.02940132
3.936,0.10549283
3.9365,0.077498
3.937,0.03865066
3.9375,0.03168673
3.938,0.01756546
3.9385,0.01830131
3.939,0.05873849
3.9395,-0.02924075
3.94,-0.08019407
3.9405,-0.21328629
3.941,-0.40561017
3.9415,-0.46319799
3.942,-0.50712496
3.9425,-0.62548454
3.943,-0.50419579
3.9435,-0.43887135
3.944,-0.38721234
3.9445,-0.29226847
3.945,-0.25871106
3.9455,-0.18992154
3.946,-0.20629695
3.9465,-0.07440065
3.947,0.09448175
3.9475,0.11356995
3.948,0.08128274
3.9485,0.02276026
3.949,-0.06611909
3.9495,-0.06546215
3.95,-0.12767637
3.9505,-0.0014601
3.951,0.1424707
3.9515,0.24619639
3.952,0.31202763
3.9525,0.32334162
3.953,0.42472381
3.9535,0.45674897
3.954,0.48380475
3.9545,0.59805103
3.955,0.59851611
3.9555,0.51863386
3.956,0.38133436
3.9565,0.27479837
3.957,0.14551282
3.9575,0.03085498
3.958,-0.03828056
3.9585,-0.04682686
3.959,-0.04598005
3.9595,-0.01731435
3.96,-0.13517646
3.9605,-0.07320882
3.961,-0.17513683
3.9615,-0.02897755
3.962,-0.10211794
3.9625,-0.05033738
3.963,-0.01048454
3.9635,-0.14368769
3.964,-0.23567484
3.9645,-0.37576447
3.965,-0.55759197
3.9655,-0.51712686
3.966,-0.50478725
3.9665,-0.44584138
3.967,-0.34064268
3.9675,-0.42334706
3.968,-0.30937976
3.9685,-0.32208691
3.969,-0.17176716
3.9695,-0.04118213
3.97,0.05981492
3.9705,0.18801213
3.971,0.23162986
3.9715,0.14258547
3.972,0.1429299
3.9725,-0.00291429
3.973,0.09324379
3.9735,0.07320892
3.974,0.137572
3.9745,0.19549293
3.975,0.16254722
3.9755,0.22890958
3.976,0.20622087
3.9765,0.36698913
3.977,0.47119456
3.9775,0.56362558
3.978,0.65924106
3.9785,0.56957035
3.979,0.45782971
3.9795,0.2991607
3.98,0.20429754
3.9805,0.04361753
3.981,0.01012475
3.9815,-0.0205175
3.982,-0.04795459
3.9825,-0.08803063
3.983,-0.2653461
3.9835,-0.22585952
3.984,-0.28722726
3.9845,-0.19096123
3.985,-0.06431308
3.9855,-0.08317306
3.986,-0.1118057
3.9865,-0.10006834
3.987,-0.24127307
3.9875,-0.37069426
3.988,-0.44170234
3.9885,-0.36382684
3.989,-0.49756591
3.9895,-0.47566285
3.99,-0.44412931
3.9905,-0.42463838
3.991,-0.38191735
3.9915,-0.39172245
3.992,-0.16996699
3.9925,-1.434e-05
3.993,0.20663676
3.9935,0.26440585
3.994,0.22626511
3.9945,0.23796364
3.995,0.19930019
3.9955,0.16369502
3.996,0.19562924
3.9965,0.22797459
3.997,0.1629381
3.9975,0.21184662
3.998,0.24219452
3.9985,0.1708718
3.999,0.1837687
3.9995,0.20239374
