time,voltage
0.0,-0.45090475
0.0005,-0.23098174
0.001,-0.23502504
0.0015,-0.10765335
0.002,-0.18516748
0.0025,-0.11009612
0.003,-0.0432865
0.0035,0.02221862
0.004,0.0519407
0.0045,0.03429645
0.005,-0.093527
0.0055,-0.17270344
0.006,-0.15984919
0.0065,-0.15786218
0.007,0.04834504
0.0075,0.10008747
0.008,0.20171672
0.0085,0.30932776
0.009,0.35384246
0.0095,0.35697074
0.01,0.45949586
0.0105,0.4866303
0.011,0.51927584
0.0115,0.50331226
0.012,0.3506141
0.0125,0.18385835
0.013,0.10169039
0.0135,0.003856
0.014,-0.04964112
0.0145,0.03378625
0.015,0.02531859
0.0155,0.05944959
0.016,0.12216234
0.0165,0.09585693
0.017,0.04858932
0.0175,0.14595098
0.018,0.04725503
0.0185,0.08800423
0.019,0.03497425
0.0195,-0.13272708
0.02,-0.24248816
0.0205,-0.45645782
0.021,-0.50871853
0.0215,-0.5122103
0.022,-0.48608382
0.0225,-0.34441793
0.023,-0.29016002
0.0235,-0.24586065
0.024,-0.2444972
0.0245,-0.18083844
0.025,-0.0680286
0.0255,0.02099219
0.026,0.04463544
0.0265,0.09104561
0.027,-0.00096103
0.0275,-0.05753618
0.028,-0.12866734
0.0285,-0.17819384
0.029,-0.11146812
0.0295,0.01859502
0.03,0.1156845
0.0305,0.17033728
0.031,0.24132097
0.0315,0.27515953
0.032,0.37832636
0.0325,0.39018564
0.033,0.44789095
0.0335,0.5218419
0.034,0.44014039
0.0345,0.35543587
0.035,0.21732786
0.0355,0.11738797
0.036,0.01095564
0.0365,0.001558
0.037,-0.00598299
0.0375,0.02224854
0.038,0.09570726
0.0385,0.09503469
0.039,0.02274702
0.0395,0.06866533
0.04,-0.00053621
0.0405,0.08772643
0.041,0.04718599
0.0415,-0.05056528
0.042,-0.13206769
0.0425,-0.30947087
0.043,-0.38399361
0.0435,-0.53381239
0.044,-0.53813259
0.0445,-0.42402062
0.045,-0.37083976
0.0455,-0.27524916
0.046,-0.30638444
0.0465,-0.284124
0.047,-0.18345236
0.0475,-0.08277284
0.048,-0.02009415
0.0485,0.10644048
0.049,0.08803741
0.0495,0.02864719
0.05,-0.06538446
0.0505,-0.14599523
0.051,-0.1524313
0.0515,-0.1288842
0.052,0.0194658
0.0525,0.02220867
0.053,0.12121516
0.0535,0.16700691
0.054,0.24600139
0.0545,0.37836518
0.055,0.3757676
0.0555,0.53402141
0.056,0.48504348
0.0565,0.54624281
0.057,0.39175929
0.0575,0.28146548
0.058,0.08936456
0.0585,-0.03495801
0.059,0.02246496
0.0595,0.0960831
0.06,0.11154297
0.0605,0.05835597
0.061,0.04009232
0.0615,0.09541816
0.062,0.01556777
0.0625,0.03531693
0.063,0.03598597
0.0635,0.08135313
0.064,0.03783876
0.0645,-0.11239923
0.065,-0.30291397
0.0655,-0.39714708
0.066,-0.47224665
0.0665,-0.47332937
0.067,-0.49747151
0.0675,-0.38155336
0.068,-0.29925387
0.0685,-0.35426904
0.069,-0.25885213
0.0695,-0.20912817
0.07,-0.18620428
0.0705,0.02641342
0.071,0.03405798
0.0715,0.09835768
0.072,0.01350291
0.0725,-0.01315461
0.073,-0.15677564
0.0735,-0.08722233
0.074,-0.10051241
0.0745,0.04211479
0.075,0.07657912
0.0755,0.12896965
0.076,0.21961217
0.0765,0.23382445
0.077,0.27389286
0.0775,0.41017456
0.078,0.38561911
0.0785,0.56965115
0.079,0.533028
0.0795,0.45064409
0.08,0.21829738
0.0805,0.139314
0.081,0.03386505
0.0815,0.0038088
0.082,0.08023715
0.0825,0.03956903
0.083,0.04956022
0.0835,-0.04499251
0.084,-0.01157205
0.0845,-0.02213068
0.085,0.03193042
0.0855,0.08268851
0.086,0.14452218
0.0865,-0.0360777
0.087,-0.11550633
0.0875,-0.23124715
0.088,-0.34678854
0.0885,-0.44837522
0.089,-0.49555139
0.0895,-0.51527683
0.09,-0.35179801
0.0905,-0.37784472
0.091,-0.38640232
0.0915,-0.33749567
0.092,-0.23183055
0.0925,-0.12144742
0.093,-0.04041853
0.0935,0.09984009
0.094,0.15380677
0.0945,0.1077254
0.095,-0.01812586
0.0955,-0.07798774
0.096,-0.01579718
0.0965,-0.08995022
0.097,-0.03076816
0.0975,0.01022059
0.098,0.09876025
0.0985,0.190375
0.099,0.17590307
0.0995,0.29181008
0.1,0.41016295
0.1005,0.43990232
0.101,0.58457703
0.1015,0.43865621
0.102,0.4188991
0.1025,0.36360672
0.103,0.1800072
0.1035,0.09125707
0.104,0.07381425
0.1045,0.04930006
0.105,0.02941436
0.1055,0.00724494
0.106,-0.0569071
0.1065,0.00429168
0.107,-0.02737567
0.1075,0.0900998
0.108,0.09512279
0.1085,0.09493023
0.109,-0.00605111
0.1095,-0.09252572
0.11,-0.2127144
0.1105,-0.37504618
0.111,-0.48800021
0.1115,-0.45784998
0.112,-0.43870519
0.1125,-0.43498136
0.113,-0.40379075
0.1135,-0.3887466
0.114,-0.32919669
0.1145,-0.30352108
0.115,-0.09527348
0.1155,0.00476219
0.116,0.1370836
0.1165,0.18372233
0.117,0.11203104
0.1175,0.03978445
0.118,-0.0853859
0.1185,-0.04617995
0.119,-0.10366102
0.1195,-0.08160472
0.12,0.01728136
0.1205,0.11126566
0.121,0.17428639
0.1215,0.11522129
0.122,0.29045709
0.1225,0.35050408
0.123,0.52340125
0.1235,0.55983595
0.124,0.54149083
0.1245,0.50160257
0.125,0.28905002
0.1255,0.12291104
0.126,0.1089812
0.1265,0.02320575
0.127,0.0331995
0.1275,0.01068055
0.128,-0.04825555
0.1285,-0.04985909
0.129,-0.12488488
0.1295,-0.04100691
0.13,0.01751729
0.1305,0.07209163
0.131,0.07652053
0.1315,0.05924187
0.132,-0.14594037
0.1325,-0.26395637
0.133,-0.27692748
0.1335,-0.45570006
0.134,-0.46988923
0.1345,-0.42151422
0.135,-0.45310369
0.1355,-0.42555025
0.136,-0.40745492
0.1365,-0.35179782
0.137,-0.310241
0.1375,-0.11735445
0.138,-0.00190275
0.1385,0.06373498
0.139,0.09376164
0.1395,0.09945108
0.14,0.03975607
0.1405,-0.11356929
0.141,-0.12429399
0.1415,0.01462488
0.142,-0.02731765
0.1425,0.10226735
0.143,0.0383396
0.1435,0.15008771
0.144,0.15376643
0.1445,0.27548546
0.145,0.36999803
0.1455,0.49858304
0.146,0.53844268
0.1465,0.49832989
0.147,0.4859697
0.1475,0.32605054
0.148,0.24474857
0.1485,0.09107008
0.149,0.13530677
0.1495,-0.0116341
0.15,0.06310078
0.1505,-0.09049011
0.151,-0.06175929
0.1515,-0.12139703
0.152,-0.08408174
0.1525,-0.00375098
0.153,0.08049507
0.1535,0.05314757
0.154,0.02480948
0.1545,-0.04849635
0.155,-0.19603737
0.1555,-0.26261653
0.156,-0.38958301
0.1565,-0.38481129
0.157,-0.42285152
0.1575,-0.37626887
0.158,-0.40693102
0.1585,-0.42725109
0.159,-0.46149665
0.1595,-0.2619574
0.16,-0.20951992
0.1605,-0.04913445
0.161,0.13229159
0.1615,0.12973209
0.162,0.14878727
0.1625,-0.00971416
0.163,-0.04748201
0.1635,-0.06828189
0.164,0.00411465
0.1645,-0.00606508
0.165,0.0771141
0.1655,0.06156553
0.166,0.06532378
0.1665,0.09297466
0.167,0.2454292
0.1675,0.37778708
0.168,0.53847298
0.1685,0.57293611
0.169,0.53441965
0.1695,0.46285838
0.17,0.32115867
0.1705,0.21479871
0.171,0.09506574
0.1715,0.0665223
0.172,0.11714497
0.1725,0.00736652
0.173,-0.06519053
0.1735,-0.11333396
0.174,-0.08388732
0.1745,-0.08611669
0.175,-0.08237069
0.1755,-0.0080688
0.176,0.16616869
0.1765,0.0096823
0.177,-0.02402015
0.1775,-0.17300879
0.178,-0.30977094
0.1785,-0.46567787
0.179,-0.44266482
0.1795,-0.39285108
0.18,-0.39090401
0.1805,-0.44695505
0.181,-0.42461616
0.1815,-0.4180736
0.182,-0.32443913
0.1825,-0.18983555
0.183,0.05251732
0.1835,0.07933164
0.184,0.19272397
0.1845,0.19133869
0.185,0.10662351
0.1855,-0.01370699
0.186,0.00175124
0.1865,-0.050858
0.187,-0.0198477
0.1875,0.04648306
0.188,0.12289644
0.1885,0.01960895
0.189,0.10069083
0.1895,0.18488929
0.19,0.35696937
0.1905,0.47149525
0.191,0.52204855
0.1915,0.4714905
0.192,0.48999264
0.1925,0.33257878
0.193,0.32151421
0.1935,0.108606
0.194,0.12386779
0.1945,0.08778938
0.195,0.03937005
0.1955,-0.04314671
0.196,-0.15221436
0.1965,-0.11659722
0.197,-0.13927334
0.1975,-0.03193574
0.198,0.00978861
0.1985,0.06417509
0.199,0.12526606
0.1995,0.02584133
0.2,-0.13541337
0.2005,-0.24577205
0.201,-0.31016944
0.2015,-0.41200593
0.202,-0.4102327
0.2025,-0.37361329
0.203,-0.46402649
0.2035,-0.38941495
0.204,-0.41308038
0.2045,-0.29382689
0.205,-0.22882248
0.2055,-0.00026625
0.206,0.05179772
0.2065,0.14171398
0.207,0.12946352
0.2075,0.02252782
0.208,-0.09805667
0.2085,0.05950383
0.209,0.0338507
0.2095,0.04139612
0.21,0.10084569
0.2105,0.04520149
0.211,0.03439659
0.2115,0.15613188
0.212,0.24718506
0.2125,0.26669837
0.213,0.41254284
0.2135,0.54114765
0.214,0.60469657
0.2145,0.46178637
0.215,0.37809787
0.2155,0.21645274
0.216,0.19055992
0.2165,0.19491525
0.217,0.11313474
0.2175,0.0355641
0.218,-0.07157534
0.2185,-0.11472377
0.219,-0.17392243
0.2195,-0.09963164
0.22,-0.02048592
0.2205,-0.01332317
0.221,0.04462932
0.2215,0.11530034
0.222,-0.01429943
0.2225,-0.12014585
0.223,-0.30850187
0.2235,-0.30510872
0.224,-0.30102158
0.2245,-0.40362504
0.225,-0.42670199
0.2255,-0.53966884
0.226,-0.46346211
0.2265,-0.40475174
0.227,-0.30392709
0.2275,-0.20744276
0.228,-0.01868621
0.2285,0.02517223
0.229,0.12586023
0.2295,0.1298216
0.23,0.06748821
0.2305,-0.05676564
0.231,0.04957341
0.2315,0.01622105
0.232,0.0193452
0.2325,0.1121296
0.233,0.12497267
0.2335,0.05335144
0.234,0.11729209
0.2345,0.19452599
0.235,0.27710642
0.2355,0.4462474
0.236,0.46126439
0.2365,0.58646057
0.237,0.39324605
0.2375,0.35592493
0.238,0.26806117
0.2385,0.23074395
0.239,0.09165814
0.2395,0.17826901
0.24,0.02119916
0.2405,-0.03430272
0.241,-0.1498275
0.2415,-0.190261
0.242,-0.18245494
0.2425,-0.07530422
0.243,0.04542583
0.2435,0.00909226
0.244,0.0907307
0.2445,-0.05202706
0.245,-0.10718798
0.2455,-0.29926764
0.246,-0.31062264
0.2465,-0.36808665
0.247,-0.37139308
0.2475,-0.41639894
0.248,-0.51111596
0.2485,-0.48668594
0.249,-0.49066862
0.2495,-0.40556926
0.25,-0.26748472
0.2505,-0.02222866
0.251,0.11137698
0.2515,0.076528
0.252,0.10850626
0.2525,0.12382388
0.253,0.06128559
0.2535,0.04619445
0.254,0.01824704
0.2545,0.06222265
0.255,0.04397342
0.2555,0.09822739
0.256,0.0642924
0.2565,0.03404355
0.257,0.15532241
0.2575,0.2818088
0.258,0.437475
0.2585,0.47966753
0.259,0.54593546
0.2595,0.43870897
0.26,0.40056464
0.2605,0.25869997
0.261,0.19830282
0.2615,0.18370046
0.262,0.13935845
0.2625,0.03135615
0.263,-0.04441203
0.2635,-0.14758799
0.264,-0.23259866
0.2645,-0.22829802
0.265,-0.10557378
0.2655,-0.01788087
0.266,0.01791015
0.2665,0.0080496
0.267,-0.05304257
0.2675,-0.19551975
0.268,-0.21890733
0.2685,-0.27195541
0.269,-0.37826979
0.2695,-0.42469211
0.27,-0.45343418
0.2705,-0.43864496
0.271,-0.42544808
0.2715,-0.48127353
0.272,-0.39103822
0.2725,-0.22902242
0.273,-0.04839626
0.2735,-0.02783798
0.274,0.10191214
0.2745,0.09734558
0.275,0.05652334
0.2755,0.0953628
0.276,0.03125826
0.2765,0.01595564
0.277,0.11791224
0.2775,0.10468427
0.278,-0.0241567
0.2785,0.0148228
0.279,0.03309036
0.2795,0.14502372
0.28,0.31992301
0.2805,0.36234987
0.281,0.52212985
0.2815,0.50038264
0.282,0.45948897
0.2825,0.35970359
0.283,0.30256425
0.2835,0.27578588
0.284,0.19424375
0.2845,0.17907093
0.285,0.08744634
0.2855,-0.04820739
0.286,-0.1936426
0.2865,-0.19418968
0.287,-0.21604051
0.2875,-0.13511143
0.288,0.03019352
0.2885,0.01837455
0.289,0.01446618
0.2895,-0.02621237
0.29,-0.15275566
0.2905,-0.28864468
0.291,-0.2020552
0.2915,-0.30597217
0.292,-0.34313615
0.2925,-0.39788943
0.293,-0.44151432
0.2935,-0.55787837
0.294,-0.49147344
0.2945,-0.38178846
0.295,-0.2924023
0.2955,-0.11342785
0.296,0.00904285
0.2965,0.12596518
0.297,0.14987404
0.2975,0.07042282
0.298,0.14109115
0.2985,0.07558597
0.299,0.19702633
0.2995,0.14266579
0.3,0.10625439
0.3005,0.06196848
0.301,-0.01849778
0.3015,0.01052526
0.302,0.12670812
0.3025,0.24839737
0.303,0.4401946
0.3035,0.52049615
0.304,0.56450518
0.3045,0.45160676
0.305,0.40191836
0.3055,0.2966728
0.306,0.31906083
0.3065,0.25571141
0.307,0.17019031
0.3075,-0.02161298
0.308,-0.05788698
0.3085,-0.17065999
0.309,-0.19910069
0.3095,-0.21295135
0.31,-0.12992203
0.3105,-0.01125943
0.311,0.01801841
0.3115,0.00840755
0.312,-0.07353808
0.3125,-0.08650486
0.313,-0.23041165
0.3135,-0.18182824
0.314,-0.30160588
0.3145,-0.3226973
0.315,-0.35667346
0.3155,-0.46117364
0.316,-0.55092891
0.3165,-0.49567064
0.317,-0.37614456
0.3175,-0.26216671
0.318,-0.13926199
0.3185,0.07483774
0.319,0.00051568
0.3195,0.10595914
0.32,0.04808485
0.3205,0.13842229
0.321,0.17504798
0.3215,0.15206965
0.322,0.14221267
0.3225,0.16785057
0.323,0.04415461
0.3235,0.02378454
0.324,0.02977915
0.3245,0.10406851
0.325,0.22713828
0.3255,0.32035341
0.326,0.4682805
0.3265,0.42287318
0.327,0.41090351
0.3275,0.40874176
0.328,0.32121923
0.3285,0.25700183
0.329,0.3180613
0.3295,0.20193202
0.33,0.09005757
0.3305,-0.07707552
0.331,-0.22680087
0.3315,-0.15688049
0.332,-0.23947777
0.3325,-0.09088005
0.333,-0.11484695
0.3335,-0.04154385
0.334,-0.01647193
0.3345,-0.0729103
0.335,-0.11461375
0.3355,-0.11677759
0.336,-0.1931805
0.3365,-0.24876188
0.337,-0.29102283
0.3375,-0.27903994
0.338,-0.48228615
0.3385,-0.51817434
0.339,-0.55782121
0.3395,-0.44475267
0.34,-0.28427199
0.3405,-0.09047813
0.341,-0.02194843
0.3415,0.00336074
0.342,0.07991003
0.3425,0.11707265
0.343,0.15569137
0.3435,0.09092372
0.344,0.1578251
0.3445,0.18656339
0.345,0.08064847
0.3455,0.10244643
0.346,0.03066049
0.3465,-0.00259166
0.347,0.11204178
0.3475,0.18092214
0.348,0.27190251
0.3485,0.43827621
0.349,0.49403105
0.3495,0.43518142
0.35,0.46365362
0.3505,0.39289209
0.351,0.30477284
0.3515,0.28404492
0.352,0.14711704
0.3525,0.04602151
0.353,-0.00252619
0.3535,-0.16096767
0.354,-0.23900157
0.3545,-0.23885024
0.355,-0.19968237
0.3555,-0.04634806
0.356,-0.03122354
0.3565,-0.00130728
0.357,-0.07500116
0.3575,-0.16468968
0.358,-0.17889977
0.3585,-0.12332955
0.359,-0.19094668
0.3595,-0.24478748
0.36,-0.27141541
0.3605,-0.51172744
0.361,-0.57662781
0.3615,-0.52719965
0.362,-0.44796085
0.3625,-0.30949396
0.363,-0.15985614
0.3635,-0.05667981
0.364,0.05673135
0.3645,0.0520117
0.365,0.10633091
0.3655,0.07275116
0.366,0.19424663
0.3665,0.12495225
0.367,0.23254712
0.3675,0.14216702
0.368,0.08183596
0.3685,-0.00298099
0.369,0.04925457
0.3695,0.10412431
0.37,0.2370369
0.3705,0.32405079
0.371,0.38881491
0.3715,0.42914004
0.372,0.40578058
0.3725,0.39400332
0.373,0.37725395
0.3735,0.37654099
0.374,0.27432817
0.3745,0.24945333
0.375,0.07604528
0.3755,-0.07572937
0.376,-0.17612381
0.3765,-0.2402552
0.377,-0.26806541
0.3775,-0.21526024
0.378,-0.11422333
0.3785,-0.04311647
0.379,-0.04702424
0.3795,-0.10553212
0.38,-0.07338305
0.3805,-0.16689979
0.381,-0.20815236
0.3815,-0.18144177
0.382,-0.25180593
0.3825,-0.32385571
0.383,-0.43231427
0.3835,-0.49906186
0.384,-0.52400667
0.3845,-0.48217468
0.385,-0.23227369
0.3855,-0.17396398
0.386,-0.09567335
0.3865,0.02074199
0.387,0.05123177
0.3875,0.1244148
0.388,0.09879115
0.3885,0.17019961
0.389,0.26982742
0.3895,0.249604
0.39,0.14359542
0.3905,0.03995375
0.391,-0.03206447
0.3915,-0.02176308
0.392,0.08608877
0.3925,0.21929362
0.393,0.3634115
0.3935,0.41249031
0.394,0.45853571
0.3945,0.39573379
0.395,0.39801587
0.3955,0.36572539
0.396,0.40613028
0.3965,0.41920147
0.397,0.21542928
0.3975,0.09254058
0.398,-0.01877107
0.3985,-0.12950448
0.399,-0.27232412
0.3995,-0.22908742
0.4,-0.15563616
0.4005,-0.12234595
0.401,-0.09292481
0.4015,-0.06257161
0.402,-0.12393871
0.4025,-0.17331719
0.403,-0.17255346
0.4035,-0.11155181
0.404,-0.13931796
0.4045,-0.23859415
0.405,-0.31432049
0.4055,-0.40855016
0.406,-0.51329009
0.4065,-0.52781134
0.407,-0.52894151
0.4075,-0.32237969
0.408,-0.12544281
0.4085,-0.09715834
0.409,-0.04648492
0.4095,0.07315349
0.41,0.04358518
0.4105,0.17208955
0.411,0.186869
0.4115,0.26106242
0.412,0.22594824
0.4125,0.23690386
0.413,0.0688776
0.4135,0.0332655
0.414,0.05580945
0.4145,0.08362582
0.415,0.12373772
0.4155,0.31739345
0.416,0.34140937
0.4165,0.41513892
0.417,0.39940643
0.4175,0.39458196
0.418,0.33453697
0.4185,0.3268625
0.419,0.35398921
0.4195,0.26951113
0.42,0.16240876
0.4205,-0.02630692
0.421,-0.19987468
0.4215,-0.22146286
0.422,-0.26216417
0.4225,-0.24893364
0.423,-0.16252393
0.4235,-0.06773257
0.424,-0.10085019
0.4245,-0.09544871
0.425,-0.14078286
0.4255,-0.12031752
0.426,-0.04969855
0.4265,-0.11513495
0.427,-0.2344082
0.4275,-0.30554528
0.428,-0.40015243
0.4285,-0.47158442
0.429,-0.48322362
0.4295,-0.48610505
0.43,-0.39441982
0.4305,-0.22217742
0.431,-0.04832489
0.4315,-0.01039501
0.432,-0.02343712
0.4325,0.082941
0.433,0.10570043
0.4335,0.23319063
0.434,0.28807588
0.4345,0.29102327
0.435,0.22094489
0.4355,0.11418129
0.436,0.08977231
0.4365,-0.02284184
0.437,0.03610356
0.4375,0.2539872
0.438,0.31365774
0.4385,0.37265651
0.439,0.42356412
0.4395,0.37659471
0.44,0.42857497
0.4405,0.40405449
0.441,0.37934376
0.4415,0.38137344
0.442,0.3524718
0.4425,0.12663244
0.443,-0.01019767
0.4435,-0.15378475
0.444,-0.22706695
0.4445,-0.24349106
0.445,-0.19443195
0.4455,-0.18479809
0.446,-0.10230814
0.4465,-0.14003939
0.447,-0.16676097
0.4475,-0.16516286
0.448,-0.09410809
0.4485,-0.08357721
0.449,-0.08860882
0.4495,-0.19713254
0.45,-0.23460902
0.4505,-0.39310464
0.451,-0.55032565
0.4515,-0.54592135
0.452,-0.4868984
0.4525,-0.39952666
0.453,-0.21448899
0.4535,-0.15550824
0.454,-0.04351378
0.4545,0.03699148
0.455,0.09116707
0.4555,0.11362461
0.456,0.30087561
0.4565,0.30629309
0.457,0.28688909
0.4575,0.25162185
0.458,0.08994184
0.4585,0.04021553
0.459,0.06140805
0.4595,0.09299519
0.46,0.16669511
0.4605,0.18955816
0.461,0.30319395
0.4615,0.33145301
0.462,0.36136842
0.4625,0.41173992
0.463,0.40480804
0.4635,0.44239653
0.464,0.43479441
0.4645,0.38174499
0.465,0.20213211
0.4655,-0.09570374
0.466,-0.07581223
0.4665,-0.19145481
0.467,-0.23388172
0.4675,-0.16843521
0.468,-0.16856154
0.4685,-0.13688002
0.469,-0.17553624
0.4695,-0.24671239
0.47,-0.14178297
0.4705,-0.13955087
0.471,-0.09236465
0.4715,-0.03865869
0.472,-0.12213335
0.4725,-0.23579673
0.473,-0.373714
0.4735,-0.49377244
0.474,-0.52119257
0.4745,-0.43350376
0.475,-0.41950909
0.4755,-0.247594
0.476,-0.124678
0.4765,-0.10179803
0.477,-0.05660865
0.4775,0.03512062
0.478,0.1377197
0.4785,0.28831737
0.479,0.29676719
0.4795,0.31010018
0.48,0.21452474
0.4805,0.12204815
0.481,0.06480273
0.4815,0.064654
0.482,0.09004772
0.4825,0.13442011
0.483,0.20189129
0.4835,0.26434537
0.484,0.27773922
0.4845,0.28044885
0.485,0.33564397
0.4855,0.40228873
0.486,0.41953159
0.4865,0.4354299
0.487,0.31846351
0.4875,0.21964514
0.488,-0.0136937
0.4885,-0.1354898
0.489,-0.272643
0.4895,-0.19859839
0.49,-0.23570502
0.4905,-0.17426137
0.491,-0.1352987
0.4915,-0.12605881
0.492,-0.260127
0.4925,-0.18814736
0.493,-0.07610285
0.4935,-0.15214812
0.494,-0.07893466
0.4945,-0.08804569
0.495,-0.2818458
0.4955,-0.39983058
0.496,-0.45603208
0.4965,-0.53074756
0.497,-0.47775975
0.4975,-0.39996097
0.498,-0.28289168
0.4985,-0.20174907
0.499,-0.08159458
0.4995,-0.11724236
0.5,0.03724535
0.5005,0.13433975
0.501,0.29651384
0.5015,0.29850318
0.502,0.35746908
0.5025,0.23373002
0.503,0.15701351
0.5035,0.08226545
0.504,0.03057807
0.5045,0.05289816
0.505,0.18225396
0.5055,0.21726727
0.506,0.28838525
0.5065,0.28759814
0.507,0.32600695
0.5075,0.34748774
0.508,0.33276722
0.5085,0.44190626
0.509,0.46632376
0.5095,0.3993531
0.51,0.23145124
0.5105,0.02577439
0.511,-0.10819184
0.5115,-0.16262731
0.512,-0.2558691
0.5125,-0.25902661
0.513,-0.19094943
0.5135,-0.20609624
0.514,-0.22250886
0.5145,-0.19849827
0.515,-0.225575
0.5155,-0.18091814
0.516,-0.09852825
0.5165,-0.06635739
0.517,-0.12504014
0.5175,-0.24946737
0.518,-0.36796513
0.5185,-0.45024866
0.519,-0.46480553
0.5195,-0.40895578
0.52,-0.44289377
0.5205,-0.28072897
0.521,-0.20912801
0.5215,-0.13807063
0.522,-0.06259776
0.5225,0.02430448
0.523,0.18227218
0.5235,0.27538078
0.524,0.33923153
0.5245,0.3371291
0.525,0.28073516
0.5255,0.1868982
0.526,0.10662687
0.5265,0.11596954
0.527,0.04016029
0.5275,0.1888574
0.528,0.20952944
0.5285,0.22405656
0.529,0.2516374
0.5295,0.25136393
0.53,0.34038694
0.5305,0.37033364
0.531,0.38110573
0.5315,0.46258077
0.532,0.38088827
0.5325,0.2633916
0.533,0.04054357
0.5335,-0.10919371
0.534,-0.21292451
0.5345,-0.27385586
0.535,-0.1924943
0.5355,-0.23948829
0.536,-0.26669675
0.5365,-0.26432249
0.537,-0.19971578
0.5375,-0.19429517
0.538,-0.124599
0.5385,-0.15492725
0.539,-0.05773147
0.5395,-0.13940701
0.54,-0.19115224
0.5405,-0.33078657
0.541,-0.44073017
0.5415,-0.4826382
0.542,-0.40650183
0.5425,-0.33824849
0.543,-0.29901454
0.5435,-0.2756685
0.544,-0.1388978
0.5445,-0.09935437
0.545,0.01108174
0.5455,0.12539313
0.546,0.30041073
0.5465,0.35230038
0.547,0.37316582
0.5475,0.27040426
0.548,0.23799654
0.5485,0.12175279
0.549,0.06666419
0.5495,0.12200857
0.55,0.12520756
0.5505,0.14178287
0.551,0.26827322
0.5515,0.24432325
0.552,0.22110521
0.5525,0.289392
0.553,0.35294791
0.5535,0.52335949
0.554,0.4573793
0.5545,0.38840218
0.555,0.28682196
0.5555,0.059775
0.556,-0.0535182
0.5565,-0.1395993
0.557,-0.18500446
0.5575,-0.2139195
0.558,-0.23226718
0.5585,-0.31686789
0.559,-0.28292933
0.5595,-0.20706076
0.56,-0.23981584
0.5605,-0.12857378
0.561,-0.08690693
0.5615,-0.03481802
0.562,-0.10013869
0.5625,-0.16469289
0.563,-0.29143147
0.5635,-0.38385335
0.564,-0.45443093
0.5645,-0.42214134
0.565,-0.31161224
0.5655,-0.31310587
0.566,-0.31028628
0.5665,-0.14324876
0.567,-0.1446619
0.5675,-0.0101132
0.568,0.11197572
0.5685,0.2405597
0.569,0.43493015
0.5695,0.37984577
0.57,0.34363022
0.5705,0.170352
0.571,0.20176877
0.5715,0.15841187
0.572,0.07540985
0.5725,0.16898789
0.573,0.24222078
0.5735,0.21111554
0.574,0.17112655
0.5745,0.21856013
0.575,0.29875072
0.5755,0.36409525
0.576,0.4357742
0.5765,0.47141631
0.577,0.38510213
0.5775,0.28360162
0.578,0.15627931
0.5785,-0.04667667
0.579,-0.08093831
0.5795,-0.18849971
0.58,-0.2573177
0.5805,-0.20757541
0.581,-0.2636299
0.5815,-0.348997
0.582,-0.32205141
0.5825,-0.27624786
0.583,-0.22222099
0.5835,-0.11327307
0.584,-0.04478597
0.5845,-0.11055555
0.585,-0.14811121
0.5855,-0.28409914
0.586,-0.37490446
0.5865,-0.37408577
0.587,-0.44327687
0.5875,-0.3163476
0.588,-0.23982259
0.5885,-0.34511253
0.589,-0.2719171
0.5895,-0.14922919
0.59,-0.08775919
0.5905,0.09404211
0.591,0.27484699
0.5915,0.42655112
0.592,0.42441637
0.5925,0.32210578
0.593,0.24501011
0.5935,0.15032172
0.594,0.1210391
0.5945,0.18210419
0.595,0.1499825
0.5955,0.18602657
0.596,0.20244825
0.5965,0.22758174
0.597,0.23111026
0.5975,0.26962464
0.598,0.34820249
0.5985,0.40761709
0.599,0.40973429
0.5995,0.49203021
0.6,0.31847058
0.6005,0.09624852
0.601,0.11207329
0.6015,-0.12400798
0.602,-0.15102704
0.6025,-0.15171943
0.603,-0.26547089
0.6035,-0.30989995
0.604,-0.34174417
0.6045,-0.29691464
0.605,-0.24482126
0.6055,-0.21096036
0.606,-0.10982944
0.6065,-0.0305164
0.607,-0.07835232
0.6075,-0.13124232
0.608,-0.30982522
0.6085,-0.38605245
0.609,-0.41685122
0.6095,-0.31499565
0.61,-0.33562824
0.6105,-0.32843062
0.611,-0.31690302
0.6115,-0.22695249
0.612,-0.18837205
0.6125,-0.05717534
0.613,0.13019472
0.6135,0.30370041
0.614,0.38826008
0.6145,0.40886055
0.615,0.30846895
0.6155,0.22392825
0.616,0.16002824
0.6165,0.17135623
0.617,0.12959617
0.6175,0.18161053
0.618,0.17030221
0.6185,0.09513443
0.619,0.08987194
0.6195,0.16507224
0.62,0.28254479
0.6205,0.29320255
0.621,0.36399213
0.6215,0.43774586
0.622,0.40609592
0.6225,0.28593377
0.623,0.15560165
0.6235,-0.04832442
0.624,-0.11773645
0.6245,-0.11981468
0.625,-0.20271478
0.6255,-0.28193419
0.626,-0.29221937
0.6265,-0.31860673
0.627,-0.35786225
0.6275,-0.30669713
0.628,-0.23222529
0.6285,-0.14042166
0.629,-0.02645393
0.6295,-0.06361277
0.63,-0.1318938
0.6305,-0.23625229
0.631,-0.32389828
0.6315,-0.36997726
0.632,-0.35090794
0.6325,-0.39117004
0.633,-0.30317414
0.6335,-0.27350938
0.634,-0.2517728
0.6345,-0.22233105
0.635,-0.05134209
0.6355,0.08717103
0.636,0.19103284
0.6365,0.41095001
0.637,0.34335742
0.6375,0.28245714
0.638,0.22574724
0.6385,0.23044801
0.639,0.22427363
0.6395,0.19098979
0.64,0.17868932
0.6405,0.20346297
0.641,0.18092116
0.6415,0.17708304
0.642,0.11866307
0.6425,0.26437092
0.643,0.31488896
0.6435,0.40039489
0.644,0.43193694
0.6445,0.42071953
0.645,0.27446544
0.6455,0.18568437
0.646,0.003277
0.6465,-0.08606014
0.647,-0.06103545
0.6475,-0.16112716
0.648,-0.29527942
0.6485,-0.30776619
0.649,-0.37035694
0.6495,-0.40613263
0.65,-0.32827395
0.6505,-0.24504046
0.651,-0.14547499
0.6515,-0.06983915
0.652,-0.15472002
0.6525,-0.10183974
0.653,-0.23089013
0.6535,-0.31592884
0.654,-0.28784889
0.6545,-0.29008221
0.655,-0.27163479
0.6555,-0.35043006
0.656,-0.3862479
0.6565,-0.2293519
0.657,-0.24943959
0.6575,-0.09479025
0.658,0.11897791
0.6585,0.24930081
0.659,0.41114053
0.6595,0.38710107
0.66,0.37006328
0.6605,0.28370858
0.661,0.2771586
0.6615,0.22420675
0.662,0.22995323
0.6625,0.23280025
0.663,0.13308569
0.6635,0.09176642
0.664,0.1084955
0.6645,0.08386294
0.665,0.23254801
0.6655,0.26739147
0.666,0.3651077
0.6665,0.40090942
0.667,0.43536211
0.6675,0.31483163
0.668,0.20907432
0.6685,0.02251584
0.669,-0.06527811
0.6695,-0.1504614
0.67,-0.17800706
0.6705,-0.2256788
0.671,-0.33261676
0.6715,-0.3935542
0.672,-0.44826023
0.6725,-0.3381837
0.673,-0.24325167
0.6735,-0.12752063
0.674,-0.09644989
0.6745,-0.11678279
0.675,-0.0836049
0.6755,-0.23761793
0.676,-0.32091547
0.6765,-0.3476437
0.677,-0.28200242
0.6775,-0.32741799
0.678,-0.29736786
0.6785,-0.34452233
0.679,-0.32539802
0.6795,-0.30538255
0.68,-0.19746546
0.6805,0.0416907
0.681,0.25640362
0.6815,0.33968976
0.682,0.34491451
0.6825,0.39660197
0.683,0.27469532
0.6835,0.30309449
0.684,0.28886864
0.6845,0.26399569
0.685,0.20035254
0.6855,0.17160573
0.686,0.11908374
0.6865,0.09631211
0.687,0.15840717
0.6875,0.14939908
0.688,0.31832078
0.6885,0.46243555
0.689,0.39373286
0.6895,0.38585868
0.69,0.26287421
0.6905,0.15853059
0.691,0.06565097
0.6915,-0.06838276
0.692,-0.07378942
0.6925,-0.06894884
0.693,-0.2462536
0.6935,-0.35308227
0.694,-0.4112981
0.6945,-0.37590928
0.695,-0.35400418
0.6955,-0.24969033
0.696,-0.25357582
0.6965,-0.12061008
0.697,-0.13166575
0.6975,-0.14676556
0.698,-0.21267179
0.6985,-0.28101275
0.699,-0.26509143
0.6995,-0.28338461
0.7,-0.31269859
0.7005,-0.28352266
0.701,-0.23198504
0.7015,-0.35810557
0.702,-0.2901198
0.7025,-0.17020232
0.703,-0.03479307
0.7035,0.12772491
0.704,0.32163575
0.7045,0.37414994
0.705,0.34208783
0.7055,0.28062529
0.706,0.26019495
0.7065,0.2725737
0.707,0.33821147
0.7075,0.26927102
0.708,0.19986205
0.7085,0.16706046
0.709,0.05312386
0.7095,0.07469403
0.71,0.14293886
0.7105,0.30184334
0.711,0.40335333
0.7115,0.34157044
0.712,0.33597276
0.7125,0.30135512
0.713,0.1857807
0.7135,0.10999608
0.714,0.01180307
0.7145,-0.01704582
0.715,-0.10913584
0.7155,-0.23180492
0.716,-0.32545592
0.7165,-0.44865866
0.717,-0.50124534
0.7175,-0.38716718
0.718,-0.27290131
0.7185,-0.23204216
0.719,-0.08633613
0.7195,-0.13915157
0.72,-0.18320706
0.7205,-0.1588607
0.721,-0.26197856
0.7215,-0.28910598
0.722,-0.2334264
0.7225,-0.24346897
0.723,-0.32181341
0.7235,-0.27820569
0.724,-0.35706563
0.7245,-0.29596486
0.725,-0.1356476
0.7255,-0.02483108
0.726,0.19722322
0.7265,0.31777012
0.727,0.32421395
0.7275,0.36226881
0.728,0.29410983
0.7285,0.23119386
0.729,0.31040857
0.7295,0.30542851
0.73,0.28797697
0.7305,0.29284684
0.731,0.09247965
0.7315,0.00930836
0.732,0.06904822
0.7325,0.11688977
0.733,0.21287584
0.7335,0.34618623
0.734,0.41814801
0.7345,0.36169744
0.735,0.2476363
0.7355,0.2300083
0.736,0.11756948
0.7365,0.02045981
0.737,-0.01437035
0.7375,-0.10264972
0.738,-0.20282414
0.7385,-0.39175297
0.739,-0.4226878
0.7395,-0.47546462
0.74,-0.41943515
0.7405,-0.30066778
0.741,-0.21373131
0.7415,-0.07332059
0.742,-0.12167891
0.7425,-0.12338314
0.743,-0.17050875
0.7435,-0.20158963
0.744,-0.26504372
0.7445,-0.220084
0.745,-0.31053791
0.7455,-0.36889458
0.746,-0.29229073
0.7465,-0.24772405
0.747,-0.28574509
0.7475,-0.19671391
0.748,-0.03093719
0.7485,0.15277449
0.749,0.3038011
0.7495,0.34060804
0.75,0.34255614
0.7505,0.30080723
0.751,0.31591619
0.7515,0.32108963
0.752,0.34775172
0.7525,0.2814044
0.753,0.23229506
0.7535,0.13676846
0.754,0.02160242
0.7545,0.09306542
0.755,0.14416655
0.7555,0.29485603
0.756,0.35054289
0.7565,0.36336435
0.757,0.36971094
0.7575,0.27436174
0.758,0.25561967
0.7585,0.10856797
0.759,0.08695894
0.7595,0.06723422
0.76,-0.05583431
0.7605,-0.23812946
0.761,-0.35433204
0.7615,-0.51375051
0.762,-0.47466153
0.7625,-0.39494324
0.763,-0.32210788
0.7635,-0.28180127
0.764,-0.15794071
0.7645,-0.20118268
0.765,-0.19874734
0.7655,-0.16429528
0.766,-0.26753492
0.7665,-0.19251388
0.767,-0.18653645
0.7675,-0.19033504
0.768,-0.32691267
0.7685,-0.27446487
0.769,-0.34147301
0.7695,-0.34123499
0.77,-0.18083958
0.7705,-0.03509163
0.771,0.16043817
0.7715,0.24562429
0.772,0.33757374
0.7725,0.40361291
0.773,0.30815554
0.7735,0.35164118
0.774,0.37075348
0.7745,0.36645043
0.775,0.36979391
0.7755,0.18057458
0.776,0.09223746
0.7765,0.07822797
0.777,0.03216097
0.7775,0.11837707
0.778,0.22755166
0.7785,0.30375688
0.779,0.31623304
0.7795,0.40244239
0.78,0.30234118
0.7805,0.23157833
0.781,0.16506798
0.7815,0.08799706
0.782,0.01417031
0.7825,-0.07401801
0.783,-0.15625263
0.7835,-0.36588314
0.784,-0.44181419
0.7845,-0.47979836
0.785,-0.4684021
0.7855,-0.29710281
0.786,-0.25730976
0.7865,-0.11870029
0.787,-0.14797057
0.7875,-0.1201352
0.788,-0.15494772
0.7885,-0.16695675
0.789,-0.22570846
0.7895,-0.15656399
0.79,-0.20819306
0.7905,-0.25175213
0.791,-0.28988145
0.7915,-0.35563573
0.792,-0.31991839
0.7925,-0.2495489
0.793,-0.05216201
0.7935,0.0644092
0.794,0.23822033
0.7945,0.33507728
0.795,0.34590803
0.7955,0.31060101
0.796,0.38164122
0.7965,0.35400908
0.797,0.42667561
0.7975,0.35868524
0.798,0.26111127
0.7985,0.08108688
0.799,-0.00221953
0.7995,0.0874962
0.8,0.11129128
0.8005,0.19864495
0.801,0.26867202
0.8015,0.31769731
0.802,0.31882963
0.8025,0.2595665
0.803,0.22510995
0.8035,0.15223879
0.804,0.1302132
0.8045,0.0875216
0.805,-0.05676771
0.8055,-0.14618195
0.806,-0.37337024
0.8065,-0.41437869
0.807,-0.49200658
0.8075,-0.50957823
0.808,-0.35922879
0.8085,-0.24458241
0.809,-0.15408806
0.8095,-0.16062255
0.81,-0.16803121
0.8105,-0.18061174
0.811,-0.17425127
0.8115,-0.19267131
0.812,-0.08655042
0.8125,-0.09532634
0.813,-0.26633321
0.8135,-0.31392024
0.814,-0.36441463
0.8145,-0.35375184
0.815,-0.18867541
0.8155,-0.02210717
0.816,0.09352909
0.8165,0.23456099
0.817,0.28687522
0.8175,0.36519015
0.818,0.41973741
0.8185,0.40998788
0.819,0.40808052
0.8195,0.39163512
0.82,0.38123793
0.8205,0.28937039
0.821,0.14894774
0.8215,0.09629017
0.822,0.01285342
0.8225,0.05020595
0.823,0.18034985
0.8235,0.24976237
0.824,0.32278863
0.8245,0.30910543
0.825,0.34161701
0.8255,0.25337952
0.826,0.17326688
0.8265,0.12969965
0.827,0.05991865
0.8275,-0.02763401
0.828,-0.12257967
0.8285,-0.32675865
0.829,-0.47571887
0.8295,-0.55707577
0.83,-0.53153453
0.8305,-0.37581438
0.831,-0.28241629
0.8315,-0.26667362
0.832,-0.20474668
0.8325,-0.17335246
0.833,-0.20125529
0.8335,-0.16670093
0.834,-0.1130351
0.8345,-0.11573812
0.835,-0.16272499
0.8355,-0.25137498
0.836,-0.34905814
0.8365,-0.29556719
0.837,-0.34248779
0.8375,-0.26829379
0.838,-0.04773187
0.8385,0.06239337
0.839,0.17704897
0.8395,0.25867173
0.84,0.35401591
0.8405,0.26409491
0.841,0.37021545
0.8415,0.37771984
0.842,0.4318359
0.8425,0.43019995
0.843,0.32467593
0.8435,0.17949272
0.844,0.15100366
0.8445,0.0700981
0.845,0.07949007
0.8455,0.17352147
0.846,0.31791784
0.8465,0.31732076
0.847,0.2717312
0.8475,0.23529394
0.848,0.17608974
0.8485,0.1500751
0.849,0.15837222
0.8495,0.09563376
0.85,-0.00988471
0.8505,-0.18490482
0.851,-0.32446239
0.8515,-0.44486871
0.852,-0.49610182
0.8525,-0.50129353
0.853,-0.35712168
0.8535,-0.2814582
0.854,-0.24045712
0.8545,-0.18618814
0.855,-0.29966593
0.8555,-0.1918643
0.856,-0.08642395
0.8565,-0.0672955
0.857,-0.07776894
0.8575,-0.12169689
0.858,-0.15276957
0.8585,-0.25993131
0.859,-0.35477798
0.8595,-0.32687444
0.86,-0.19315131
0.8605,-0.08721359
0.861,0.13693224
0.8615,0.17048013
0.862,0.22764396
0.8625,0.32433413
0.863,0.35302885
0.8635,0.45251374
0.864,0.47653064
0.8645,0.50646345
0.865,0.39965466
0.8655,0.31110324
0.866,0.18151954
0.8665,0.12978905
0.867,0.10006518
0.8675,0.08148891
0.868,0.17948376
0.8685,0.32401169
0.869,0.25818067
0.8695,0.2613057
0.87,0.2686101
0.8705,0.15758783
0.871,0.16728321
0.8715,0.20826042
0.872,0.11376931
0.8725,0.02705834
0.873,-0.15993825
0.8735,-0.27951453
0.874,-0.42386819
0.8745,-0.48571322
0.875,-0.48252317
0.8755,-0.4382969
0.876,-0.37750404
0.8765,-0.25768065
0.877,-0.2354347
0.8775,-0.27367654
0.878,-0.16074188
0.8785,-0.17091167
0.879,-0.12386104
0.8795,-0.10723805
0.88,-0.10637043
0.8805,-0.16131759
0.881,-0.29245747
0.8815,-0.33259813
0.882,-0.33029782
0.8825,-0.20789582
0.883,-0.16518764
0.8835,0.03745526
0.884,0.15422409
0.8845,0.22180067
0.885,0.26993164
0.8855,0.31169373
0.886,0.44481625
0.8865,0.4629299
0.887,0.45460707
0.8875,0.4714419
0.888,0.29860814
0.8885,0.17219145
0.889,0.07844032
0.8895,0.06210759
0.89,0.07569143
0.8905,0.13013829
0.891,0.27097259
0.8915,0.2548718
0.892,0.21487093
0.8925,0.18935349
0.893,0.23155862
0.8935,0.17429159
0.894,0.22671507
0.8945,0.19122691
0.895,0.02262924
0.8955,-0.06743467
0.896,-0.27768695
0.8965,-0.37598069
0.897,-0.42761978
0.8975,-0.46774168
0.898,-0.48568669
0.8985,-0.38231914
0.899,-0.29724339
0.8995,-0.29768867
0.9,-0.29209659
0.9005,-0.22378634
0.901,-0.11309919
0.9015,-0.04006706
0.902,-0.06830521
0.9025,-0.05150512
0.903,-0.16887499
0.9035,-0.31198308
0.904,-0.3140529
0.9045,-0.31962194
0.905,-0.27856505
0.9055,-0.14916477
0.906,-0.01821988
0.9065,0.03170241
0.907,0.13225547
0.9075,0.22946467
0.908,0.26292334
0.9085,0.40272751
0.909,0.43066029
0.9095,0.49161145
0.91,0.41923379
0.9105,0.39633373
0.911,0.22618022
0.9115,0.14110968
0.912,0.0344634
0.9125,0.0510041
0.913,0.06644359
0.9135,0.16409024
0.914,0.25249397
0.9145,0.22888879
0.915,0.18530131
0.9155,0.16610712
0.916,0.14663548
0.9165,0.20249635
0.917,0.15842354
0.9175,0.04007685
0.918,-0.08888334
0.9185,-0.29291882
0.919,-0.39246038
0.9195,-0.50904711
0.92,-0.49261944
0.9205,-0.43351186
0.921,-0.38812754
0.9215,-0.34115173
0.922,-0.3544063
0.9225,-0.2125104
0.923,-0.23518594
0.9235,-0.14227033
0.924,-0.01482143
0.9245,-0.08672412
0.925,-0.05811928
0.9255,-0.12262444
0.926,-0.21921004
0.9265,-0.31430218
0.927,-0.24514729
0.9275,-0.23718135
0.928,-0.10257273
0.9285,-0.01155973
0.929,0.09186603
0.9295,0.15619093
0.93,0.22368498
0.9305,0.3137278
0.931,0.4611231
0.9315,0.46424193
0.932,0.49550237
0.9325,0.51785486
0.933,0.36472387
0.9335,0.24682725
0.934,0.11712688
0.9345,0.01673959
0.935,0.08472427
0.9355,0.15280222
0.936,0.18106546
0.9365,0.16916933
0.937,0.13771953
0.9375,0.15811086
0.938,0.17701306
0.9385,0.2237327
0.939,0.27258738
0.9395,0.23932655
0.94,0.15012087
0.9405,-0.10418791
0.941,-0.25016884
0.9415,-0.41641546
0.942,-0.43040344
0.9425,-0.44202974
0.943,-0.41727925
0.9435,-0.39493389
0.944,-0.34023806
0.9445,-0.27722516
0.945,-0.29858249
0.9455,-0.27484703
0.946,-0.1546249
0.9465,-0.0860523
0.947,-0.00844851
0.9475,-0.0685132
0.948,-0.15099934
0.9485,-0.25879328
0.949,-0.28661164
0.9495,-0.27896522
0.95,-0.2599231
0.9505,-0.1323595
0.951,-0.03684488
0.9515,0.01375006
0.952,0.16604634
0.9525,0.24154131
0.953,0.29157497
0.9535,0.41554939
0.954,0.58016185
0.9545,0.52408077
0.955,0.54277789
0.9555,0.42070826
0.956,0.21666714
0.9565,0.18695966
0.957,0.04455533
0.9575,0.14655245
0.958,0.1403821
0.9585,0.1362183
0.959,0.15684857
0.9595,0.16594614
0.96,0.14559723
0.9605,0.11944877
0.961,0.2302464
0.9615,0.25198654
0.962,0.23327175
0.9625,0.06345302
0.963,0.00661538
0.9635,-0.17647382
0.964,-0.43845718
0.9645,-0.45667081
0.965,-0.45456374
0.9655,-0.4346186
0.966,-0.39233648
0.9665,-0.3197517
0.967,-0.34483615
0.9675,-0.34886453
0.968,-0.29783804
0.9685,-0.13965562
0.969,-0.02918473
0.9695,0.0512525
0.97,-0.04842363
0.9705,-0.13462746
0.971,-0.2124715
0.9715,-0.24248884
0.972,-0.20563112
0.9725,-0.24852043
0.973,-0.08216827
0.9735,-0.01142881
0.974,0.07497486
0.9745,0.10984578
0.975,0.24710909
0.9755,0.3082182
0.976,0.39417113
0.9765,0.45534094
0.977,0.52311958
0.9775,0.48210901
0.978,0.43053891
0.9785,0.30049911
0.979,0.15151386
0.9795,0.07366295
0.98,0.11720949
0.9805,0.1327094
0.981,0.11699678
0.9815,0.15515571
0.982,0.131872
0.9825,0.11932306
0.983,0.13195972
0.9835,0.21580809
0.984,0.23933695
0.9845,0.1810705
0.985,0.07271729
0.9855,-0.03716994
0.986,-0.2155035
0.9865,-0.39886975
0.987,-0.48062405
0.9875,-0.50560539
0.988,-0.40471467
0.9885,-0.40088808
0.989,-0.41008916
0.9895,-0.45135231
0.99,-0.32423109
0.9905,-0.25585748
0.991,-0.17727804
0.9915,-0.04926268
0.992,0.01105373
0.9925,-0.02232718
0.993,-0.15510684
0.9935,-0.16231737
0.994,-0.27772015
0.9945,-0.25590819
0.995,-0.22536036
0.9955,-0.10822392
0.996,-0.06456644
0.9965,0.02937567
0.997,0.06072033
0.9975,0.15218526
0.998,0.21681685
0.9985,0.40216177
0.999,0.51512237
0.9995,0.55617943
1.0,0.5761232
1.0005,0.47421191
1.001,0.36095673
1.0015,0.19277585
1.002,0.05027501
1.0025,0.13393296
1.003,0.1401244
1.0035,0.14809369
1.004,0.11815522
1.0045,0.05025538
1.005,0.06855193
1.0055,0.17961112
1.006,0.15765981
1.0065,0.23778359
1.007,0.2087113
1.0075,0.12857476
1.008,-0.01282039
1.0085,-0.23408
1.009,-0.28257802
1.0095,-0.42199661
1.01,-0.43419285
1.0105,-0.43236834
1.011,-0.37295073
1.0115,-0.43200921
1.012,-0.45654851
1.0125,-0.36614671
1.013,-0.2726346
1.0135,-0.19489996
1.014,-0.03309573
1.0145,0.0582309
1.015,-0.00835364
1.0155,-0.04758558
1.016,-0.13448186
1.0165,-0.31934293
1.017,-0.24084901
1.0175,-0.19174606
1.018,-0.06433018
1.0185,-0.11060648
1.019,-0.04597519
1.0195,0.0754385
1.02,0.09898733
1.0205,0.27568337
1.021,0.36427572
1.0215,0.56088643
1.022,0.60046957
1.0225,0.58252161
1.023,0.43718163
1.0235,0.32074671
1.024,0.2032387
1.0245,0.14575978
1.025,0.08916091
1.0255,0.11217812
1.026,0.15976175
1.0265,0.0559392
1.027,0.03084245
1.0275,0.06665725
1.028,0.17380625
1.0285,0.16812407
1.029,0.26133046
1.0295,0.22999736
1.03,0.18113136
1.0305,0.01707684
1.031,-0.20462049
1.0315,-0.29526654
1.032,-0.37590667
1.0325,-0.43615339
1.033,-0.42868893
1.0335,-0.39718173
1.034,-0.49971058
1.0345,-0.50367148
1.035,-0.42579555
1.0355,-0.32044018
1.036,-0.22728047
1.0365,-0.09053672
1.037,0.03026111
1.0375,0.01965412
1.038,-0.06069079
1.0385,-0.1557164
1.039,-0.17002835
1.0395,-0.19002761
1.04,-0.19005623
1.0405,-0.10342495
1.041,3.919e-05
1.0415,0.01166678
1.042,-0.019936
1.0425,0.11590104
1.043,0.28256368
1.0435,0.41057818
1.044,0.56771311
1.0445,0.63648111
1.045,0.54455325
1.0455,0.48199492
1.046,0.32888518
1.0465,0.21958022
1.047,0.14114286
1.0475,0.11285616
1.048,0.16455747
1.0485,0.10848606
1.049,0.06100188
1.0495,0.12208547
1.05,0.05421125
1.0505,0.06259609
1.051,0.13218449
1.0515,0.23978119
1.052,0.19224463
1.0525,0.15539408
1.053,0.06658114
1.0535,-0.1706284
1.054,-0.27422006
1.0545,-0.35235163
1.055,-0.44659676
1.0555,-0.35787668
1.056,-0.53216456
1.0565,-0.50617919
1.057,-0.46733355
1.0575,-0.46768618
1.058,-0.37815535
1.0585,-0.18255464
1.059,-0.07852836
1.0595,0.05666611
1.06,-0.00611103
1.0605,-0.0805211
1.061,-0.08961305
1.0615,-0.17592369
1.062,-0.17430242
1.0625,-0.07148177
1.063,-0.10050638
1.0635,-0.10863345
1.064,-0.07170125
1.0645,0.02437007
1.065,0.07982197
1.0655,0.24340307
1.066,0.33988814
1.0665,0.53368881
1.067,0.58183315
1.0675,0.53668796
1.068,0.48009633
1.0685,0.33847108
1.069,0.25361456
1.0695,0.15411579
1.07,0.13596705
1.0705,0.18463439
1.071,0.08637973
1.0715,0.04963989
1.072,-0.0101426
1.0725,-0.00240628
1.073,0.11267423
1.0735,0.11114343
1.074,0.21293964
1.0745,0.22622477
1.075,0.12887734
1.0755,0.07538795
1.076,-0.11155728
1.0765,-0.26664119
1.077,-0.4062556
1.0775,-0.34949424
1.078,-0.36841923
1.0785,-0.45786993
1.079,-0.48508488
1.0795,-0.4971527
1.08,-0.39175519
1.0805,-0.38299155
1.081,-0.27450695
1.0815,-0.07927563
1.082,0.01629625
1.0825,0.00438899
1.083,-0.01413646
1.0835,-0.1250891
1.084,-0.12666708
1.0845,-0.14548423
1.085,-0.11833177
1.0855,-0.11420711
1.086,-0.09998684
1.0865,-0.07918399
1.087,-0.03771471
1.0875,0.02259386
1.088,0.17083636
1.0885,0.35270129
1.089,0.54193486
1.0895,0.56833829
1.09,0.54322575
1.0905,0.46533805
1.091,0.3497579
1.0915,0.28793229
1.092,0.20314286
1.0925,0.19706241
1.093,0.14210633
1.0935,0.06459899
1.094,0.03657649
1.0945,0.0331512
1.095,0.00552265
1.0955,0.01745601
1.096,0.08192054
1.0965,0.22941408
1.097,0.19828097
1.0975,0.06923108
1.098,0.02869396
1.0985,-0.12716584
1.099,-0.19791844
1.0995,-0.27346221
1.1,-0.37873889
1.1005,-0.46687057
1.101,-0.48483195
1.1015,-0.46948832
1.102,-0.53704426
1.1025,-0.5267845
1.103,-0.37412634
1.1035,-0.21169541
1.104,-0.04929888
1.1045,0.03863706
1.105,0.03039361
1.1055,-0.07455986
1.106,-0.11631901
1.1065,-0.10323071
1.107,-0.14507258
1.1075,-0.10627203
1.108,-0.10681761
1.1085,0.01739593
1.109,-0.07548714
1.1095,-0.03983587
1.11,0.0256251
1.1105,0.21929605
1.111,0.36336535
1.1115,0.49896378
1.112,0.54363139
1.1125,0.55157512
1.113,0.44033692
1.1135,0.44675462
1.114,0.40271371
1.1145,0.25393348
1.115,0.23861559
1.1155,0.17893721
1.116,0.11422549
1.1165,0.01484455
1.117,-0.06609264
1.1175,-0.00658008
1.118,0.01094061
1.1185,0.08356233
1.119,0.21445566
1.1195,0.21634406
1.12,0.15110965
1.1205,0.00491456
1.121,-0.0917439
1.1215,-0.21636301
1.122,-0.24445961
1.1225,-0.38349201
1.123,-0.38794249
1.1235,-0.38101937
1.124,-0.59283205
1.1245,-0.58377287
1.125,-0.4802535
1.1255,-0.46935621
1.126,-0.23482169
1.1265,-0.13897621
1.127,0.02972132
1.1275,-0.00877741
1.128,0.05102517
1.1285,-0.13743534
1.129,-0.05578945
1.1295,-0.14859371
1.13,-0.02633275
1.1305,-0.00468043
1.131,-0.08472048
1.1315,-0.11053111
1.132,-0.08859149
1.1325,0.04230829
1.133,0.18385878
1.1335,0.31544624
1.134,0.55677524
1.1345,0.55739763
1.135,0.56241757
1.1355,0.495035
1.136,0.4345555
1.1365,0.34645924
1.137,0.23350571
1.1375,0.28360395
1.138,0.19098973
1.1385,0.13931808
1.139,-0.00019005
1.1395,-0.044903
1.14,-0.01906165
1.1405,-0.05110969
1.141,0.17524979
1.1415,0.17516908
1.142,0.20112631
1.1425,0.13107236
1.143,0.03507356
1.1435,-0.11580463
1.144,-0.22450667
1.1445,-0.23945018
1.145,-0.31481719
1.1455,-0.38727978
1.146,-0.42396626
1.1465,-0.51675576
1.147,-0.59196076
1.1475,-0.47923902
1.148,-0.43520601
1.1485,-0.21598995
1.149,-0.08218533
1.1495,-0.02957626
1.15,0.04549819
1.1505,0.01490072
1.151,-0.01406888
1.1515,-0.00417296
1.152,-0.10606934
1.1525,-0.07903168
1.153,-0.03758828
1.1535,-0.05847406
1.154,-0.113511
1.1545,-0.04645466
1.155,-0.01784454
1.1555,0.14543813
1.156,0.29663651
1.1565,0.44015279
1.157,0.56741638
1.1575,0.55236206
1.158,0.51655951
1.1585,0.42610801
1.159,0.30941454
1.1595,0.32313069
1.16,0.2139235
1.1605,0.19723513
1.161,0.16793567
1.1615,0.03768158
1.162,-0.05347364
1.1625,-0.07585714
1.163,0.02237489
1.1635,-0.01900974
1.164,0.21357994
1.1645,0.16327654
1.165,0.13928518
1.1655,0.02966074
1.166,-0.09001697
1.1665,-0.11448279
1.167,-0.24146742
1.1675,-0.28796935
1.168,-0.35484109
1.1685,-0.41497566
1.169,-0.47954315
1.1695,-0.59623635
1.17,-0.57856328
1.1705,-0.46550387
1.171,-0.3446863
1.1715,-0.11269277
1.172,-0.10658997
1.1725,-0.06113333
1.173,-0.02404608
1.1735,-0.06018263
1.174,-0.01002033
1.1745,-0.04938274
1.175,-0.04073305
1.1755,-0.03784229
1.176,0.00688711
1.1765,-0.08932663
1.177,-0.18266544
1.1775,-0.02022905
1.178,0.10491114
1.1785,0.27580649
1.179,0.40887209
1.1795,0.53757829
1.18,0.6284302
1.1805,0.47343476
1.181,0.47882186
1.1815,0.33917391
1.182,0.35797488
1.1825,0.36121363
1.183,0.21091252
1.1835,0.12490793
1.184,0.0381579
1.1845,-0.0793217
1.185,-0.10203121
1.1855,-0.09383196
1.186,0.01920068
1.1865,0.11505421
1.187,0.14355852
1.1875,0.13166881
1.188,0.05408845
1.1885,-0.12353945
1.189,-0.16065545
1.1895,-0.21569496
1.19,-0.25242714
1.1905,-0.35502407
1.191,-0.4434587
1.1915,-0.50785305
1.192,-0.55112339
1.1925,-0.55228794
1.193,-0.44399842
1.1935,-0.26241456
1.194,-0.15700859
1.1945,-0.0298784
1.195,-0.06304693
1.1955,-0.01082112
1.196,-0.07988971
1.1965,-0.0626115
1.197,-0.00142977
1.1975,-0.06557094
1.198,0.00568039
1.1985,-0.04150164
1.199,-0.07088624
1.1995,-0.13370928
1.2,-0.08846946
1.2005,0.04218885
1.201,0.22713669
1.2015,0.4073648
1.202,0.53856459
1.2025,0.54640238
1.203,0.48077847
1.2035,0.44755289
1.204,0.39703109
1.2045,0.34195849
1.205,0.32532242
1.2055,0.24450602
1.206,0.17836943
1.2065,-0.05200405
1.207,-0.0753241
1.2075,-0.13947221
1.208,-0.06590262
1.2085,0.01896096
1.209,0.12003006
1.2095,0.16613165
1.21,0.10949487
1.2105,0.04054485
1.211,-0.08404044
1.2115,-0.09122252
1.212,-0.17952609
1.2125,-0.214951
1.213,-0.30482315
1.2135,-0.45513926
1.214,-0.54421419
1.2145,-0.60895703
1.215,-0.54477126
1.2155,-0.50695473
1.216,-0.36398868
1.2165,-0.1248649
1.217,-0.07290566
1.2175,-0.0636383
1.218,-0.05369595
1.2185,-0.03099449
1.219,0.00662054
1.2195,0.05201472
1.22,0.04614919
1.2205,-0.01778765
1.221,0.01676466
1.2215,-0.11804766
1.222,-0.10387009
1.2225,-0.10173983
1.223,0.13749078
1.2235,0.30999748
1.224,0.35710931
1.2245,0.52812249
1.225,0.54375648
1.2255,0.48752362
1.226,0.47519826
1.2265,0.42782002
1.227,0.46923024
1.2275,0.41031711
1.228,0.31704677
1.2285,0.2011553
1.229,0.0210311
1.2295,-0.08718316
1.23,-0.08843389
1.2305,-0.1436367
1.231,0.04428093
1.2315,0.11308027
1.232,0.14665291
1.2325,0.10269839
1.233,0.02591151
1.2335,-0.08330413
1.234,-0.10381532
1.2345,-0.18828007
1.235,-0.16746194
1.2355,-0.30917141
1.236,-0.43344183
1.2365,-0.53835362
1.237,-0.63366277
1.2375,-0.61563387
1.238,-0.50698925
1.2385,-0.41146014
1.239,-0.1787551
1.2395,-0.0955806
1.24,-0.03524042
1.2405,-0.02730835
1.241,-0.04734973
1.2415,0.05079894
1.242,0.04971526
1.2425,0.05955074
1.243,-0.02992392
1.2435,-0.00925738
1.244,-0.01900594
1.2445,-0.07743663
1.245,-0.04521029
1.2455,0.02144138
1.246,0.21198926
1.2465,0.35982722
1.247,0.4346591
1.2475,0.45714086
1.248,0.48144125
1.2485,0.45746068
1.249,0.47087659
1.2495,0.42966561
1.25,0.40863959
1.2505,0.30431528
1.251,0.09249295
1.2515,0.04525043
1.252,-0.08191408
1.2525,-0.1633147
1.253,-0.08776044
1.2535,-0.05271426
1.254,0.02676934
1.2545,0.07281231
1.255,0.12063076
1.2555,-0.0231173
1.256,-0.0401171
1.2565,-0.08630312
1.257,-0.11497949
1.2575,-0.14591534
1.258,-0.26768515
1.2585,-0.33792359
1.259,-0.50214017
1.2595,-0.68680083
1.26,-0.52813537
1.2605,-0.48109145
1.261,-0.3459809
1.2615,-0.23293119
1.262,-0.13299465
1.2625,0.0292876
1.263,-0.03867037
1.2635,-0.00135936
1.264,0.01941795
1.2645,0.03317404
1.265,0.18622933
1.2655,0.12501174
1.266,-0.05024029
1.2665,-0.10942189
1.267,-0.12817073
1.2675,-0.03134516
1.268,0.04651815
1.2685,0.24788996
1.269,0.25926813
1.2695,0.48114487
1.27,0.55465147
1.2705,0.47055153
1.271,0.43520519
1.2715,0.43214325
1.272,0.45402865
1.2725,0.42944417
1.273,0.3043656
1.2735,0.24932246
1.274,0.08140854
1.2745,-0.13039648
1.275,-0.16453471
1.2755,-0.06791658
1.276,-0.00664985
1.2765,0.0342898
1.277,0.0975197
1.2775,0.02359632
1.278,0.03330896
1.2785,-0.00739235
1.279,-0.06428866
1.2795,-0.12398015
1.28,-0.14172449
1.2805,-0.21584655
1.281,-0.40330087
1.2815,-0.48953275
1.282,-0.57048853
1.2825,-0.60236174
1.283,-0.54708648
1.2835,-0.29698787
1.284,-0.2640493
1.2845,-0.11416919
1.285,-0.05626376
1.2855,-0.01883205
1.286,-0.05357554
1.2865,-0.05369697
1.287,0.05984691
1.2875,0.11880873
1.288,0.11888618
1.2885,0.01368911
1.289,-0.06112728
1.2895,-0.08093286
1.29,-0.06624481
1.2905,0.06619936
1.291,0.19604535
1.2915,0.30514582
1.292,0.43117969
1.2925,0.44553659
1.293,0.39654769
1.2935,0.51317272
1.294,0.47253654
1.2945,0.4266697
1.295,0.43739552
1.2955,0.4230679
1.296,0.25109564
1.2965,0.04559252
1.297,-0.13275952
1.2975,-0.14542812
1.298,-0.08586708
1.2985,-0.06653649
1.299,0.07364653
1.2995,6.902e-05
1.3,0.0147604
1.3005,-0.00092108
1.301,-0.02772096
1.3015,-0.06454824
1.302,-0.08015311
1.3025,-0.11986566
1.303,-0.2286952
1.3035,-0.35085593
1.304,-0.46985905
1.3045,-0.60130306
1.305,-0.5886995
1.3055,-0.51954655
1.306,-0.41207175
1.3065,-0.22507743
1.307,-0.18795899
1.3075,-0.1304439
1.308,-0.05401809
1.3085,-0.0691066
1.309,0.09546891
1.3095,0.21071292
1.31,0.11881321
1.3105,0.14715188
1.311,0.03202887
1.3115,-0.08241595
1.312,-0.10548138
1.3125,-0.05977558
1.313,0.02086015
1.3135,0.14353215
1.314,0.31498989
1.3145,0.41512781
1.315,0.48678838
1.3155,0.45351893
1.316,0.46407137
1.3165,0.45433428
1.317,0.48868916
1.3175,0.45254323
1.318,0.39744503
1.3185,0.24774027
1.319,0.09165832
1.3195,-0.06436809
1.32,-0.13128885
1.3205,-0.19338031
1.321,0.03507918
1.3215,0.02957117
1.322,0.02638652
1.3225,-0.01019581
1.323,0.00145446
1.3235,-0.13841134
1.324,-0.0570356
1.3245,-0.02006043
1.325,-0.09820002
1.3255,-0.18209478
1.326,-0.29012754
1.3265,-0.495559
1.327,-0.56400529
1.3275,-0.60388646
1.328,-0.5711088
1.3285,-0.40650692
1.329,-0.3122746
1.3295,-0.19834629
1.33,-0.1771757
1.3305,-0.09595445
1.331,-0.04483075
1.3315,0.09776628
1.332,0.15863252
1.3325,0.16250733
1.333,0.13060838
1.3335,0.02650402
1.334,-0.00739334
1.3345,-0.04092464
1.335,-0.05322906
1.3355,0.00792728
1.336,0.13660286
1.3365,0.24428835
1.337,0.37440643
1.3375,0.35916466
1.338,0.38417476
1.3385,0.47516674
1.339,0.49970722
1.3395,0.50955092
1.34,0.56389555
1.3405,0.407772
1.341,0.22576341
1.3415,0.05433987
1.342,-0.04950316
1.3425,-0.1167996
1.343,-0.12833567
1.3435,-0.13338662
1.344,-0.03879794
1.3445,-0.04572107
1.345,-0.07449582
1.3455,-0.0877374
1.346,-0.05710589
1.3465,-0.06946237
1.347,-0.08402493
1.3475,-0.0979796
1.348,-0.22723155
1.3485,-0.36703226
1.349,-0.50177616
1.3495,-0.54279184
1.35,-0.66459711
1.3505,-0.59567075
1.351,-0.43636313
1.3515,-0.34735967
1.352,-0.2487993
1.3525,-0.17732039
1.353,-0.07227899
1.3535,0.00499548
1.354,0.03805313
1.3545,0.15490186
1.355,0.18877055
1.3555,0.19340572
1.356,0.07016249
1.3565,-0.04377552
1.357,-0.07522908
1.3575,0.01337965
1.358,-0.00337969
1.3585,0.13139453
1.359,0.21607179
1.3595,0.32817509
1.36,0.35805263
1.3605,0.39466771
1.361,0.41804525
1.3615,0.4940065
1.362,0.52497328
1.3625,0.54403402
1.363,0.45029537
1.3635,0.23412232
1.364,0.13165216
1.3645,-0.05695175
1.365,-0.13327801
1.3655,-0.08565564
1.366,-0.07393642
1.3665,-0.10519151
1.367,-0.00832435
1.3675,-0.07745694
1.368,-0.0890431
1.3685,-0.11848465
1.369,-0.01068395
1.3695,-0.05936013
1.37,-0.05645945
1.3705,-0.08569152
1.371,-0.30066406
1.3715,-0.39682195
1.372,-0.57724769
1.3725,-0.62363328
1.373,-0.52909929
1.3735,-0.47933246
1.374,-0.38691723
1.3745,-0.30070988
1.375,-0.14662867
1.3755,-0.13251879
1.376,-0.0318649
1.3765,0.06791296
1.377,0.18142019
1.3775,0.24793815
1.378,0.1564786
1.3785,0.15527052
1.379,-0.05049893
1.3795,-0.10365284
1.38,-0.0550253
1.3805,0.01824355
1.381,0.15692258
1.3815,0.24424579
1.382,0.33742831
1.3825,0.39699594
1.383,0.4017274
1.3835,0.46169493
1.384,0.45364265
1.3845,0.52748812
1.385,0.59023088
1.3855,0.41677937
1.386,0.28322629
1.3865,0.10555383
1.387,-0.02181613
1.3875,-0.10064173
1.388,-0.20472992
1.3885,-0.1275127
1.389,-0.04518219
1.3895,-0.16020819
1.39,-0.07223853
1.3905,-0.15727729
1.391,-0.07798445
1.3915,-0.02126225
1.392,-0.03911123
1.3925,-0.08267482
1.393,-0.13647258
1.3935,-0.28547163
1.394,-0.37800814
1.3945,-0.60353107
1.395,-0.61877738
1.3955,-0.61603399
1.396,-0.47800436
1.3965,-0.31658149
1.397,-0.27602345
1.3975,-0.19624017
1.398,-0.23413276
1.3985,-0.01521911
1.399,0.08059016
1.3995,0.17965267
1.4,0.23539282
1.4005,0.19464529
1.401,0.16444777
1.4015,0.02638455
1.402,-0.05807459
1.4025,-0.00362916
1.403,0.04557351
1.4035,0.10747682
1.404,0.30559072
1.4045,0.3128189
1.405,0.28275517
1.4055,0.33398557
1.406,0.40198108
1.4065,0.53026477
1.407,0.59104336
1.4075,0.583516
1.408,0.43673141
1.4085,0.33142594
1.409,0.07790788
1.4095,-0.03043594
1.41,-0.11426612
1.4105,-0.11662583
1.411,-0.08193895
1.4115,-0.07601881
1.412,-0.14834822
1.4125,-0.13663106
1.413,-0.11512264
1.4135,-0.07312805
1.414,-0.08182408
1.4145,-0.03926194
1.415,-0.07714144
1.4155,-0.13229883
1.416,-0.29719002
1.4165,-0.40045642
1.417,-0.54592251
1.4175,-0.64461691
1.418,-0.45426514
1.4185,-0.54272058
1.419,-0.42504736
1.4195,-0.29481185
1.42,-0.25336025
1.4205,-0.18926047
1.421,-0.03452359
1.4215,0.00361194
1.422,0.0923235
1.4225,0.26635598
1.423,0.19082788
1.4235,0.08916841
1.424,0.07633161
1.4245,-0.04192203
1.425,-0.01641329
1.4255,0.05814967
1.426,0.07011073
1.4265,0.2486658
1.427,0.27963291
1.4275,0.29304657
1.428,0.2973156
1.4285,0.35780317
1.429,0.50130299
1.4295,0.60772962
1.43,0.57297179
1.4305,0.51381821
1.431,0.27670162
1.4315,0.13119152
1.432,-0.01883327
1.4325,-0.10311517
1.433,-0.07795137
1.4335,-0.09310481
1.434,-0.09413559
1.4345,-0.1889687
1.435,-0.16373901
1.4355,-0.17801241
1.436,-0.14979382
1.4365,-0.08428299
1.437,0.08217045
1.4375,-0.05351021
1.438,-0.13106631
1.4385,-0.21547647
1.439,-0.33179882
1.4395,-0.48226109
1.44,-0.55628454
1.4405,-0.47882809
1.441,-0.45505158
1.4415,-0.41791251
1.442,-0.41927414
1.4425,-0.31120003
1.443,-0.22830262
1.4435,-0.12375373
1.444,0.01882202
1.4445,0.15063388
1.445,0.30697193
1.4455,0.31260094
1.446,0.1945259
1.4465,0.05233942
1.447,0.03584492
1.4475,0.0034655
1.448,0.1251157
1.4485,0.11842812
1.449,0.17463288
1.4495,0.21324085
1.45,0.22252417
1.4505,0.29158105
1.451,0.39538241
1.4515,0.52498162
1.452,0.57615678
1.4525,0.53179881
1.453,0.56402017
1.4535,0.3751523
1.454,0.19670079
1.4545,0.0528323
1.455,-0.03397246
1.4555,-0.0566481
1.456,-0.06897039
1.4565,-0.20287937
1.457,-0.1823172
1.4575,-0.20186159
1.458,-0.18119127
1.4585,-0.148475
1.459,-0.03026965
1.4595,-0.00326096
1.46,-0.02228546
1.4605,-0.059669
1.461,-0.25704514
1.4615,-0.42529092
1.462,-0.46708279
1.4625,-0.48375379
1.463,-0.48646219
1.4635,-0.44597813
1.464,-0.44236742
1.4645,-0.39800008
1.465,-0.31597891
1.4655,-0.29091274
1.466,-0.09259696
1.4665,-0.00137109
1.467,0.21647209
1.4675,0.24706442
1.468,0.20096564
1.4685,0.15414691
1.469,0.06863237
1.4695,0.05422997
1.47,0.04775121
1.4705,0.06329065
1.471,0.19522958
1.4715,0.15840002
1.472,0.19274343
1.4725,0.25113512
1.473,0.27290995
1.4735,0.45586372
1.474,0.44956826
1.4745,0.59925493
1.475,0.59541212
1.4755,0.53843841
1.476,0.40187793
1.4765,0.18989886
1.477,0.14893804
1.4775,-0.03108474
1.478,-0.09941289
1.4785,-0.09021335
1.479,-0.16806518
1.4795,-0.13465628
1.48,-0.1982046
1.4805,-0.20308488
1.481,-0.07498543
1.4815,-0.04528969
1.482,0.00637881
1.4825,0.00863695
1.483,-0.09489054
1.4835,-0.22349715
1.484,-0.3841399
1.4845,-0.4700972
1.485,-0.5089049
1.4855,-0.52180609
1.486,-0.43644673
1.4865,-0.36755555
1.487,-0.36940817
1.4875,-0.35083409
1.488,-0.22991378
1.4885,-0.16275322
1.489,0.04867048
1.4895,0.23123729
1.49,0.21322706
1.4905,0.35069242
1.491,0.09156697
1.4915,0.09329463
1.492,0.06536586
1.4925,0.03993671
1.493,0.03014833
1.4935,0.10051996
1.494,0.16500356
1.4945,0.18401508
1.495,0.20452479
1.4955,0.23715288
1.496,0.32470469
1.4965,0.48224502
1.497,0.63128195
1.4975,0.55307875
1.498,0.50193507
1.4985,0.35626805
1.499,0.18643842
1.4995,0.09852232
1.5,-0.00213343
1.5005,-0.0817281
1.501,-0.14977365
1.5015,-0.08456646
1.502,-0.28597144
1.5025,-0.21010848
1.503,-0.21567884
1.5035,-0.11967154
1.504,-0.10128367
1.5045,-0.05988157
1.505,-0.03823791
1.5055,-0.07904834
1.506,-0.20771224
1.5065,-0.30185869
1.507,-0.37266632
1.5075,-0.53545061
1.508,-0.45338007
1.5085,-0.52503696
1.509,-0.45962025
1.5095,-0.43722891
1.51,-0.40092042
1.5105,-0.30834491
1.511,-0.22749836
1.5115,0.06001092
1.512,0.13607009
1.5125,0.24111111
1.513,0.25319195
1.5135,0.17670277
1.514,0.15678592
1.5145,0.12871854
1.515,0.10955898
1.5155,0.09544719
1.516,0.10177902
1.5165,0.16249595
1.517,0.21298859
1.5175,0.17440626
1.518,0.26240183
1.5185,0.32124467
1.519,0.50502883
1.5195,0.53694046
1.52,0.62240455
1.5205,0.53033201
1.521,0.39741655
1.5215,0.2944302
1.522,0.06047226
1.5225,-0.02127337
1.523,-0.06460286
1.5235,0.00836881
1.524,-0.16049987
1.5245,-0.21749425
1.525,-0.19920827
1.5255,-0.33000239
1.526,-0.20310876
1.5265,-0.10340792
1.527,0.04007929
1.5275,-0.04827864
1.528,-0.01851777
1.5285,-0.17931086
1.529,-0.31228901
1.5295,-0.36504622
1.53,-0.50267368
1.5305,-0.51473216
1.531,-0.39421853
1.5315,-0.46212013
1.532,-0.3956324
1.5325,-0.42524379
1.533,-0.36496154
1.5335,-0.2160101
1.534,0.00352925
1.5345,0.13519692
1.535,0.23121072
1.5355,0.2706403
1.536,0.25948776
1.5365,0.2005996
1.537,0.06217292
1.5375,0.04771375
1.538,0.1497542
1.5385,0.08782885
1.539,0.15425897
1.5395,0.16824739
1.54,0.18511129
1.5405,0.18539922
1.541,0.31401323
1.5415,0.434008
1.542,0.62457322
1.5425,0.61036473
1.543,0.46474877
1.5435,0.44723159
1.544,0.24730532
1.5445,0.19511161
1.545,0.02917999
1.5455,0.00318723
1.546,-0.03019088
1.5465,-0.20721401
1.547,-0.20620595
1.5475,-0.32309615
1.548,-0.3151511
1.5485,-0.24474828
1.549,-0.10831424
1.5495,-0.04138556
1.55,0.04692757
1.5505,-0.11775913
1.551,-0.17069611
1.5515,-0.30093335
1.552,-0.40963558
1.5525,-0.42985406
1.553,-0.40177876
1.5535,-0.390717
1.554,-0.46909112
1.5545,-0.45364636
1.555,-0.45690772
1.5555,-0.34483042
1.556,-0.18413268
1.5565,0.0046689
1.557,0.08935339
1.5575,0.26520772
1.558,0.21697994
1.5585,0.24765616
1.559,0.14858678
1.5595,0.15318267
1.56,0.14777552
1.5605,0.19160695
1.561,0.21529608
1.5615,0.13329868
1.562,0.12423909
1.5625,0.15489062
1.563,0.18232865
1.5635,0.25934762
1.564,0.45435464
1.5645,0.54695876
1.565,0.50396951
1.5655,0.59269254
1.566,0.4114691
1.5665,0.23963277
1.567,0.15302751
1.5675,0.04440494
1.568,0.0572506
1.5685,-0.03880218
1.569,-0.13009251
1.5695,-0.28826686
1.57,-0.31680932
1.5705,-0.32763266
1.571,-0.23818336
1.5715,-0.17330639
1.572,0.01820035
1.5725,0.04608883
1.573,-0.09102697
1.5735,-0.16070846
1.574,-0.38245227
1.5745,-0.38789459
1.575,-0.40876456
1.5755,-0.4351592
1.576,-0.40302741
1.5765,-0.47145657
1.577,-0.51510348
1.5775,-0.45112521
1.578,-0.39698525
1.5785,-0.25313723
1.579,-0.05044802
1.5795,0.10597764
1.58,0.29495773
1.5805,0.27618773
1.581,0.248533
1.5815,0.17261622
1.582,0.16257321
1.5825,0.14377981
1.583,0.21479596
1.5835,0.1613419
1.584,0.22122403
1.5845,0.09740677
1.585,0.10486148
1.5855,0.17967368
1.586,0.26253475
1.5865,0.44521625
1.587,0.52445873
1.5875,0.61425681
1.588,0.54364806
1.5885,0.4531682
1.589,0.32802882
1.5895,0.19229325
1.59,0.09622713
1.5905,0.10782671
1.591,0.00386564
1.5915,-0.17061707
1.592,-0.19439546
1.5925,-0.32717546
1.593,-0.2653519
1.5935,-0.31093607
1.594,-0.12637815
1.5945,-0.07893549
1.595,-0.01734571
1.5955,-0.02783014
1.596,-0.10189655
1.5965,-0.30099576
1.597,-0.33611831
1.5975,-0.37067339
1.598,-0.37771536
1.5985,-0.44655592
1.599,-0.44335745
1.5995,-0.43426114
1.6,-0.5152833
1.6005,-0.42589703
1.601,-0.22120873
1.6015,-0.13893685
1.602,0.1855635
1.6025,0.23034569
1.603,0.26671392
1.6035,0.2277347
1.604,0.16034403
1.6045,0.21348097
1.605,0.160011
1.6055,0.18305231
1.606,0.18109207
1.6065,0.19460875
1.607,0.16246243
1.6075,0.10965567
1.608,0.15179401
1.6085,0.23179817
1.609,0.35061886
1.6095,0.52393022
1.61,0.59756317
1.6105,0.52998491
1.611,0.42885069
1.6115,0.28558407
1.612,0.22902585
1.6125,0.10916636
1.613,0.09152385
1.6135,-0.00414633
1.614,-0.12906397
1.6145,-0.3020807
1.615,-0.32250454
1.6155,-0.39541449
1.616,-0.31177667
1.6165,-0.12661795
1.617,-0.1191308
1.6175,-0.03093218
1.618,-0.0143594
1.6185,-0.15244192
1.619,-0.26075042
1.6195,-0.2829775
1.62,-0.37594908
1.6205,-0.40683713
1.621,-0.41404997
1.6215,-0.45911239
1.622,-0.42249791
1.6225,-0.49113835
1.623,-0.46262892
1.6235,-0.24551784
1.624,-0.10008297
1.6245,0.14610845
1.625,0.21037882
1.6255,0.26235141
1.626,0.26363818
1.6265,0.19039782
1.627,0.16003054
1.6275,0.2214532
1.628,0.21747697
1.6285,0.23254063
1.629,0.22857642
1.6295,0.08058326
1.63,0.07526287
1.6305,0.10684868
1.631,0.16975119
1.6315,0.32512946
1.632,0.443078
1.6325,0.55369141
1.633,0.52486137
1.6335,0.47949798
1.634,0.3552922
1.6345,0.24064225
1.635,0.17614742
1.6355,0.10858457
1.636,0.01338566
1.6365,-0.17306596
1.637,-0.23907839
1.6375,-0.36419991
1.638,-0.40537652
1.6385,-0.31752553
1.639,-0.19265961
1.6395,-0.09970886
1.64,-0.04838053
1.6405,-0.11774276
1.641,-0.13382488
1.6415,-0.2585937
1.642,-0.25974183
1.6425,-0.35262209
1.643,-0.30526753
1.6435,-0.35950202
1.644,-0.45856097
1.6445,-0.52302038
1.645,-0.52441986
1.6455,-0.46448082
1.646,-0.2977303
1.6465,-0.06760585
1.647,0.04605181
1.6475,0.1744743
1.648,0.24669925
1.6485,0.24070282
1.649,0.26498989
1.6495,0.25949701
1.65,0.28280723
1.6505,0.27974694
1.651,0.24708078
1.6515,0.19146051
1.652,0.02782226
1.6525,0.00238226
1.653,0.12674691
1.6535,0.2198466
1.654,0.32608015
1.6545,0.466423
1.655,0.52344616
1.6555,0.45771708
1.656,0.42423021
1.6565,0.31283295
1.657,0.21109409
1.6575,0.2243207
1.658,0.15814623
1.6585,0.00995491
1.659,-0.07963436
1.6595,-0.3344485
1.66,-0.40726417
1.6605,-0.43672177
1.661,-0.33010504
1.6615,-0.2083617
1.662,-0.15099654
1.6625,-0.05388625
1.663,-0.10405696
1.6635,-0.15489741
1.664,-0.18213478
1.6645,-0.2788102
1.665,-0.31066916
1.6655,-0.31347035
1.666,-0.28849296
1.6665,-0.3546278
1.667,-0.53546698
1.6675,-0.45991102
1.668,-0.45052185
1.6685,-0.31601669
1.669,-0.14789157
1.6695,0.05582238
1.67,0.15813121
1.6705,0.20621879
1.671,0.22903089
1.6715,0.21880334
1.672,0.24496194
1.6725,0.28946539
1.673,0.33621334
1.6735,0.28097392
1.674,0.25031898
1.6745,0.17345406
1.675,0.13238427
1.6755,0.09238083
1.676,0.20006566
1.6765,0.33003286
1.677,0.46455982
1.6775,0.50935091
1.678,0.44370378
1.6785,0.43198682
1.679,0.36850597
1.6795,0.24595713
1.68,0.312717
1.6805,0.11424094
1.681,0.06228849
1.6815,-0.09565309
1.682,-0.28906589
1.6825,-0.411419
1.683,-0.41322665
1.6835,-0.4134579
1.684,-0.2458064
1.6845,-0.10972339
1.685,-0.1130165
1.6855,-0.09206596
1.686,-0.1704359
1.6865,-0.20248122
1.687,-0.22506828
1.6875,-0.26665198
1.688,-0.26327033
1.6885,-0.33341078
1.689,-0.37026794
1.6895,-0.58915956
1.69,-0.5508376
1.6905,-0.41113643
1.691,-0.31541885
1.6915,-0.10918439
1.692,0.00568321
1.6925,0.15546763
1.693,0.23102168
1.6935,0.22365372
1.694,0.26344624
1.6945,0.33177917
1.695,0.34999494
1.6955,0.28167146
1.696,0.20931697
1.6965,0.19200741
1.697,0.07924904
1.6975,0.03226862
1.698,0.14250904
1.6985,0.19256007
1.699,0.32814085
1.6995,0.43552462
1.7,0.45831351
1.7005,0.46215662
1.701,0.45405019
1.7015,0.36633489
1.702,0.33061116
1.7025,0.28150942
1.703,0.10715735
1.7035,0.05029842
1.704,-0.13601252
1.7045,-0.23783941
1.705,-0.35592004
1.7055,-0.36609147
1.706,-0.35180266
1.7065,-0.27398255
1.707,-0.18436491
1.7075,-0.0812874
1.708,-0.17794016
1.7085,-0.19505353
1.709,-0.2095009
1.7095,-0.23840821
1.71,-0.23856739
1.7105,-0.25838273
1.711,-0.28503911
1.7115,-0.39231156
1.712,-0.50165631
1.7125,-0.53720053
1.713,-0.50675813
1.7135,-0.31806553
1.714,-0.21848293
1.7145,0.0066921
1.715,0.13709903
1.7155,0.21198743
1.716,0.23765275
1.7165,0.32038326
1.717,0.31332952
1.7175,0.36358477
1.718,0.34123983
1.7185,0.33755494
1.719,0.27834956
1.7195,0.11842277
1.72,0.02236129
1.7205,0.03841603
1.721,0.16838176
1.7215,0.33645512
1.722,0.4053741
1.7225,0.43028319
1.723,0.42683217
1.7235,0.39000584
1.724,0.35320261
1.7245,0.33999183
1.725,0.3081042
1.7255,0.21215126
1.726,0.13458831
1.7265,-0.05938371
1.727,-0.27089111
1.7275,-0.37761598
1.728,-0.41585635
1.7285,-0.32080126
1.729,-0.30507975
1.7295,-0.22810486
1.73,-0.20360565
1.7305,-0.16995563
1.731,-0.19232304
1.7315,-0.20999604
1.732,-0.19201788
1.7325,-0.27822439
1.733,-0.18453715
1.7335,-0.23644075
1.734,-0.39097568
1.7345,-0.4826796
1.735,-0.54587715
1.7355,-0.47542998
1.736,-0.3649863
1.7365,-0.20429416
1.737,-0.05818808
1.7375,0.10707687
1.738,0.17892163
1.7385,0.24882792
1.739,0.23500434
1.7395,0.31497163
1.74,0.36493043
1.7405,0.44847536
1.741,0.35541632
1.7415,0.20234946
1.742,0.15747129
1.7425,0.00496265
1.743,0.09832001
1.7435,0.16283988
1.744,0.22641139
1.7445,0.32749006
1.745,0.40400577
1.7455,0.44203899
1.746,0.33479657
1.7465,0.38409008
1.747,0.30504779
1.7475,0.31432772
1.748,0.30694113
1.7485,0.11599025
1.749,-0.05936806
1.7495,-0.22353863
1.75,-0.37243234
1.7505,-0.34989545
1.751,-0.40227504
1.7515,-0.30018856
1.752,-0.26412809
1.7525,-0.1372986
1.753,-0.1873022
1.7535,-0.22650809
1.754,-0.17078715
1.7545,-0.09878102
1.755,-0.09786187
1.7555,-0.19445323
1.756,-0.20276667
1.7565,-0.3397599
1.757,-0.52663876
1.7575,-0.5256204
1.758,-0.49255793
1.7585,-0.29422558
1.759,-0.23433186
1.7595,-0.0350355
1.76,0.10080739
1.7605,0.12059658
1.761,0.23119125
1.7615,0.32989883
1.762,0.31204448
1.7625,0.39009096
1.763,0.42433808
1.7635,0.42029144
1.764,0.25842766
1.7645,0.11718946
1.765,0.09933674
1.7655,0.05518722
1.766,0.12729174
1.7665,0.21870243
1.767,0.35432905
1.7675,0.38628401
1.768,0.3685231
1.7685,0.392878
1.769,0.35815268
1.7695,0.39165032
1.77,0.31801105
1.7705,0.37895607
1.771,0.10527615
1.7715,-0.08391322
1.772,-0.29815606
1.7725,-0.40156114
1.773,-0.46152841
1.7735,-0.43266729
1.774,-0.32461277
1.7745,-0.19483964
1.775,-0.23035995
1.7755,-0.20757629
1.776,-0.24974929
1.7765,-0.20876402
1.777,-0.20968102
1.7775,-0.17192937
1.778,-0.16043724
1.7785,-0.24964238
1.779,-0.39754726
1.7795,-0.44298985
1.78,-0.50443418
1.7805,-0.48913479
1.781,-0.35103316
1.7815,-0.23999855
1.782,-0.11185782
1.7825,0.07424833
1.783,0.12347637
1.7835,0.19472374
1.784,0.20690686
1.7845,0.33480695
1.785,0.42900699
1.7855,0.41857115
1.786,0.46227552
1.7865,0.36375199
1.787,0.13005611
1.7875,0.06177082
1.788,0.07634453
1.7885,0.13559581
1.789,0.2355613
1.7895,0.35837272
1.79,0.31154024
1.7905,0.36079367
1.791,0.28255244
1.7915,0.3186871
1.792,0.34341656
1.7925,0.37104967
1.793,0.3669303
1.7935,0.19650165
1.794,-0.06364466
1.7945,-0.1777213
1.795,-0.38650035
1.7955,-0.38494067
1.796,-0.38316771
1.7965,-0.37622192
1.797,-0.22407299
1.7975,-0.31397636
1.798,-0.29704683
1.7985,-0.23197254
1.799,-0.22861427
1.7995,-0.20086575
1.8,-0.13437767
1.8005,-0.11318865
1.801,-0.21838798
1.8015,-0.3042651
1.802,-0.47115958
1.8025,-0.46794318
1.803,-0.41608858
1.8035,-0.33615389
1.804,-0.23628669
1.8045,-0.10619005
1.805,0.02543151
1.8055,0.1045547
1.806,0.15701264
1.8065,0.33903195
1.807,0.37003684
1.8075,0.41457493
1.808,0.45354278
1.8085,0.34661915
1.809,0.28296158
1.8095,0.16180485
1.81,0.08069685
1.8105,0.04926274
1.811,0.14231978
1.8115,0.25473063
1.812,0.331654
1.8125,0.30104754
1.813,0.36981423
1.8135,0.33757497
1.814,0.33142106
1.8145,0.40975641
1.815,0.39523877
1.8155,0.29643769
1.816,0.20631191
1.8165,-0.02034203
1.817,-0.20891389
1.8175,-0.3667221
1.818,-0.39837378
1.8185,-0.39972697
1.819,-0.34738963
1.8195,-0.36684217
1.82,-0.30886461
1.8205,-0.22386107
1.821,-0.27814434
1.8215,-0.26739806
1.822,-0.1221415
1.8225,-0.10693595
1.823,-0.09632228
1.8235,-0.14802362
1.824,-0.29367296
1.8245,-0.41567825
1.825,-0.5153377
1.8255,-0.4353405
1.826,-0.4210536
1.8265,-0.2180495
1.827,-0.10146049
1.8275,-0.0431609
1.828,0.07118301
1.8285,0.20797126
1.829,0.25184777
1.8295,0.36205278
1.83,0.43392516
1.8305,0.43883518
1.831,0.44808003
1.8315,0.29634109
1.832,0.20501127
1.8325,0.0506572
1.833,0.12706887
1.8335,0.16609927
1.834,0.23641537
1.8345,0.30035948
1.835,0.3079551
1.8355,0.29800396
1.836,0.21298599
1.8365,0.31750991
1.837,0.3233757
1.8375,0.41857801
1.838,0.28363599
1.8385,0.1637978
1.839,0.07069035
1.8395,-0.15259051
1.84,-0.28796466
1.8405,-0.38098847
1.841,-0.46388927
1.8415,-0.36776296
1.842,-0.38281153
1.8425,-0.2932971
1.843,-0.33792379
1.8435,-0.28340233
1.844,-0.24090351
1.8445,-0.18667021
1.845,-0.05294335
1.8455,-0.11361384
1.846,-0.16888283
1.8465,-0.23555732
1.847,-0.36963423
1.8475,-0.51247146
1.848,-0.50712932
1.8485,-0.37063894
1.849,-0.26429969
1.8495,-0.18270413
1.85,-0.01805443
1.8505,0.02307599
1.851,0.08564106
1.8515,0.26872328
1.852,0.29413428
1.8525,0.48534516
1.853,0.55068638
1.8535,0.47763645
1.854,0.31516027
1.8545,0.22960948
1.855,0.15813811
1.8555,0.08625108
1.856,0.12538328
1.8565,0.16994392
1.857,0.23143206
1.8575,0.30015466
1.858,0.32555851
1.8585,0.2423543
1.859,0.34166101
1.8595,0.36785652
1.86,0.4459792
1.8605,0.33546631
1.861,0.19183733
1.8615,0.02999372
1.862,-0.17291583
1.8625,-0.28007864
1.863,-0.39051042
1.8635,-0.4023188
1.864,-0.39973572
1.8645,-0.31448925
1.865,-0.41450716
1.8655,-0.34791393
1.866,-0.3384033
1.8665,-0.33534186
1.867,-0.0670039
1.8675,-0.01778875
1.868,-0.07761041
1.8685,-0.11786646
1.869,-0.22948553
1.8695,-0.39490691
1.87,-0.46695383
1.8705,-0.42929326
1.871,-0.38840508
1.8715,-0.21512467
1.872,-0.12591562
1.8725,-0.08249604
1.873,-0.00376315
1.8735,0.04830587
1.874,0.21690729
1.8745,0.38119823
1.875,0.46574035
1.8755,0.55503458
1.876,0.45429498
1.8765,0.33435314
1.877,0.19767123
1.8775,0.19281672
1.878,0.12661224
1.8785,0.19818755
1.879,0.25177755
1.8795,0.23626065
1.88,0.27204158
1.8805,0.23713741
1.881,0.19537329
1.8815,0.27838967
1.882,0.35045456
1.8825,0.39644946
1.883,0.35870939
1.8835,0.26124408
1.884,0.00988736
1.8845,-0.15970485
1.885,-0.2781031
1.8855,-0.39701021
1.886,-0.38746274
1.8865,-0.37568046
1.887,-0.34561902
1.8875,-0.35111201
1.888,-0.39874313
1.8885,-0.3541175
1.889,-0.2820415
1.8895,-0.10710919
1.89,-0.1161543
1.8905,-0.04180082
1.891,-0.16067158
1.8915,-0.15382175
1.892,-0.34792077
1.8925,-0.50844325
1.893,-0.39211257
1.8935,-0.35855564
1.894,-0.34637673
1.8945,-0.13315554
1.895,-0.06334912
1.8955,-0.04363321
1.896,0.03043766
1.8965,0.16522779
1.897,0.38101446
1.8975,0.48837383
1.898,0.55725622
1.8985,0.4038507
1.899,0.3974653
1.8995,0.31063216
1.9,0.16147705
1.9005,0.22842447
1.901,0.12169284
1.9015,0.20666581
1.902,0.25084483
1.9025,0.23093082
1.903,0.23953015
1.9035,0.20485293
1.904,0.25903959
1.9045,0.37828888
1.905,0.38081613
1.9055,0.43661331
1.906,0.24397861
1.9065,0.09292197
1.907,-0.12918244
1.9075,-0.28335927
1.908,-0.33492508
1.9085,-0.38966936
1.909,-0.39394957
1.9095,-0.39119694
1.91,-0.40654875
1.9105,-0.4538087
1.911,-0.33922366
1.9115,-0.3193426
1.912,-0.16725744
1.9125,-0.05628376
1.913,0.02538763
1.9135,-0.10753952
1.914,-0.21908363
1.9145,-0.32411665
1.915,-0.46175819
1.9155,-0.38443423
1.916,-0.31041418
1.9165,-0.2449754
1.917,-0.15049521
1.9175,-0.16024486
1.918,-0.03099351
1.9185,0.00783456
1.919,0.17476338
1.9195,0.30674747
1.92,0.43549516
1.9205,0.54023518
1.921,0.44103555
1.9215,0.44064794
1.922,0.34119135
1.9225,0.25414035
1.923,0.20465714
1.9235,0.19940425
1.924,0.2200693
1.9245,0.1405054
1.925,0.15906415
1.9255,0.20831713
1.926,0.19752858
1.9265,0.30185852
1.927,0.32803692
1.9275,0.41516493
1.928,0.3498835
1.9285,0.2366282
1.929,0.16392424
1.9295,-0.10794584
1.93,-0.22205113
1.9305,-0.32614247
1.931,-0.38572571
1.9315,-0.35805029
1.932,-0.45190124
1.9325,-0.43546202
1.933,-0.45497398
1.9335,-0.38562857
1.934,-0.39931363
1.9345,-0.20026661
1.935,-0.08879071
1.9355,-0.00950105
1.936,-0.08204697
1.9365,-0.21001641
1.937,-0.27141193
1.9375,-0.36169586
1.938,-0.3749088
1.9385,-0.35237689
1.939,-0.21997888
1.9395,-0.17533003
1.94,-0.18168983
1.9405,-0.13556776
1.941,0.00208706
1.9415,0.22309023
1.942,0.33620645
1.9425,0.47961
1.943,0.54733166
1.9435,0.5727316
1.944,0.42456655
1.9445,0.28257072
1.945,0.20664242
1.9455,0.17928462
1.946,0.16590838
1.9465,0.21089567
1.947,0.19815419
1.9475,0.17710434
1.948,0.15604433
1.9485,0.16635996
1.949,0.20408503
1.9495,0.32754754
1.95,0.43624679
1.9505,0.38947506
1.951,0.31935648
1.9515,0.10706633
1.952,-0.07371002
1.9525,-0.19132957
1.953,-0.25167166
1.9535,-0.36559261
1.954,-0.35305555
1.9545,-0.42029663
1.955,-0.44669258
1.9555,-0.41185705
1.956,-0.48816689
1.9565,-0.33244285
1.957,-0.23389574
1.9575,-0.13621919
1.958,-0.06908528
1.9585,-0.07472211
1.959,-0.19949899
1.9595,-0.2939034
1.96,-0.34641622
1.9605,-0.36930934
1.961,-0.29246052
1.9615,-0.19471469
1.962,-0.1990935
1.9625,-0.21070564
1.963,-0.11766721
1.9635,-0.04902102
1.964,0.1527148
1.9645,0.29082052
1.965,0.43703219
1.9655,0.45259695
1.966,0.57525428
1.9665,0.38624598
1.967,0.35198176
1.9675,0.27659235
1.968,0.25325208
1.9685,0.19226312
1.969,0.16478625
1.9695,0.17118116
1.97,0.17355328
1.9705,0.10110266
1.971,0.13354753
1.9715,0.23767883
1.972,0.28489793
1.9725,0.41476901
1.973,0.4334186
1.9735,0.21512758
1.974,0.08914731
1.9745,-0.07711666
1.975,-0.21863329
1.9755,-0.27013634
1.976,-0.37666115
1.9765,-0.39613923
1.977,-0.39526902
1.9775,-0.45159489
1.978,-0.49884481
1.9785,-0.41893277
1.979,-0.34190958
1.9795,-0.25153227
1.98,-0.1367089
1.9805,-0.11156972
1.981,-0.11897451
1.9815,-0.23337525
1.982,-0.24545852
1.9825,-0.26507011
1.983,-0.26442
1.9835,-0.25705454
1.984,-0.23119723
1.9845,-0.22383302
1.985,-0.21941338
1.9855,-0.21523336
1.986,-0.06118565
1.9865,0.0650601
1.987,0.34892407
1.9875,0.48491451
1.988,0.5920875
1.9885,0.51547269
1.989,0.4501469
1.9895,0.38569526
1.99,0.29249215
1.9905,0.25300364
1.991,0.23232901
1.9915,0.32290064
1.992,0.17648528
1.9925,0.09161171
1.993,0.06891723
1.9935,0.14963793
1.994,0.24895707
1.9945,0.29203887
1.995,0.45121288
1.9955,0.36357974
1.996,0.30366368
1.9965,0.10592632
1.997,-0.03354622
1.9975,-0.1549071
1.998,-0.18856053
1.9985,-0.28581405
1.999,-0.40905517
1.9995,-0.41588715
2.0,-0.48697477
2.0005,-0.55082463
2.001,-0.46107518
2.0015,-0.37523365
2.002,-0.20517767
2.0025,-0.11771783
2.003,0.00542882
2.0035,-0.11721846
2.004,-0.14681634
2.0045,-0.22045346
2.005,-0.28622644
2.0055,-0.25300693
2.006,-0.23793862
2.0065,-0.22393419
2.007,-0.23939059
2.0075,-0.26175437
2.008,-0.18222838
2.0085,-0.10817318
2.009,0.08982349
2.0095,0.25193697
2.01,0.49588786
2.0105,0.5729955
2.011,0.59961698
2.0115,0.49660092
2.012,0.33992073
2.0125,0.31002542
2.013,0.27906247
2.0135,0.30758867
2.014,0.22034576
2.0145,0.13755635
2.015,0.10910854
2.0155,0.02693679
2.016,0.05482264
2.0165,0.13666262
2.017,0.26088936
2.0175,0.41267514
2.018,0.389455
2.0185,0.31812089
2.019,0.1288674
2.0195,0.03333545
2.02,-0.149071
2.0205,-0.17555023
2.021,-0.25728686
2.0215,-0.324762
2.022,-0.45372221
2.0225,-0.49578412
2.023,-0.57941935
2.0235,-0.56670599
2.024,-0.36621543
2.0245,-0.21892205
2.025,-0.17857417
2.0255,-0.09953996
2.026,-0.04867602
2.0265,-0.14125131
2.027,-0.17237315
2.0275,-0.23230266
2.028,-0.29730101
2.0285,-0.17696695
2.029,-0.21763612
2.0295,-0.21113619
2.03,-0.30583312
2.0305,-0.182418
2.031,-0.07112031
2.0315,0.11494449
2.032,0.27166175
2.0325,0.48723027
2.033,0.55461961
2.0335,0.47578931
2.034,0.40482811
2.0345,0.41962928
2.035,0.35857987
2.0355,0.28784232
2.036,0.28857757
2.0365,0.32410746
2.037,0.19390641
2.0375,0.07908042
2.038,0.1063894
2.0385,0.11006387
2.039,0.13584583
2.0395,0.26220238
2.04,0.35984574
2.0405,0.39791545
2.041,0.32424638
2.0415,0.12709301
2.042,-0.00715467
2.0425,-0.11018798
2.043,-0.16389905
2.0435,-0.2579217
2.044,-0.34999979
2.0445,-0.45362664
2.045,-0.63633761
2.0455,-0.55978509
2.046,-0.51229372
2.0465,-0.48859625
2.047,-0.27938624
2.0475,-0.12153258
2.048,-0.04331831
2.0485,-0.10293011
2.049,-0.16635353
2.0495,-0.27544854
2.05,-0.25446958
2.0505,-0.27800064
2.051,-0.23894048
2.0515,-0.2040892
2.052,-0.24304776
2.0525,-0.25733361
2.053,-0.19437064
2.0535,-0.08148649
2.054,0.06243613
2.0545,0.24850992
2.055,0.49627237
2.0555,0.50894116
2.056,0.53130816
2.0565,0.47295206
2.057,0.39457641
2.0575,0.36030783
2.058,0.3419388
2.0585,0.360556
2.059,0.26563343
2.0595,0.16138808
2.06,0.02993042
2.0605,0.04391589
2.061,0.09967195
2.0615,0.12870568
2.062,0.29070858
2.0625,0.31995285
2.063,0.3641753
2.0635,0.30316404
2.064,0.13735135
2.0645,0.02982962
2.065,-0.06198205
2.0655,-0.12076303
2.066,-0.26459797
2.0665,-0.24792078
2.067,-0.41913415
2.0675,-0.56703561
2.068,-0.57485604
2.0685,-0.55414637
2.069,-0.44657453
2.0695,-0.28921654
2.07,-0.13473096
2.0705,-0.10624083
2.071,-0.09477112
2.0715,-0.14239012
2.072,-0.19314704
2.0725,-0.12963802
2.073,-0.16692642
2.0735,-0.17121619
2.074,-0.1405376
2.0745,-0.22777953
2.075,-0.283749
2.0755,-0.2876376
2.076,-0.19859864
2.0765,0.0266382
2.077,0.24691173
2.0775,0.40379894
2.078,0.48574561
2.0785,0.46091725
2.079,0.43281897
2.0795,0.35981397
2.08,0.40633314
2.0805,0.42059807
2.081,0.38892485
2.0815,0.27744866
2.082,0.17054396
2.0825,0.13883703
2.083,-0.03903746
2.0835,0.08291177
2.084,0.1197289
2.0845,0.23867899
2.085,0.29966494
2.0855,0.3120056
2.086,0.2887841
2.0865,0.11262368
2.087,0.03700341
2.0875,-0.07432785
2.088,-0.15806849
2.0885,-0.20506728
2.089,-0.30344529
2.0895,-0.39848799
2.09,-0.56817741
2.0905,-0.64682043
2.091,-0.60822569
2.0915,-0.50658668
2.092,-0.29742384
2.0925,-0.22434205
2.093,-0.0514213
2.0935,-0.09233798
2.094,-0.15230919
2.0945,-0.1499696
2.095,-0.20851975
2.0955,-0.10648385
2.096,-0.11283908
2.0965,-0.17798525
2.097,-0.2769032
2.0975,-0.24550062
2.098,-0.22221929
2.0985,-0.11353205
2.099,0.01176857
2.0995,0.18568239
2.1,0.41295158
2.1005,0.46212534
2.101,0.54151905
2.1015,0.49110614
2.102,0.45875286
2.1025,0.39277821
2.103,0.39491677
2.1035,0.39959555
2.104,0.30545778
2.1045,0.20754929
2.105,0.10572812
2.1055,-0.02790652
2.106,0.04196987
2.1065,0.09456723
2.107,0.16631384
2.1075,0.29158238
2.108,0.28347214
2.1085,0.26936691
2.109,0.11116034
2.1095,0.02723459
2.11,-0.02013553
2.1105,-0.12367874
2.111,-0.13575788
2.1115,-0.2654002
2.112,-0.4236401
2.1125,-0.55027861
2.113,-0.6662002
2.1135,-0.66353833
2.114,-0.43790026
2.1145,-0.33417265
2.115,-0.17722726
2.1155,-0.15648111
2.116,-0.17070049
2.1165,-0.19984183
2.117,-0.13983121
2.1175,-0.18970495
2.118,-0.16264686
2.1185,-0.15681132
2.119,-0.08424181
2.1195,-0.17847728
2.12,-0.25821814
2.1205,-0.31030877
2.121,-0.1903421
2.1215,-0.04341587
2.122,0.18240058
2.1225,0.40807254
2.123,0.45120527
2.1235,0.46104551
2.124,0.45795695
2.1245,0.45124328
2.125,0.41941778
2.1255,0.47200574
2.126,0.42566019
2.1265,0.34975017
2.127,0.18404323
2.1275,0.02204789
2.128,-0.00124436
2.1285,0.01682513
2.129,-0.03059522
2.1295,0.20134342
2.13,0.22293022
2.1305,0.29668887
2.131,0.31190569
2.1315,0.12767732
2.132,0.07995545
2.1325,-0.01480634
2.133,-0.02813298
2.1335,-0.17084955
2.134,-0.21093084
2.1345,-0.40039967
2.135,-0.60048437
2.1355,-0.61584162
2.136,-0.59905702
2.1365,-0.4880771
2.137,-0.31998421
2.1375,-0.23624059
2.138,-0.19296153
2.1385,-0.05195836
2.139,-0.15014792
2.1395,-0.0838577
2.14,-0.20081553
2.1405,-0.14114585
2.141,-0.07605345
2.1415,-0.13540753
2.142,-0.13563485
2.1425,-0.27855106
2.143,-0.21767143
2.1435,-0.2234817
2.144,-0.07880457
2.1445,0.14043184
2.145,0.3870766
2.1455,0.40937858
2.146,0.47999722
2.1465,0.47597385
2.147,0.36439765
2.1475,0.41746443
2.148,0.46847939
2.1485,0.4111005
2.149,0.30872907
2.1495,0.16001148
2.15,0.0699776
2.1505,0.02052928
2.151,0.03979764
2.1515,0.01193169
2.152,0.17645132
2.1525,0.25116394
2.153,0.24612645
2.1535,0.22542785
2.154,0.08817014
2.1545,0.09607621
2.155,0.07814675
2.1555,-0.01228247
2.156,-0.17286649
2.1565,-0.24705207
2.157,-0.46531614
2.1575,-0.51952429
2.158,-0.62956954
2.1585,-0.59605764
2.159,-0.47867246
2.1595,-0.300067
2.16,-0.24348552
2.1605,-0.15527355
2.161,-0.20267154
2.1615,-0.19813785
2.162,-0.20064977
2.1625,-0.11327505
2.163,-0.06422915
2.1635,0.01315035
2.164,-0.07247643
2.1645,-0.21420989
2.165,-0.28590586
2.1655,-0.30412168
2.166,-0.17638905
2.1665,-0.04260059
2.167,0.04654985
2.1675,0.36076873
2.168,0.35128875
2.1685,0.39839511
2.169,0.47969865
2.1695,0.42406286
2.17,0.45343289
2.1705,0.44564974
2.171,0.46416056
2.1715,0.39586795
2.172,0.23536337
2.1725,-0.00824281
2.173,0.07272069
2.1735,-0.01073996
2.174,0.00499732
2.1745,0.12481519
2.175,0.20284196
2.1755,0.25681273
2.176,0.17891292
2.1765,0.12744788
2.177,0.09242943
2.1775,0.03342842
2.178,0.01989307
2.1785,-0.15103197
2.179,-0.23999567
2.1795,-0.36718546
2.18,-0.47187916
2.1805,-0.56710477
2.181,-0.67243398
2.1815,-0.49242411
2.182,-0.44620108
2.1825,-0.28613021
2.183,-0.15263279
2.1835,-0.16224859
2.184,-0.18029788
2.1845,-0.09667618
2.185,-0.07275951
2.1855,-0.0280198
2.186,-0.0049166
2.1865,-0.08257774
2.187,-0.10710257
2.1875,-0.27817371
2.188,-0.2645174
2.1885,-0.27818033
2.189,-0.07390425
2.1895,0.12722861
2.19,0.2846418
2.1905,0.39877128
2.191,0.40784899
2.1915,0.42358622
2.192,0.49290054
2.1925,0.54603756
2.193,0.48767534
2.1935,0.53872481
2.194,0.40097103
2.1945,0.2534213
2.195,0.12347156
2.1955,0.04061274
2.196,-0.00014174
2.1965,0.08338712
2.197,0.17702868
2.1975,0.17452798
2.198,0.15531965
2.1985,0.13892951
2.199,0.10789685
2.1995,0.10641974
2.2,0.09643136
2.2005,-0.00128352
2.201,-0.14159336
2.2015,-0.20391808
2.202,-0.35966618
2.2025,-0.50586597
2.203,-0.58565621
2.2035,-0.65412093
2.204,-0.54573847
2.2045,-0.40585075
2.205,-0.28610641
2.2055,-0.21727164
2.206,-0.27319875
2.2065,-0.16462826
2.207,-0.17071271
2.2075,-0.09095467
2.208,0.01487588
2.2085,-0.01000064
2.209,-0.097571
2.2095,-0.1907504
2.21,-0.22790055
2.2105,-0.29653623
2.211,-0.13911403
2.2115,-0.04862728
2.212,0.09525186
2.2125,0.2766416
2.213,0.29244022
2.2135,0.43241817
2.214,0.41820192
2.2145,0.49648585
2.215,0.48018098
2.2155,0.54984335
2.216,0.5348282
2.2165,0.42411261
2.217,0.29182123
2.2175,0.09429053
2.218,-0.04872251
2.2185,0.05113912
2.219,0.00735172
2.2195,0.16979777
2.22,0.10204618
2.2205,0.14499113
2.221,0.18057344
2.2215,0.1094808
2.222,0.1001385
2.2225,0.06842607
2.223,0.11585273
2.2235,-0.00810024
2.224,-0.13482663
2.2245,-0.30244893
2.225,-0.49212705
2.2255,-0.5767835
2.226,-0.64170309
2.2265,-0.49425541
2.227,-0.35878694
2.2275,-0.307424
2.228,-0.21242474
2.2285,-0.18650418
2.229,-0.14033806
2.2295,-0.06237788
2.23,0.00639187
2.2305,0.09745307
2.231,0.04432679
2.2315,-0.01699483
2.232,-0.11397661
2.2325,-0.16695465
2.233,-0.27279561
2.2335,-0.19325067
2.234,-0.01227417
2.2345,0.1301124
2.235,0.19380121
2.2355,0.29979511
2.236,0.32483076
2.2365,0.39951659
2.237,0.43787374
2.2375,0.57422361
2.238,0.60414615
2.2385,0.5295359
2.239,0.45461256
2.2395,0.25091247
2.24,0.10240318
2.2405,-0.0304845
2.241,0.01955259
2.2415,0.01014006
2.242,0.11310011
2.2425,0.07652374
2.243,0.21134789
2.2435,0.06262402
2.244,0.13237495
2.2445,0.10407212
2.245,0.04222187
2.2455,0.02619648
2.246,0.00016744
2.2465,-0.16876982
2.247,-0.30340455
2.2475,-0.50681487
2.248,-0.62788136
2.2485,-0.58546892
2.249,-0.55649414
2.2495,-0.48313034
2.25,-0.38193977
2.2505,-0.33865334
2.251,-0.28443807
2.2515,-0.2401824
2.252,-0.1270577
2.2525,-0.06007426
2.253,-0.02239434
2.2535,0.03280977
2.254,-0.01949379
2.2545,-0.09443228
2.255,-0.16364846
2.2555,-0.22222119
2.256,-0.24753545
2.2565,-0.02797052
2.257,0.11969327
2.2575,0.18400557
2.258,0.21929918
2.2585,0.30377809
2.259,0.3789439
2.2595,0.5261569
2.26,0.56174459
2.2605,0.56853653
2.261,0.552611
2.2615,0.45164721
2.262,0.35419569
2.2625,0.13760362
2.263,0.01436983
2.2635,-0.05505576
2.264,0.02373209
2.2645,0.04846843
2.265,0.15488765
2.2655,0.11303132
2.266,0.06404302
2.2665,0.07087875
2.267,0.07092578
2.2675,0.05226868
2.268,0.09545357
2.2685,0.08378467
2.269,-0.1200457
2.2695,-0.25959432
2.27,-0.45623141
2.2705,-0.62863578
2.271,-0.59023113
2.2715,-0.68077534
2.272,-0.44455809
2.2725,-0.39962224
2.273,-0.32207762
2.2735,-0.29932074
2.274,-0.17925577
2.2745,-0.11865888
2.275,-0.08675567
2.2755,0.05652692
2.276,0.03899487
2.2765,0.02336757
2.277,-0.03813474
2.2775,-0.18181682
2.278,-0.17516534
2.2785,-0.10602293
2.279,-0.0373394
2.2795,0.09863165
2.28,0.13247105
2.2805,0.20559225
2.281,0.31044216
2.2815,0.35245116
2.282,0.48482237
2.2825,0.56976771
2.283,0.62376245
2.2835,0.61745546
2.284,0.48743526
2.2845,0.37275142
2.285,0.11690157
2.2855,0.10985328
2.286,-0.04181252
2.2865,0.01126339
2.287,0.03473963
2.2875,0.0432716
2.288,0.02233471
2.2885,0.00105627
2.289,-0.00393566
2.2895,0.03220913
2.29,0.14066172
2.2905,0.05997128
2.291,0.07204831
2.2915,-0.12721116
2.292,-0.23938084
2.2925,-0.35713097
2.293,-0.50993728
2.2935,-0.59736544
2.294,-0.50648048
2.2945,-0.46593723
2.295,-0.40447055
2.2955,-0.41611653
2.296,-0.27765912
2.2965,-0.26672158
2.297,-0.14771477
2.2975,-0.02191399
2.298,0.02122907
2.2985,0.08460932
2.299,0.09472828
2.2995,-0.0516114
2.3,-0.1169057
2.3005,-0.20171978
2.301,-0.16871711
2.3015,-0.0965855
2.302,0.01741049
2.3025,0.10878975
2.303,0.17507379
2.3035,0.25175889
2.304,0.38334779
2.3045,0.48673936
2.305,0.50645772
2.3055,0.60359852
2.306,0.58530666
2.3065,0.47475255
2.307,0.34987205
2.3075,0.23085083
2.308,0.05256015
2.3085,0.0107752
2.309,0.01877441
2.3095,0.00765093
2.31,0.07732589
2.3105,0.06773943
2.311,0.00321097
2.3115,-0.01084803
2.312,0.05615815
2.3125,0.12794888
2.313,0.13660027
2.3135,0.05299019
2.314,-0.1067095
2.3145,-0.23066311
2.315,-0.44065894
2.3155,-0.54134913
2.316,-0.57119825
2.3165,-0.50257195
2.317,-0.50415134
2.3175,-0.4010544
2.318,-0.34854821
2.3185,-0.34290196
2.319,-0.23058132
2.3195,-0.16557742
2.32,-0.00458294
2.3205,0.09435437
2.321,0.08237611
2.3215,0.08008275
2.322,-0.04390741
2.3225,-0.08735721
2.323,-0.20228414
2.3235,-0.12694625
2.324,-0.0046594
2.3245,0.04185367
2.325,0.1512156
2.3255,0.21345661
2.326,0.25402939
2.3265,0.30371403
2.327,0.39360412
2.3275,0.56557707
2.328,0.59661836
2.3285,0.63926618
2.329,0.51071762
2.3295,0.36324268
2.33,0.1844328
2.3305,0.08209959
2.331,0.05771039
2.3315,0.06152393
2.332,0.11415723
2.3325,0.05055896
2.333,0.02318111
2.3335,0.03067018
2.334,0.03374192
2.3345,0.0554765
2.335,0.05437244
2.3355,0.12321888
2.336,0.09920646
2.3365,-0.01953291
2.337,-0.17011033
2.3375,-0.34709668
2.338,-0.50040773
2.3385,-0.52987791
2.339,-0.50920398
2.3395,-0.53103127
2.34,-0.44594513
2.3405,-0.49031931
2.341,-0.36332372
2.3415,-0.3434821
2.342,-0.18610578
2.3425,-0.03957961
2.343,0.05383486
2.3435,0.0897716
2.344,0.07564305
2.3445,-0.01131172
2.345,-0.11234527
2.3455,-0.15606435
2.346,-0.15522785
2.3465,-0.04923425
2.347,0.02826384
2.3475,0.09363749
2.348,0.21750891
2.3485,0.22839483
2.349,0.30174366
2.3495,0.39624365
2.35,0.54011673
2.3505,0.61698555
2.351,0.67434684
2.3515,0.51509279
2.352,0.44505366
2.3525,0.20620595
2.353,0.1548114
2.3535,-0.02720891
2.354,0.0573966
2.3545,0.02978725
2.355,0.0396875
2.3555,-0.00043945
2.356,-0.1042497
2.3565,-0.07178966
2.357,0.00499893
2.3575,0.04813008
2.358,0.11922289
2.3585,0.03812168
2.359,0.0009646
2.3595,-0.14352051
2.36,-0.33540023
2.3605,-0.51151109
2.361,-0.5039451
2.3615,-0.55097931
2.362,-0.46236722
2.3625,-0.55866537
2.363,-0.41441975
2.3635,-0.40729903
2.364,-0.28413886
2.3645,-0.19618228
2.365,-0.03283688
2.3655,0.09481991
2.366,0.12720404
2.3665,0.01756695
2.367,-0.04554177
2.3675,-0.0953304
2.368,-0.11315354
2.3685,-0.13173411
2.369,0.03587091
2.3695,0.05922488
2.37,0.07246446
2.3705,0.11983277
2.371,0.20798905
2.3715,0.24713634
2.372,0.39202951
2.3725,0.59064288
2.373,0.65966264
2.3735,0.66732545
2.374,0.5679299
2.3745,0.41037481
2.375,0.19269245
2.3755,0.09183286
2.376,0.03717036
2.3765,0.04893137
2.377,0.05424561
2.3775,-0.04631787
2.378,-0.07203609
2.3785,0.01574868
2.379,-0.06474582
2.3795,0.01415149
2.38,0.09691315
2.3805,0.14139435
2.381,0.04364462
2.3815,-0.03667203
2.382,-0.17742963
2.3825,-0.30341286
2.383,-0.43232128
2.3835,-0.43883068
2.384,-0.49348348
2.3845,-0.45343805
2.385,-0.51568702
2.3855,-0.43725663
2.386,-0.41353432
2.3865,-0.36959014
2.387,-0.21712434
2.3875,-0.07774196
2.388,0.06800931
2.3885,0.11661212
2.389,0.08111289
2.3895,0.03569094
2.39,-0.0759065
2.3905,-0.08485705
2.391,-0.05267496
2.3915,-0.01083323
2.392,0.08931307
2.3925,0.07891901
2.393,0.12266779
2.3935,0.11585884
2.394,0.21478084
2.3945,0.38796659
2.395,0.54893612
2.3955,0.65151267
2.396,0.62312621
2.3965,0.51149182
2.397,0.41918696
2.3975,0.2661072
2.398,0.1567542
2.3985,0.10774353
2.399,-0.02180052
2.3995,-0.0365059
2.4,0.05146791
2.4005,-0.07411556
2.401,-0.04179942
2.4015,-0.08860551
2.402,-0.0215254
2.4025,0.01360856
2.403,0.13294037
2.4035,0.16894189
2.404,-0.04851837
2.4045,-0.13083373
2.405,-0.27235658
2.4055,-0.43322502
2.406,-0.45523328
2.4065,-0.48364811
2.407,-0.45964733
2.4075,-0.559291
2.408,-0.49260871
2.4085,-0.49004046
2.409,-0.40808939
2.4095,-0.22661747
2.41,-0.10591412
2.4105,0.04445317
2.411,0.11193797
2.4115,0.15685187
2.412,-0.01623592
2.4125,-0.04912053
2.413,-0.07583924
2.4135,-0.06477748
2.414,-0.02151024
2.4145,0.10622017
2.415,0.05034928
2.4155,0.08923442
2.416,0.16868418
2.4165,0.21114902
2.417,0.42023236
2.4175,0.54768675
2.418,0.6523743
2.4185,0.64945443
2.419,0.62387501
2.4195,0.49380289
2.42,0.29971161
2.4205,0.21152657
2.421,0.09877283
2.4215,0.10786289
2.422,0.05239901
2.4225,0.05321457
2.423,-0.09909359
2.4235,-0.10924379
2.424,-0.08714426
2.4245,-0.01383819
2.425,-0.01861311
2.4255,0.09345786
2.426,0.13509976
2.4265,0.04282551
2.427,-0.20913738
2.4275,-0.34588377
2.428,-0.43106039
2.4285,-0.40075538
2.429,-0.52746279
2.4295,-0.52949043
2.43,-0.5338581
2.4305,-0.5268971
2.431,-0.54881361
2.4315,-0.3823903
2.432,-0.23600569
2.4325,-0.05759393
2.433,0.03158662
2.4335,0.2035937
2.434,0.0563979
2.4345,0.04878409
2.435,-0.07349678
2.4355,-0.03173848
2.436,0.06021323
2.4365,0.00034815
2.437,0.0604192
2.4375,-0.01563898
2.438,0.00943489
2.4385,0.09501254
2.439,0.21536462
2.4395,0.34452549
2.44,0.48659101
2.4405,0.62572771
2.441,0.66050665
2.4415,0.55654805
2.442,0.37459906
2.4425,0.2829831
2.443,0.1638773
2.4435,0.19553049
2.444,0.10041561
2.4445,0.06047015
2.445,-0.0635121
2.4455,-0.09541231
2.446,-0.1583823
2.4465,-0.12672135
2.447,-0.06227618
2.4475,0.01425313
2.448,0.09666708
2.4485,0.02939678
2.449,0.00346306
2.4495,-0.14792579
2.45,-0.29662803
2.4505,-0.38344626
2.451,-0.42409228
2.4515,-0.48299019
2.452,-0.46603835
2.4525,-0.47433187
2.453,-0.54216792
2.4535,-0.54354867
2.454,-0.40484197
2.4545,-0.28983577
2.455,-0.06712796
2.4555,0.0550341
2.456,0.15596738
2.4565,0.07700366
2.457,0.06435389
2.4575,0.02207355
2.458,0.00864563
2.4585,0.04964155
2.459,0.05498023
2.4595,0.04634384
2.46,0.00310468
2.4605,0.03062552
2.461,0.15945373
2.4615,0.15843001
2.462,0.33846198
2.4625,0.45463897
2.463,0.64402214
2.4635,0.57039115
2.464,0.54779731
2.4645,0.45904179
2.465,0.37717248
2.4655,0.19609937
2.466,0.2313315
2.4665,0.12670875
2.467,0.03548714
2.4675,-0.02311534
2.468,-0.10076777
2.4685,-0.14391142
2.469,-0.15585016
2.4695,-0.0982932
2.47,0.07854593
2.4705,0.09595972
2.471,0.12640927
2.4715,-0.08990602
2.472,-0.13331144
2.4725,-0.26782854
2.473,-0.28938081
2.4735,-0.35397614
2.474,-0.47663299
2.4745,-0.47847521
2.475,-0.49797612
2.4755,-0.58965044
2.476,-0.47938326
2.4765,-0.4461793
2.477,-0.31355759
2.4775,-0.15716402
2.478,0.04742106
2.4785,0.16116456
2.479,0.0579886
2.4795,0.02590135
2.48,0.03504794
2.4805,0.04997211
2.481,0.04748116
2.4815,0.06733712
2.482,0.03091939
2.4825,0.05590372
2.483,-0.03706853
2.4835,0.05529521
2.484,0.0945487
2.4845,0.37142445
2.485,0.42483844
2.4855,0.58105842
2.486,0.59474821
2.4865,0.59407713
2.487,0.47025038
2.4875,0.45611747
2.488,0.19845799
2.4885,0.24658835
2.489,0.14127102
2.4895,0.04626999
2.49,-0.04776064
2.4905,-0.13780973
2.491,-0.18070598
2.4915,-0.18300955
2.492,-0.11750061
2.4925,0.01189579
2.493,0.07467841
2.4935,0.03883417
2.494,-0.01743925
2.4945,-0.15910904
2.495,-0.26965528
2.4955,-0.26618765
2.496,-0.37475076
2.4965,-0.41387185
2.497,-0.46435226
2.4975,-0.56371196
2.498,-0.61921045
2.4985,-0.58883213
2.499,-0.47527063
2.4995,-0.30366392
2.5,-0.14576623
2.5005,-0.00555475
2.501,0.08884088
2.5015,0.03906559
2.502,0.11480005
2.5025,0.05939172
2.503,0.01287147
2.5035,0.03240018
2.504,0.06565652
2.5045,0.10225527
2.505,-0.00941621
2.5055,0.04722085
2.506,0.06245268
2.5065,0.11775696
2.507,0.28663205
2.5075,0.42864545
2.508,0.53313749
2.5085,0.54746474
2.509,0.57293968
2.5095,0.45820045
2.51,0.32473927
2.5105,0.33934895
2.511,0.30031485
2.5115,0.18902653
2.512,0.14244699
2.5125,-0.06060081
2.513,-0.08543496
2.5135,-0.2568774
2.514,-0.19257215
2.5145,-0.16870807
2.515,0.01597464
2.5155,0.10649297
2.516,0.04982692
2.5165,-0.05917287
2.517,-0.14600445
2.5175,-0.17748714
2.518,-0.3555782
2.5185,-0.34246493
2.519,-0.38043332
2.5195,-0.40361293
2.52,-0.48218264
2.5205,-0.55418222
2.521,-0.59565952
2.5215,-0.4922026
2.522,-0.27156301
2.5225,-0.18184145
2.523,0.0341099
2.5235,0.09188656
2.524,0.14127275
2.5245,0.10083041
2.525,0.03547674
2.5255,0.13072632
2.526,0.20142869
2.5265,0.11850935
2.527,0.07482553
2.5275,0.03087528
2.528,-0.01395311
2.5285,0.0168988
2.529,0.05870998
2.5295,0.2482982
2.53,0.41201189
2.5305,0.55818402
2.531,0.62723341
2.5315,0.51772367
2.532,0.43634736
2.5325,0.415335
2.533,0.34332313
2.5335,0.28906975
2.534,0.17992379
2.5345,0.11885699
2.535,0.00419283
2.5355,-0.1067373
2.536,-0.19524094
2.5365,-0.17623044
2.537,-0.11448021
2.5375,-0.07741485
2.538,0.06120333
2.5385,0.04631897
2.539,-0.07458998
2.5395,-0.10209919
2.54,-0.21972071
2.5405,-0.21795594
2.541,-0.33009306
2.5415,-0.37013149
2.542,-0.47002526
2.5425,-0.54628479
2.543,-0.5549936
2.5435,-0.55399168
2.544,-0.51141549
2.5445,-0.41742648
2.545,-0.21758553
2.5455,-0.0435571
2.546,-0.03831809
2.5465,0.11126039
2.547,0.05377056
2.5475,0.07619593
2.548,0.10546804
2.5485,0.13846575
2.549,0.18237253
2.5495,0.14024095
2.55,0.14356876
2.5505,0.01935559
2.551,0.03278867
2.5515,0.01086149
2.552,0.22682194
2.5525,0.35513125
2.553,0.50573351
2.5535,0.59136281
2.554,0.54563057
2.5545,0.42226862
2.555,0.41043806
2.5555,0.42513794
2.556,0.30275343
2.5565,0.2482858
2.557,0.14561047
2.5575,-0.03664199
2.558,-0.13853694
2.5585,-0.21246125
2.559,-0.17470435
2.5595,-0.1079584
2.56,-0.05255634
2.5605,-0.04450107
2.561,0.04470213
2.5615,-0.04019188
2.562,-0.13931255
2.5625,-0.17817296
2.563,-0.20801548
2.5635,-0.19805432
2.564,-0.30958
2.5645,-0.37534446
2.565,-0.50853867
2.5655,-0.62275732
2.566,-0.61694846
2.5665,-0.46598511
2.567,-0.42910643
2.5675,-0.22437254
2.568,0.01426192
2.5685,0.06916369
2.569,0.10724409
2.5695,0.12674753
2.57,0.08247307
2.5705,0.08959218
2.571,0.14027909
2.5715,0.16496574
2.572,0.17981011
2.5725,0.00815598
2.573,-0.01959461
2.5735,-0.02304336
2.574,0.12057247
2.5745,0.2523846
2.575,0.33186849
2.5755,0.46411793
2.576,0.56512396
2.5765,0.50589821
2.577,0.48516659
2.5775,0.4329973
2.578,0.36571724
2.5785,0.37763336
2.579,0.29364994
2.5795,0.15804238
2.58,-0.0616111
2.5805,-0.16640084
2.581,-0.26968609
2.5815,-0.27792301
2.582,-0.21255492
2.5825,-0.02762547
2.583,0.01951956
2.5835,-0.03014089
2.584,-0.01443156
2.5845,-0.15183286
2.585,-0.21436641
2.5855,-0.19080919
2.586,-0.22081935
2.5865,-0.2862848
2.587,-0.37850942
2.5875,-0.4813755
2.588,-0.5277863
2.5885,-0.62882934
2.589,-0.54909808
2.5895,-0.40338848
2.59,-0.2214682
2.5905,-0.08916421
2.591,-0.00566665
2.5915,0.03770652
2.592,0.11688424
2.5925,0.06753451
2.593,0.16994977
2.5935,0.23921963
2.594,0.22054763
2.5945,0.15074419
2.595,0.0866575
2.5955,0.03821922
2.596,-0.01229053
2.5965,0.08676692
2.597,0.1630428
2.5975,0.3352127
2.598,0.52729216
2.5985,0.54896345
2.599,0.52425506
2.5995,0.4144456
2.6,0.43566546
2.6005,0.42762865
2.601,0.32647244
2.6015,0.27725788
2.602,0.18753848
2.6025,-0.02456527
2.603,-0.13531825
2.6035,-0.20360517
2.604,-0.27970694
2.6045,-0.27147762
2.605,-0.14686831
2.6055,-0.05198016
2.606,-0.07997109
2.6065,-0.05890861
2.607,-0.11310419
2.6075,-0.21587047
2.608,-0.23902808
2.6085,-0.17201373
2.609,-0.2630977
2.6095,-0.33200829
2.61,-0.51314568
2.6105,-0.59650296
2.611,-0.62042078
2.6115,-0.50558582
2.612,-0.4490162
2.6125,-0.23078927
2.613,-0.07896612
2.6135,-0.01308316
2.614,0.08413212
2.6145,0.05478777
2.615,0.13013151
2.6155,0.20934769
2.616,0.25138098
2.6165,0.25071168
2.617,0.15801713
2.6175,0.08865695
2.618,0.01558732
2.6185,-0.04477078
2.619,0.11651671
2.6195,0.11265977
2.62,0.27783143
2.6205,0.42244366
2.621,0.41741867
2.6215,0.42820783
2.622,0.469476
2.6225,0.43481543
2.623,0.44464899
2.6235,0.38835489
2.624,0.34084382
2.6245,0.20330811
2.625,0.07587283
2.6255,-0.17768622
2.626,-0.24045548
2.6265,-0.22739564
2.627,-0.18422355
2.6275,-0.14049952
2.628,-0.09528563
2.6285,-0.10809841
2.629,-0.06517049
2.6295,-0.11934844
2.63,-0.15548342
2.6305,-0.21532202
2.631,-0.12695308
2.6315,-0.20839171
2.632,-0.30104843
2.6325,-0.42956734
2.633,-0.63392298
2.6335,-0.55059508
2.634,-0.5309581
2.6345,-0.37587791
2.635,-0.25236331
2.6355,-0.13292295
2.636,-0.06114702
2.6365,0.02299315
2.637,0.0583546
2.6375,0.13630401
2.638,0.16554074
2.6385,0.21436468
2.639,0.22552422
2.6395,0.2287022
2.64,0.12529395
2.6405,-0.01916671
2.641,0.03113753
2.6415,-0.02214464
2.642,0.09426931
2.6425,0.32293446
2.643,0.37457788
2.6435,0.43273836
2.644,0.41750088
2.6445,0.36832369
2.645,0.41880963
2.6455,0.49959206
2.646,0.4364167
2.6465,0.36415593
2.647,0.17694138
2.6475,0.05889344
2.648,-0.2443137
2.6485,-0.28992583
2.649,-0.24094706
2.6495,-0.17151452
2.65,-0.06717562
2.6505,-0.07134877
2.651,-0.12816507
2.6515,-0.08827814
2.652,-0.13023738
2.6525,-0.18570268
2.653,-0.05078995
2.6535,-0.20661303
2.654,-0.20219624
2.6545,-0.27523587
2.655,-0.49623663
2.6555,-0.55018612
2.656,-0.63334557
2.6565,-0.48959973
2.657,-0.44114744
2.6575,-0.29221218
2.658,-0.15372399
2.6585,-0.13825407
2.659,0.03101334
2.6595,-0.03741842
2.66,0.17940917
2.6605,0.17607333
2.661,0.25511752
2.6615,0.2645928
2.662,0.23797049
2.6625,0.15543471
2.663,0.05092142
2.6635,-0.05043348
2.664,0.05221276
2.6645,0.14757938
2.665,0.28429934
2.6655,0.41395958
2.666,0.39224534
2.6665,0.43210193
2.667,0.48539764
2.6675,0.43811131
2.668,0.46654973
2.6685,0.45041458
2.669,0.35442713
2.6695,0.25654296
2.67,-0.01745585
2.6705,-0.09595914
2.671,-0.30645053
2.6715,-0.25914926
2.672,-0.25580509
2.6725,-0.16473178
2.673,-0.15753401
2.6735,-0.04529152
2.674,-0.10743414
2.6745,-0.21294245
2.675,-0.14478979
2.6755,-0.13917604
2.676,-0.14820654
2.6765,-0.18051607
2.677,-0.28724859
2.6775,-0.39473343
2.678,-0.61909924
2.6785,-0.56286605
2.679,-0.57916029
2.6795,-0.41788173
2.68,-0.28705304
2.6805,-0.26718381
2.681,-0.09596059
2.6815,0.00401292
2.682,0.08160374
2.6825,0.11761804
2.683,0.18185366
2.6835,0.3001399
2.684,0.27976078
2.6845,0.23251594
2.685,0.12939032
2.6855,0.0938004
2.686,-0.00367423
2.6865,0.09796994
2.687,0.13167244
2.6875,0.22948749
2.688,0.26705043
2.6885,0.38142035
2.689,0.41885295
2.6895,0.44677206
2.69,0.47677178
2.6905,0.51128377
2.691,0.46677639
2.6915,0.34847605
2.692,0.19673637
2.6925,0.01619859
2.693,-0.0987835
2.6935,-0.19409136
2.694,-0.25623383
2.6945,-0.21020681
2.695,-0.17653823
2.6955,-0.15303429
2.696,-0.18022917
2.6965,-0.18642193
2.697,-0.17206931
2.6975,-0.18552307
2.698,-0.12280219
2.6985,-0.06615506
2.699,-0.12108854
2.6995,-0.25525073
2.7,-0.39679953
2.7005,-0.52721491
2.701,-0.5994904
2.7015,-0.55909005
2.702,-0.39932294
2.7025,-0.34722892
2.703,-0.14683453
2.7035,-0.13006206
2.704,-0.04100661
2.7045,0.01199549
2.705,0.11583752
2.7055,0.25155696
2.706,0.29772148
2.7065,0.38588199
2.707,0.27659947
2.7075,0.1847839
2.708,0.07877648
2.7085,0.02151477
2.709,0.09485006
2.7095,0.17255419
2.71,0.20474041
2.7105,0.30836256
2.711,0.3829482
2.7115,0.38378175
2.712,0.42910577
2.7125,0.45394117
2.713,0.52254507
2.7135,0.47801108
2.714,0.4449033
2.7145,0.2247919
2.715,0.1688067
2.7155,-0.10174497
2.716,-0.17008867
2.7165,-0.26722374
2.717,-0.22034803
2.7175,-0.15779564
2.718,-0.18824768
2.7185,-0.19358047
2.719,-0.17835669
2.7195,-0.24078819
2.72,-0.14046094
2.7205,-0.07649181
2.721,-0.09674976
2.7215,-0.15509085
2.722,-0.2365613
2.7225,-0.35835715
2.723,-0.52972766
2.7235,-0.56915292
2.724,-0.56992072
2.7245,-0.42852782
2.725,-0.2978056
2.7255,-0.29874991
2.726,-0.17719755
2.7265,-0.14339756
2.727,0.027682
2.7275,0.15163603
2.728,0.13620569
2.7285,0.27815472
2.729,0.35750112
2.7295,0.25347456
2.73,0.2485114
2.7305,0.0698533
2.731,0.07393509
2.7315,0.05288156
2.732,0.08419733
2.7325,0.22604047
2.733,0.3180296
2.7335,0.32684055
2.734,0.330069
2.7345,0.4479276
2.735,0.38090833
2.7355,0.44758823
2.736,0.37521136
2.7365,0.46898899
2.737,0.288703
2.7375,0.13211531
2.738,-0.05191434
2.7385,-0.254892
2.739,-0.30733923
2.7395,-0.21106454
2.74,-0.14555685
2.7405,-0.1797997
2.741,-0.23018288
2.7415,-0.21707094
2.742,-0.18743828
2.7425,-0.19508374
2.743,-0.07118656
2.7435,-0.06106237
2.744,-0.0819958
2.7445,-0.21141839
2.745,-0.35507744
2.7455,-0.49443325
2.746,-0.56379086
2.7465,-0.51281226
2.747,-0.4441996
2.7475,-0.33576031
2.748,-0.24972306
2.7485,-0.18672214
2.749,-0.1916773
2.7495,0.0012277
2.75,0.10228076
2.7505,0.25271464
2.751,0.32461554
2.7515,0.35056094
2.752,0.28423744
2.7525,0.19701067
2.753,0.05424514
2.7535,0.09964173
2.754,0.13562099
2.7545,0.14822453
2.755,0.21867074
2.7555,0.26508845
2.756,0.30061187
2.7565,0.3266729
2.757,0.3493808
2.7575,0.4616958
2.758,0.47822785
2.7585,0.50454177
2.759,0.52656941
2.7595,0.31844744
2.76,0.13564597
2.7605,-0.07050163
2.761,-0.17426588
2.7615,-0.22274159
2.762,-0.32829295
2.7625,-0.28814475
2.763,-0.23318596
2.7635,-0.21182862
2.764,-0.2688025
2.7645,-0.28527856
2.765,-0.23506701
2.7655,-0.09096771
2.766,-0.01648779
2.7665,-0.08699132
2.767,-0.12541187
2.7675,-0.28692781
2.768,-0.45661229
2.7685,-0.45687055
2.769,-0.47865549
2.7695,-0.38212553
2.77,-0.29155269
2.7705,-0.26803539
2.771,-0.25090977
2.7715,-0.08970328
2.772,-0.06397976
2.7725,0.0916342
2.773,0.2937617
2.7735,0.32893014
2.774,0.37650535
2.7745,0.34623164
2.775,0.17552855
2.7755,0.14836269
2.776,0.09202257
2.7765,0.04949429
2.777,0.10704769
2.7775,0.27475774
2.778,0.2747989
2.7785,0.27801227
2.779,0.25374169
2.7795,0.36813579
2.78,0.40539057
2.7805,0.45972536
2.781,0.52761306
2.7815,0.46293238
2.782,0.31678266
2.7825,0.12266507
2.783,-0.01022694
2.7835,-0.18596032
2.784,-0.21287379
2.7845,-0.29777454
2.785,-0.18898432
2.7855,-0.20495541
2.786,-0.2801818
2.7865,-0.29846322
2.787,-0.30470253
2.7875,-0.19044922
2.788,-0.06808844
2.7885,-0.05290624
2.789,-0.10812551
2.7895,-0.15413451
2.79,-0.35694209
2.7905,-0.46538989
2.791,-0.54191197
2.7915,-0.44548451
2.792,-0.34151716
2.7925,-0.34282316
2.793,-0.3120857
2.7935,-0.22319229
2.794,-0.19222764
2.7945,-0.05332434
2.795,0.12699601
2.7955,0.22736982
2.796,0.35514515
2.7965,0.43406462
2.797,0.36216725
2.7975,0.28512589
2.798,0.09500114
2.7985,0.12753555
2.799,0.1074488
2.7995,0.19638613
2.8,0.14811748
2.8005,0.23918158
2.801,0.24092111
2.8015,0.30475699
2.802,0.29890184
2.8025,0.43064857
2.803,0.48116572
2.8035,0.52982341
2.804,0.54825146
2.8045,0.294178
2.805,0.2039
2.8055,-0.04426532
2.806,-0.14307543
2.8065,-0.11038706
2.807,-0.25512984
2.8075,-0.27729973
2.808,-0.24173485
2.8085,-0.32796271
2.809,-0.34900317
2.8095,-0.28801417
2.81,-0.22102626
2.8105,-0.10825332
2.811,-0.08502066
2.8115,-0.06688635
2.812,-0.16726513
2.8125,-0.26127363
2.813,-0.42024033
2.8135,-0.44934636
2.814,-0.45044703
2.8145,-0.38790911
2.815,-0.34430024
2.8155,-0.348995
2.816,-0.2504429
2.8165,-0.19289725
2.817,-0.08911749
2.8175,0.02339644
2.818,0.27359704
2.8185,0.35031489
2.819,0.37061858
2.8195,0.34849241
2.82,0.18024356
2.8205,0.12346472
2.821,0.05627019
2.8215,0.06430533
2.822,0.15271432
2.8225,0.25767426
2.823,0.22176605
2.8235,0.24163677
2.824,0.21511999
2.8245,0.28010817
2.825,0.33999254
2.8255,0.4614027
2.826,0.4838767
2.8265,0.49915441
2.827,0.34714443
2.8275,0.15807961
2.828,0.0420812
2.8285,-0.15916702
2.829,-0.11441881
2.8295,-0.23663582
2.83,-0.23543005
2.8305,-0.28448426
2.831,-0.34095365
2.8315,-0.30047142
2.832,-0.31413944
2.8325,-0.19696053
2.833,-0.14431905
2.8335,-0.03936173
2.834,-0.08082516
2.8345,-0.17557274
2.835,-0.31731556
2.8355,-0.36480391
2.836,-0.4134808
2.8365,-0.37943415
2.837,-0.39543125
2.8375,-0.37632369
2.838,-0.27280385
2.8385,-0.33265461
2.839,-0.19441093
2.8395,-0.14075073
2.84,0.10807344
2.8405,0.19515616
2.841,0.38497374
2.8415,0.47285856
2.842,0.34301398
2.8425,0.30746463
2.843,0.18821174
2.8435,0.16252098
2.844,0.17822838
2.8445,0.21391569
2.845,0.20546147
2.8455,0.19574299
2.846,0.20411398
2.8465,0.22052875
2.847,0.26013039
2.8475,0.3218669
2.848,0.51002992
2.8485,0.52269901
2.849,0.50717564
2.8495,0.37074331
2.85,0.18549406
2.8505,0.06448318
2.851,-0.07217363
2.8515,-0.13213524
2.852,-0.16380189
2.8525,-0.21796647
2.853,-0.24861913
2.8535,-0.33999988
2.854,-0.39386392
2.8545,-0.35193649
2.855,-0.22947249
2.8555,-0.07945418
2.856,-0.01090942
2.8565,-0.06843353
2.857,-0.16768412
2.8575,-0.29918877
2.858,-0.30467785
2.8585,-0.42431425
2.859,-0.37236574
2.8595,-0.39505235
2.86,-0.31830624
2.8605,-0.37806813
2.861,-0.29906264
2.8615,-0.24040274
2.862,-0.11544175
2.8625,0.05527564
2.863,0.22681376
2.8635,0.38411384
2.864,0.39043539
2.8645,0.39397171
2.865,0.34126769
2.8655,0.2571477
2.866,0.13962039
2.8665,0.15174986
2.867,0.1840825
2.8675,0.19948068
2.868,0.154691
2.8685,0.25399469
2.869,0.22714534
2.8695,0.21163444
2.87,0.34402871
2.8705,0.48093314
2.871,0.47400248
2.8715,0.48115573
2.872,0.34779748
2.8725,0.17957963
2.873,0.07760706
2.8735,0.00676545
2.874,-0.12040761
2.8745,-0.18487569
2.875,-0.2317073
2.8755,-0.29541917
2.876,-0.39821124
2.8765,-0.37981959
2.877,-0.37119245
2.8775,-0.25656722
2.878,-0.14953006
2.8785,-0.06082775
2.879,-0.02011704
2.8795,-0.14174916
2.88,-0.27068573
2.8805,-0.36199425
2.881,-0.3702416
2.8815,-0.34730189
2.882,-0.3332513
2.8825,-0.2845308
2.883,-0.32496666
2.8835,-0.35479605
2.884,-0.27351366
2.8845,-0.14539444
2.885,0.09113323
2.8855,0.17298109
2.886,0.35165169
2.8865,0.41946105
2.887,0.35528218
2.8875,0.29025436
2.888,0.24945762
2.8885,0.20325238
2.889,0.22300575
2.8895,0.22877183
2.89,0.13243444
2.8905,0.20568448
2.891,0.11648403
2.8915,0.10452589
2.892,0.21770464
2.8925,0.26492863
2.893,0.41842814
2.8935,0.49753182
2.894,0.41891078
2.8945,0.37533679
2.895,0.22213066
2.8955,0.03595571
2.896,0.00946433
2.8965,-0.06816193
2.897,-0.16175842
2.8975,-0.17913925
2.898,-0.35535114
2.8985,-0.40891628
2.899,-0.40037984
2.8995,-0.28880551
2.9,-0.27458098
2.9005,-0.10016165
2.901,-0.04227142
2.9015,-0.04416504
2.902,-0.11114359
2.9025,-0.19745337
2.903,-0.2988078
2.9035,-0.35990842
2.904,-0.36174128
2.9045,-0.4063076
2.905,-0.30792503
2.9055,-0.37474202
2.906,-0.35196287
2.9065,-0.26137425
2.907,-0.19491996
2.9075,0.02520302
2.908,0.19786167
2.9085,0.34000306
2.909,0.36499003
2.9095,0.4535415
2.91,0.30691173
2.9105,0.28029895
2.911,0.2022068
2.9115,0.18230266
2.912,0.21954067
2.9125,0.16015482
2.913,0.13305565
2.9135,0.12864142
2.914,0.06532377
2.9145,0.18895305
2.915,0.2836582
2.9155,0.38169513
2.916,0.48382763
2.9165,0.42012783
2.917,0.42922711
2.9175,0.22585664
2.918,0.08569615
2.9185,-0.09944973
2.919,-0.05095106
2.9195,-0.15441229
2.92,-0.22379737
2.9205,-0.31915132
2.921,-0.43092637
2.9215,-0.48162365
2.922,-0.3194509
2.9225,-0.34828452
2.923,-0.15431243
2.9235,-0.13688205
2.924,-0.12212618
2.9245,-0.11408919
2.925,-0.21519321
2.9255,-0.30395161
2.926,-0.38189715
2.9265,-0.36436445
2.927,-0.31737697
2.9275,-0.36804553
2.928,-0.39743383
2.9285,-0.41733917
2.929,-0.32023286
2.9295,-0.20865865
2.93,-0.01448872
2.9305,0.23208513
2.931,0.30096818
2.9315,0.40106293
2.932,0.33140165
2.9325,0.30953479
2.933,0.26362634
2.9335,0.27412496
2.934,0.26323837
2.9345,0.25473902
2.935,0.21295721
2.9355,0.18409959
2.936,0.1286889
2.9365,0.05532763
2.937,0.18776728
2.9375,0.28758223
2.938,0.44659702
2.9385,0.38329322
2.939,0.4220021
2.9395,0.30879219
2.94,0.27012627
2.9405,0.14985408
2.941,-0.00846078
2.9415,-0.06807915
2.942,-0.08386554
2.9425,-0.25953662
2.943,-0.3445719
2.9435,-0.40788191
2.944,-0.45072115
2.9445,-0.41350332
2.945,-0.32800677
2.9455,-0.15781367
2.946,-0.07154639
2.9465,-0.12599287
2.947,-0.13011971
2.9475,-0.1742957
2.948,-0.28001255
2.9485,-0.25867665
2.949,-0.32034324
2.9495,-0.26013838
2.95,-0.30606167
2.9505,-0.31580418
2.951,-0.40934822
2.9515,-0.35220697
2.952,-0.23623421
2.9525,0.04031502
2.953,0.15162467
2.9535,0.32036921
2.954,0.40129672
2.9545,0.41063018
2.955,0.30990469
2.9555,0.26111498
2.956,0.2522698
2.9565,0.29308236
2.957,0.25546899
2.9575,0.17412049
2.958,0.15256758
2.9585,0.0996177
2.959,0.0652186
2.9595,0.19529552
2.96,0.25995233
2.9605,0.31028431
2.961,0.46482212
2.9615,0.50159697
2.962,0.27488277
2.9625,0.22080953
2.963,0.13525494
2.9635,0.01724582
2.964,0.00702958
2.9645,-0.1152353
2.965,-0.16368256
2.9655,-0.32582671
2.966,-0.50706932
2.9665,-0.43328641
2.967,-0.45357621
2.9675,-0.34401135
2.968,-0.23851529
2.9685,-0.06522675
2.969,-0.11572736
2.9695,-0.12220695
2.97,-0.27906361
2.9705,-0.24790223
2.971,-0.20694501
2.9715,-0.36701835
2.972,-0.25780233
2.9725,-0.31426923
2.973,-0.40906659
2.9735,-0.38302621
2.974,-0.32516501
2.9745,-0.21511103
2.975,-0.02772785
2.9755,0.13945418
2.976,0.2647115
2.9765,0.31257416
2.977,0.37332507
2.9775,0.4345504
2.978,0.36434757
2.9785,0.33778862
2.979,0.34946237
2.9795,0.34170601
2.98,0.20104999
2.9805,0.17070635
2.981,0.1176808
2.9815,0.07888647
2.982,0.08424293
2.9825,0.25998884
2.983,0.32727358
2.9835,0.4224712
2.984,0.35846429
2.9845,0.3069907
2.985,0.28289715
2.9855,0.16613311
2.986,0.07116085
2.9865,-0.02038964
2.987,-0.09434052
2.9875,-0.14491568
2.988,-0.34072792
2.9885,-0.43288806
2.989,-0.4166672
2.9895,-0.45635264
2.99,-0.27116892
2.9905,-0.24640124
2.991,-0.14204498
2.9915,-0.14734667
2.992,-0.11138116
2.9925,-0.17149791
2.993,-0.22545836
2.9935,-0.23406565
2.994,-0.2866987
2.9945,-0.2780541
2.995,-0.26283102
2.9955,-0.37493797
2.996,-0.34116686
2.9965,-0.34356635
2.997,-0.29460947
2.9975,-0.00416626
2.998,0.13962128
2.9985,0.21851641
2.999,0.28603802
2.9995,0.36729698
3.0,0.31435154
3.0005,0.27615327
3.001,0.31222985
3.0015,0.32464106
3.002,0.32526215
3.0025,0.29751066
3.003,0.1708382
3.0035,0.05341405
3.004,0.02178759
3.0045,0.08726109
3.005,0.24817519
3.0055,0.3141291
3.006,0.38537049
3.0065,0.35559653
3.007,0.31731752
3.0075,0.31198108
3.008,0.17440022
3.0085,0.1122408
3.009,0.04166698
3.0095,-0.03656716
3.01,-0.15597332
3.0105,-0.31723762
3.011,-0.45860138
3.0115,-0.51699507
3.012,-0.45885236
3.0125,-0.3950509
3.013,-0.238803
3.0135,-0.20086552
3.014,-0.15972628
3.0145,-0.10399335
3.015,-0.18881612
3.0155,-0.18696244
3.016,-0.23302548
3.0165,-0.21172345
3.017,-0.21346514
3.0175,-0.33588787
3.018,-0.35028062
3.0185,-0.37223476
3.019,-0.36415785
3.0195,-0.31059034
3.02,-0.05119672
3.0205,0.09944884
3.021,0.26321847
3.0215,0.30065007
3.022,0.33606613
3.0225,0.29008112
3.023,0.3139293
3.0235,0.38244723
3.024,0.29875904
3.0245,0.33422337
3.025,0.26353192
3.0255,0.15941665
3.026,0.1503743
3.0265,0.06061378
3.027,0.07208744
3.0275,0.23615956
3.028,0.30715425
3.0285,0.37877715
3.029,0.43775506
3.0295,0.29979788
3.03,0.25470022
3.0305,0.20621413
3.031,0.13289902
3.0315,0.04453387
3.032,-0.00997824
3.0325,-0.16291851
3.033,-0.31332698
3.0335,-0.4459316
3.034,-0.55653002
3.0345,-0.46177657
3.035,-0.36453299
3.0355,-0.33358424
3.036,-0.1817536
3.0365,-0.06298491
3.037,-0.1579727
3.0375,-0.18808205
3.038,-0.20755497
3.0385,-0.18604019
3.039,-0.12729621
3.0395,-0.18097668
3.04,-0.24794625
3.0405,-0.25701796
3.041,-0.34442576
3.0415,-0.37462412
3.042,-0.26006917
3.0425,-0.18803511
3.043,0.11321732
3.0435,0.27330468
3.044,0.27104995
3.0445,0.27089476
3.045,0.33843837
3.0455,0.35910063
3.046,0.32245957
3.0465,0.36242369
3.047,0.43788216
3.0475,0.25866516
3.048,0.14333458
3.0485,0.09025061
3.049,0.09963593
3.0495,0.07193161
3.05,0.18798777
3.0505,0.27908328
3.051,0.41756596
3.0515,0.33456168
3.052,0.29816594
3.0525,0.23210711
3.053,0.17998521
3.0535,0.19233731
3.054,0.1396306
3.0545,0.01753426
3.055,-0.11219066
3.0555,-0.32787195
3.056,-0.34854405
3.0565,-0.54703482
3.057,-0.41848335
3.0575,-0.31084603
3.058,-0.25694177
3.0585,-0.161804
3.059,-0.12362441
3.0595,-0.21942962
3.06,-0.15549062
3.0605,-0.15659563
3.061,-0.22430619
3.0615,-0.16634171
3.062,-0.18601271
3.0625,-0.24931776
3.063,-0.3280628
3.0635,-0.38121869
3.064,-0.36182406
3.0645,-0.28942866
3.065,-0.1318363
3.0655,-0.01277594
3.066,0.1761184
3.0665,0.288553
3.067,0.3617705
3.0675,0.2577596
3.068,0.40940735
3.0685,0.34106833
3.069,0.41770224
3.0695,0.41611115
3.07,0.31298597
3.0705,0.1992119
3.071,0.06976599
3.0715,0.14165282
3.072,0.00575827
3.0725,0.17937969
3.073,0.29407115
3.0735,0.34590136
3.074,0.34489381
3.0745,0.30710023
3.075,0.24053493
3.0755,0.18140342
3.076,0.13999804
3.0765,0.1118076
3.077,0.02954096
3.0775,-0.09417007
3.078,-0.26660758
3.0785,-0.43769818
3.079,-0.4613813
3.0795,-0.53810621
3.08,-0.35224363
3.0805,-0.3004743
3.081,-0.23723207
3.0815,-0.18070031
3.082,-0.20255731
3.0825,-0.15994705
3.083,-0.2058585
3.0835,-0.11789616
3.084,-0.08298497
3.0845,-0.13294368
3.085,-0.2310736
3.0855,-0.28708908
3.086,-0.42162055
3.0865,-0.37676424
3.087,-0.24382936
3.0875,-0.16340636
3.088,0.05025886
3.0885,0.12217283
3.089,0.18556697
3.0895,0.31849193
3.09,0.32714474
3.0905,0.4579659
3.091,0.37452638
3.0915,0.42238081
3.092,0.41130757
3.0925,0.34155781
3.093,0.14709791
3.0935,0.06805568
3.094,0.11880123
3.0945,0.09512906
3.095,0.16117902
3.0955,0.18515427
3.096,0.32260556
3.0965,0.34761692
3.097,0.24062067
3.0975,0.21269713
3.098,0.16600283
3.0985,0.18965616
3.099,0.09956471
3.0995,-0.00092002
3.1,-0.10396903
3.1005,-0.18949768
3.101,-0.40099039
3.1015,-0.55889987
3.102,-0.50404165
3.1025,-0.39951188
3.103,-0.29995432
3.1035,-0.23127073
3.104,-0.28107701
3.1045,-0.23454072
3.105,-0.20494503
3.1055,-0.14305701
3.106,-0.14054124
3.1065,-0.07193623
3.107,-0.10786985
3.1075,-0.15676318
3.108,-0.32830282
3.1085,-0.41832095
3.109,-0.37139273
3.1095,-0.2656327
3.11,-0.13370313
3.1105,-0.04686263
3.111,0.13671426
3.1115,0.17296771
3.112,0.25717843
3.1125,0.38059246
3.113,0.34224523
3.1135,0.40643297
3.114,0.44187557
3.1145,0.50367841
3.115,0.32998311
3.1155,0.2744315
3.116,0.13079566
3.1165,0.00714625
3.117,0.01314488
3.1175,0.16575661
3.118,0.21451748
3.1185,0.27915332
3.119,0.25172888
3.1195,0.21416524
3.12,0.19246675
3.1205,0.25453384
3.121,0.24790838
3.1215,0.16186095
3.122,0.11546941
3.1225,-0.03585715
3.123,-0.26413341
3.1235,-0.35942319
3.124,-0.47206808
3.1245,-0.47949962
3.125,-0.41982467
3.1255,-0.37961829
3.126,-0.26624156
3.1265,-0.2649229
3.127,-0.28827382
3.1275,-0.20791738
3.128,-0.20963256
3.1285,-0.10181815
3.129,-0.06522435
3.1295,-0.11115955
3.13,-0.27217023
3.1305,-0.25740891
3.131,-0.34781944
3.1315,-0.31623238
3.132,-0.26781419
3.1325,-0.13420413
3.133,-0.08232637
3.1335,0.15901501
3.134,0.15256067
3.1345,0.25058153
3.135,0.25449822
3.1355,0.35025529
3.136,0.45069453
3.1365,0.45781664
3.137,0.46259303
3.1375,0.35352303
3.138,0.25201324
3.1385,0.12081779
3.139,0.0634102
3.1395,0.05246808
3.14,0.15175398
3.1405,0.25754366
3.141,0.30588079
3.1415,0.28283469
3.142,0.21065998
3.1425,0.22056792
3.143,0.17734262
3.1435,0.17863708
3.144,0.19082968
3.1445,0.11995711
3.145,-0.00965642
3.1455,-0.20279615
3.146,-0.35734306
3.1465,-0.48509723
3.147,-0.44280435
3.1475,-0.43665547
3.148,-0.43245324
3.1485,-0.26160243
3.149,-0.24938403
3.1495,-0.22742852
3.15,-0.31335866
3.1505,-0.08736658
3.151,-0.11546719
3.1515,-0.06239941
3.152,0.01514449
3.1525,-0.10493582
3.153,-0.23795526
3.1535,-0.32666468
3.154,-0.31374713
3.1545,-0.26545552
3.155,-0.21054407
3.1555,-0.0355633
3.156,0.01606187
3.1565,0.17000204
3.157,0.10932354
3.1575,0.27257122
3.158,0.34469395
3.1585,0.46578814
3.159,0.51066565
3.1595,0.50809495
3.16,0.46908054
3.1605,0.29663429
3.161,0.07671976
3.1615,0.03270373
3.162,0.05118754
3.1625,0.14258583
3.163,0.21043188
3.1635,0.21397043
3.164,0.20404337
3.1645,0.1867889
3.165,0.21507427
3.1655,0.228969
3.166,0.23643378
3.1665,0.12670841
3.167,0.12572219
3.1675,-0.0541778
3.168,-0.2146226
3.1685,-0.38210141
3.169,-0.52155352
3.1695,-0.43343669
3.17,-0.44884335
3.1705,-0.40971044
3.171,-0.29576283
3.1715,-0.29975774
3.172,-0.34047123
3.1725,-0.2212252
3.173,-0.23616103
3.1735,-0.07621186
3.174,-0.07270042
3.1745,-0.05671953
3.175,-0.14317574
3.1755,-0.18936532
3.176,-0.33468667
3.1765,-0.30200875
3.177,-0.26182564
3.1775,-0.14874926
3.178,-0.0491251
3.1785,0.07560006
3.179,0.1426739
3.1795,0.21388705
3.18,0.2944997
3.1805,0.38275722
3.181,0.45644361
3.1815,0.54544089
3.182,0.48643545
3.1825,0.38103655
3.183,0.27741725
3.1835,0.20391781
3.184,0.08172372
3.1845,0.08274052
3.185,0.1284467
3.1855,0.1641111
3.186,0.21640048
3.1865,0.24776524
3.187,0.16033888
3.1875,0.16118305
3.188,0.22714211
3.1885,0.19907609
3.189,0.25809509
3.1895,0.18598608
3.19,-0.03676926
3.1905,-0.16028517
3.191,-0.34376522
3.1915,-0.40435936
3.192,-0.49648042
3.1925,-0.39194241
3.193,-0.42352982
3.1935,-0.39044994
3.194,-0.26996333
3.1945,-0.31704592
3.195,-0.24611624
3.1955,-0.25203434
3.196,-0.02829402
3.1965,-0.03006526
3.197,-0.00698444
3.1975,-0.07361458
3.198,-0.23625024
3.1985,-0.27367099
3.199,-0.27723143
3.1995,-0.31700575
3.2,-0.085976
3.2005,-0.07548914
3.201,0.03877705
3.2015,0.0551445
3.202,0.18056866
3.2025,0.18127434
3.203,0.39520249
3.2035,0.48091285
3.204,0.57697544
3.2045,0.54178637
3.205,0.50062796
3.2055,0.29488346
3.206,0.21502693
3.2065,0.11811284
3.207,0.03398436
3.2075,0.13233961
3.208,0.13273365
3.2085,0.13481795
3.209,0.146977
3.2095,0.09820334
3.21,0.10259474
3.2105,0.19520509
3.211,0.33177298
3.2115,0.19530052
3.212,0.10105501
3.2125,0.03804547
3.213,-0.22404349
3.2135,-0.31528892
3.214,-0.47548351
3.2145,-0.45897897
3.215,-0.39286952
3.2155,-0.50511353
3.216,-0.42455881
3.2165,-0.3791693
3.217,-0.33820057
3.2175,-0.29793561
3.218,-0.15363531
3.2185,-0.11745899
3.219,0.00158143
3.2195,-0.0016944
3.22,-0.05223905
3.2205,-0.2009711
3.221,-0.25256343
3.2215,-0.225573
3.222,-0.28772611
3.2225,-0.16495975
3.223,-0.09142257
3.2235,0.01252258
3.224,0.09069366
3.2245,0.0786956
3.225,0.22993856
3.2255,0.34825734
3.226,0.4806541
3.2265,0.58289561
3.227,0.51481927
3.2275,0.48871597
3.228,0.27925867
3.2285,0.18696939
3.229,0.14449198
3.2295,0.07024738
3.23,0.15870967
3.2305,0.13187244
3.231,0.16424163
3.2315,0.1809065
3.232,0.12731325
3.2325,0.1754572
3.233,0.19972455
3.2335,0.23702566
3.234,0.16345558
3.2345,0.2026087
3.235,0.02333605
3.2355,-0.08673142
3.236,-0.24325743
3.2365,-0.38031637
3.237,-0.48087536
3.2375,-0.40748278
3.238,-0.40322739
3.2385,-0.40105006
3.239,-0.42916171
3.2395,-0.40258251
3.24,-0.2705801
3.2405,-0.24702882
3.241,-0.07100822
3.2415,-0.03190094
3.242,0.03921934
3.2425,-0.07495578
3.243,-0.11205684
3.2435,-0.26397552
3.244,-0.27424042
3.2445,-0.25020842
3.245,-0.12334235
3.2455,-0.10384574
3.246,-0.05086077
3.2465,-0.02656443
3.247,0.10856398
3.2475,0.22356683
3.248,0.41628527
3.2485,0.48353916
3.249,0.56041457
3.2495,0.52619548
3.25,0.467031
3.2505,0.3397167
3.251,0.25045229
3.2515,0.12960079
3.252,0.18427229
3.2525,0.13315238
3.253,0.12068983
3.2535,0.1353264
3.254,0.10651838
3.2545,0.08794475
3.255,0.06527706
3.2555,0.19912739
3.256,0.25438415
3.2565,0.20703656
3.257,0.22276003
3.2575,0.11296811
3.258,-0.13328417
3.2585,-0.2703727
3.259,-0.41748157
3.2595,-0.44426188
3.26,-0.41290524
3.2605,-0.4575017
3.261,-0.37872504
3.2615,-0.35276093
3.262,-0.37837085
3.2625,-0.34304444
3.263,-0.20730701
3.2635,-0.08130023
3.264,0.03383031
3.2645,-0.03843072
3.265,-0.05708791
3.2655,-0.17995521
3.266,-0.25213968
3.2665,-0.20528201
3.267,-0.16659381
3.2675,-0.13929782
3.268,-0.02225312
3.2685,-0.03736014
3.269,0.05549382
3.2695,0.09738832
3.27,0.25905781
3.2705,0.35631318
3.271,0.41554747
3.2715,0.52618691
3.272,0.4995369
3.2725,0.46260406
3.273,0.35356163
3.2735,0.332066
3.274,0.23446892
3.2745,0.11254743
3.275,0.12003849
3.2755,0.116498
3.276,0.14537764
3.2765,0.10181225
3.277,0.07111086
3.2775,0.1248516
3.278,0.14765784
3.2785,0.2163264
3.279,0.2520842
3.2795,0.18888119
3.28,0.06564163
3.2805,-0.06415397
3.281,-0.2775043
3.2815,-0.36463906
3.282,-0.37372165
3.2825,-0.36075722
3.283,-0.47579461
3.2835,-0.40133128
3.284,-0.43263038
3.2845,-0.32495939
3.285,-0.34460136
3.2855,-0.30355205
3.286,-0.11835673
3.2865,-0.02081985
3.287,-0.02007237
3.2875,-0.0496376
3.288,-0.11724521
3.2885,-0.21396638
3.289,-0.21184011
3.2895,-0.23852219
3.29,-0.09475386
3.2905,-0.07204509
3.291,-0.11176064
3.2915,-0.0180996
3.292,-0.02549496
3.2925,0.16053297
3.293,0.33944819
3.2935,0.43498979
3.294,0.57907899
3.2945,0.58301176
3.295,0.49005154
3.2955,0.35911073
3.296,0.30123124
3.2965,0.19507248
3.297,0.14039991
3.2975,0.16821084
3.298,0.1633984
3.2985,0.06408075
3.299,0.06677459
3.2995,-0.02424271
3.3,0.08439435
3.3005,0.13625227
3.301,0.28407269
3.3015,0.24012883
3.302,0.18032841
3.3025,0.07870941
3.303,-0.1064735
3.3035,-0.30676239
3.304,-0.42082007
3.3045,-0.41631438
3.305,-0.44983386
3.3055,-0.40897888
3.306,-0.48999048
3.3065,-0.45116578
3.307,-0.39438391
3.3075,-0.37284786
3.308,-0.23854439
3.3085,-0.08890441
3.309,-0.02454011
3.3095,-0.04049053
3.31,-0.03785057
3.3105,-0.08089267
3.311,-0.18087829
3.3115,-0.14328343
3.312,-0.15108668
3.3125,-0.10298731
3.313,-0.10104348
3.3135,-0.04835737
3.314,-0.02225394
3.3145,0.07101703
3.315,0.13096013
3.3155,0.30737689
3.316,0.40746417
3.3165,0.53175843
3.317,0.54544693
3.3175,0.52982597
3.318,0.37109447
3.3185,0.23226703
3.319,0.23223952
3.3195,0.18350752
3.32,0.14025321
3.3205,0.14598358
3.321,0.03474412
3.3215,0.03071335
3.322,-0.00788539
3.3225,0.04560729
3.323,0.15217183
3.3235,0.24001723
3.324,0.21677992
3.3245,0.14115058
3.325,0.02746537
3.3255,-0.09292411
3.326,-0.19286898
3.3265,-0.28833129
3.327,-0.35869873
3.3275,-0.4091109
3.328,-0.3976171
3.3285,-0.46784502
3.329,-0.42535233
3.3295,-0.44729876
3.33,-0.39161997
3.3305,-0.28418722
3.331,-0.10370533
3.3315,-0.00011152
3.332,-0.01212223
3.3325,0.01044932
3.333,-0.13752124
3.3335,-0.18373894
3.334,-0.13671896
3.3345,-0.16499524
3.335,-0.12007411
3.3355,-0.07189707
3.336,-0.05479465
3.3365,-0.0582975
3.337,-0.04858067
3.3375,0.16290371
3.338,0.25300781
3.3385,0.43161188
3.339,0.51665941
3.3395,0.54700016
3.34,0.45006642
3.3405,0.3581476
3.341,0.33896638
3.3415,0.3037742
3.342,0.21290138
3.3425,0.22327124
3.343,0.08747714
3.3435,0.06211451
3.344,-0.02241166
3.3445,0.02962071
3.345,0.04818356
3.3455,0.09669936
3.346,0.22533586
3.3465,0.18175502
3.347,0.19476275
3.3475,0.10757538
3.348,-0.05349879
3.3485,-0.15834352
3.349,-0.24846251
3.3495,-0.29643475
3.35,-0.37087668
3.3505,-0.34464647
3.351,-0.42179214
3.3515,-0.50727503
3.352,-0.52923187
3.3525,-0.35915908
3.353,-0.33680196
3.3535,-0.11144398
3.354,-0.05877945
3.3545,0.05860888
3.355,0.04186304
3.3555,-0.08915716
3.356,-0.11905448
3.3565,-0.16180838
3.357,-0.13017636
3.3575,-0.09515743
3.358,-0.01037285
3.3585,-0.07127384
3.359,-0.12453585
3.3595,-0.00835504
3.36,0.10614812
3.3605,0.28716098
3.361,0.40185567
3.3615,0.51214384
3.362,0.54447172
3.3625,0.50033856
3.363,0.41692186
3.3635,0.38203343
3.364,0.31080796
3.3645,0.17997244
3.365,0.23424127
3.3655,0.10924624
3.366,0.08608653
3.3665,-0.03500054
3.367,0.00315463
3.3675,-0.03269784
3.368,0.07668353
3.3685,0.15429742
3.369,0.15045417
3.3695,0.18683439
3.37,0.10762576
3.3705,-0.10781532
3.371,-0.21918485
3.3715,-0.18509053
3.372,-0.27951568
3.3725,-0.30040763
3.373,-0.41160605
3.3735,-0.45709797
3.374,-0.54441118
3.3745,-0.4746022
3.375,-0.43003806
3.3755,-0.31456039
3.376,-0.16208861
3.3765,-0.06158007
3.377,0.02252052
3.3775,0.02199302
3.378,-0.04007313
3.3785,-0.10022038
3.379,-0.10289345
3.3795,-0.09773674
3.38,-0.03534459
3.3805,-0.14607108
3.381,-0.01465302
3.3815,-0.07295924
3.382,-0.01195579
3.3825,0.09170608
3.383,0.24155511
3.3835,0.36500852
3.384,0.50132188
3.3845,0.54349131
3.385,0.48460645
3.3855,0.43669498
3.386,0.33460741
3.3865,0.19816718
3.387,0.27521461
3.3875,0.2047038
3.388,0.12482371
3.3885,0.01296956
3.389,-0.02157223
3.3895,-0.07559855
3.39,0.01410785
3.3905,0.05245178
3.391,0.13396941
3.3915,0.20301898
3.392,0.21744175
3.3925,0.13033261
3.393,0.01539573
3.3935,-0.17504088
3.394,-0.24157005
3.3945,-0.30851152
3.395,-0.3276941
3.3955,-0.34390697
3.396,-0.47262805
3.3965,-0.52863097
3.397,-0.50670395
3.3975,-0.43554432
3.398,-0.26019741
3.3985,-0.14690548
3.399,-0.05719274
3.3995,0.00135554
3.4,-0.03421996
3.4005,-0.07054359
3.401,-0.09273562
3.4015,-0.09455395
3.402,-0.03660538
3.4025,-0.0466133
3.403,-0.12422125
3.4035,-0.12856871
3.404,-0.08425557
3.4045,-0.04022154
3.405,0.10140817
3.4055,0.2345112
3.406,0.38188493
3.4065,0.46955545
3.407,0.58039429
3.4075,0.45001719
3.408,0.45949587
3.4085,0.42025349
3.409,0.34297888
3.4095,0.24416861
3.41,0.23209835
3.4105,0.1953967
3.411,0.00147933
3.4115,-0.10744877
3.412,-0.10170319
3.4125,0.00787526
3.413,0.03581229
3.4135,0.1108239
3.414,0.17560388
3.4145,0.15121665
3.415,-0.01222496
3.4155,-0.08322675
3.416,-0.20823273
3.4165,-0.15388055
3.417,-0.18405681
3.4175,-0.31521218
3.418,-0.35758037
3.4185,-0.49451316
3.419,-0.55195729
3.4195,-0.54102809
3.42,-0.47309748
3.4205,-0.28034638
3.421,-0.13610476
3.4215,-0.05574989
3.422,-0.03996572
3.4225,-0.03141428
3.423,-0.0842931
3.4235,0.00428293
3.424,-0.06096106
3.4245,-0.03139137
3.425,-0.00200448
3.4255,0.02840266
3.426,-0.09556495
3.4265,-0.10856998
3.427,-0.05092755
3.4275,0.03364484
3.428,0.16928608
3.4285,0.34995825
3.429,0.50574403
3.4295,0.55056435
3.43,0.47151893
3.4305,0.409989
3.431,0.37987508
3.4315,0.33492594
3.432,0.30274404
3.4325,0.29480207
3.433,0.21591455
3.4335,0.03295227
3.434,-0.03910677
3.4345,-0.05593965
3.435,-0.01281938
3.4355,0.01269442
3.436,0.13216035
3.4365,0.14792236
3.437,0.086943
3.4375,0.10587205
3.438,-0.07854962
3.4385,-0.04911763
3.439,-0.13684194
3.4395,-0.22798292
3.44,-0.24277275
3.4405,-0.47918245
3.441,-0.42592355
3.4415,-0.52289907
3.442,-0.57916876
3.4425,-0.51270554
3.443,-0.33541787
3.4435,-0.1420634
3.444,-0.04336058
3.4445,-0.0445091
3.445,-0.07452395
3.4455,-0.06613941
3.446,-0.04183869
3.4465,-0.05762779
3.447,0.02649402
3.4475,0.00967655
3.448,-0.03920038
3.4485,-0.10324756
3.449,-0.04738691
3.4495,-0.05302428
3.45,0.00881025
3.4505,0.23938308
3.451,0.33762795
3.4515,0.45858108
3.452,0.57959561
3.4525,0.48402549
3.453,0.44164624
3.4535,0.43883377
3.454,0.37389346
3.4545,0.34493056
3.455,0.25064967
3.4555,0.20086557
3.456,0.01311131
3.4565,-0.07024469
3.457,-0.11991261
3.4575,-0.04167952
3.458,0.03708807
3.4585,0.0530801
3.459,0.12515647
3.4595,0.11685981
3.46,0.09960417
3.4605,-0.03670235
3.461,-0.07049281
3.4615,-0.08902972
3.462,-0.18710066
3.4625,-0.26475052
3.463,-0.39100463
3.4635,-0.49715362
3.464,-0.55054932
3.4645,-0.51887498
3.465,-0.49064226
3.4655,-0.39091634
3.466,-0.23506283
3.4665,-0.13121651
3.467,-0.07706881
3.4675,-0.06008213
3.468,-0.09891919
3.4685,-0.05375862
3.469,-0.03732435
3.4695,-0.00933891
3.47,-0.00614778
3.4705,-0.05068327
3.471,-0.09672453
3.4715,-0.11887776
3.472,-0.16246308
3.4725,-0.02676666
3.473,0.18371815
3.4735,0.34800454
3.474,0.3988227
3.4745,0.49406993
3.475,0.48025686
3.4755,0.43382011
3.476,0.46916722
3.4765,0.48960715
3.477,0.39560079
3.4775,0.34067783
3.478,0.18923103
3.4785,0.05046254
3.479,-0.09910764
3.4795,-0.17045369
3.48,-0.13161751
3.4805,0.01446475
3.481,0.09198205
3.4815,0.08792148
3.482,0.07111894
3.4825,0.01246103
3.483,0.01496619
3.4835,-0.10730947
3.484,-0.07488432
3.4845,-0.14332494
3.485,-0.19927347
3.4855,-0.31574664
3.486,-0.47817664
3.4865,-0.53697033
3.487,-0.63395638
3.4875,-0.50195189
3.488,-0.36608937
3.4885,-0.25690729
3.489,-0.13991391
3.4895,0.00120437
3.49,-0.06303456
3.4905,-0.03228167
3.491,0.03887922
3.4915,0.01855979
3.492,0.09836645
3.4925,0.0146185
3.493,-0.00628778
3.4935,-0.08924521
3.494,-0.08877737
3.4945,-0.09182677
3.495,-0.02702465
3.4955,0.16566449
3.496,0.27328393
3.4965,0.43659704
3.497,0.4928623
3.4975,0.44833723
3.498,0.3964447
3.4985,0.40891327
3.499,0.45415279
3.4995,0.37751032
3.5,0.29205182
3.5005,0.22033561
3.501,0.02729493
3.5015,-0.04313832
3.502,-0.0807033
3.5025,-0.07310808
3.503,-0.01603894
3.5035,0.0791418
3.504,0.10972798
3.5045,0.02425763
3.505,0.04414904
3.5055,-0.03402192
3.506,-0.02495879
3.5065,-0.13273826
3.507,-0.11225464
3.5075,-0.20659613
3.508,-0.31136748
3.5085,-0.48297857
3.509,-0.55832753
3.5095,-0.59966015
3.51,-0.50776905
3.5105,-0.41722007
3.511,-0.23309878
3.5115,-0.17927725
3.512,-0.10734648
3.5125,-0.12074774
3.513,-0.02372846
3.5135,0.02266817
3.514,0.08525974
3.5145,0.0511653
3.515,0.07295728
3.5155,0.03202167
3.516,-0.07731644
3.5165,-0.0609131
3.517,-0.05150842
3.5175,-0.0233649
3.518,0.07690185
3.5185,0.23867847
3.519,0.38747196
3.5195,0.46429362
3.52,0.4847497
3.5205,0.49316813
3.521,0.45778906
3.5215,0.41314826
3.522,0.43609154
3.5225,0.37159014
3.523,0.27766432
3.5235,0.07659927
3.524,-0.04370477
3.5245,-0.09111291
3.525,-0.11742956
3.5255,-0.03058108
3.526,0.01972243
3.5265,0.08136852
3.527,0.0270046
3.5275,-0.00063461
3.528,-0.02692568
3.5285,-0.07003272
3.529,-0.08426146
3.5295,-0.11870396
3.53,-0.22185547
3.5305,-0.27432072
3.531,-0.46362672
3.5315,-0.53525612
3.532,-0.58544781
3.5325,-0.55387117
3.533,-0.4100967
3.5335,-0.25875989
3.534,-0.20090297
3.5345,-0.14176944
3.535,-0.154933
3.5355,0.00779083
3.536,-0.0334184
3.5365,0.11198165
3.537,0.07358563
3.5375,0.09887547
3.538,0.00103493
3.5385,-0.0363599
3.539,-0.12627033
3.5395,-0.06539487
3.54,-0.08328897
3.5405,0.11261717
3.541,0.25043587
3.5415,0.34898645
3.542,0.45417566
3.5425,0.4552616
3.543,0.36236324
3.5435,0.46622873
3.544,0.48855827
3.5445,0.44924371
3.545,0.34048415
3.5455,0.2187316
3.546,0.19985679
3.5465,-0.0640219
3.547,-0.12116406
3.5475,-0.08228735
3.548,-0.00485836
3.5485,0.04619291
3.549,0.03093076
3.5495,0.00384262
3.55,0.03041755
3.5505,-0.08899869
3.551,-0.06243892
3.5515,-0.0565108
3.552,-0.05234491
3.5525,-0.14633395
3.553,-0.28942684
3.5535,-0.36341465
3.554,-0.53963439
3.5545,-0.57450436
3.555,-0.51625557
3.5555,-0.48325786
3.556,-0.32832051
3.5565,-0.19409009
3.557,-0.15856393
3.5575,-0.10906089
3.558,-0.11405066
3.5585,0.05052242
3.559,0.1027573
3.5595,0.04700896
3.56,0.06936559
3.5605,0.0818912
3.561,-0.00712619
3.5615,-0.14567652
3.562,-0.08481222
3.5625,-0.02228359
3.563,0.12489128
3.5635,0.21917398
3.564,0.35439518
3.5645,0.38790557
3.565,0.39553122
3.5655,0.40707828
3.566,0.4261835
3.5665,0.50146403
3.567,0.43971424
3.5675,0.43266717
3.568,0.25772194
3.5685,0.15289001
3.569,-0.00910961
3.5695,-0.19792619
3.57,-0.07259643
3.5705,-0.03293285
3.571,0.05446845
3.5715,-0.01335083
3.572,-0.01190506
3.5725,0.02100643
3.573,-0.08386815
3.5735,-0.05510949
3.574,-0.01438336
3.5745,-0.06517744
3.575,-0.16363416
3.5755,-0.2442731
3.576,-0.45412041
3.5765,-0.52435169
3.577,-0.51285036
3.5775,-0.51806813
3.578,-0.44839103
3.5785,-0.29091625
3.579,-0.24690311
3.5795,-0.14505429
3.58,-0.16910663
3.5805,-0.06623753
3.581,0.02038642
3.5815,0.16184974
3.582,0.12410074
3.5825,0.23507715
3.583,0.13996754
3.5835,-0.00520797
3.584,-0.04763127
3.5845,-0.04899675
3.585,-0.00583308
3.5855,0.17643402
3.586,0.23004331
3.5865,0.34885531
3.587,0.27575534
3.5875,0.36781406
3.588,0.31692128
3.5885,0.40470357
3.589,0.46018035
3.5895,0.46769692
3.59,0.4089535
3.5905,0.27437746
3.591,0.13406318
3.5915,-0.02037606
3.592,-0.09197418
3.5925,-0.07968322
3.593,-0.10188137
3.5935,-0.0061918
3.594,-0.05401712
3.5945,-0.008922
3.595,-0.01184422
3.5955,-0.03711298
3.596,-0.03468035
3.5965,-0.04482758
3.597,-0.03116927
3.5975,-0.10356289
3.598,-0.23443905
3.5985,-0.47249672
3.599,-0.532012
3.5995,-0.59070946
3.6,-0.56376922
3.6005,-0.35201322
3.601,-0.3457175
3.6015,-0.22729572
3.602,-0.21142254
3.6025,-0.14876866
3.603,-0.03704999
3.6035,-0.0004339
3.604,0.14992356
3.6045,0.13485914
3.605,0.14178925
3.6055,0.08814404
3.606,-0.0060219
3.6065,-0.09382189
3.607,-0.09263006
3.6075,-0.07487027
3.608,0.06860672
3.6085,0.26031733
3.609,0.26011849
3.6095,0.29224388
3.61,0.35792514
3.6105,0.36240671
3.611,0.46038997
3.6115,0.46765131
3.612,0.50877582
3.6125,0.35404447
3.613,0.33016689
3.6135,0.17716811
3.614,0.04203781
3.6145,-0.05324627
3.615,-0.04219408
3.6155,-0.05226634
3.616,-0.00426956
3.6165,-0.02292183
3.617,-0.0140945
3.6175,-0.07107222
3.618,-0.1000193
3.6185,-0.01106878
3.619,-0.00363897
3.6195,0.03206919
3.62,0.00294576
3.6205,-0.22621795
3.621,-0.30581098
3.6215,-0.4802471
3.622,-0.54048177
3.6225,-0.48639243
3.623,-0.42575252
3.6235,-0.306778
3.624,-0.2787934
3.6245,-0.20394658
3.625,-0.17922266
3.6255,-0.12263651
3.626,0.00888879
3.6265,0.11826023
3.627,0.20410175
3.6275,0.15694144
3.628,0.10367533
3.6285,0.03557253
3.629,-0.09285948
3.6295,-0.07322537
3.63,0.03487313
3.6305,0.10105438
3.631,0.17325393
3.6315,0.19753535
3.632,0.25319309
3.6325,0.25736396
3.633,0.39869393
3.6335,0.44653549
3.634,0.46263057
3.6345,0.51895619
3.635,0.44098747
3.6355,0.33389729
3.636,0.13699698
3.6365,0.05402282
3.637,-0.07589762
3.6375,-0.09444332
3.638,-0.08236813
3.6385,-0.0410014
3.639,-0.08573322
3.6395,-0.05603628
3.64,-0.09269791
3.6405,-0.12968316
3.641,-0.08811821
3.6415,-0.01468884
3.642,-0.01743428
3.6425,-0.04490386
3.643,-0.16436194
3.6435,-0.36121657
3.644,-0.49096379
3.6445,-0.54868331
3.645,-0.47016233
3.6455,-0.48544739
3.646,-0.37765626
3.6465,-0.25536919
3.647,-0.21227151
3.6475,-0.18526204
3.648,-0.07581769
3.6485,0.01624452
3.649,0.09305916
3.6495,0.19978551
3.65,0.20006113
3.6505,0.10751934
3.651,0.02670369
3.6515,-0.01088081
3.652,-0.03279734
3.6525,-0.05752795
3.653,0.06719109
3.6535,0.19277543
3.654,0.2584702
3.6545,0.30468581
3.655,0.30552113
3.6555,0.32449565
3.656,0.48698324
3.6565,0.52900284
3.657,0.51188614
3.6575,0.47597626
3.658,0.31994409
3.6585,0.1596344
3.659,0.03580207
3.6595,-0.12123794
3.66,-0.01632189
3.6605,-0.12434866
3.661,-0.09447048
3.6615,-0.05785901
3.662,-0.08037728
3.6625,-0.08890724
3.663,-0.07706662
3.6635,-0.07917011
3.664,-0.00912421
3.6645,-0.038391
3.665,-0.08869339
3.6655,-0.13863181
3.666,-0.37610498
3.6665,-0.46241364
3.667,-0.55071364
3.6675,-0.50226152
3.668,-0.3502462
3.6685,-0.39754384
3.669,-0.34297366
3.6695,-0.34560637
3.67,-0.29809588
3.6705,-0.15229702
3.671,-0.0277465
3.6715,0.11993476
3.672,0.21866243
3.6725,0.20006337
3.673,0.12933335
3.6735,0.06353839
3.674,-0.00943886
3.6745,-0.02326954
3.675,0.03450386
3.6755,0.09931683
3.676,0.15002398
3.6765,0.20060692
3.677,0.19138656
3.6775,0.29396754
3.678,0.3408206
3.6785,0.45168028
3.679,0.54856523
3.6795,0.49886313
3.68,0.45467141
3.6805,0.39407192
3.681,0.26764705
3.6815,0.05587743
3.682,-0.02481692
3.6825,-0.16265488
3.683,-0.0831058
3.6835,-0.06912957
3.684,-0.12532358
3.6845,-0.12282106
3.685,-0.17627964
3.6855,-0.08747187
3.686,-0.0363658
3.6865,0.01651981
3.687,0.00510261
3.6875,-0.08531253
3.688,-0.14988233
3.6885,-0.28940914
3.689,-0.38009063
3.6895,-0.4375898
3.69,-0.42744963
3.6905,-0.46299627
3.691,-0.36740403
3.6915,-0.32558132
3.692,-0.26861434
3.6925,-0.20639629
3.693,-0.15227198
3.6935,-0.00101587
3.694,0.15791216
3.6945,0.23584917
3.695,0.2318473
3.6955,0.1132081
3.696,0.07208289
3.6965,0.05440604
3.697,0.03321373
3.6975,0.07360103
3.698,0.11765702
3.6985,0.15415074
3.699,0.20723027
3.6995,0.20844847
3.7,0.2881172
3.7005,0.3130294
3.701,0.42417512
3.7015,0.48566535
3.702,0.53732987
3.7025,0.49734063
3.703,0.38532898
3.7035,0.19540486
3.704,0.04797262
3.7045,0.05810201
3.705,-0.10209294
3.7055,-0.0068389
3.706,-0.11927318
3.7065,-0.1817492
3.707,-0.15872545
3.7075,-0.21088252
3.708,-0.1154565
3.7085,-0.01182294
3.709,0.04604258
3.7095,0.04972168
3.71,0.00575127
3.7105,-0.16257619
3.711,-0.25398837
3.7115,-0.33981041
3.712,-0.44804876
3.7125,-0.42926725
3.713,-0.47160865
3.7135,-0.4091022
3.714,-0.32397727
3.7145,-0.35800604
3.715,-0.2910619
3.7155,-0.21228375
3.716,-0.01294749
3.7165,0.13389789
3.717,0.20989348
3.7175,0.20291075
3.718,0.18072328
3.7185,0.08500349
3.719,0.0511417
3.7195,-0.00909225
3.72,0.06657375
3.7205,0.07590791
3.721,0.13280634
3.7215,0.15218166
3.722,0.14942651
3.7225,0.23446566
3.723,0.32581432
3.7235,0.40882677
3.724,0.46361729
3.7245,0.52258807
3.725,0.47918245
3.7255,0.36791286
3.726,0.24186905
3.7265,0.05233596
3.727,0.00605225
3.7275,-0.07296921
3.728,-0.08584405
3.7285,-0.10764744
3.729,-0.10394199
3.7295,-0.20099769
3.73,-0.20438945
3.7305,-0.19950003
3.731,-0.12747593
3.7315,-0.03648763
3.732,-0.00442734
3.7325,-0.08544
3.733,-0.08817136
3.7335,-0.31610615
3.734,-0.40425648
3.7345,-0.48616296
3.735,-0.4303968
3.7355,-0.36062283
3.736,-0.34373304
3.7365,-0.38230427
3.737,-0.40231098
3.7375,-0.205681
3.738,-0.19349656
3.7385,-0.03339576
3.739,0.07783977
3.7395,0.22727989
3.74,0.22568228
3.7405,0.21662655
3.741,0.13674227
3.7415,0.04823279
3.742,0.05689464
3.7425,0.12338008
3.743,0.06106093
3.7435,0.14013705
3.744,0.11865757
3.7445,0.12661221
3.745,0.249378
3.7455,0.23654607
3.746,0.36251402
3.7465,0.50596153
3.747,0.53366111
3.7475,0.52645323
3.748,0.41780491
3.7485,0.24704454
3.749,0.14467843
3.7495,-0.02191239
3.75,-0.02299937
3.7505,-0.08120901
3.751,-0.14693326
3.7515,-0.15963176
3.752,-0.17432351
3.7525,-0.25607807
3.753,-0.11252361
3.7535,-0.0766841
3.754,0.02061912
3.7545,0.02604907
3.755,-0.05614568
3.7555,-0.11469829
3.756,-0.26598266
3.7565,-0.31914788
3.757,-0.47525914
3.7575,-0.40297997
3.758,-0.45193588
3.7585,-0.41142186
3.759,-0.35532055
3.7595,-0.42642769
3.76,-0.3492499
3.7605,-0.21694844
3.761,-0.01368806
3.7615,0.19418845
3.762,0.21314869
3.7625,0.21480718
3.763,0.26516582
3.7635,0.13478017
3.764,0.0564539
3.7645,0.0686631
3.765,0.0517921
3.7655,0.11415807
3.766,0.17702929
3.7665,0.17242915
3.767,0.11900311
3.7675,0.16616463
3.768,0.25101647
3.7685,0.36598478
3.769,0.5367763
3.7695,0.61757344
3.77,0.46899337
3.7705,0.3982911
3.771,0.36060827
3.7715,0.13856926
3.772,0.10857736
3.7725,0.0564996
3.773,-0.04487566
3.7735,-0.13900066
3.774,-0.19067604
3.7745,-0.25653477
3.775,-0.22973415
3.7755,-0.16242107
3.776,-0.06402777
3.7765,-0.05320097
3.777,0.02599544
3.7775,-0.0139167
3.778,-0.15192997
3.7785,-0.21286125
3.779,-0.35239323
3.7795,-0.37549883
3.78,-0.3972057
3.7805,-0.39016842
3.781,-0.44697501
3.7815,-0.40824391
3.782,-0.4096655
3.7825,-0.32786784
3.783,-0.20090687
3.7835,-0.06980127
3.784,0.06624226
3.7845,0.23892294
3.785,0.21451721
3.7855,0.2133843
3.786,0.07848776
3.7865,0.09696613
3.787,0.13374202
3.7875,0.0920616
3.788,0.15638272
3.7885,0.07986524
3.789,0.13744881
3.7895,0.10888353
3.79,0.16095802
3.7905,0.19642363
3.791,0.36759882
3.7915,0.47102085
3.792,0.52934474
3.7925,0.48593491
3.793,0.41494345
3.7935,0.28241904
3.794,0.18151246
3.7945,0.00949619
3.795,0.03650629
3.7955,-0.00652178
3.796,-0.07568704
3.7965,-0.22050084
3.797,-0.2795438
3.7975,-0.2024936
3.798,-0.19589165
3.7985,-0.0411437
3.799,-0.06324105
3.7995,0.06938112
3.8,-0.06001292
3.8005,-0.17596875
3.801,-0.21227372
3.8015,-0.29999014
3.802,-0.33147487
3.8025,-0.43808
3.803,-0.34091682
3.8035,-0.39960709
3.804,-0.41203631
3.8045,-0.45874306
3.805,-0.35494027
3.8055,-0.16326765
3.806,-0.02950998
3.8065,0.05423325
3.807,0.191616
3.8075,0.23547256
3.808,0.20250828
3.8085,0.20673377
3.809,0.11552956
3.8095,0.13791372
3.81,0.08367467
3.8105,0.16984244
3.811,0.10951348
3.8115,0.12408745
3.812,0.12346207
3.8125,0.15691309
3.813,0.22763713
3.8135,0.31104245
3.814,0.47355648
3.8145,0.48159608
3.815,0.51239103
3.8155,0.3302489
3.816,0.26915588
3.8165,0.19050488
3.817,0.05843378
3.8175,0.04158874
3.818,0.00618695
3.8185,-0.04004872
3.819,-0.19072281
3.8195,-0.29542793
3.82,-0.22840773
3.8205,-0.18621236
3.821,-0.18854577
3.8215,-0.03462303
3.822,0.00054183
3.8225,-0.00386707
3.823,-0.22080447
3.8235,-0.20701888
3.824,-0.2895953
3.8245,-0.28647412
3.825,-0.46662774
3.8255,-0.37874704
3.826,-0.3906662
3.8265,-0.36497407
3.827,-0.44443522
3.8275,-0.393619
3.828,-0.25754746
3.8285,-0.00405937
3.829,0.09995425
3.8295,0.16659617
3.83,0.20353808
3.8305,0.18579756
3.831,0.15179316
3.8315,0.12101519
3.832,0.09626397
3.8325,0.22412474
3.833,0.12705359
3.8335,0.1084153
3.834,0.08711155
3.8345,0.08170549
3.835,0.12877983
3.8355,0.1740575
3.836,0.31146346
3.8365,0.45206227
3.837,0.47925697
3.8375,0.5309529
3.838,0.45247129
3.8385,0.31267387
3.839,0.1915423
3.8395,0.11265468
3.84,0.06725075
3.8405,0.00715977
3.841,-0.09044786
3.8415,-0.19434969
3.842,-0.28385219
3.8425,-0.28642108
3.843,-0.29219904
3.8435,-0.16762081
3.844,-0.04607155
3.8445,0.01879932
3.845,-0.03793882
3.8455,-0.14778049
3.846,-0.20133814
3.8465,-0.297329
3.847,-0.31285765
3.8475,-0.34036449
3.848,-0.30894545
3.8485,-0.38649593
3.849,-0.42763646
3.8495,-0.41825796
3.85,-0.38515235
3.8505,-0.29602788
3.851,-0.09188038
3.8515,0.13013378
3.852,0.09142871
3.8525,0.20480708
3.853,0.15006434
3.8535,0.16530055
3.854,0.16473288
3.8545,0.16725653
3.855,0.16364877
3.8555,0.18745118
3.856,0.10122524
3.8565,0.08234083
3.857,0.05067619
3.8575,0.07404004
3.858,0.14232927
3.8585,0.29767681
3.859,0.47340953
3.8595,0.49078784
3.86,0.46794052
3.8605,0.4161469
3.861,0.32798861
3.8615,0.20373804
3.862,0.13008892
3.8625,0.15830852
3.863,0.00428943
3.8635,-0.14609366
3.864,-0.2076936
3.8645,-0.28115538
3.865,-0.34783117
3.8655,-0.32557968
3.866,-0.17197947
3.8665,-0.06916416
3.867,-0.09457215
3.8675,-0.07762875
3.868,-0.11248761
3.8685,-0.13761409
3.869,-0.22346763
3.8695,-0.28291008
3.87,-0.28190766
3.8705,-0.27402944
3.871,-0.36030898
3.8715,-0.47066717
3.872,-0.43234565
3.8725,-0.39615897
3.873,-0.29123676
3.8735,-0.15186233
3.874,0.06630023
3.8745,0.15584066
3.875,0.19057761
3.8755,0.25418778
3.876,0.16384377
3.8765,0.17110849
3.877,0.1697232
3.8775,0.2406681
3.878,0.1973258
3.8785,0.13316473
3.879,0.11005731
3.8795,0.04346466
3.88,0.09867128
3.8805,0.21730233
3.881,0.31282233
3.8815,0.39726177
3.882,0.48504938
3.8825,0.51177146
3.883,0.34991941
3.8835,0.26793135
3.884,0.27685049
3.8845,0.20507809
3.885,0.04412675
3.8855,0.08868131
3.886,-0.11918652
3.8865,-0.16740263
3.887,-0.34785372
3.8875,-0.30477322
3.888,-0.34399762
3.8885,-0.15698582
3.889,-0.08939611
3.8895,-0.0330189
3.89,-0.06281755
3.8905,-0.10991665
3.891,-0.15930517
3.8915,-0.22145415
3.892,-0.27678439
3.8925,-0.34013673
3.893,-0.24182522
3.8935,-0.40123177
3.894,-0.46429
3.8945,-0.50982256
3.895,-0.40521278
3.8955,-0.30295628
3.896,-0.14642425
3.8965,0.04675013
3.897,0.13543506
3.8975,0.20945589
3.898,0.15406772
3.8985,0.19911955
3.899,0.26767491
3.8995,0.26379308
3.9,0.23332364
3.9005,0.28183858
3.901,0.20580699
3.9015,0.07925256
3.902,0.05985705
3.9025,0.06985809
3.903,0.08029678
3.9035,0.24905445
3.904,0.47992953
3.9045,0.44417602
3.905,0.43895093
3.9055,0.42270977
3.906,0.35665295
3.9065,0.31988135
3.907,0.19166264
3.9075,0.17143972
3.908,0.10794023
3.9085,0.0158185
3.909,-0.24671533
3.9095,-0.27576603
3.91,-0.34082158
3.9105,-0.3068438
3.911,-0.14507222
3.9115,-0.11724683
3.912,-0.04859728
3.9125,-0.03565742
3.913,-0.12765247
3.9135,-0.20209827
3.914,-0.18884082
3.9145,-0.18422678
3.915,-0.22867695
3.9155,-0.26987732
3.916,-0.34417721
3.9165,-0.42971321
3.917,-0.50750162
3.9175,-0.40058825
3.918,-0.32704891
3.9185,-0.14393684
3.919,-0.00574317
3.9195,0.16144625
3.92,0.20056889
3.9205,0.21680781
3.921,0.24295445
3.9215,0.26613927
3.922,0.25179122
3.9225,0.28196163
3.923,0.28506089
3.9235,0.18562375
3.924,0.08482975
3.9245,0.05561803
3.925,0.08842961
3.9255,0.1826658
3.926,0.28590713
3.9265,0.30562084
3.927,0.41200648
3.9275,0.43606611
3.928,0.36823332
3.9285,0.38916312
3.929,0.28452898
3.9295,0.24735098
3.93,0.22189329
3.9305,0.05823151
3.931,-0.03019485
3.9315,-0.18076235
3.932,-0.31951333
3.9325,-0.34989872
3.933,-0.2552831
3.9335,-0.23594611
3.934,-0.132373
3.9345,-0.06402024
3.935,-0.08064272
3.9355,-0.12917668
3.936,-0.17238403
3.9365,-0.14386868
3.937,-0.23830728
3.9375,-0.23302914
3.938,-0.2890092
3.9385,-0.33087453
3.939,-0.43324677
3.9395,-0.4902042
3.94,-0.48301925
3.9405,-0.34040883
3.941,-0.21433263
3.9415,-0.01263753
3.942,0.08914195
3.9425,0.1479936
3.943,0.16110357
3.9435,0.16670965
3.944,0.22981303
3.9445,0.32808853
3.945,0.27020404
3.9455,0.29698504
3.946,0.18724511
3.9465,0.09431144
3.947,-0.00014402
3.9475,0.02009819
3.948,0.15149428
3.9485,0.25130361
3.949,0.36611434
3.9495,0.40219577
3.95,0.37995792
3.9505,0.3744717
3.951,0.24282331
3.9515,0.25121301
3.952,0.21862295
3.9525,0.15357009
3.953,0.08273231
3.9535,-0.05131436
3.954,-0.18836522
3.9545,-0.31326505
3.955,-0.37587611
3.9555,-0.30143907
3.956,-0.2079961
3.9565,-0.20514097
3.957,-0.157257
3.9575,-0.15171827
3.958,-0.17329844
3.9585,-0.14130805
3.959,-0.18250595
3.9595,-0.08551658
3.96,-0.19748378
3.9605,-0.25317801
3.961,-0.30625643
3.9615,-0.44335521
3.962,-0.51723502
3.9625,-0.43267392
3.963,-0.34061786
3.9635,-0.19475868
3.964,-0.03689585
3.9645,0.01558797
3.965,0.15729015
3.9655,0.16114162
3.966,0.19177007
3.9665,0.31289881
3.967,0.28508645
3.9675,0.32667085
3.968,0.28952504
3.9685,0.24115736
3.969,0.13826849
3.9695,0.06796867
3.97,0.05025483
3.9705,0.13149642
3.971,0.25701376
3.9715,0.31763367
3.972,0.38417148
3.9725,0.36244604
3.973,0.37043087
3.9735,0.28355892
3.974,0.3229246
3.9745,0.23180692
3.975,0.28395546
3.9755,0.21925266
3.976,-0.06416141
3.9765,-0.17385178
3.977,-0.3565729
3.9775,-0.36028705
3.978,-0.37049612
3.9785,-0.18757325
3.979,-0.14649447
3.9795,-0.19444647
3.98,-0.15352488
3.9805,-0.11922
3.981,-0.12419408
3.9815,-0.13705637
3.982,-0.07674159
3.9825,-0.19139709
3.983,-0.27537221
3.9835,-0.31337977
3.984,-0.36691111
3.9845,-0.48627536
3.985,-0.38803905
3.9855,-0.37308476
3.986,-0.23224757
3.9865,-0.08423123
3.987,0.0503384
3.9875,0.13936915
3.988,0.11013878
3.9885,0.19885943
3.989,0.27691567
3.9895,0.30640846
3.99,0.34058651
3.9905,0.26836789
3.991,0.17252105
3.9915,0.13724352
3.992,0.07614479
3.9925,0.07737415
3.993,0.09429777
3.9935,0.20920006
3.994,0.29891509
3.9945,0.36744712
3.995,0.38790805
3.9955,0.3206421
3.996,0.31175304
3.9965,0.29869544
3.997,0.35650715
3.9975,0.24953111
3.998,0.11735425
3.9985,-0.00056012
3.999,-0.10721079
3.9995,-0.28022208
