time,voltage
0.0,0.00707196
0.0005,-0.18391185
0.001,-0.32267675
0.0015,-0.27040555
0.002,-0.25876081
0.0025,-0.15118969
0.003,-0.01157834
0.0035,-0.06359137
0.004,-0.03755378
0.0045,-0.09289759
0.005,-0.17138614
0.0055,-0.22908035
0.006,-0.22103187
0.0065,-0.33350562
0.007,-0.34192063
0.0075,-0.42453782
0.008,-0.48018575
0.0085,-0.48694604
0.009,-0.54182173
0.0095,-0.38291802
0.01,-0.19164183
0.0105,-0.02905781
0.011,0.09071298
0.0115,0.20822842
0.012,0.17463053
0.0125,0.17302319
0.013,0.11773887
0.0135,0.14360661
0.014,0.17230544
0.0145,0.20888366
0.015,0.17882089
0.0155,0.08209013
0.016,0.06176652
0.0165,0.03636213
0.017,0.1772452
0.0175,0.26204632
0.018,0.41740084
0.0185,0.52511795
0.019,0.59075633
0.0195,0.55708399
0.02,0.35781612
0.0205,0.31503711
0.021,0.21443325
0.0215,0.15019619
0.022,0.0558789
0.0225,0.0251095
0.023,-0.06125975
0.0235,-0.14862243
0.024,-0.24329277
0.0245,-0.24779051
0.025,-0.23827667
0.0255,-0.13718333
0.026,0.02175488
0.0265,-0.00128419
0.027,-0.01796744
0.0275,-0.09909864
0.028,-0.23746102
0.0285,-0.41620735
0.029,-0.44291807
0.0295,-0.43288957
0.03,-0.44287756
0.0305,-0.48320519
0.031,-0.51670004
0.0315,-0.42846591
0.032,-0.34444453
0.0325,-0.28705698
0.033,-0.14214028
0.0335,0.03600545
0.034,0.2381851
0.0345,0.19842737
0.035,0.1681231
0.0355,0.17345801
0.036,0.02877261
0.0365,-0.01576833
0.037,0.02247791
0.0375,0.01891855
0.038,0.13570044
0.0385,0.14818751
0.039,0.19044754
0.0395,0.21182626
0.04,0.28648325
0.0405,0.39934115
0.041,0.52132114
0.0415,0.63169354
0.042,0.60672857
0.0425,0.54074581
0.043,0.32782603
0.0435,0.17189087
0.044,0.09943955
0.0445,-0.09177889
0.045,-0.1219148
0.0455,-0.0492141
0.046,-0.03966314
0.0465,-0.12593653
0.047,-0.13338026
0.0475,-0.0946
0.048,-0.15594259
0.0485,-0.0141802
0.049,-0.02636409
0.0495,0.06401437
0.05,-0.05113745
0.0505,-0.18415554
0.051,-0.34715711
0.0515,-0.5685504
0.052,-0.55839959
0.0525,-0.57168856
0.053,-0.48902847
0.0535,-0.38009684
0.054,-0.33503155
0.0545,-0.17525786
0.055,-0.21341557
0.0555,-0.18479655
0.056,-0.04428848
0.0565,0.04054922
0.057,0.11598538
0.0575,0.18926738
0.058,0.12179236
0.0585,0.04137306
0.059,-0.07391795
0.0595,-0.10150639
0.06,-0.06199058
0.0605,0.03244589
0.061,0.15247751
0.0615,0.31432963
0.062,0.33071873
0.0625,0.38141962
0.063,0.40205031
0.0635,0.46082411
0.064,0.47453937
0.0645,0.48097299
0.065,0.46772653
0.0655,0.39577226
0.066,0.24537188
0.0665,0.09629813
0.067,-0.09093778
0.0675,-0.12285472
0.068,-0.09304422
0.0685,-0.04087313
0.069,0.05921321
0.0695,0.02389675
0.07,0.05904977
0.0705,-0.01010706
0.071,-0.07583638
0.0715,-0.16999108
0.072,-0.07099596
0.0725,-0.16112783
0.073,-0.16807403
0.0735,-0.26496854
0.074,-0.4533522
0.0745,-0.5678941
0.075,-0.62268461
0.0755,-0.60808674
0.076,-0.53697629
0.0765,-0.27182883
0.077,-0.22289755
0.0775,-0.12273838
0.078,-0.11018923
0.0785,-0.04966357
0.079,-0.03724537
0.0795,-0.0632556
0.08,0.03528905
0.0805,0.12029739
0.081,0.05852568
0.0815,-0.02883306
0.082,-0.15089586
0.0825,-0.10419168
0.083,-0.062716
0.0835,0.07366353
0.084,0.22166191
0.0845,0.42468464
0.085,0.52922408
0.0855,0.54205327
0.086,0.55412776
0.0865,0.47629918
0.087,0.42346594
0.0875,0.37417142
0.088,0.32853957
0.0885,0.22798974
0.089,0.17146113
0.0895,0.00040195
0.09,-0.08065299
0.0905,-0.12136188
0.091,-0.15184897
0.0915,0.00762573
0.092,0.05454172
0.0925,0.21519193
0.093,0.18704248
0.0935,0.08691959
0.094,-0.02951638
0.0945,-0.13927686
0.095,-0.21855031
0.0955,-0.29002127
0.096,-0.31352683
0.0965,-0.39375849
0.097,-0.52916052
0.0975,-0.56937563
0.098,-0.55846343
0.0985,-0.53986559
0.099,-0.35144248
0.0995,-0.26148567
0.1,-0.05802634
0.1005,0.07230299
0.101,0.03409555
0.1015,-0.00876805
0.102,-0.16019512
0.1025,-0.04582686
0.103,-0.10445572
0.1035,-0.07452658
0.104,-0.06009718
0.1045,-0.06438282
0.105,-0.07241406
0.1055,0.01085967
0.106,0.05707517
0.1065,0.11343504
0.107,0.29103332
0.1075,0.53552267
0.108,0.59286514
0.1085,0.56252803
0.109,0.5302493
0.1095,0.37895749
0.11,0.31548253
0.1105,0.18609308
0.111,0.18729186
0.1115,0.19200331
0.112,0.15285325
0.1125,0.10404294
0.113,0.05687351
0.1135,0.00773193
0.114,0.00735653
0.1145,0.06294808
0.115,0.08638549
0.1155,0.2367445
0.116,0.23874599
0.1165,0.11215146
0.117,-0.0820127
0.1175,-0.23709011
0.118,-0.39841357
0.1185,-0.45012681
0.119,-0.46165532
0.1195,-0.42300459
0.12,-0.40092551
0.1205,-0.45605768
0.121,-0.3784437
0.1215,-0.36982939
0.122,-0.26925701
0.1225,-0.20498408
0.123,-0.00437895
0.1235,0.03454016
0.124,-0.05046255
0.1245,-0.05038008
0.125,-0.18835276
0.1255,-0.246039
0.126,-0.26161501
0.1265,-0.22098309
0.127,-0.03922653
0.1275,-0.04232157
0.128,0.11924609
0.1285,0.14072906
0.129,0.24549851
0.1295,0.27551577
0.13,0.47174428
0.1305,0.56080505
0.131,0.59194477
0.1315,0.60392278
0.132,0.48761715
0.1325,0.29312952
0.133,0.1697766
0.1335,0.03957505
0.134,0.05701269
0.1345,0.09641305
0.135,0.09514586
0.1355,0.10873192
0.136,0.20458947
0.1365,0.16632044
0.137,0.08518062
0.1375,0.11530686
0.138,0.13003191
0.1385,0.1728974
0.139,0.09227198
0.1395,-0.03644601
0.14,-0.18266609
0.1405,-0.40577911
0.141,-0.50821534
0.1415,-0.53034125
0.142,-0.54534796
0.1425,-0.49214978
0.143,-0.30560198
0.1435,-0.28498597
0.144,-0.22892482
0.1445,-0.22386112
0.145,-0.20088934
0.1455,-0.15400272
0.146,-0.0924376
0.1465,-0.01161459
0.147,-0.04547717
0.1475,-0.22924283
0.148,-0.24371078
0.1485,-0.30561221
0.149,-0.3142816
0.1495,-0.23154841
0.15,-0.02305867
0.1505,0.10395346
0.151,0.22732945
0.1515,0.40687704
0.152,0.35257764
0.1525,0.38413325
0.153,0.43893546
0.1535,0.49953631
0.154,0.48570693
0.1545,0.43821586
0.155,0.32863405
0.1555,0.18091919
0.156,0.10379912
0.1565,-0.04014182
0.157,0.00229768
0.1575,0.08997114
0.158,0.1609108
0.1585,0.23601749
0.159,0.26632601
0.1595,0.29081866
0.16,0.18622488
0.1605,0.17836679
0.161,0.11150631
0.1615,-0.03918127
0.162,-0.09290796
0.1625,-0.15372456
0.163,-0.32508829
0.1635,-0.4399244
0.164,-0.59226552
0.1645,-0.57653163
0.165,-0.50303188
0.1655,-0.40471183
0.166,-0.23132549
0.1665,-0.16193986
0.167,-0.09006313
0.1675,-0.12942262
0.168,-0.08079379
0.1685,-0.21700388
0.169,-0.22549002
0.1695,-0.22012874
0.17,-0.26857996
0.1705,-0.21296701
0.171,-0.22744394
0.1715,-0.25973411
0.172,-0.24957937
0.1725,-0.1455035
0.173,0.04645548
0.1735,0.212617
0.174,0.42244029
0.1745,0.47506277
0.175,0.52112381
0.1755,0.39914617
0.176,0.4158363
0.1765,0.39606026
0.177,0.33133292
0.1775,0.30412487
0.178,0.29345336
0.1785,0.20615618
0.179,0.16371165
0.1795,0.09396903
0.18,0.00955924
0.1805,0.13585766
0.181,0.26851758
0.1815,0.36891096
0.182,0.4229532
0.1825,0.40068791
0.183,0.21478358
0.1835,0.07319367
0.184,-0.11142453
0.1845,-0.22526384
0.185,-0.26713971
0.1855,-0.28941857
0.186,-0.27920196
0.1865,-0.39999619
0.187,-0.50771967
0.1875,-0.42403164
0.188,-0.38134034
0.1885,-0.3076377
0.189,-0.14475712
0.1895,0.00602297
0.19,0.00574236
0.1905,-0.04406442
0.191,-0.19596923
0.1915,-0.28181478
0.192,-0.31216706
0.1925,-0.34107691
0.193,-0.32429864
0.1935,-0.30357091
0.194,-0.13359783
0.1945,-0.02519875
0.195,-0.12141827
0.1955,-0.03832768
0.196,0.106781
0.1965,0.27806901
0.197,0.40565656
0.1975,0.46505606
0.198,0.47161947
0.1985,0.371434
0.199,0.24764197
0.1995,0.11643155
0.2,0.15056183
0.2005,0.15555737
0.201,0.19539057
0.2015,0.27748135
0.202,0.26452752
0.2025,0.14324809
0.203,0.2554021
0.2035,0.21762478
0.204,0.34719001
0.2045,0.38042344
0.205,0.37300754
0.2055,0.27215519
0.206,0.13857768
0.2065,0.01500776
0.207,-0.17379073
0.2075,-0.39940299
0.208,-0.4026129
0.2085,-0.39796173
0.209,-0.38402823
0.2095,-0.30237781
0.21,-0.36593719
0.2105,-0.29962499
0.211,-0.28557671
0.2115,-0.23015918
0.212,-0.12213123
0.2125,-0.04618174
0.213,-0.03440075
0.2135,-0.09080344
0.214,-0.30787549
0.2145,-0.36493065
0.215,-0.42346315
0.2155,-0.39426561
0.216,-0.37076696
0.2165,-0.17559381
0.217,-0.07722144
0.2175,-0.01261551
0.218,0.07112632
0.2185,0.13374838
0.219,0.16691471
0.2195,0.34860942
0.22,0.44927909
0.2205,0.43019403
0.221,0.4198909
0.2215,0.41174501
0.222,0.19872101
0.2225,0.07842178
0.223,0.05041477
0.2235,0.13658605
0.224,0.20833849
0.2245,0.31266173
0.225,0.32503098
0.2255,0.35755402
0.226,0.36115715
0.2265,0.28473119
0.227,0.3183006
0.2275,0.30412307
0.228,0.23651757
0.2285,0.20952363
0.229,0.05222228
0.2295,-0.13754738
0.23,-0.4192085
0.2305,-0.45372865
0.231,-0.51047303
0.2315,-0.46945996
0.232,-0.25428446
0.2325,-0.25815629
0.233,-0.12656856
0.2335,-0.25856736
0.234,-0.2122003
0.2345,-0.18597967
0.235,-0.17576391
0.2355,-0.14049183
0.236,-0.24523417
0.2365,-0.30140205
0.237,-0.31983752
0.2375,-0.39260445
0.238,-0.50781323
0.2385,-0.46561659
0.239,-0.33511909
0.2395,-0.18738988
0.24,0.01826192
0.2405,0.22510478
0.241,0.26254039
0.2415,0.30505639
0.242,0.29187673
0.2425,0.24816278
0.243,0.28862785
0.2435,0.26264038
0.244,0.28589573
0.2445,0.24790721
0.245,0.17457078
0.2455,0.16977944
0.246,0.0591431
0.2465,0.11812341
0.247,0.28102812
0.2475,0.36836626
0.248,0.52611495
0.2485,0.48904535
0.249,0.42689558
0.2495,0.31494141
0.25,0.27361532
0.2505,0.14919573
0.251,0.04015811
0.2515,0.06330237
0.252,-0.08381881
0.2525,-0.18662659
0.253,-0.36472295
0.2535,-0.43113442
0.254,-0.38192486
0.2545,-0.28031255
0.255,-0.27399138
0.2555,-0.15189448
0.256,-0.06400085
0.2565,-0.0886845
0.257,-0.19744252
0.2575,-0.22320969
0.258,-0.34861675
0.2585,-0.40622588
0.259,-0.40954089
0.2595,-0.3193518
0.26,-0.37463095
0.2605,-0.38224629
0.261,-0.40316294
0.2615,-0.33679702
0.262,-0.26075467
0.2625,-0.06938456
0.263,0.14757615
0.2635,0.30180848
0.264,0.33914748
0.2645,0.32330718
0.265,0.20961738
0.2655,0.15993946
0.266,0.15632601
0.2665,0.1563392
0.267,0.16981701
0.2675,0.24438603
0.268,0.20196676
0.2685,0.13778778
0.269,0.19058524
0.2695,0.18772117
0.27,0.3104841
0.2705,0.45460757
0.271,0.56730787
0.2715,0.52548055
0.272,0.48111222
0.2725,0.31176524
0.273,0.12419372
0.2735,-0.07626886
0.274,-0.13631931
0.2745,-0.16691098
0.275,-0.1596748
0.2755,-0.1602064
0.276,-0.23885225
0.2765,-0.3442626
0.277,-0.31782566
0.2775,-0.22395114
0.278,-0.12266925
0.2785,-0.03484094
0.279,-0.01698743
0.2795,-0.12590107
0.28,-0.23521903
0.2805,-0.31199526
0.281,-0.5112395
0.2815,-0.54040509
0.282,-0.45186427
0.2825,-0.4688502
0.283,-0.33743562
0.2835,-0.32423694
0.284,-0.20613131
0.2845,-0.14603452
0.285,-0.06290629
0.2855,0.01388903
0.286,0.21832298
0.2865,0.38075453
0.287,0.39070737
0.2875,0.33796894
0.288,0.19095148
0.2885,0.03251674
0.289,0.03525227
0.2895,0.04041919
0.29,0.14659312
0.2905,0.2443005
0.291,0.2886172
0.2915,0.32289797
0.292,0.34830384
0.2925,0.33516287
0.293,0.33365551
0.2935,0.49489589
0.294,0.51488436
0.2945,0.49261679
0.295,0.38097351
0.2955,0.24280354
0.296,0.03628352
0.2965,-0.15453815
0.297,-0.24102749
0.2975,-0.22961716
0.298,-0.21204094
0.2985,-0.12412856
0.299,-0.15843024
0.2995,-0.07520836
0.3,-0.14064474
0.3005,-0.18923502
0.301,-0.16393105
0.3015,-0.14534581
0.302,-0.12337624
0.3025,-0.15833142
0.303,-0.24305211
0.3035,-0.41699391
0.304,-0.56542427
0.3045,-0.64403804
0.305,-0.55274951
0.3055,-0.49998999
0.306,-0.35084529
0.3065,-0.16562034
0.307,0.06881004
0.3075,-0.04028299
0.308,0.02752997
0.3085,0.11322062
0.309,0.17172118
0.3095,0.22474329
0.31,0.25011863
0.3105,0.22721225
0.311,0.10013064
0.3115,-0.00472579
0.312,-0.06197139
0.3125,0.0335731
0.313,0.10099218
0.3135,0.25044689
0.314,0.36362478
0.3145,0.48597271
0.315,0.51728088
0.3155,0.48218623
0.316,0.41092728
0.3165,0.40753045
0.317,0.33969243
0.3175,0.36373808
0.318,0.18653007
0.3185,0.12137264
0.319,0.01158856
0.3195,-0.19346951
0.32,-0.2650054
0.3205,-0.26847193
0.321,-0.14684247
0.3215,-0.02997646
0.322,-0.00654284
0.3225,-0.02598025
0.323,0.02180818
0.3235,-0.1574459
0.324,-0.20887601
0.3245,-0.19982592
0.325,-0.16696173
0.3255,-0.35457314
0.326,-0.34843994
0.3265,-0.48425246
0.327,-0.53798568
0.3275,-0.57715104
0.328,-0.558923
0.3285,-0.35047752
0.329,-0.17802732
0.3295,-0.01289147
0.33,0.12491385
0.3305,0.12982519
0.331,0.08939563
0.3315,0.06523735
0.332,0.05535909
0.3325,0.01990753
0.333,0.10618589
0.3335,0.09604417
0.334,0.04717738
0.3345,0.01401633
0.335,0.07227276
0.3355,0.07202975
0.336,0.22793415
0.3365,0.31237351
0.337,0.57586336
0.3375,0.65706266
0.338,0.60715185
0.3385,0.4795857
0.339,0.38725761
0.3395,0.31030818
0.34,0.20815672
0.3405,0.21905452
0.341,0.11014248
0.3415,0.04841017
0.342,-0.04981618
0.3425,-0.10746181
0.343,-0.18074501
0.3435,-0.14007607
0.344,-0.06486526
0.3445,0.04125611
0.345,0.11612333
0.3455,0.03280557
0.346,-0.00774985
0.3465,-0.13593728
0.347,-0.33035405
0.3475,-0.45930447
0.348,-0.50360947
0.3485,-0.52277502
0.349,-0.4202574
0.3495,-0.48113988
0.35,-0.40023122
0.3505,-0.53365729
0.351,-0.39678163
0.3515,-0.27976554
0.352,-0.03418667
0.3525,0.09277294
0.353,0.15294337
0.3535,0.16148403
0.354,0.13471762
0.3545,0.00867054
0.355,-0.08660098
0.3555,-0.07287379
0.356,-0.00184924
0.3565,0.07495286
0.357,0.06399081
0.3575,0.12522346
0.358,0.16813232
0.3585,0.25548936
0.359,0.3338288
0.3595,0.48593691
0.36,0.6350523
0.3605,0.62744979
0.361,0.65854628
0.3615,0.51667485
0.362,0.25479308
0.3625,0.13658714
0.363,0.02028186
0.3635,0.0152066
0.364,0.04223838
0.3645,-0.00930353
0.365,0.02103377
0.3655,0.03369179
0.366,-0.0112417
0.3665,-0.08499706
0.367,-0.01960202
0.3675,0.02674127
0.368,0.06636871
0.3685,0.05307542
0.369,-0.10426944
0.3695,-0.29458925
0.37,-0.46402304
0.3705,-0.53064348
0.371,-0.64546924
0.3715,-0.55623476
0.372,-0.482173
0.3725,-0.42222229
0.373,-0.25415146
0.3735,-0.23805472
0.374,-0.22493461
0.3745,-0.1882524
0.375,-0.04309796
0.3755,-0.01359306
0.376,0.09315734
0.3765,0.17689286
0.377,0.01734464
0.3775,-0.07806176
0.378,-0.11943802
0.3785,-0.16731212
0.379,-0.09964984
0.3795,0.0357166
0.38,0.26401144
0.3805,0.22661519
0.381,0.3065133
0.3815,0.33146468
0.382,0.37098361
0.3825,0.57477156
0.383,0.48685104
0.3835,0.53697705
0.384,0.45161033
0.3845,0.4362983
0.385,0.25209281
0.3855,0.07347606
0.386,-0.10610365
0.3865,-0.07642354
0.387,-0.02726481
0.3875,0.06282682
0.388,0.07416339
0.3885,0.14526792
0.389,0.18447071
0.3895,0.11968027
0.39,0.03513307
0.3905,0.04644342
0.391,-0.02657574
0.3915,-0.13380468
0.392,-0.15392022
0.3925,-0.3348653
0.393,-0.49546717
0.3935,-0.66656611
0.394,-0.63348963
0.3945,-0.59402072
0.395,-0.41543671
0.3955,-0.24653778
0.396,-0.16972877
0.3965,-0.14447524
0.397,-0.09152417
0.3975,-0.0782267
0.398,-0.07994577
0.3985,0.00912777
0.399,-0.0304202
0.3995,-0.00957344
0.4,-0.03228254
0.4005,-0.13070862
0.401,-0.16616824
0.4015,-0.0984627
0.402,-0.03599813
0.4025,0.10934838
0.403,0.33601994
0.4035,0.43396412
0.404,0.51667747
0.4045,0.52554971
0.405,0.4654356
0.4055,0.50084796
0.406,0.42020934
0.4065,0.39496659
0.407,0.3602361
0.4075,0.22726731
0.408,0.11457763
0.4085,0.05853519
0.409,-0.0315903
0.4095,-0.02544885
0.41,0.01837612
0.4105,0.13035757
0.411,0.23118089
0.4115,0.21321437
0.412,0.18102812
0.4125,0.10245668
0.413,-0.03099367
0.4135,-0.15675745
0.414,-0.1936083
0.4145,-0.20041362
0.415,-0.3967113
0.4155,-0.44026543
0.416,-0.47977848
0.4165,-0.58583585
0.417,-0.63343531
0.4175,-0.44377134
0.418,-0.39622578
0.4185,-0.1561824
0.419,-0.0091399
0.4195,0.02180422
0.42,-0.05488543
0.4205,-0.05353724
0.421,-0.09756184
0.4215,-0.20335853
0.422,-0.17106723
0.4225,-0.11759178
0.423,-0.09732974
0.4235,-0.08251252
0.424,-0.06842564
0.4245,-0.05398081
0.425,0.04895981
0.4255,0.18989762
0.426,0.32907062
0.4265,0.58006599
0.427,0.52828347
0.4275,0.62295476
0.428,0.44566009
0.4285,0.30902793
0.429,0.27902257
0.4295,0.20490555
0.43,0.19691134
0.4305,0.20518222
0.431,0.17728606
0.4315,0.10962984
0.432,0.07806765
0.4325,0.04393372
0.433,0.06173719
0.4335,0.16946383
0.434,0.23876223
0.4345,0.23757536
0.435,0.21639802
0.4355,0.07487764
0.436,-0.13883406
0.4365,-0.34022467
0.437,-0.43654478
0.4375,-0.43851235
0.438,-0.47586501
0.4385,-0.44639624
0.439,-0.46005107
0.4395,-0.46255932
0.44,-0.39917844
0.4405,-0.33865053
0.441,-0.2409853
0.4415,-0.09759376
0.442,-0.06854592
0.4425,-0.00104466
0.443,-0.04259193
0.4435,-0.11872646
0.444,-0.27329757
0.4445,-0.27706173
0.445,-0.30484439
0.4455,-0.23378788
0.446,-0.10028197
0.4465,-0.02257336
0.447,0.09232512
0.4475,0.10279084
0.448,0.15475811
0.4485,0.32016207
0.449,0.51403582
0.4495,0.51101306
0.45,0.64391374
0.4505,0.59556373
0.451,0.43466035
0.4515,0.16403058
0.452,0.15515736
0.4525,0.05759304
0.453,0.10409751
0.4535,0.11607553
0.454,0.22755054
0.4545,0.16700272
0.455,0.25970843
0.4555,0.20362853
0.456,0.21916977
0.4565,0.14457539
0.457,0.30358307
0.4575,0.21005445
0.458,0.1543957
0.4585,-0.0039329
0.459,-0.22704857
0.4595,-0.41620251
0.46,-0.55323991
0.4605,-0.58175709
0.461,-0.51381565
0.4615,-0.37550682
0.462,-0.29780238
0.4625,-0.32629096
0.463,-0.29335222
0.4635,-0.22755277
0.464,-0.21573253
0.4645,-0.11702519
0.465,-0.11423753
0.4655,-0.08961462
0.466,-0.15585687
0.4665,-0.26299217
0.467,-0.39627651
0.4675,-0.36683912
0.468,-0.36238236
0.4685,-0.23898246
0.469,-0.06262484
0.4695,0.17040428
0.47,0.26153623
0.4705,0.32050618
0.471,0.37548926
0.4715,0.38509831
0.472,0.37318317
0.4725,0.48846041
0.473,0.50537957
0.4735,0.36172375
0.474,0.36438028
0.4745,0.12667047
0.475,0.0593416
0.4755,0.04068398
0.476,0.11468532
0.4765,0.17702182
0.477,0.26538409
0.4775,0.41657983
0.478,0.37482084
0.4785,0.25967768
0.479,0.223974
0.4795,0.18278281
0.48,0.08383666
0.4805,0.00880957
0.481,-0.05318775
0.4815,-0.1590497
0.482,-0.27577071
0.4825,-0.44682048
0.483,-0.54482366
0.4835,-0.56651241
0.484,-0.42823943
0.4845,-0.32302862
0.485,-0.15658892
0.4855,-0.11796458
0.486,-0.08647841
0.4865,-0.17744328
0.487,-0.1764797
0.4875,-0.2494332
0.488,-0.2410463
0.4885,-0.30954438
0.489,-0.25045968
0.4895,-0.26357726
0.49,-0.3315183
0.4905,-0.34778042
0.491,-0.33819613
0.4915,-0.11988248
0.492,0.03774812
0.4925,0.28357737
0.493,0.35332139
0.4935,0.4348948
0.494,0.50982919
0.4945,0.3687874
0.495,0.33177143
0.4955,0.31375921
0.496,0.31077769
0.4965,0.29569681
0.497,0.2675291
0.4975,0.17217956
0.498,0.11160044
0.4985,0.0432002
0.499,0.13016038
0.4995,0.29093713
0.5,0.42517452
0.5005,0.49234471
0.501,0.40722699
0.5015,0.34874444
0.502,0.16089149
0.5025,0.02334282
0.503,-0.10770918
0.5035,-0.14704487
0.504,-0.24470597
0.5045,-0.25322754
0.505,-0.30483971
0.5055,-0.43001651
0.506,-0.49559095
0.5065,-0.43996069
0.507,-0.34287182
0.5075,-0.26759578
0.508,-0.06272262
0.5085,-0.06510511
0.509,-0.04203179
0.5095,-0.16283291
0.51,-0.32231029
0.5105,-0.3519759
0.511,-0.37208862
0.5115,-0.37835572
0.512,-0.37095016
0.5125,-0.23771534
0.513,-0.26232138
0.5135,-0.17210389
0.514,-0.17603401
0.5145,0.07397352
0.515,0.18017003
0.5155,0.32686983
0.516,0.44363894
0.5165,0.51669973
0.517,0.43164462
0.5175,0.3350419
0.518,0.22153242
0.5185,0.09331913
0.519,0.17040175
0.5195,0.20085312
0.52,0.19924406
0.5205,0.2467046
0.521,0.2506938
0.5215,0.23548894
0.522,0.28656102
0.5225,0.33517452
0.523,0.43795275
0.5235,0.40380091
0.524,0.44532693
0.5245,0.36247157
0.525,0.0550397
0.5255,-0.08912026
0.526,-0.2465584
0.5265,-0.21768242
0.527,-0.30572711
0.5275,-0.32105339
0.528,-0.27349559
0.5285,-0.29041752
0.529,-0.27678716
0.5295,-0.35392776
0.53,-0.21672132
0.5305,-0.18696506
0.531,-0.13277404
0.5315,-0.0859575
0.532,-0.16388101
0.5325,-0.25425671
0.533,-0.3571618
0.5335,-0.45847396
0.534,-0.54641987
0.5345,-0.48204472
0.535,-0.35174275
0.5355,-0.19101113
0.536,-0.05257941
0.5365,-0.02907662
0.537,0.04473716
0.5375,0.13670958
0.538,0.24822393
0.5385,0.32511292
0.539,0.38583041
0.5395,0.46258451
0.54,0.36940509
0.5405,0.29083299
0.541,0.12800881
0.5415,0.08667325
0.542,0.08323986
0.5425,0.11233451
0.543,0.31646587
0.5435,0.35636894
0.544,0.35814279
0.5445,0.41467871
0.545,0.38485932
0.5455,0.41250765
0.546,0.38421658
0.5465,0.40472906
0.547,0.33222819
0.5475,0.19292685
0.548,-0.01834137
0.5485,-0.13739375
0.549,-0.35102346
0.5495,-0.33685124
0.55,-0.48170163
0.5505,-0.3202182
0.551,-0.22039497
0.5515,-0.15228239
0.552,-0.06334171
0.5525,-0.22634263
0.553,-0.19117206
0.5535,-0.25980998
0.554,-0.18567595
0.5545,-0.20801647
0.555,-0.17894889
0.5555,-0.36906898
0.556,-0.37615847
0.5565,-0.53276346
0.557,-0.54694408
0.5575,-0.47431577
0.558,-0.32360683
0.5585,-0.07772495
0.559,0.0156069
0.5595,0.15768616
0.56,0.19568431
0.5605,0.23121818
0.561,0.25944513
0.5615,0.2247678
0.562,0.31197649
0.5625,0.27063114
0.563,0.27707901
0.5635,0.22322822
0.564,0.15172608
0.5645,0.06909813
0.565,0.09834967
0.5655,0.15839184
0.566,0.41048593
0.5665,0.4938182
0.567,0.51951819
0.5675,0.57090695
0.568,0.46227271
0.5685,0.37930989
0.569,0.32309388
0.5695,0.21718454
0.57,0.07188234
0.5705,0.01613977
0.571,-0.07988242
0.5715,-0.19550424
0.572,-0.38844087
0.5725,-0.35222565
0.573,-0.379784
0.5735,-0.285073
0.574,-0.12916897
0.5745,-0.03907488
0.575,-0.07372224
0.5755,-0.10826884
0.576,-0.20156392
0.5765,-0.30832215
0.577,-0.33975394
0.5775,-0.42605515
0.578,-0.41051491
0.5785,-0.40031006
0.579,-0.47601155
0.5795,-0.57417478
0.58,-0.47395374
0.5805,-0.34735809
0.581,-0.17297069
0.5815,0.04719072
0.582,0.19808645
0.5825,0.34389189
0.583,0.35235788
0.5835,0.2472349
0.584,0.19068018
0.5845,0.13902022
0.585,0.12697412
0.5855,0.1030711
0.586,0.12292711
0.5865,0.1837551
0.587,0.17768853
0.5875,0.07829262
0.588,0.16656699
0.5885,0.24441823
0.589,0.39849039
0.5895,0.52724705
0.59,0.62394265
0.5905,0.56608214
0.591,0.47815241
0.5915,0.27728762
0.592,0.14781382
0.5925,-0.015659
0.593,-0.100208
0.5935,-0.04996826
0.594,-0.11614385
0.5945,-0.19585605
0.595,-0.26960845
0.5955,-0.25224928
0.596,-0.15517589
0.5965,-0.19549036
0.597,-0.09365383
0.5975,0.01943355
0.598,0.00024674
0.5985,-0.14302159
0.599,-0.23621595
0.5995,-0.46577019
0.6,-0.54953775
0.6005,-0.54837976
0.601,-0.49312408
0.6015,-0.46228005
0.602,-0.40467286
0.6025,-0.2643921
0.603,-0.32912314
0.6035,-0.2105197
0.604,-0.06108209
0.6045,0.12071909
0.605,0.21528706
0.6055,0.29007106
0.606,0.3523577
0.6065,0.18984506
0.607,0.08920188
0.6075,-0.05567077
0.608,-0.02912714
0.6085,0.04752926
0.609,0.12765163
0.6095,0.21037247
0.61,0.3199732
0.6105,0.31651283
0.611,0.37689949
0.6115,0.43556534
0.612,0.43716846
0.6125,0.56709301
0.613,0.62407393
0.6135,0.54065901
0.614,0.39870401
0.6145,0.18120318
0.615,0.06627871
0.6155,-0.17478721
0.616,-0.16356136
0.6165,-0.20882776
0.617,-0.11564312
0.6175,-0.08581872
0.618,-0.11856155
0.6185,-0.08171291
0.619,-0.13969598
0.6195,-0.11869239
0.62,-0.05200549
0.6205,-0.05366049
0.621,-0.12624811
0.6215,-0.21740258
0.622,-0.31912785
0.6225,-0.52773704
0.623,-0.62382242
0.6235,-0.64919801
0.624,-0.52648653
0.6245,-0.44333631
0.625,-0.26174909
0.6255,-0.17534083
0.626,-0.04383133
0.6265,-0.02818217
0.627,0.02365527
0.6275,0.066453
0.628,0.18825686
0.6285,0.23169525
0.629,0.16146626
0.6295,0.13688134
0.63,0.03138941
0.6305,0.00768666
0.631,0.00317587
0.6315,-0.02846225
0.632,0.18106692
0.6325,0.29052181
0.633,0.47079632
0.6335,0.54865976
0.634,0.502302
0.6345,0.51399136
0.635,0.41563668
0.6355,0.37394834
0.636,0.43768485
0.6365,0.34876601
0.637,0.25576036
0.6375,0.04287608
0.638,-0.04615629
0.6385,-0.19839178
0.639,-0.18575928
0.6395,-0.19416117
0.64,-0.0762783
0.6405,0.04371834
0.641,0.07413867
0.6415,0.02308215
0.642,-0.03717208
0.6425,-0.12474349
0.643,-0.12966466
0.6435,-0.26273472
0.644,-0.29602909
0.6445,-0.32154172
0.645,-0.45090247
0.6455,-0.51570748
0.646,-0.6502739
0.6465,-0.58500111
0.647,-0.51081114
0.6475,-0.31637155
0.648,-0.11701691
0.6485,0.04399215
0.649,0.04541942
0.6495,0.07523715
0.65,0.02079851
0.6505,-0.06095109
0.651,0.03350544
0.6515,0.00340084
0.652,0.06846366
0.6525,0.00306423
0.653,0.0326762
0.6535,0.03814624
0.654,0.01796558
0.6545,0.04862888
0.655,0.31372934
0.6555,0.43801616
0.656,0.55666954
0.6565,0.66490551
0.657,0.57412372
0.6575,0.52323795
0.658,0.4082473
0.6585,0.32623693
0.659,0.22115512
0.6595,0.14221752
0.66,0.10820138
0.6605,-0.00528462
0.661,0.00440284
0.6615,-0.15121648
0.662,-0.15185206
0.6625,-0.06655438
0.663,0.01789787
0.6635,0.07403531
0.664,0.07867255
0.6645,0.13340749
0.665,-0.04728845
0.6655,-0.15005586
0.666,-0.40050184
0.6665,-0.40556984
0.667,-0.45582193
0.6675,-0.52205928
0.668,-0.50330714
0.6685,-0.52127227
0.669,-0.54030006
0.6695,-0.50803024
0.67,-0.41167932
0.6705,-0.21472784
0.671,0.00672558
0.6715,0.08756183
0.672,0.10567694
0.6725,0.05748613
0.673,-0.01143261
0.6735,-0.07013755
0.674,-0.1834117
0.6745,-0.11414812
0.675,-0.02252765
0.6755,0.00813409
0.676,0.05588955
0.6765,0.05478077
0.677,0.10750723
0.6775,0.19963554
0.678,0.39419451
0.6785,0.47180149
0.679,0.623665
0.6795,0.66016427
0.68,0.55619475
0.6805,0.45491131
0.681,0.29559249
0.6815,0.17431644
0.682,0.09045773
0.6825,0.0060476
0.683,0.05434198
0.6835,0.10279346
0.684,0.10306063
0.6845,-0.04467975
0.685,0.01536743
0.6855,0.02973579
0.686,0.0590374
0.6865,0.10318294
0.687,0.15800519
0.6875,-0.00141833
0.688,-0.09878727
0.6885,-0.33187014
0.689,-0.48063737
0.6895,-0.61521774
0.69,-0.5391602
0.6905,-0.55202794
0.691,-0.47927195
0.6915,-0.41591849
0.692,-0.33021381
0.6925,-0.28930946
0.693,-0.20544336
0.6935,-0.1533201
0.694,-0.07230263
0.6945,0.08917706
0.695,0.04127216
0.6955,0.0860419
0.696,-0.0608323
0.6965,-0.16398265
0.697,-0.26944954
0.6975,-0.22238277
0.698,-0.09433272
0.6985,0.10494329
0.699,0.21452386
0.6995,0.3444767
0.7,0.3685429
0.7005,0.35786393
0.701,0.4453162
0.7015,0.51469669
0.702,0.5666348
0.7025,0.58735202
0.703,0.4979844
0.7035,0.35251626
0.704,0.18928122
0.7045,0.05139875
0.705,-0.02189925
0.7055,0.00189118
0.706,0.04231786
0.7065,0.10643531
0.707,0.22138407
0.7075,0.24501415
0.708,0.13143873
0.7085,0.12449861
0.709,-0.03448729
0.7095,0.02602692
0.71,-0.03452859
0.7105,-0.06707877
0.711,-0.20919298
0.7115,-0.4348568
0.712,-0.58270258
0.7125,-0.62208027
0.713,-0.63867596
0.7135,-0.48781349
0.714,-0.38879148
0.7145,-0.23826495
0.715,-0.12640537
0.7155,-0.10144602
0.716,-0.1486927
0.7165,-0.13951749
0.717,-0.07493464
0.7175,-0.11400074
0.718,-0.08829517
0.7185,-0.07800411
0.719,-0.19113886
0.7195,-0.24985769
0.72,-0.23624687
0.7205,-0.24171141
0.721,-0.10272562
0.7215,0.18603738
0.722,0.37765341
0.7225,0.46585262
0.723,0.52475604
0.7235,0.53264371
0.724,0.4557303
0.7245,0.46899836
0.725,0.39409281
0.7255,0.39837147
0.726,0.364953
0.7265,0.26762165
0.727,0.14989739
0.7275,0.04092591
0.728,-0.05013174
0.7285,0.00945934
0.729,0.17019509
0.7295,0.23026057
0.73,0.34067928
0.7305,0.30754207
0.731,0.16366339
0.7315,0.08229136
0.732,-0.006371
0.7325,-0.06210894
0.733,-0.18681219
0.7335,-0.23312244
0.734,-0.32125844
0.7345,-0.48445415
0.735,-0.47885342
0.7355,-0.54645695
0.736,-0.48115232
0.7365,-0.44238758
0.737,-0.26474703
0.7375,-0.10393139
0.738,-0.0332312
0.7385,-0.08019887
0.739,-0.10299033
0.7395,-0.26018109
0.74,-0.14304616
0.7405,-0.24813371
0.741,-0.23022819
0.7415,-0.11883804
0.742,-0.18922432
0.7425,-0.20462649
0.743,-0.13592594
0.7435,-0.07133935
0.744,0.10906572
0.7445,0.24013522
0.745,0.40352194
0.7455,0.51443384
0.746,0.60185547
0.7465,0.44843804
0.747,0.4456975
0.7475,0.33353285
0.748,0.21069707
0.7485,0.18694181
0.749,0.14214259
0.7495,0.18356217
0.75,0.21947847
0.7505,0.12820593
0.751,0.12153525
0.7515,0.10728416
0.752,0.25140052
0.7525,0.31100041
0.753,0.29534704
0.7535,0.33855096
0.754,0.20357992
0.7545,-0.00918417
0.755,-0.20310128
0.7555,-0.33899608
0.756,-0.41813673
0.7565,-0.39046902
0.757,-0.41244337
0.7575,-0.42957194
0.758,-0.48859318
0.7585,-0.44954177
0.759,-0.43735586
0.7595,-0.37423316
0.76,-0.25174985
0.7605,-0.0217437
0.761,0.04676643
0.7615,-0.06692159
0.762,-0.12204774
0.7625,-0.24666213
0.763,-0.36723671
0.7635,-0.39020588
0.764,-0.30841046
0.7645,-0.23567393
0.765,-0.13849357
0.7655,0.00032946
0.766,0.09137662
0.7665,0.10899074
0.767,0.21791253
0.7675,0.34633543
0.768,0.40552103
0.7685,0.59008754
0.769,0.5891791
0.7695,0.4738728
0.77,0.33985649
0.7705,0.25067807
0.771,0.11734017
0.7715,0.06018015
0.772,0.13986327
0.7725,0.22220817
0.773,0.2111697
0.7735,0.30942829
0.774,0.23689998
0.7745,0.27564378
0.775,0.31223833
0.7755,0.21135313
0.776,0.33345206
0.7765,0.27164087
0.777,0.11679114
0.7775,-0.09527741
0.778,-0.27605331
0.7785,-0.46448614
0.779,-0.548323
0.7795,-0.44076038
0.78,-0.43023221
0.7805,-0.29449716
0.781,-0.24769549
0.7815,-0.3464734
0.782,-0.27298216
0.7825,-0.27883163
0.783,-0.21162499
0.7835,-0.23694317
0.784,-0.08885647
0.7845,-0.19924119
0.785,-0.21406412
0.7855,-0.34155828
0.786,-0.42455148
0.7865,-0.42090237
0.787,-0.40216668
0.7875,-0.18023784
0.788,-0.04358189
0.7885,0.17451191
0.789,0.2230656
0.7895,0.27340106
0.79,0.28348339
0.7905,0.34815786
0.791,0.42407341
0.7915,0.45959583
0.792,0.43673963
0.7925,0.36815007
0.793,0.25178426
0.7935,0.12973201
0.794,-0.01339864
0.7945,0.10057153
0.795,0.21261173
0.7955,0.26585684
0.796,0.34625175
0.7965,0.43724963
0.797,0.43921182
0.7975,0.30196507
0.798,0.23792793
0.7985,0.20680963
0.799,0.1327501
0.7995,0.07950808
0.8,-0.03592978
0.8005,-0.20244173
0.801,-0.29779868
0.8015,-0.41470988
0.802,-0.55969155
0.8025,-0.55411801
0.803,-0.34820404
0.8035,-0.22457924
0.804,-0.16144562
0.8045,-0.13319737
0.805,-0.12927447
0.8055,-0.17187018
0.806,-0.20348959
0.8065,-0.24275154
0.807,-0.30110323
0.8075,-0.2756574
0.808,-0.36588351
0.8085,-0.3752651
0.809,-0.40244108
0.8095,-0.39529765
0.81,-0.30500501
0.8105,-0.12782726
0.811,0.06731744
0.8115,0.26101908
0.812,0.32077318
0.8125,0.38668474
0.813,0.43032296
0.8135,0.35469871
0.814,0.25818337
0.8145,0.33543422
0.815,0.29486406
0.8155,0.33119413
0.816,0.17131189
0.8165,0.21703983
0.817,0.09734619
0.8175,0.21989274
0.818,0.22566455
0.8185,0.34593636
0.819,0.40789319
0.8195,0.45741588
0.82,0.47707222
0.8205,0.36218124
0.821,0.19169447
0.8215,0.03143929
0.822,-0.09566648
0.8225,-0.23568769
0.823,-0.18298129
0.8235,-0.27966128
0.824,-0.35350602
0.8245,-0.36707808
0.825,-0.47228945
0.8255,-0.37217308
0.826,-0.28627073
0.8265,-0.19894617
0.827,-0.04559727
0.8275,0.02085976
0.828,-0.16472354
0.8285,-0.30752056
0.829,-0.36399427
0.8295,-0.50264154
0.83,-0.43725439
0.8305,-0.360538
0.831,-0.40826436
0.8315,-0.32095054
0.832,-0.30202722
0.8325,-0.24416155
0.833,-0.09820909
0.8335,0.00386893
0.834,0.17865549
0.8345,0.33374454
0.835,0.51174181
0.8355,0.4573452
0.836,0.34093835
0.8365,0.30372219
0.837,0.13784939
0.8375,0.03909873
0.838,0.13486763
0.8385,0.21959383
0.839,0.24142629
0.8395,0.20779019
0.84,0.21877111
0.8405,0.29651289
0.841,0.36285029
0.8415,0.38439257
0.842,0.54980143
0.8425,0.53292826
0.843,0.42298771
0.8435,0.24752717
0.844,0.12228023
0.8445,-0.09218381
0.845,-0.22771118
0.8455,-0.25802266
0.846,-0.22560099
0.8465,-0.19005556
0.847,-0.28084491
0.8475,-0.27734672
0.848,-0.35475478
0.8485,-0.26360325
0.849,-0.21477871
0.8495,-0.12399698
0.85,-0.05400838
0.8505,-0.098205
0.851,-0.22649979
0.8515,-0.27537727
0.852,-0.4279472
0.8525,-0.58124096
0.853,-0.53340268
0.8535,-0.48968058
0.854,-0.35825168
0.8545,-0.24203654
0.855,-0.14612581
0.8555,-0.04257361
0.856,0.00364206
0.8565,0.10050438
0.857,0.24516752
0.8575,0.32651716
0.858,0.39119297
0.8585,0.378045
0.859,0.30586277
0.8595,0.11852958
0.86,0.01859167
0.8605,0.00359984
0.861,0.09157974
0.8615,0.24720181
0.862,0.32386429
0.8625,0.425225
0.863,0.50771636
0.8635,0.45670687
0.864,0.43313182
0.8645,0.4156869
0.865,0.43744499
0.8655,0.35977708
0.866,0.33703953
0.8665,0.19901004
0.867,0.01641668
0.8675,-0.19100991
0.868,-0.36438271
0.8685,-0.34575403
0.869,-0.30414366
0.8695,-0.15375201
0.87,-0.11014716
0.8705,-0.15935685
0.871,-0.1241178
0.8715,-0.17269383
0.872,-0.20666434
0.8725,-0.21832619
0.873,-0.19093378
0.8735,-0.30850827
0.874,-0.29186834
0.8745,-0.40639671
0.875,-0.57343791
0.8755,-0.59457543
0.876,-0.5552367
0.8765,-0.47313749
0.877,-0.30444835
0.8775,-0.07532996
0.878,0.05833794
0.8785,0.12188379
0.879,0.16549295
0.8795,0.09736582
0.88,0.1767058
0.8805,0.20869622
0.881,0.27497622
0.8815,0.23007534
0.882,0.15199045
0.8825,0.10362072
0.883,0.04499798
0.8835,0.02672637
0.884,0.09866441
0.8845,0.26772736
0.885,0.48559295
0.8855,0.55085085
0.886,0.61272242
0.8865,0.54481109
0.887,0.45907415
0.8875,0.3162462
0.888,0.30414123
0.8885,0.25291921
0.889,0.10625334
0.8895,0.02176698
0.89,-0.09554798
0.8905,-0.26277365
0.891,-0.27915545
0.8915,-0.35498736
0.892,-0.27048165
0.8925,-0.10564206
0.893,0.02801905
0.8935,-0.04076329
0.894,-0.03052438
0.8945,-0.11371568
0.895,-0.21373404
0.8955,-0.36874071
0.896,-0.35555099
0.8965,-0.4024105
0.897,-0.46459382
0.8975,-0.49165364
0.898,-0.52282085
0.8985,-0.51727445
0.899,-0.44986882
0.8995,-0.29875406
0.9,-0.12372389
0.9005,-0.01156262
0.901,0.21951054
0.9015,0.23167692
0.902,0.15353128
0.9025,0.17312917
0.903,0.0709421
0.9035,0.04444781
0.904,0.12603521
0.9045,0.12592092
0.905,0.1445253
0.9055,0.10453252
0.906,0.10308107
0.9065,0.13245381
0.907,0.19946416
0.9075,0.38103114
0.908,0.51034149
0.9085,0.61047224
0.909,0.57942801
0.9095,0.57243894
0.91,0.4913867
0.9105,0.25686251
0.911,0.13583102
0.9115,-0.0021978
0.912,-0.01572219
0.9125,-0.08755251
0.913,-0.11367662
0.9135,-0.17037804
0.914,-0.17224918
0.9145,-0.18479033
0.915,-0.18605509
0.9155,-0.10195561
0.916,-0.00587659
0.9165,0.0645217
0.917,-0.05985442
0.9175,-0.16202724
0.918,-0.35199
0.9185,-0.46327385
0.919,-0.58205578
0.9195,-0.56908775
0.92,-0.53989117
0.9205,-0.43449456
0.921,-0.33307817
0.9215,-0.37238419
0.922,-0.26990231
0.9225,-0.21189541
0.923,-0.01881904
0.9235,0.03154388
0.924,0.17869157
0.9245,0.27953802
0.925,0.15674024
0.9255,0.1012667
0.926,-0.01632805
0.9265,-0.07814629
0.927,-0.01895443
0.9275,0.04855508
0.928,0.17087438
0.9285,0.18175909
0.929,0.31018271
0.9295,0.33599027
0.93,0.31318192
0.9305,0.41069017
0.931,0.54454721
0.9315,0.59830662
0.932,0.6344255
0.9325,0.45030859
0.933,0.3396214
0.9335,0.13675607
0.934,0.0322965
0.9345,-0.04518172
0.935,-0.08362849
0.9355,-0.08863228
0.936,-0.0015144
0.9365,-0.02254187
0.937,-0.0123272
0.9375,-0.03949435
0.938,-0.05277192
0.9385,-0.07588919
0.939,-0.06978816
0.9395,-0.13047437
0.94,-0.08115319
0.9405,-0.2513145
0.941,-0.40879834
0.9415,-0.56880898
0.942,-0.66160746
0.9425,-0.66413829
0.943,-0.51866125
0.9435,-0.41381484
0.944,-0.26575016
0.9445,-0.15678409
0.945,-0.15677398
0.9455,-0.04282085
0.946,-0.02156562
0.9465,0.07505745
0.947,0.08897442
0.9475,0.14412114
0.948,0.11257265
0.9485,0.00886773
0.949,-0.12752301
0.9495,-0.14397254
0.95,-0.07819431
0.9505,0.00338319
0.951,0.19017747
0.9515,0.39638367
0.952,0.45837515
0.9525,0.47010368
0.953,0.46537656
0.9535,0.56779221
0.954,0.44419841
0.9545,0.43527741
0.955,0.40706013
0.9555,0.31896454
0.956,0.20647208
0.9565,0.06752181
0.957,-0.098675
0.9575,-0.09802412
0.958,-0.12323663
0.9585,-0.06037717
0.959,0.04476758
0.9595,0.16188295
0.96,0.09080396
0.9605,0.01506748
0.961,-0.0244741
0.9615,-0.19307539
0.962,-0.14010019
0.9625,-0.22237375
0.963,-0.22832158
0.9635,-0.36118856
0.964,-0.53790983
0.9645,-0.5599492
0.965,-0.64552669
0.9655,-0.62215837
0.966,-0.47500977
0.9665,-0.2894986
0.967,-0.14263357
0.9675,-0.04146122
0.968,-0.02548966
0.9685,-0.05494337
0.969,-0.01567054
0.9695,-0.04454782
0.97,-0.10387624
0.9705,-0.01651942
0.971,0.02905133
0.9715,-0.04379041
0.972,-0.02240226
0.9725,-0.07644705
0.973,-0.06419545
0.9735,0.10715097
0.974,0.31100491
0.9745,0.56744858
0.975,0.61562732
0.9755,0.6066505
0.976,0.54474724
0.9765,0.50725523
0.977,0.34653281
0.9775,0.22946323
0.978,0.28342154
0.9785,0.20823754
0.979,0.12700001
0.9795,0.079684
0.98,-0.00643695
0.9805,-0.1153407
0.981,-0.09332262
0.9815,0.01793373
0.982,0.13159714
0.9825,0.21763596
0.983,0.2296588
0.9835,0.10207977
0.984,-0.07718934
0.9845,-0.22987812
0.985,-0.36953741
0.9855,-0.40237601
0.986,-0.49928534
0.9865,-0.48861459
0.987,-0.56223084
0.9875,-0.52592334
0.988,-0.52966859
0.9885,-0.48196281
0.989,-0.32653795
0.9895,-0.1543497
0.99,-0.01724451
0.9905,0.04681922
0.991,0.10123792
0.9915,0.08996201
0.992,-0.0855607
0.9925,-0.20058224
0.993,-0.23584804
0.9935,-0.1484988
0.994,-0.047209
0.9945,-0.06498028
0.995,0.02860373
0.9955,0.08604504
0.996,0.21297989
0.9965,0.24149946
0.997,0.35094714
0.9975,0.54379061
0.998,0.69214558
0.9985,0.60829675
0.999,0.50988614
0.9995,0.40197315
1.0,0.27961286
1.0005,0.17587613
1.001,0.0448098
1.0015,0.11441187
1.002,0.11130668
1.0025,0.0952693
1.003,0.08972859
1.0035,0.02361316
1.004,0.09909344
1.0045,0.06736904
1.005,0.19058288
1.0055,0.17831132
1.006,0.17171985
1.0065,0.09313849
1.007,-0.19626905
1.0075,-0.40088678
1.008,-0.44391684
1.0085,-0.56462112
1.009,-0.56562509
1.0095,-0.43727645
1.01,-0.44219083
1.0105,-0.39359566
1.011,-0.3618277
1.0115,-0.30379308
1.012,-0.25097011
1.0125,-0.15098527
1.013,-0.01967523
1.0135,-0.03181761
1.014,-0.05312606
1.0145,-0.11841524
1.015,-0.23474842
1.0155,-0.29959369
1.016,-0.33757906
1.0165,-0.23306925
1.017,-0.05974191
1.0175,0.06187273
1.018,0.17937963
1.0185,0.26558008
1.019,0.27889523
1.0195,0.42037898
1.02,0.34576841
1.0205,0.57949144
1.021,0.59291871
1.0215,0.54955302
1.022,0.46451031
1.0225,0.30676941
1.023,0.12778669
1.0235,0.06929427
1.024,0.04565887
1.0245,0.07688364
1.025,0.19089739
1.0255,0.24007759
1.026,0.27528704
1.0265,0.19017185
1.027,0.18700892
1.0275,0.07487244
1.028,0.15046924
1.0285,0.05806874
1.029,0.0222135
1.0295,-0.12021748
1.03,-0.30164676
1.0305,-0.48394856
1.031,-0.56806379
1.0315,-0.62066858
1.032,-0.61114625
1.0325,-0.37455717
1.033,-0.31585997
1.0335,-0.24562727
1.034,-0.15917235
1.0345,-0.15137718
1.035,-0.1782876
1.0355,-0.1822488
1.036,-0.14155421
1.0365,-0.08473233
1.037,-0.12037975
1.0375,-0.18108756
1.038,-0.27172928
1.0385,-0.30472735
1.039,-0.31203388
1.0395,-0.19740446
1.04,-0.00561485
1.0405,0.13659225
1.041,0.29095705
1.0415,0.50289846
1.042,0.49274832
1.0425,0.47982067
1.043,0.48802109
1.0435,0.4391866
1.044,0.38645081
1.0445,0.35704145
1.045,0.28968683
1.0455,0.23083775
1.046,0.06230194
1.0465,0.03037964
1.047,0.02591825
1.0475,0.13674084
1.048,0.22738611
1.0485,0.30325421
1.049,0.35673115
1.0495,0.36087186
1.05,0.21071255
1.0505,0.05361037
1.051,-0.03055677
1.0515,-0.10538515
1.052,-0.16387841
1.0525,-0.30249774
1.053,-0.35534038
1.0535,-0.43509455
1.054,-0.61242681
1.0545,-0.57286758
1.055,-0.48986608
1.0555,-0.37535891
1.056,-0.22532732
1.0565,-0.10445711
1.057,-0.07135673
1.0575,-0.14728398
1.058,-0.17407421
1.0585,-0.25557351
1.059,-0.24660708
1.0595,-0.23030358
1.06,-0.26480753
1.0605,-0.18686968
1.061,-0.24725551
1.0615,-0.25276139
1.062,-0.21920634
1.0625,-0.0543867
1.063,0.1417002
1.0635,0.2126309
1.064,0.46716676
1.0645,0.57190542
1.065,0.53094937
1.0655,0.41892581
1.066,0.27033886
1.0665,0.30331277
1.067,0.19356385
1.0675,0.25000552
1.068,0.24384
1.0685,0.21028037
1.069,0.16696458
1.0695,0.17392359
1.07,0.23239801
1.0705,0.22839045
1.071,0.33576579
1.0715,0.38159991
1.072,0.40576496
1.0725,0.37283639
1.073,0.13209033
1.0735,-0.0173295
1.074,-0.24702779
1.0745,-0.23593065
1.075,-0.44105696
1.0755,-0.39609469
1.076,-0.38434098
1.0765,-0.367496
1.077,-0.43183704
1.0775,-0.39267052
1.078,-0.36198973
1.0785,-0.32179609
1.079,-0.18701245
1.0795,-0.06196445
1.08,0.03252314
1.0805,-0.13326263
1.081,-0.26982667
1.0815,-0.39574612
1.082,-0.37040834
1.0825,-0.38682724
1.083,-0.35511142
1.0835,-0.25016206
1.084,-0.14720039
1.0845,-0.06483789
1.085,0.03438024
1.0855,0.10203398
1.086,0.20356464
1.0865,0.34583163
1.087,0.49783189
1.0875,0.55139879
1.088,0.50397045
1.0885,0.3485863
1.089,0.25501706
1.0895,0.0653712
1.09,0.0752929
1.0905,0.15406146
1.091,0.20326607
1.0915,0.29493803
1.092,0.3850828
1.0925,0.33671237
1.093,0.29165219
1.0935,0.23621896
1.094,0.30041615
1.0945,0.35656719
1.095,0.3712396
1.0955,0.19258945
1.096,0.06157498
1.0965,-0.08430741
1.097,-0.3247306
1.0975,-0.48280989
1.098,-0.5107171
1.0985,-0.43023012
1.099,-0.35589594
1.0995,-0.2771892
1.1,-0.25654552
1.1005,-0.25570546
1.101,-0.23795632
1.1015,-0.2063704
1.102,-0.1854455
1.1025,-0.15942389
1.103,-0.14063868
1.1035,-0.23962859
1.104,-0.29874226
1.1045,-0.45392259
1.105,-0.47388554
1.1055,-0.47188699
1.106,-0.33081073
1.1065,-0.19916684
1.107,0.0087418
1.1075,0.15968841
1.108,0.2394657
1.1085,0.22522375
1.109,0.34446718
1.1095,0.36045503
1.11,0.38251423
1.1105,0.39802324
1.111,0.43227067
1.1115,0.30986551
1.112,0.21838924
1.1125,0.02953819
1.113,0.04053338
1.1135,0.12625784
1.114,0.2137833
1.1145,0.35085276
1.115,0.35241282
1.1155,0.49277323
1.116,0.42906328
1.1165,0.35663704
1.117,0.20064387
1.1175,0.25717932
1.118,0.14670766
1.1185,0.02404588
1.119,-0.05827426
1.1195,-0.18014056
1.12,-0.33739269
1.1205,-0.45885507
1.121,-0.46374665
1.1215,-0.43044591
1.122,-0.21126356
1.1225,-0.19975041
1.123,-0.03183225
1.1235,-0.15220051
1.124,-0.1416084
1.1245,-0.24907024
1.125,-0.30955174
1.1255,-0.23169224
1.126,-0.31138256
1.1265,-0.30643378
1.127,-0.30756751
1.1275,-0.42558861
1.128,-0.45024698
1.1285,-0.43334459
1.129,-0.26475002
1.1295,-0.02929311
1.13,0.08970399
1.1305,0.28750219
1.131,0.3128582
1.1315,0.35219888
1.132,0.31464938
1.1325,0.29532549
1.133,0.22431791
1.1335,0.25749537
1.134,0.26582768
1.1345,0.15946547
1.135,0.11777103
1.1355,0.08221831
1.136,0.10906822
1.1365,0.16333255
1.137,0.28406052
1.1375,0.47992734
1.138,0.5559606
1.1385,0.58435853
1.139,0.50271709
1.1395,0.42145947
1.14,0.12629593
1.1405,0.09690229
1.141,-0.0592408
1.1415,-0.14279255
1.142,-0.11657454
1.1425,-0.22165443
1.143,-0.32164292
1.1435,-0.32845673
1.144,-0.36139945
1.1445,-0.28031527
1.145,-0.2596277
1.1455,-0.10814511
1.146,-0.03524873
1.1465,-0.05828396
1.147,-0.17736452
1.1475,-0.29132322
1.148,-0.37239286
1.1485,-0.46725153
1.149,-0.48432025
1.1495,-0.46509317
1.15,-0.3340458
1.1505,-0.347163
1.151,-0.34946078
1.1515,-0.37191871
1.152,-0.14558261
1.1525,0.05845166
1.153,0.25423408
1.1535,0.35181889
1.154,0.42345827
1.1545,0.37948898
1.155,0.20340281
1.1555,0.1070277
1.156,0.04982315
1.1565,0.11662866
1.157,0.11768417
1.1575,0.14890349
1.158,0.18903861
1.1585,0.31072822
1.159,0.34149762
1.1595,0.26385787
1.16,0.39154481
1.1605,0.50154143
1.161,0.61237254
1.1615,0.56968765
1.162,0.46888067
1.1625,0.27792342
1.163,0.09654052
1.1635,-0.06453983
1.164,-0.18785411
1.1645,-0.16414062
1.165,-0.20522741
1.1655,-0.22249068
1.166,-0.23292908
1.1665,-0.2081124
1.167,-0.16135801
1.1675,-0.165249
1.168,-0.1898762
1.1685,-0.0612645
1.169,-0.06537157
1.1695,-0.15141537
1.17,-0.31457848
1.1705,-0.44697982
1.171,-0.56006488
1.1715,-0.62945596
1.172,-0.5688712
1.1725,-0.39741112
1.173,-0.3789077
1.1735,-0.18948487
1.174,-0.12457494
1.1745,-0.07680207
1.175,0.01444934
1.1755,0.07695207
1.176,0.22235505
1.1765,0.33013463
1.177,0.32355898
1.1775,0.2441174
1.178,0.12993832
1.1785,0.06888469
1.179,-0.02441142
1.1795,0.02349155
1.18,0.07861757
1.1805,0.23651894
1.181,0.37803655
1.1815,0.41922242
1.182,0.51443282
1.1825,0.38620233
1.183,0.42813597
1.1835,0.46657759
1.184,0.43919992
1.1845,0.43396806
1.185,0.2272665
1.1855,0.13201563
1.186,-0.01891993
1.1865,-0.22517511
1.187,-0.24884838
1.1875,-0.22707488
1.188,-0.19035151
1.1885,-0.12878617
1.189,-0.01697274
1.1895,-0.09244466
1.19,-0.07274083
1.1905,-0.12914152
1.191,-0.17769567
1.1915,-0.23567938
1.192,-0.2405833
1.1925,-0.2830571
1.193,-0.3977715
1.1935,-0.42844721
1.194,-0.5321722
1.1945,-0.69878468
1.195,-0.61314034
1.1955,-0.42996369
1.196,-0.13142447
1.1965,-0.06090599
1.197,0.07990877
1.1975,0.08623397
1.198,0.11733402
1.1985,0.16217494
1.199,0.20368069
1.1995,0.1488527
1.2,0.22778456
1.2005,0.14312863
1.201,0.07573831
1.2015,0.04247914
1.202,-0.01259895
1.2025,-0.02633763
1.203,0.2005209
1.2035,0.35017611
1.204,0.45472585
1.2045,0.56745381
1.205,0.59990529
1.2055,0.55467483
1.206,0.46807038
1.2065,0.34289804
1.207,0.31816595
1.2075,0.22989022
1.208,0.1148306
1.2085,0.05798899
1.209,-0.09041348
1.2095,-0.24817181
1.21,-0.29175599
1.2105,-0.25654134
1.211,-0.11816086
1.2115,-0.08612338
1.212,0.05719737
1.2125,-0.04390633
1.213,-0.08717418
1.2135,-0.19621531
1.214,-0.31444584
1.2145,-0.3065649
1.215,-0.38864607
1.2155,-0.34007251
1.216,-0.39906544
1.2165,-0.43974868
1.217,-0.50527716
1.2175,-0.61816218
1.218,-0.48600828
1.2185,-0.33996101
1.219,-0.14163249
1.2195,0.17286585
1.22,0.16442356
1.2205,0.138633
1.221,0.07587926
1.2215,0.08324577
1.222,0.05075466
1.2225,0.01974047
1.223,0.06261704
1.2235,0.0825672
1.224,0.0577422
1.2245,0.06687008
1.225,0.10220558
1.2255,0.16307582
1.226,0.25196219
1.2265,0.41483953
1.227,0.57923413
1.2275,0.68003499
1.228,0.60336437
1.2285,0.55482403
1.229,0.34733638
1.2295,0.20237047
1.23,0.0903136
1.2305,0.07884653
1.231,0.05282744
1.2315,0.03100061
1.232,-0.07393715
1.2325,-0.08043901
1.233,-0.11457649
1.2335,-0.1376005
1.234,0.03358945
1.2345,0.03475572
1.235,0.0629559
1.2355,0.0564427
1.236,-0.0824817
1.2365,-0.23830823
1.237,-0.41288441
1.2375,-0.53380126
1.238,-0.56513452
1.2385,-0.56725983
1.239,-0.54921197
1.2395,-0.41280982
1.24,-0.47028857
1.2405,-0.41575702
1.241,-0.34864141
1.2415,-0.23428469
1.242,-0.07973422
1.2425,0.09845635
1.243,0.19196649
1.2435,0.13595615
1.244,0.08793098
1.2445,-0.02265248
1.245,-0.19264752
1.2455,-0.14960098
1.246,-0.05354101
1.2465,0.06692531
1.247,0.17050938
1.2475,0.2417971
1.248,0.29877057
1.2485,0.32613322
1.249,0.32268318
1.2495,0.49159702
1.25,0.54182001
1.2505,0.61756762
1.251,0.57541294
1.2515,0.45684185
1.252,0.24819325
1.2525,0.1747627
1.253,-0.01362424
1.2535,-0.06436888
1.254,-0.08214492
1.2545,0.00426911
1.255,0.0834974
1.2555,0.05604398
1.256,0.00332629
1.2565,-0.02900797
1.257,-0.04292371
1.2575,-0.02631776
1.258,-0.01640088
1.2585,-0.02923438
1.259,-0.18267811
1.2595,-0.30044909
1.26,-0.42961854
1.2605,-0.66007097
1.261,-0.63730161
1.2615,-0.62708942
1.262,-0.45343923
1.2625,-0.39964779
1.263,-0.30032034
1.2635,-0.21588972
1.264,-0.1603376
1.2645,-0.12511616
1.265,-0.09110382
1.2655,0.01444373
1.266,0.1172886
1.2665,0.07675815
1.267,-0.01731258
1.2675,-0.16602349
1.268,-0.15397771
1.2685,-0.17698625
1.269,-0.09686123
1.2695,0.15110595
1.27,0.2407761
1.2705,0.43352303
1.271,0.47086188
1.2715,0.50463288
1.272,0.52868381
1.2725,0.49999643
1.273,0.4894907
1.2735,0.45546329
1.274,0.50025424
1.2745,0.34679254
1.275,0.24131625
1.2755,0.05674132
1.276,-0.06953505
1.2765,-0.11104246
1.277,-0.03583196
1.2775,0.02645461
1.278,0.19607815
1.2785,0.20501261
1.279,0.23275902
1.2795,0.12533791
1.28,-0.06350397
1.2805,-0.132691
1.281,-0.16883437
1.2815,-0.16077571
1.282,-0.26006761
1.2825,-0.42279183
1.283,-0.5283807
1.2835,-0.60391256
1.284,-0.60199626
1.2845,-0.53793643
1.285,-0.42072192
1.2855,-0.2397183
1.286,-0.0432884
1.2865,-0.01869087
1.287,-0.00997004
1.2875,-0.07170307
1.288,-0.08711456
1.2885,-0.08713599
1.289,-0.07027862
1.2895,-0.01859997
1.29,-0.10365556
1.2905,-0.10564796
1.291,-0.11587022
1.2915,-0.13245539
1.292,0.01141995
1.2925,0.2373641
1.293,0.36920844
1.2935,0.45726194
1.294,0.59771337
1.2945,0.61168258
1.295,0.53956988
1.2955,0.42355687
1.296,0.35475765
1.2965,0.29892303
1.297,0.27267298
1.2975,0.25590524
1.298,0.11899754
1.2985,0.04438343
1.299,0.0334487
1.2995,-0.02748513
1.3,0.0208983
1.3005,0.13423335
1.301,0.26180584
1.3015,0.23280782
1.302,0.18176673
1.3025,0.06096535
1.303,-0.12494648
1.3035,-0.26057254
1.304,-0.36075835
1.3045,-0.37985151
1.305,-0.40896839
1.3055,-0.49488273
1.306,-0.52370953
1.3065,-0.47173845
1.307,-0.57881421
1.3075,-0.40512265
1.308,-0.2326015
1.3085,-0.12756229
1.309,-0.00043435
1.3095,0.03651362
1.31,-3.59e-06
1.3105,-0.13201564
1.311,-0.19326197
1.3115,-0.25592571
1.312,-0.2251347
1.3125,-0.18773392
1.313,-0.09938317
1.3135,-0.07070286
1.314,0.02256482
1.3145,0.01061517
1.315,0.14527563
1.3155,0.31860862
1.316,0.41498388
1.3165,0.60091155
1.317,0.61942094
1.3175,0.55706281
1.318,0.45184281
1.3185,0.32137993
1.319,0.12926035
1.3195,0.13214236
1.32,0.10536058
1.3205,0.13202041
1.321,0.17555884
1.3215,0.17595842
1.322,0.07299226
1.3225,0.12340605
1.323,0.15671833
1.3235,0.17037851
1.324,0.24887557
1.3245,0.27170616
1.325,0.21552484
1.3255,-0.00171872
1.326,-0.25742479
1.3265,-0.43734361
1.327,-0.5681696
1.3275,-0.56279833
1.328,-0.4953781
1.3285,-0.43364211
1.329,-0.3569162
1.3295,-0.35989224
1.33,-0.25323393
1.3305,-0.36017275
1.331,-0.25468163
1.3315,-0.14587541
1.332,-0.04947333
1.3325,-0.0087356
1.333,-0.07419047
1.3335,-0.17538051
1.334,-0.26046108
1.3345,-0.3362789
1.335,-0.36774536
1.3355,-0.11389241
1.336,-0.01740446
1.3365,0.06079665
1.337,0.16055532
1.3375,0.32635104
1.338,0.30664777
1.3385,0.38256195
1.339,0.44747739
1.3395,0.49389185
1.34,0.52350887
1.3405,0.51189622
1.341,0.26532662
1.3415,0.20463908
1.342,0.08811674
1.3425,0.01021378
1.343,0.02299934
1.3435,0.19053692
1.344,0.20081048
1.3445,0.24862219
1.345,0.27892085
1.3455,0.28475837
1.346,0.210885
1.3465,0.18304807
1.347,0.11664899
1.3475,0.06716137
1.348,0.06300397
1.3485,-0.11456316
1.349,-0.32190402
1.3495,-0.44410256
1.35,-0.58408282
1.3505,-0.58516845
1.351,-0.46679485
1.3515,-0.42048306
1.352,-0.2518618
1.3525,-0.2246162
1.353,-0.15172595
1.3535,-0.24038275
1.354,-0.18103386
1.3545,-0.172477
1.355,-0.17218557
1.3555,-0.1602239
1.356,-0.16584797
1.3565,-0.24736829
1.357,-0.28355789
1.3575,-0.38414292
1.358,-0.31881592
1.3585,-0.18599112
1.359,0.07402552
1.3595,0.27501977
1.36,0.38093967
1.3605,0.43314089
1.361,0.38424737
1.3615,0.38775596
1.362,0.39792911
1.3625,0.42307971
1.363,0.32751367
1.3635,0.39852068
1.364,0.22005764
1.3645,0.15550893
1.365,0.07943915
1.3655,0.0204438
1.366,0.15356342
1.3665,0.14958619
1.367,0.30830469
1.3675,0.44940336
1.368,0.42135075
1.3685,0.36952218
1.369,0.2764134
1.3695,0.10930164
1.37,0.0044449
1.3705,-0.04649499
1.371,-0.12255028
1.3715,-0.25331224
1.372,-0.33289496
1.3725,-0.43214669
1.373,-0.58904345
1.3735,-0.54624297
1.374,-0.40743847
1.3745,-0.27783513
1.375,-0.15126237
1.3755,-0.04693244
1.376,-0.08852306
1.3765,-0.13480109
1.377,-0.24110506
1.3775,-0.2986656
1.378,-0.27370363
1.3785,-0.34129196
1.379,-0.34496398
1.3795,-0.35025128
1.38,-0.30154412
1.3805,-0.30677554
1.381,-0.19802813
1.3815,-0.01999936
1.382,0.10564897
1.3825,0.30923787
1.383,0.43886014
1.3835,0.52939644
1.384,0.47041174
1.3845,0.41815718
1.385,0.28587241
1.3855,0.26571143
1.386,0.22445099
1.3865,0.24891268
1.387,0.22134644
1.3875,0.21378166
1.388,0.20652281
1.3885,0.20376971
1.389,0.20795832
1.3895,0.24755229
1.39,0.39571981
1.3905,0.49036428
1.391,0.46423905
1.3915,0.35469281
1.392,0.12992726
1.3925,-0.04172066
1.393,-0.16580424
1.3935,-0.30375501
1.394,-0.34819811
1.3945,-0.31954669
1.395,-0.33465418
1.3955,-0.39456806
1.396,-0.34051
1.3965,-0.38257168
1.397,-0.2511637
1.3975,-0.24870635
1.398,-0.08005136
1.3985,0.0429631
1.399,-0.09935056
1.3995,-0.22531078
1.4,-0.32079792
1.4005,-0.46792691
1.401,-0.50621104
1.4015,-0.436066
1.402,-0.30628206
1.4025,-0.19290407
1.403,-0.11601965
1.4035,-0.12550107
1.404,-0.00680482
1.4045,0.08947782
1.405,0.23448849
1.4055,0.34797438
1.406,0.38692969
1.4065,0.45637819
1.407,0.40842278
1.4075,0.31145048
1.408,0.15896055
1.4085,0.03652871
1.409,0.11929805
1.4095,0.15441309
1.41,0.17815582
1.4105,0.28943395
1.411,0.33905388
1.4115,0.333137
1.412,0.30629339
1.4125,0.34993695
1.413,0.3983215
1.4135,0.3922493
1.414,0.33173013
1.4145,0.25456337
1.415,0.06249466
1.4155,-0.19115594
1.416,-0.26104485
1.4165,-0.36572389
1.417,-0.40606604
1.4175,-0.35017913
1.418,-0.26592689
1.4185,-0.21614881
1.419,-0.25420767
1.4195,-0.23927181
1.42,-0.26257803
1.4205,-0.19600398
1.421,-0.17379825
1.4215,-0.15822183
1.422,-0.17139418
1.4225,-0.26767249
1.423,-0.41107373
1.4235,-0.44247973
1.424,-0.48274028
1.4245,-0.46582622
1.425,-0.26505138
1.4255,-0.14390982
1.426,-0.04010976
1.4265,0.07362445
1.427,0.14101795
1.4275,0.21248644
1.428,0.26345485
1.4285,0.29446926
1.429,0.30663041
1.4295,0.31286447
1.43,0.29156317
1.4305,0.21706254
1.431,0.15055092
1.4315,-0.03100056
1.432,0.01693966
1.4325,0.23511085
1.433,0.28005123
1.4335,0.48376832
1.434,0.47129059
1.4345,0.49737485
1.435,0.45034662
1.4355,0.33323438
1.436,0.32824441
1.4365,0.29847035
1.437,0.28317621
1.4375,0.072255
1.438,-0.05740269
1.4385,-0.2593576
1.439,-0.34005
1.4395,-0.4365229
1.44,-0.41802978
1.4405,-0.32540551
1.441,-0.1733222
1.4415,-0.07291558
1.442,-0.10327588
1.4425,-0.02426044
1.443,-0.21250088
1.4435,-0.2423655
1.444,-0.25255984
1.4445,-0.26901645
1.445,-0.34861985
1.4455,-0.36367496
1.446,-0.39138516
1.4465,-0.52226234
1.447,-0.47937235
1.4475,-0.4516337
1.448,-0.20389132
1.4485,-0.03343776
1.449,0.16509291
1.4495,0.3580663
1.45,0.2747537
1.4505,0.16723264
1.451,0.25385481
1.4515,0.18240608
1.452,0.18681042
1.4525,0.2425691
1.453,0.18212738
1.4535,0.17687312
1.454,0.21729566
1.4545,0.08417015
1.455,0.12122196
1.4555,0.21616626
1.456,0.36200355
1.4565,0.58554593
1.457,0.60059175
1.4575,0.5561623
1.458,0.4922726
1.4585,0.33614623
1.459,0.19192419
1.4595,0.03208193
1.46,-0.00742363
1.4605,-0.11158437
1.461,-0.09230316
1.4615,-0.22253649
1.462,-0.23680196
1.4625,-0.27600647
1.463,-0.29454093
1.4635,-0.16305874
1.464,-0.14665965
1.4645,-0.05908511
1.465,0.04701382
1.4655,-0.05560586
1.466,-0.17440428
1.4665,-0.39930203
1.467,-0.39472369
1.4675,-0.4818228
1.468,-0.47798909
1.4685,-0.4016208
1.469,-0.38309453
1.4695,-0.43992679
1.47,-0.32772446
1.4705,-0.24610277
1.471,-0.19127477
1.4715,0.08183214
1.472,0.22143737
1.4725,0.34187963
1.473,0.28728449
1.4735,0.25876469
1.474,0.10610808
1.4745,0.08192908
1.475,0.03420129
1.4755,0.0969658
1.476,0.12224543
1.4765,0.13279142
1.477,0.25362842
1.4775,0.22871504
1.478,0.19270548
1.4785,0.37548703
1.479,0.39403716
1.4795,0.58470046
1.48,0.56985642
1.4805,0.5515406
1.481,0.33227389
1.4815,0.13034048
1.482,0.03243822
1.4825,-0.07040784
1.483,-0.09073165
1.4835,-0.12084514
1.484,-0.16182013
1.4845,-0.1374554
1.485,-0.10038429
1.4855,-0.1926986
1.486,-0.20557675
1.4865,-0.14091503
1.487,-0.15306449
1.4875,-0.03920853
1.488,-0.03930405
1.4885,-0.14493716
1.489,-0.32046247
1.4895,-0.51210113
1.49,-0.59122199
1.4905,-0.60275004
1.491,-0.51611985
1.4915,-0.41145756
1.492,-0.32733158
1.4925,-0.27920778
1.493,-0.16750943
1.4935,-0.07031827
1.494,0.02339346
1.4945,0.09919952
1.495,0.20119201
1.4955,0.29674622
1.496,0.2696348
1.4965,0.14876984
1.497,0.04601127
1.4975,0.00169034
1.498,-0.02181131
1.4985,0.05281951
1.499,0.15421285
1.4995,0.30694731
1.5,0.36946074
1.5005,0.39574258
1.501,0.45492268
1.5015,0.37956115
1.502,0.45659235
1.5025,0.48533745
1.503,0.47303286
1.5035,0.43830978
1.504,0.33498462
1.5045,0.14845843
1.505,-0.0552625
1.5055,-0.17141864
1.506,-0.20384573
1.5065,-0.17897018
1.507,-0.11532038
1.5075,-0.0504476
1.508,0.05153811
1.5085,-0.04630235
1.509,-0.08617592
1.5095,-0.11541811
1.51,-0.13386383
1.5105,-0.15298618
1.511,-0.19235477
1.5115,-0.27700969
1.512,-0.35056036
1.5125,-0.56638209
1.513,-0.5847802
1.5135,-0.62807772
1.514,-0.582061
1.5145,-0.34872166
1.515,-0.21540915
1.5155,-0.06180799
1.516,-0.02119007
1.5165,0.07576291
1.517,0.04539465
1.5175,0.02560802
1.518,0.04780992
1.5185,0.13542126
1.519,0.04650748
1.5195,0.07676472
1.52,0.0260124
1.5205,-0.00473788
1.521,-0.01420784
1.5215,0.02514532
1.522,0.20310226
1.5225,0.38499068
1.523,0.54656828
1.5235,0.55382637
1.524,0.57151191
1.5245,0.47146825
1.525,0.43126181
1.5255,0.40080418
1.526,0.27488657
1.5265,0.25597702
1.527,0.18868565
1.5275,-0.02313764
1.528,-0.12358138
1.5285,-0.19513906
1.529,-0.10670086
1.5295,-0.1418477
1.53,-0.02816781
1.5305,0.11643874
1.531,0.19587761
1.5315,0.10197225
1.532,-0.00782233
1.5325,-0.16683436
1.533,-0.30597908
1.5335,-0.35546802
1.534,-0.36994388
1.5345,-0.41923467
1.535,-0.4147781
1.5355,-0.59286011
1.536,-0.56540586
1.5365,-0.53193155
1.537,-0.35673205
1.5375,-0.28305822
1.538,-0.08976906
1.5385,0.10958525
1.539,0.10353964
1.5395,0.08371957
1.54,0.00885312
1.5405,0.00368529
1.541,-0.1171094
1.5415,0.01407426
1.542,-0.03294518
1.5425,0.06907525
1.543,0.08119313
1.5435,0.04101782
1.544,0.0722793
1.5445,0.12839976
1.545,0.31350831
1.5455,0.48804581
1.546,0.64034451
1.5465,0.64616956
1.547,0.56449566
1.5475,0.4388007
1.548,0.29218223
1.5485,0.18471234
1.549,0.12892036
1.5495,0.12260501
1.55,0.09486163
1.5505,0.05636126
1.551,-0.04113631
1.5515,-0.08039536
1.552,-0.08403512
1.5525,-0.0290815
1.553,0.06940648
1.5535,0.1402591
1.554,0.11390495
1.5545,0.10236687
1.555,-0.03682467
1.5555,-0.29944862
1.556,-0.4437701
1.5565,-0.50795861
1.557,-0.50278979
1.5575,-0.50207031
1.558,-0.50555356
1.5585,-0.4124956
1.559,-0.41869645
1.5595,-0.42199608
1.56,-0.27999801
1.5605,-0.114228
1.561,-0.07421092
1.5615,0.09453724
1.562,0.14617169
1.5625,0.08841697
1.563,-0.01000869
1.5635,-0.10019754
1.564,-0.13531049
1.5645,-0.12138205
1.565,-0.07242849
1.5655,0.09544384
1.566,0.10196927
1.5665,0.25951017
1.567,0.27688119
1.5675,0.33943883
1.568,0.41352628
1.5685,0.50390634
1.569,0.56696777
1.5695,0.599556
1.57,0.53827678
1.5705,0.36757545
1.571,0.23388563
1.5715,0.04428218
1.572,-0.08200852
1.5725,-0.03934523
1.573,0.08945826
1.5735,0.04459545
1.574,0.10757302
1.5745,0.07051777
1.575,0.04782838
1.5755,0.05232774
1.576,0.0485641
1.5765,0.06629625
1.577,0.04147359
1.5775,0.03285084
1.578,-0.16499764
1.5785,-0.38184399
1.579,-0.51862764
1.5795,-0.66258679
1.58,-0.58088999
1.5805,-0.45011208
1.581,-0.34769481
1.5815,-0.27052974
1.582,-0.3009613
1.5825,-0.16297167
1.583,-0.205516
1.5835,-0.14488292
1.584,-0.01733708
1.5845,-0.06322319
1.585,0.03073956
1.5855,-0.04423127
1.586,-0.07457061
1.5865,-0.17197005
1.587,-0.22516763
1.5875,-0.19228994
1.588,-0.06333552
1.5885,0.13164418
1.589,0.27004547
1.5895,0.36928456
1.59,0.3872591
1.5905,0.50635162
1.591,0.41576111
1.5915,0.4880465
1.592,0.53204126
1.5925,0.4563911
1.593,0.36664436
1.5935,0.29660894
1.594,0.14021399
1.5945,0.00392219
1.595,-0.05570464
1.5955,-0.0124976
1.596,0.05024137
1.5965,0.20829914
1.597,0.25474228
1.5975,0.26981377
1.598,0.15469364
1.5985,0.08271844
1.599,-0.04870048
1.5995,-0.07977322
1.6,-0.12747103
1.6005,-0.15431935
1.601,-0.26713501
1.6015,-0.41044582
1.602,-0.58250501
1.6025,-0.58244165
1.603,-0.5755473
1.6035,-0.47533201
1.604,-0.31361204
1.6045,-0.24413108
1.605,-0.10814192
1.6055,-0.16297662
1.606,-0.06158462
1.6065,-0.18318943
1.607,-0.14793644
1.6075,-0.08611081
1.608,-0.15369009
1.6085,-0.15432152
1.609,-0.14550321
1.6095,-0.22876457
1.61,-0.22713905
1.6105,-0.11951882
1.611,0.02046155
1.6115,0.22572662
1.612,0.40859933
1.6125,0.5493545
1.613,0.63661279
1.6135,0.52253516
1.614,0.45171886
1.6145,0.37904089
1.615,0.28536805
1.6155,0.3200144
1.616,0.21738917
1.6165,0.16642997
1.617,0.11456478
1.6175,0.0457915
1.618,-0.05005895
1.6185,0.08274288
1.619,0.16575469
1.6195,0.22075504
1.62,0.37964361
1.6205,0.28715379
1.621,0.24059852
1.6215,0.07315211
1.622,-0.13099317
1.6225,-0.30272896
1.623,-0.30105429
1.6235,-0.30672922
1.624,-0.36185723
1.6245,-0.44472685
1.625,-0.43887872
1.6255,-0.55199998
1.626,-0.43914241
1.6265,-0.37073536
1.627,-0.19829378
1.6275,-0.09020917
1.628,-0.00460519
1.6285,-0.01852198
1.629,-0.14685651
1.6295,-0.17149507
1.63,-0.33134226
1.6305,-0.337435
1.631,-0.17973782
1.6315,-0.1907863
1.632,-0.15978081
1.6325,-0.00436841
1.633,-0.00276805
1.6335,0.00639698
1.634,0.11476331
1.6345,0.33301893
1.635,0.45771212
1.6355,0.61702961
1.636,0.63762489
1.6365,0.54844369
1.637,0.31613434
1.6375,0.20751175
1.638,0.20182841
1.6385,0.20091516
1.639,0.09217691
1.6395,0.15008832
1.64,0.19073853
1.6405,0.1896304
1.641,0.17240791
1.6415,0.17578046
1.642,0.18793572
1.6425,0.25216263
1.643,0.2768029
1.6435,0.26020998
1.644,0.15511864
1.6445,-0.14157112
1.645,-0.1912669
1.6455,-0.40758646
1.646,-0.4298848
1.6465,-0.44431221
1.647,-0.43254107
1.6475,-0.42833888
1.648,-0.33196948
1.6485,-0.33818506
1.649,-0.31898086
1.6495,-0.27207367
1.65,-0.17401042
1.6505,-0.14514561
1.651,-0.0562616
1.6515,0.00478579
1.652,-0.15088325
1.6525,-0.30061088
1.653,-0.37920606
1.6535,-0.37746082
1.654,-0.27814094
1.6545,-0.2477763
1.655,-0.01128214
1.6555,0.12056738
1.656,0.12679381
1.6565,0.25015995
1.657,0.28812283
1.6575,0.35103307
1.658,0.50925969
1.6585,0.48051968
1.659,0.47184783
1.6595,0.40423777
1.66,0.3027038
1.6605,0.13572494
1.661,0.02441409
1.6615,0.08911787
1.662,0.09738528
1.6625,0.25815647
1.663,0.2573766
1.6635,0.31122208
1.664,0.39044893
1.6645,0.26492093
1.665,0.22145821
1.6655,0.17863106
1.666,0.25906393
1.6665,0.13784287
1.667,0.04433033
1.6675,-0.15429588
1.668,-0.29681742
1.6685,-0.53268708
1.669,-0.47153825
1.6695,-0.45505213
1.67,-0.42705589
1.6705,-0.26895073
1.671,-0.22078469
1.6715,-0.19117216
1.672,-0.20473045
1.6725,-0.242658
1.673,-0.25563467
1.6735,-0.25561729
1.674,-0.17542866
1.6745,-0.14951065
1.675,-0.2927174
1.6755,-0.39034765
1.676,-0.44863514
1.6765,-0.35209679
1.677,-0.32468354
1.6775,-0.13886373
1.678,0.07207176
1.6785,0.19808231
1.679,0.33188762
1.6795,0.36027529
1.68,0.34584534
1.6805,0.3241562
1.681,0.3452607
1.6815,0.25535649
1.682,0.40663757
1.6825,0.29279588
1.683,0.17630424
1.6835,0.10003264
1.684,0.02028978
1.6845,0.04880604
1.685,0.12964869
1.6855,0.35875956
1.686,0.40597663
1.6865,0.49896246
1.687,0.42117405
1.6875,0.36210872
1.688,0.21318634
1.6885,0.05852543
1.689,0.01384479
1.6895,-0.02012879
1.69,-0.192782
1.6905,-0.2083187
1.691,-0.37562898
1.6915,-0.40935742
1.692,-0.45690827
1.6925,-0.41867772
1.693,-0.32820573
1.6935,-0.10313115
1.694,-0.08814501
1.6945,-0.06625054
1.695,-0.09722951
1.6955,-0.20551413
1.696,-0.29293218
1.6965,-0.36585153
1.697,-0.37936976
1.6975,-0.34546352
1.698,-0.31729903
1.6985,-0.38786125
1.699,-0.39820142
1.6995,-0.36895843
1.7,-0.22350004
1.7005,-0.05298865
1.701,0.13968643
1.7015,0.36884044
1.702,0.41431047
1.7025,0.36106243
1.703,0.33612974
1.7035,0.29373932
1.704,0.21840043
1.7045,0.19693739
1.705,0.20782431
1.7055,0.23650464
1.706,0.19322879
1.7065,0.22837554
1.707,0.1457847
1.7075,0.1907583
1.708,0.22572568
1.7085,0.40597338
1.709,0.40196915
1.7095,0.48321333
1.71,0.48264625
1.7105,0.31585769
1.711,0.09227622
1.7115,-0.03268604
1.712,-0.18828068
1.7125,-0.15763337
1.713,-0.26211918
1.7135,-0.23264291
1.714,-0.27494732
1.7145,-0.38545564
1.715,-0.30062131
1.7155,-0.33441775
1.716,-0.23787678
1.7165,-0.13601305
1.717,-0.05457652
1.7175,-0.10715979
1.718,-0.10922671
1.7185,-0.32293708
1.719,-0.37642331
1.7195,-0.46442713
1.72,-0.57847049
1.7205,-0.46452603
1.721,-0.2922698
1.7215,-0.25302677
1.722,-0.18395333
1.7225,-0.07456139
1.723,0.00850593
1.7235,0.12244005
1.724,0.15531172
1.7245,0.38726618
1.725,0.43082438
1.7255,0.40020417
1.726,0.35822263
1.7265,0.18439075
1.727,0.09078934
1.7275,0.0625615
1.728,0.04766375
1.7285,0.2055964
1.729,0.27649266
1.7295,0.28896772
1.73,0.32974713
1.7305,0.31450331
1.731,0.38144131
1.7315,0.4027593
1.732,0.44096029
1.7325,0.43150166
1.733,0.39623331
1.7335,0.21747295
1.734,0.06849475
1.7345,-0.12038455
1.735,-0.32115513
1.7355,-0.28779564
1.736,-0.2846035
1.7365,-0.21462541
1.737,-0.17017912
1.7375,-0.19495548
1.738,-0.15022565
1.7385,-0.21406309
1.739,-0.25937615
1.7395,-0.15001398
1.74,-0.16959527
1.7405,-0.18628453
1.741,-0.22627608
1.7415,-0.33800491
1.742,-0.50721961
1.7425,-0.50981494
1.743,-0.5415285
1.7435,-0.4861107
1.744,-0.26731809
1.7445,-0.04112966
1.745,-0.01145229
1.7455,0.08572271
1.746,0.06854007
1.7465,0.11156534
1.747,0.22442229
1.7475,0.26795274
1.748,0.30110728
1.7485,0.32710175
1.749,0.22904006
1.7495,0.15712086
1.75,0.02448353
1.7505,-0.01070944
1.751,0.0696275
1.7515,0.22641452
1.752,0.36310204
1.7525,0.50171634
1.753,0.47945192
1.7535,0.44270863
1.754,0.43905727
1.7545,0.38185567
1.755,0.32143131
1.7555,0.34889256
1.756,0.2221435
1.7565,0.09936043
1.757,-0.08064967
1.7575,-0.3041639
1.758,-0.35116411
1.7585,-0.35776992
1.759,-0.29168854
1.7595,-0.14491902
1.76,-0.03818448
1.7605,-0.02469951
1.761,-0.01250644
1.7615,-0.1169327
1.762,-0.24684126
1.7625,-0.30225569
1.763,-0.29090143
1.7635,-0.30424506
1.764,-0.34215303
1.7645,-0.3763641
1.765,-0.54549478
1.7655,-0.51018169
1.766,-0.54782316
1.7665,-0.33906624
1.767,-0.20143149
1.7675,-0.07526609
1.768,0.0988483
1.7685,0.20393251
1.769,0.23297529
1.7695,0.16124421
1.77,0.10454092
1.7705,0.10103809
1.771,0.13845627
1.7715,0.15747001
1.772,0.14259365
1.7725,0.16813628
1.773,0.05191002
1.7735,0.10458282
1.774,0.16689584
1.7745,0.32332012
1.775,0.47245491
1.7755,0.60963354
1.776,0.6160688
1.7765,0.58750232
1.777,0.43143209
1.7775,0.33136446
1.778,0.12301171
1.7785,0.03727664
1.779,0.08059725
1.7795,0.05351532
1.78,-0.13903611
1.7805,-0.11609224
1.781,-0.22777191
1.7815,-0.20969572
1.782,-0.23711371
1.7825,-0.00826295
1.783,-0.00947614
1.7835,0.12149082
1.784,-0.01149309
1.7845,-0.101286
1.785,-0.29335487
1.7855,-0.34033477
1.786,-0.40425271
1.7865,-0.48395651
1.787,-0.42031591
1.7875,-0.51311949
1.788,-0.4610324
1.7885,-0.40272319
1.789,-0.39375996
1.7895,-0.24480243
1.79,-0.02327766
1.7905,0.1370934
1.791,0.1731539
1.7915,0.25472591
1.792,0.19000567
1.7925,0.16799449
1.793,0.02891829
1.7935,0.00304405
1.794,0.04339871
1.7945,0.04701463
1.795,0.10918805
1.7955,0.17828659
1.796,0.14441688
1.7965,0.17629351
1.797,0.27653705
1.7975,0.43341752
1.798,0.49213128
1.7985,0.66490744
1.799,0.60177667
1.7995,0.44668466
1.8,0.33427711
1.8005,0.10958032
1.801,0.01668132
1.8015,-0.03884468
1.802,-0.0763656
1.8025,-0.07120171
1.803,-0.11313114
1.8035,-0.10182483
1.804,-0.09030866
1.8045,-0.12986896
1.805,-0.11390636
1.8055,-0.12421787
1.806,0.00398462
1.8065,0.00109736
1.807,-0.0436953
1.8075,-0.21865872
1.808,-0.37685316
1.8085,-0.53644084
1.809,-0.58934552
1.8095,-0.58380737
1.81,-0.4876307
1.8105,-0.41646865
1.811,-0.27954097
1.8115,-0.31840537
1.812,-0.20621994
1.8125,-0.15465959
1.813,-0.01194697
1.8135,0.14636983
1.814,0.16330456
1.8145,0.20624255
1.815,0.18080199
1.8155,0.10024918
1.816,-0.11906716
1.8165,-0.03576949
1.817,-0.00229975
1.8175,0.06102144
1.818,0.20331454
1.8185,0.29699564
1.819,0.35617604
1.8195,0.39126035
1.82,0.36060895
1.8205,0.52139568
1.821,0.51985184
1.8215,0.54092649
1.822,0.43571673
1.8225,0.38715329
1.823,0.26451695
1.8235,0.07631735
1.824,-0.10092104
1.8245,-0.2179883
1.825,-0.20875187
1.8255,-0.07147683
1.826,0.03387304
1.8265,0.09979961
1.827,0.0178779
1.8275,0.03941867
1.828,-0.07382623
1.8285,-0.07567294
1.829,-0.11056091
1.8295,-0.19495633
1.83,-0.19581125
1.8305,-0.28229523
1.831,-0.46503102
1.8315,-0.58656362
1.832,-0.59860049
1.8325,-0.60683615
1.833,-0.44110773
1.8335,-0.29267635
1.834,-0.17369815
1.8345,-0.05985121
1.835,-0.01285749
1.8355,-0.02226874
1.836,-0.01567602
1.8365,0.02213082
1.837,-0.0166586
1.8375,0.06965738
1.838,0.07372895
1.8385,0.02081082
1.839,-0.0923049
1.8395,-0.09225191
1.84,-0.02747545
1.8405,0.10671281
1.841,0.31548598
1.8415,0.41201211
1.842,0.47872447
1.8425,0.58027688
1.843,0.50955172
1.8435,0.44909959
1.844,0.34887968
1.8445,0.37944622
1.845,0.32237153
1.8455,0.22351337
1.846,0.13411261
1.8465,0.0109467
1.847,-0.0700262
1.8475,-0.15704745
1.848,-0.11007637
1.8485,0.01573252
1.849,0.06484708
1.8495,0.17345459
1.85,0.09864658
1.8505,0.1071004
1.851,-0.03878845
1.8515,-0.18762203
1.852,-0.27130005
1.8525,-0.28373771
1.853,-0.37658021
1.8535,-0.37958104
1.854,-0.54746693
1.8545,-0.52480567
1.855,-0.5214493
1.8555,-0.51755977
1.856,-0.42056091
1.8565,-0.14363571
1.857,-0.04244613
1.8575,0.03717482
1.858,0.10000039
1.8585,-0.00974519
1.859,-0.09625545
1.8595,-0.08448536
1.86,-0.08154242
1.8605,-0.05286089
1.861,0.0353065
1.8615,0.08121338
1.862,-0.03855066
1.8625,0.02142484
1.863,0.05653352
1.8635,0.2546246
1.864,0.36433132
1.8645,0.51863114
1.865,0.60311104
1.8655,0.64905136
1.866,0.50716859
1.8665,0.36795603
1.867,0.28749476
1.8675,0.20727262
1.868,0.16104124
1.8685,0.13232096
1.869,0.09107164
1.8695,0.09487087
1.87,0.01066194
1.8705,-0.06120726
1.871,0.00309391
1.8715,0.08945996
1.872,0.1244964
1.8725,0.18354696
1.873,0.14944081
1.8735,0.0413687
1.874,-0.15280936
1.8745,-0.27758934
1.875,-0.4027456
1.8755,-0.48253879
1.876,-0.4836807
1.8765,-0.40949213
1.877,-0.41651184
1.8775,-0.45180208
1.878,-0.42258554
1.8785,-0.36243418
1.879,-0.29853477
1.8795,-0.15003954
1.88,-0.02665433
1.8805,0.10519509
1.881,0.07774837
1.8815,-0.06412178
1.882,-0.13830601
1.8825,-0.21516532
1.883,-0.18757814
1.8835,-0.1800033
1.884,-0.05145387
1.8845,0.05393581
1.885,0.11541996
1.8855,0.1996927
1.886,0.29568919
1.8865,0.30962941
1.887,0.41945665
1.8875,0.56993665
1.888,0.61585357
1.8885,0.47335839
1.889,0.4655252
1.8895,0.27321024
1.89,0.19232111
1.8905,0.05388771
1.891,0.04350369
1.8915,0.02899017
1.892,0.10090829
1.8925,0.13659154
1.893,0.14836403
1.8935,0.1288724
1.894,0.09451783
1.8945,0.10403256
1.895,0.15584316
1.8955,0.20777599
1.896,0.10288317
1.8965,-0.07624161
1.897,-0.27511018
1.8975,-0.44399547
1.898,-0.55618253
1.8985,-0.59374213
1.899,-0.48092712
1.8995,-0.41867635
1.9,-0.28435743
1.9005,-0.23082276
1.901,-0.21373947
1.9015,-0.17916035
1.902,-0.18868324
1.9025,-0.10126687
1.903,-0.07187831
1.9035,-0.03916385
1.904,-0.02703725
1.9045,-0.16279723
1.905,-0.26723833
1.9055,-0.2798572
1.906,-0.29148311
1.9065,-0.13628344
1.907,-0.00185448
1.9075,0.09236555
1.908,0.25087613
1.9085,0.35788655
1.909,0.31386772
1.9095,0.39677885
1.91,0.45026637
1.9105,0.40408367
1.911,0.47600178
1.9115,0.43228309
1.912,0.32381927
1.9125,0.18595234
1.913,0.03416083
1.9135,0.01131136
1.914,0.00628455
1.9145,0.078851
1.915,0.18313472
1.9155,0.20353206
1.916,0.24731381
1.9165,0.24061274
1.917,0.15833644
1.9175,0.03011857
1.918,0.07713343
1.9185,-0.08371434
1.919,-0.14369089
1.9195,-0.2019993
1.92,-0.34456746
1.9205,-0.45164048
1.921,-0.5196511
1.9215,-0.56930302
1.922,-0.5199456
1.9225,-0.394598
1.923,-0.23359279
1.9235,-0.08044474
1.924,-0.14509484
1.9245,-0.01862956
1.925,-0.17383661
1.9255,-0.19734702
1.926,-0.25814314
1.9265,-0.23189069
1.927,-0.14621518
1.9275,-0.14531601
1.928,-0.21952555
1.9285,-0.24936445
1.929,-0.24397416
1.9295,-0.11795939
1.93,0.04124291
1.9305,0.23260468
1.931,0.37209942
1.9315,0.46984973
1.932,0.424927
1.9325,0.43911345
1.933,0.38609519
1.9335,0.39011951
1.934,0.28180319
1.9345,0.27471431
1.935,0.22857132
1.9355,0.17168979
1.936,0.0670987
1.9365,0.0833416
1.937,0.10711772
1.9375,0.12482665
1.938,0.27050455
1.9385,0.34008301
1.939,0.36844432
1.9395,0.29227181
1.94,0.21024714
1.9405,0.08340334
1.941,-0.08092554
1.9415,-0.20217157
1.942,-0.3558446
1.9425,-0.31371856
1.943,-0.41246415
1.9435,-0.39979796
1.944,-0.50876901
1.9445,-0.4918995
1.945,-0.41006261
1.9455,-0.28346572
1.946,-0.22022285
1.9465,-0.06213562
1.947,-0.01892607
1.9475,-0.07027725
1.948,-0.15164346
1.9485,-0.29414893
1.949,-0.35422568
1.9495,-0.35434052
1.95,-0.30559013
1.9505,-0.21951326
1.951,-0.21922448
1.9515,-0.09712966
1.952,-0.0485613
1.9525,0.07341124
1.953,0.15290256
1.9535,0.39664103
1.954,0.41480656
1.9545,0.52188595
1.955,0.49895175
1.9555,0.45226949
1.956,0.25631788
1.9565,0.17405045
1.957,0.11186606
1.9575,0.18910834
1.958,0.20366309
1.9585,0.25971902
1.959,0.22302561
1.9595,0.19341459
1.96,0.21931512
1.9605,0.2623078
1.961,0.27320487
1.9615,0.31987795
1.962,0.35552233
1.9625,0.300123
1.963,0.16472812
1.9635,-0.10414449
1.964,-0.19922594
1.9645,-0.40015335
1.965,-0.40128559
1.9655,-0.36998571
1.966,-0.35806532
1.9665,-0.29720584
1.967,-0.32248442
1.9675,-0.32424314
1.968,-0.30609008
1.9685,-0.19605846
1.969,-0.16564932
1.9695,-0.01747615
1.97,-0.06029067
1.9705,-0.09389526
1.971,-0.28354944
1.9715,-0.38355119
1.972,-0.44321451
1.9725,-0.37560397
1.973,-0.38620811
1.9735,-0.15268477
1.974,-0.07080804
1.9745,0.08602224
1.975,0.13104186
1.9755,0.14706769
1.976,0.19550477
1.9765,0.3809456
1.977,0.34800453
1.9775,0.4005666
1.978,0.35470443
1.9785,0.32467021
1.979,0.17585379
1.9795,0.08203046
1.98,0.04995573
1.9805,0.13675841
1.981,0.24279232
1.9815,0.34386
1.982,0.3692597
1.9825,0.35635622
1.983,0.40937585
1.9835,0.27861314
1.984,0.30297268
1.9845,0.30455757
1.985,0.17705649
1.9855,0.1882471
1.986,-0.04166775
1.9865,-0.10056029
1.987,-0.33285778
1.9875,-0.43693598
1.988,-0.45817164
1.9885,-0.37291955
1.989,-0.27100625
1.9895,-0.14391421
1.99,-0.11361992
1.9905,-0.15316197
1.991,-0.20910979
1.9915,-0.15957781
1.992,-0.17125053
1.9925,-0.12163294
1.993,-0.21789934
1.9935,-0.28309464
1.994,-0.33232144
1.9945,-0.39204757
1.995,-0.42068801
1.9955,-0.39554552
1.996,-0.23959434
1.9965,-0.15652825
1.997,0.0732887
1.9975,0.26642256
1.998,0.3243998
1.9985,0.32210339
1.999,0.29551956
1.9995,0.26584275
2.0,0.29170187
2.0005,0.38846705
2.001,0.3227662
2.0015,0.2556791
2.002,0.16384422
2.0025,0.1385938
2.003,0.07076885
2.0035,0.205654
2.004,0.19841647
2.0045,0.34981898
2.005,0.4551884
2.0055,0.48949704
2.006,0.35051633
2.0065,0.39352211
2.007,0.18944625
2.0075,0.1206887
2.008,0.07669874
2.0085,0.00572536
2.009,-0.09235201
2.0095,-0.1663194
2.01,-0.32671107
2.0105,-0.40388899
2.011,-0.384941
2.0115,-0.35934721
2.012,-0.14466271
2.0125,-0.07788758
2.013,-0.08527972
2.0135,-0.01035475
2.014,-0.18176085
2.0145,-0.31373274
2.015,-0.33146335
2.0155,-0.42960953
2.016,-0.33513446
2.0165,-0.40989357
2.017,-0.33318549
2.0175,-0.3621554
2.018,-0.4569923
2.0185,-0.32000382
2.019,-0.15554846
2.0195,0.04097865
2.02,0.22938554
2.0205,0.34053035
2.021,0.29228746
2.0215,0.30028782
2.022,0.2463619
2.0225,0.13755114
2.023,0.14455591
2.0235,0.11695152
2.024,0.15620214
2.0245,0.19023942
2.025,0.20681685
2.0255,0.18776449
2.026,0.20617341
2.0265,0.21254481
2.027,0.35443475
2.0275,0.45491753
2.028,0.52736595
2.0285,0.5079195
2.029,0.41333102
2.0295,0.30758493
2.03,0.07860869
2.0305,-0.05865449
2.031,-0.17557903
2.0315,-0.12915792
2.032,-0.20968184
2.0325,-0.21496478
2.033,-0.21828715
2.0335,-0.31622692
2.034,-0.28822093
2.0345,-0.22279081
2.035,-0.08975171
2.0355,-0.06743172
2.036,-0.01415514
2.0365,-0.04405409
2.037,-0.11961198
2.0375,-0.4120491
2.038,-0.40673786
2.0385,-0.50546502
2.039,-0.52622031
2.0395,-0.41448659
2.04,-0.36508708
2.0405,-0.30451946
2.041,-0.18961768
2.0415,-0.18118871
2.042,-0.08980855
2.0425,0.06804553
2.043,0.1670462
2.0435,0.23990181
2.044,0.36953601
2.0445,0.26337754
2.045,0.16931949
2.0455,0.04637333
2.046,-0.02538647
2.0465,0.02956953
2.047,0.12754794
2.0475,0.2324799
2.048,0.29383142
2.0485,0.30332396
2.049,0.38900728
2.0495,0.29882425
2.05,0.34735993
2.0505,0.44090629
2.051,0.46347521
2.0515,0.45236588
2.052,0.35056768
2.0525,0.19494868
2.053,-0.03171335
2.0535,-0.18586291
2.054,-0.21566007
2.0545,-0.29293146
2.055,-0.17562843
2.0555,-0.13003159
2.056,-0.12928797
2.0565,-0.13383662
2.057,-0.17940197
2.0575,-0.135344
2.058,-0.14937647
2.0585,-0.1164396
2.059,-0.06827947
2.0595,-0.15816744
2.06,-0.25875802
2.0605,-0.43645358
2.061,-0.59357936
2.0615,-0.56369325
2.062,-0.51714099
2.0625,-0.37754025
2.063,-0.27991411
2.0635,-0.09061531
2.064,-0.03316766
2.0645,0.02687573
2.065,0.1232752
2.0655,0.14278748
2.066,0.08543668
2.0665,0.18611198
2.067,0.19677191
2.0675,0.16334313
2.068,0.14286878
2.0685,0.07684277
2.069,0.0104531
2.0695,0.09023678
2.07,0.11936218
2.0705,0.29023572
2.071,0.37313798
2.0715,0.49392483
2.072,0.54581967
2.0725,0.40943768
2.073,0.39258749
2.0735,0.37863997
2.074,0.36183586
2.0745,0.32040417
2.075,0.1937808
2.0755,0.08798113
2.076,-0.0764926
2.0765,-0.21266644
2.077,-0.24089129
2.0775,-0.23304751
2.078,-0.17392598
2.0785,-0.05082541
2.079,-0.00949745
2.0795,-0.02409176
2.08,-0.06413342
2.0805,-0.1933176
2.081,-0.14986397
2.0815,-0.26069545
2.082,-0.25593935
2.0825,-0.3157722
2.083,-0.37588284
2.0835,-0.4416322
2.084,-0.54090662
2.0845,-0.53466109
2.085,-0.46510183
2.0855,-0.36578861
2.086,-0.10163661
2.0865,0.05283992
2.087,0.15728354
2.0875,0.16224742
2.088,0.11165892
2.0885,0.08398206
2.089,0.02171121
2.0895,0.08312443
2.09,0.07431645
2.0905,0.1136135
2.091,0.1224168
2.0915,0.02035879
2.092,0.00162537
2.0925,0.07512877
2.093,0.21065706
2.0935,0.31619743
2.094,0.53069265
2.0945,0.57992141
2.095,0.57534464
2.0955,0.48288772
2.096,0.3304399
2.0965,0.19997578
2.097,0.14922433
2.0975,0.08250563
2.098,0.06268048
2.0985,-0.01451864
2.099,-0.07034313
2.0995,-0.14394266
2.1,-0.16498183
2.1005,-0.16666963
2.101,-0.02870529
2.1015,-3.517e-05
2.102,0.02375548
2.1025,0.0539468
2.103,-0.05135629
2.1035,-0.16036718
2.104,-0.27231011
2.1045,-0.40000581
2.105,-0.46505905
2.1055,-0.47563776
2.106,-0.48439851
2.1065,-0.43103444
2.107,-0.45533358
2.1075,-0.45401317
2.108,-0.38546271
2.1085,-0.19740687
2.109,-0.0230464
2.1095,0.11489151
2.11,0.17633256
2.1105,0.21478181
2.111,0.16295626
2.1115,0.05358463
2.112,0.02400402
2.1125,-0.05199787
2.113,-0.05839931
2.1135,0.0328847
2.114,0.15360612
2.1145,0.22789101
2.115,0.14266834
2.1155,0.24508852
2.116,0.31698871
2.1165,0.41147394
2.117,0.52511767
2.1175,0.57608407
2.118,0.51767541
2.1185,0.45041593
2.119,0.28144305
2.1195,0.13641282
2.12,0.03431661
2.1205,0.02232156
2.121,-0.021874
2.1215,0.01114835
2.122,0.00753031
2.1225,-0.10954517
2.123,-0.04286568
2.1235,-0.05046318
2.124,0.01921029
2.1245,-0.03016357
2.125,0.03834578
2.1255,0.00145723
2.126,-0.13819608
2.1265,-0.25536094
2.127,-0.45941967
2.1275,-0.55634873
2.128,-0.57637916
2.1285,-0.53415061
2.129,-0.4105816
2.1295,-0.4058275
2.13,-0.24633236
2.1305,-0.24259099
2.131,-0.21057965
2.1315,-0.07134301
2.132,-0.09819239
2.1325,0.0940822
2.133,0.0492419
2.1335,0.10469527
2.134,0.0955796
2.1345,0.0051731
2.135,-0.12060696
2.1355,-0.11687774
2.136,-0.05733153
2.1365,0.06964064
2.137,0.17621415
2.1375,0.28052683
2.138,0.35182933
2.1385,0.42389563
2.139,0.35258664
2.1395,0.48137324
2.14,0.47467272
2.1405,0.49554585
2.141,0.48630542
2.1415,0.37328457
2.142,0.2130839
2.1425,0.00118009
2.143,-0.04820089
2.1435,-0.1177426
2.144,-0.04580267
2.1445,-0.05109883
2.145,0.11718071
2.1455,0.16651382
2.146,0.06368576
2.1465,0.01508131
2.147,-0.04412571
2.1475,-0.07343562
2.148,-0.1255879
2.1485,-0.0810697
2.149,-0.24399095
2.1495,-0.37988154
2.15,-0.51278284
2.1505,-0.56902688
2.151,-0.62851345
2.1515,-0.57502961
2.152,-0.4076922
2.1525,-0.25726939
2.153,-0.1620628
2.1535,-0.05538944
2.154,-0.10997528
2.1545,-0.14786773
2.155,-0.1178355
2.1555,-0.03258987
2.156,-0.01145018
2.1565,0.08713504
2.157,-0.00684019
2.1575,-0.08037672
2.158,-0.11397093
2.1585,-0.14803421
2.159,-0.01537873
2.1595,0.08632427
2.16,0.26853056
2.1605,0.48328555
2.161,0.57539186
2.1615,0.51189629
2.162,0.4874311
2.1625,0.43994783
2.163,0.34066345
2.1635,0.34546346
2.164,0.32395167
2.1645,0.2293376
2.165,0.09390731
2.1655,0.02742418
2.166,-0.02659937
2.1665,-0.01792489
2.167,0.04464347
2.1675,0.08218949
2.168,0.2151045
2.1685,0.24333462
2.169,0.20675284
2.1695,0.04949524
2.17,-0.05461225
2.1705,-0.18803343
2.171,-0.25082683
2.1715,-0.28431043
2.172,-0.35425701
2.1725,-0.35183905
2.173,-0.49426597
2.1735,-0.50233616
2.174,-0.54196678
2.1745,-0.43642364
2.175,-0.20181032
2.1755,-0.12646502
2.176,-0.009284
2.1765,0.09668793
2.177,-0.02773613
2.1775,-0.05155582
2.178,-0.06921405
2.1785,-0.13879954
2.179,-0.17399063
2.1795,-0.06784851
2.18,-0.11061786
2.1805,-0.07768088
2.181,-0.06869665
2.1815,-0.00888738
2.182,0.11213872
2.1825,0.21612797
2.183,0.43956332
2.1835,0.54573093
2.184,0.57018482
2.1845,0.52850263
2.185,0.45039448
2.1855,0.28256475
2.186,0.26818696
2.1865,0.18315015
2.187,0.11721047
2.1875,0.17353918
2.188,0.07727451
2.1885,0.03522976
2.189,0.04662337
2.1895,0.07272619
2.19,0.07302762
2.1905,0.15537596
2.191,0.24033929
2.1915,0.28623065
2.192,0.17591558
2.1925,-0.02762842
2.193,-0.15837984
2.1935,-0.28833819
2.194,-0.4605026
2.1945,-0.4271318
2.195,-0.43452575
2.1955,-0.44078625
2.196,-0.3875969
2.1965,-0.39537405
2.197,-0.40528539
2.1975,-0.31136819
2.198,-0.20863069
2.1985,-0.11774472
2.199,0.02852863
2.1995,-0.00826186
2.2,-0.00198811
2.2005,-0.188316
2.201,-0.20851387
2.2015,-0.31235967
2.202,-0.2271763
2.2025,-0.16036686
2.203,-0.03734271
2.2035,0.03045515
2.204,0.0831224
2.2045,0.19969445
2.205,0.22019349
2.2055,0.30517181
2.206,0.46615377
2.2065,0.50911127
2.207,0.42949266
2.2075,0.49873049
2.208,0.39089294
2.2085,0.27644971
2.209,0.08081725
2.2095,0.06292806
2.21,0.05136797
2.2105,0.16686856
2.211,0.1406687
2.2115,0.21395493
2.212,0.2162643
2.2125,0.23251615
2.213,0.13243974
2.2135,0.14566173
2.214,0.12229036
2.2145,0.16224618
2.215,0.09230051
2.2155,-0.11252516
2.216,-0.22212332
2.2165,-0.39983212
2.217,-0.51773981
2.2175,-0.52927149
2.218,-0.49159872
2.2185,-0.37483893
2.219,-0.31346495
2.2195,-0.26126913
2.22,-0.23368999
2.2205,-0.16494383
2.221,-0.17584757
2.2215,-0.12536061
2.222,-0.10193337
2.2225,-0.05747033
2.223,-0.15733163
2.2235,-0.15704914
2.224,-0.30222648
2.2245,-0.36674581
2.225,-0.3523415
2.2255,-0.1868473
2.226,-0.01791953
2.2265,0.15789981
2.227,0.26253261
2.2275,0.36074705
2.228,0.36498482
2.2285,0.36324822
2.229,0.39823379
2.2295,0.42925296
2.23,0.43584899
2.2305,0.36441128
2.231,0.32992054
2.2315,0.14476707
2.232,0.1324266
2.2325,0.00984508
2.233,0.08508328
2.2335,0.08872011
2.234,0.31448255
2.2345,0.36652877
2.235,0.32705751
2.2355,0.34587255
2.236,0.13416962
2.2365,0.16683228
2.237,0.05796937
2.2375,-0.04250434
2.238,0.00961253
2.2385,-0.18731082
2.239,-0.3578042
2.2395,-0.40667028
2.24,-0.56056272
2.2405,-0.47752009
2.241,-0.35674658
2.2415,-0.35891996
2.242,-0.09111324
2.2425,-0.06062615
2.243,-0.13032435
2.2435,-0.20794056
2.244,-0.23412678
2.2445,-0.21690793
2.245,-0.19434913
2.2455,-0.21920097
2.246,-0.23605652
2.2465,-0.28878272
2.247,-0.23031679
2.2475,-0.29332337
2.248,-0.29400361
2.2485,-0.08022383
2.249,0.1645258
2.2495,0.27423418
2.25,0.35737733
2.2505,0.53102272
2.251,0.36960122
2.2515,0.34199443
2.252,0.27713411
2.2525,0.29011715
2.253,0.22307731
2.2535,0.23819711
2.254,0.20657906
2.2545,0.15664663
2.255,0.0857737
2.2555,0.05748761
2.256,0.1174346
2.2565,0.21375189
2.257,0.37764743
2.2575,0.35566473
2.258,0.31508184
2.2585,0.32785566
2.259,0.20096365
2.2595,0.05084628
2.26,-0.10959073
2.2605,-0.18186753
2.261,-0.21040805
2.2615,-0.33167039
2.262,-0.29530902
2.2625,-0.44387446
2.263,-0.42461614
2.2635,-0.41056839
2.264,-0.36304623
2.2645,-0.26009768
2.265,-0.05769554
2.2655,-0.09322623
2.266,-0.02861788
2.2665,-0.14164748
2.267,-0.29861295
2.2675,-0.35367505
2.268,-0.34115288
2.2685,-0.27486761
2.269,-0.3190261
2.2695,-0.23938853
2.27,-0.2178654
2.2705,-0.19829688
2.271,-0.09503589
2.2715,0.04616482
2.272,0.21956359
2.2725,0.35772821
2.273,0.46173654
2.2735,0.51808439
2.274,0.40301112
2.2745,0.31712225
2.275,0.18363292
2.2755,0.11739784
2.276,0.11047246
2.2765,0.1617763
2.277,0.16006042
2.2775,0.22059538
2.278,0.21341519
2.2785,0.25618929
2.279,0.22969501
2.2795,0.25893596
2.28,0.33256366
2.2805,0.39609303
2.281,0.41052704
2.2815,0.282215
2.282,0.09702333
2.2825,-0.13774502
2.283,-0.25535352
2.2835,-0.32796057
2.284,-0.37903806
2.2845,-0.27072764
2.285,-0.28694588
2.2855,-0.26509757
2.286,-0.23335623
2.2865,-0.24434633
2.287,-0.21721045
2.2875,-0.11596832
2.288,-0.11259968
2.2885,-0.05245264
2.289,-0.12989547
2.2895,-0.22330528
2.29,-0.31816902
2.2905,-0.40387188
2.291,-0.49265545
2.2915,-0.43373142
2.292,-0.32174013
2.2925,-0.12671929
2.293,-0.15669103
2.2935,-0.02326169
2.294,0.1023685
2.2945,0.14533362
2.295,0.23879594
2.2955,0.2486191
2.296,0.3517005
2.2965,0.3877545
2.297,0.30395317
2.2975,0.21213325
2.298,0.08196685
2.2985,0.03282035
2.299,0.02880046
2.2995,0.1228474
2.3,0.24783034
2.3005,0.27329154
2.301,0.37901757
2.3015,0.34924027
2.302,0.31901939
2.3025,0.34825877
2.303,0.21476352
2.3035,0.23067544
2.304,0.25728335
2.3045,0.19460119
2.305,0.02647599
2.3055,-0.16737519
2.306,-0.343113
2.3065,-0.49265142
2.307,-0.33904783
2.3075,-0.26108001
2.308,-0.14702997
2.3085,-0.14558229
2.309,-0.17076202
2.3095,-0.18237361
2.31,-0.17532371
2.3105,-0.2449084
2.311,-0.18458432
2.3115,-0.21312554
2.312,-0.20865357
2.3125,-0.28281879
2.313,-0.42395459
2.3135,-0.46178889
2.314,-0.48328057
2.3145,-0.42281169
2.315,-0.18015669
2.3155,-0.04865946
2.316,0.04804498
2.3165,0.22790072
2.317,0.19622667
2.3175,0.19194619
2.318,0.26729876
2.3185,0.23695751
2.319,0.29474609
2.3195,0.26988643
2.32,0.20964146
2.3205,0.14354653
2.321,0.03342334
2.3215,0.10075742
2.322,0.14091087
2.3225,0.16043904
2.323,0.3710159
2.3235,0.40058096
2.324,0.52884
2.3245,0.43766224
2.325,0.41436313
2.3255,0.31407003
2.326,0.25427788
2.3265,0.15048946
2.327,0.0322032
2.3275,0.00471379
2.328,-0.09360341
2.3285,-0.20280513
2.329,-0.25391347
2.3295,-0.31798335
2.33,-0.35099184
2.3305,-0.19846154
2.331,-0.07335775
2.3315,-0.03998481
2.332,-0.07091555
2.3325,-0.06170588
2.333,-0.15704471
2.3335,-0.2533259
2.334,-0.37862815
2.3345,-0.38291662
2.335,-0.41109837
2.3355,-0.37065733
2.336,-0.45940801
2.3365,-0.38750658
2.337,-0.36163833
2.3375,-0.30234463
2.338,-0.20898527
2.3385,0.05584663
2.339,0.20471652
2.3395,0.23733207
2.34,0.26376966
2.3405,0.2271299
2.341,0.18599136
2.3415,0.12388489
2.342,0.06719589
2.3425,0.12804154
2.343,0.15983744
2.3435,0.25871532
2.344,0.21455294
2.3445,0.09502495
2.345,0.20263331
2.3455,0.26143622
2.346,0.39837357
2.3465,0.44061747
2.347,0.60482931
2.3475,0.53092074
2.348,0.48763791
2.3485,0.19890333
2.349,0.05787724
2.3495,-0.01215023
2.35,-0.08320888
2.3505,-0.09896305
2.351,-0.16716654
2.3515,-0.16862353
2.352,-0.20922918
2.3525,-0.25674649
2.353,-0.25064658
2.3535,-0.18889245
2.354,-0.0821775
2.3545,-0.00386844
2.355,-0.08851122
2.3555,-0.14980749
2.356,-0.20620336
2.3565,-0.3528647
2.357,-0.4693446
2.3575,-0.49137804
2.358,-0.50577407
2.3585,-0.36893139
2.359,-0.34362693
2.3595,-0.27006788
2.36,-0.17907766
2.3605,-0.17959213
2.361,-0.06686496
2.3615,0.09058013
2.362,0.23422287
2.3625,0.25298531
2.363,0.27122498
2.3635,0.23346583
2.364,0.04066303
2.3645,0.06859779
2.365,0.02079883
2.3655,-0.00978316
2.366,0.16323771
2.3665,0.26571247
2.367,0.28651075
2.3675,0.29059231
2.368,0.38039082
2.3685,0.32174109
2.369,0.46070339
2.3695,0.5147681
2.37,0.51097967
2.3705,0.34310442
2.371,0.35023379
2.3715,0.1325408
2.372,-0.05017178
2.3725,-0.13278945
2.373,-0.15722722
2.3735,-0.11667806
2.374,-0.10034729
2.3745,-0.1161696
2.375,-0.12821447
2.3755,-0.13188049
2.376,-0.09860554
2.3765,-0.12237234
2.377,-0.12066166
2.3775,-0.11816006
2.378,-0.10067634
2.3785,-0.24678836
2.379,-0.27471183
2.3795,-0.44924378
2.38,-0.54604657
2.3805,-0.59860524
2.381,-0.50628547
2.3815,-0.3886918
2.382,-0.25013138
2.3825,-0.10812047
2.383,-0.02637585
2.3835,0.04481768
2.384,0.02954481
2.3845,0.12101215
2.385,0.18897688
2.3855,0.19070832
2.386,0.20442481
2.3865,0.13049848
2.387,-0.00970914
2.3875,-0.10420902
2.388,-0.05066031
2.3885,0.00589486
2.389,0.16634768
2.3895,0.30997485
2.39,0.37746944
2.3905,0.443683
2.391,0.4984911
2.3915,0.43078697
2.392,0.38540824
2.3925,0.40804956
2.393,0.30809604
2.3935,0.31116833
2.394,0.14006394
2.3945,0.07289508
2.395,-0.09574448
2.3955,-0.19648979
2.396,-0.2108437
2.3965,-0.17714771
2.397,-0.01549511
2.3975,0.00016938
2.398,0.04239084
2.3985,0.06648208
2.399,-0.05543145
2.3995,-0.1307856
2.4,-0.17134089
2.4005,-0.25525568
2.401,-0.29011802
2.4015,-0.28488061
2.402,-0.42699042
2.4025,-0.50510264
2.403,-0.53928042
2.4035,-0.50589912
2.404,-0.45315966
2.4045,-0.30610268
2.405,-0.11888812
2.4055,-0.03729769
2.406,0.04466543
2.4065,0.11741078
2.407,0.08310224
2.4075,0.03216223
2.408,0.08542424
2.4085,0.06812518
2.409,0.10585532
2.4095,0.0260014
2.41,0.0216893
2.4105,-0.02466353
2.411,0.02662317
2.4115,0.04679681
2.412,0.2376246
2.4125,0.47320909
2.413,0.47402994
2.4135,0.59134386
2.414,0.47075994
2.4145,0.42425116
2.415,0.29813584
2.4155,0.21523751
2.416,0.1786046
2.4165,0.08512393
2.417,0.14045152
2.4175,-0.02108097
2.418,-0.14981194
2.4185,-0.12047894
2.419,-0.15005799
2.4195,-0.11499429
2.42,0.02156012
2.4205,0.11226793
2.421,0.14182227
2.4215,0.00460453
2.422,-0.06208107
2.4225,-0.19781014
2.423,-0.35597171
2.4235,-0.39584339
2.424,-0.40936195
2.4245,-0.37953364
2.425,-0.435488
2.4255,-0.43683192
2.426,-0.39948255
2.4265,-0.40454956
2.427,-0.3885166
2.4275,-0.14960018
2.428,-0.0707516
2.4285,0.09315742
2.429,0.09528163
2.4295,0.0315941
2.43,0.04071585
2.4305,-0.12580578
2.431,-0.12973459
2.4315,-0.04265193
2.432,0.01655474
2.4325,0.0175974
2.433,0.09457569
2.4335,0.16383963
2.434,0.20625337
2.4345,0.2431724
2.435,0.31181709
2.4355,0.4967335
2.436,0.55595636
2.4365,0.48880483
2.437,0.52288482
2.4375,0.44483816
2.438,0.27070978
2.4385,0.06437391
2.439,0.01404993
2.4395,0.00304745
2.44,0.00458287
2.4405,0.0360231
2.441,-0.02514072
2.4415,0.06042227
2.442,-0.03641752
2.4425,0.01179411
2.443,0.05457177
2.4435,0.05779536
2.444,0.05538948
2.4445,-0.01196518
2.445,-0.13058928
2.4455,-0.30214244
2.446,-0.43855686
2.4465,-0.53352061
2.447,-0.44048168
2.4475,-0.39018486
2.448,-0.36042154
2.4485,-0.30177713
2.449,-0.31828201
2.4495,-0.31718008
2.45,-0.19186893
2.4505,-0.09315884
2.451,-0.03076432
2.4515,0.09991202
2.452,0.08029889
2.4525,0.02081597
2.453,-0.04346439
2.4535,-0.15689102
2.454,-0.19931978
2.4545,-0.16021053
2.455,-0.07357032
2.4555,0.01570445
2.456,0.21365197
2.4565,0.32794886
2.457,0.30519426
2.4575,0.37597219
2.458,0.46973845
2.4585,0.40697548
2.459,0.46684784
2.4595,0.5263917
2.46,0.43244156
2.4605,0.24778752
2.461,0.14027407
2.4615,0.02787569
2.462,0.02987866
2.4625,-0.02003119
2.463,0.06510731
2.4635,0.14893359
2.464,0.19527062
2.4645,0.16082851
2.465,0.09884128
2.4655,0.11676696
2.466,0.0357243
2.4665,-0.04731737
2.467,-0.01210081
2.4675,-0.08050809
2.468,-0.22406675
2.4685,-0.40154535
2.469,-0.55152222
2.4695,-0.5067926
2.47,-0.55643842
2.4705,-0.45189254
2.471,-0.34149403
2.4715,-0.17434617
2.472,-0.11740941
2.4725,-0.14008481
2.473,-0.10196996
2.4735,-0.09921359
2.474,-0.06906794
2.4745,-0.05167675
2.475,0.01785624
2.4755,-0.09342051
2.476,-0.13704829
2.4765,-0.16548841
2.477,-0.20102619
2.4775,-0.14536905
2.478,-0.00468378
2.4785,0.17800484
2.479,0.30351586
2.4795,0.39512247
2.48,0.46846496
2.4805,0.46581585
2.481,0.38553865
2.4815,0.36102532
2.482,0.37484034
2.4825,0.32831969
2.483,0.28248859
2.4835,0.1844102
2.484,0.17617964
2.4845,0.04941807
2.485,-0.06936024
2.4855,0.03149959
2.486,0.08500866
2.4865,0.1880081
2.487,0.25052515
2.4875,0.27239683
2.488,0.18936495
2.4885,-0.00543035
2.489,-0.04973599
2.4895,-0.1706495
2.49,-0.22199467
2.4905,-0.26245915
2.491,-0.37762233
2.4915,-0.43459968
2.492,-0.44205375
2.4925,-0.55096773
2.493,-0.54296585
2.4935,-0.3420554
2.494,-0.22956089
2.4945,-0.05525465
2.495,-0.00066675
2.4955,-0.01829789
2.496,-0.057174
2.4965,-0.11607192
2.497,-0.20674826
2.4975,-0.15211363
2.498,-0.12316479
2.4985,-0.13968105
2.499,-0.09171208
2.4995,-0.12795467
2.5,-0.13093245
2.5005,-0.00330716
2.501,0.07912337
2.5015,0.25085099
2.502,0.47245066
2.5025,0.5133568
2.503,0.50203457
2.5035,0.44089657
2.504,0.33960946
2.5045,0.28344932
2.505,0.20887563
2.5055,0.24937545
2.506,0.13699967
2.5065,0.1418154
2.507,0.09438058
2.5075,0.11449801
2.508,0.06631538
2.5085,0.12417478
2.509,0.12560662
2.5095,0.17651683
2.51,0.24526387
2.5105,0.33873272
2.511,0.12166047
2.5115,-0.10137492
2.512,-0.16688416
2.5125,-0.24924155
2.513,-0.39920359
2.5135,-0.39469399
2.514,-0.43097061
2.5145,-0.39800292
2.515,-0.3693448
2.5155,-0.35341852
2.516,-0.35715599
2.5165,-0.28022261
2.517,-0.177753
2.5175,-0.0649975
2.518,-0.04460997
2.5185,-0.02862876
2.519,-0.11854973
2.5195,-0.20086081
2.52,-0.23795471
2.5205,-0.34421815
2.521,-0.30422893
2.5215,-0.18199383
2.522,-0.07516388
2.5225,0.08707151
2.523,0.04667568
2.5235,0.14739356
2.524,0.20649173
2.5245,0.31510913
2.525,0.45087703
2.5255,0.48070099
2.526,0.50037729
2.5265,0.43263187
2.527,0.34731403
2.5275,0.13412179
2.528,0.06539404
2.5285,0.14378328
2.529,0.1176754
2.5295,0.20647221
2.53,0.26438129
2.5305,0.22049345
2.531,0.26188329
2.5315,0.25898504
2.532,0.22735527
2.5325,0.23307504
2.533,0.2355382
2.5335,0.17768143
2.534,0.05236944
2.5345,-0.06726675
2.535,-0.28378085
2.5355,-0.39513893
2.536,-0.43018353
2.5365,-0.45302457
2.537,-0.39775347
2.5375,-0.30120839
2.538,-0.27006841
2.5385,-0.21000857
2.539,-0.24252785
2.5395,-0.13427077
2.54,-0.15106998
2.5405,-0.15108391
2.541,-0.04049825
2.5415,-0.12758259
2.542,-0.21123048
2.5425,-0.24559721
2.543,-0.37259168
2.5435,-0.3333105
2.544,-0.24015982
2.5445,-0.16063274
2.545,-0.00290641
2.5455,0.15374397
2.546,0.2688684
2.5465,0.30231796
2.547,0.36719921
2.5475,0.37041623
2.548,0.36371999
2.5485,0.36551396
2.549,0.42483486
2.5495,0.26710938
2.55,0.24841226
2.5505,0.12193637
2.551,0.0306483
2.5515,0.01399981
2.552,0.16259388
2.5525,0.22063214
2.553,0.33378274
2.5535,0.35590417
2.554,0.29246122
2.5545,0.25724974
2.555,0.19079713
2.5555,0.10628232
2.556,0.12653585
2.5565,-0.0115774
2.557,-0.07516875
2.5575,-0.13770452
2.558,-0.33659034
2.5585,-0.41160437
2.559,-0.4456487
2.5595,-0.44126687
2.56,-0.30299403
2.5605,-0.26402001
2.561,-0.10652611
2.5615,-0.08916054
2.562,-0.12997439
2.5625,-0.18856453
2.563,-0.23697518
2.5635,-0.29350584
2.564,-0.22908056
2.5645,-0.22604227
2.565,-0.24907467
2.5655,-0.31339221
2.566,-0.35212488
2.5665,-0.33249406
2.567,-0.26650374
2.5675,-0.15945541
2.568,0.1653261
2.5685,0.23495864
2.569,0.33716157
2.5695,0.33945263
2.57,0.36391056
2.5705,0.27274003
2.571,0.23121196
2.5715,0.24196121
2.572,0.25816215
2.5725,0.25693305
2.573,0.24558893
2.5735,0.16088211
2.574,0.10346114
2.5745,0.13548969
2.575,0.23309565
2.5755,0.26556707
2.576,0.43329331
2.5765,0.46280119
2.577,0.38524136
2.5775,0.33507805
2.578,0.15627415
2.5785,-0.00441832
2.579,-0.08511
2.5795,-0.19155971
2.58,-0.22984442
2.5805,-0.27377338
2.581,-0.30638007
2.5815,-0.38028897
2.582,-0.42146532
2.5825,-0.29855446
2.583,-0.24355097
2.5835,-0.14790522
2.584,-0.05419223
2.5845,-0.06789028
2.585,-0.09771631
2.5855,-0.23033157
2.586,-0.33263322
2.5865,-0.3908747
2.587,-0.42337555
2.5875,-0.39594915
2.588,-0.25647327
2.5885,-0.23800982
2.589,-0.23023326
2.5895,-0.13802724
2.59,-0.08723893
2.5905,0.03876489
2.591,0.15586046
2.5915,0.27222092
2.592,0.40913814
2.5925,0.38302435
2.593,0.28751402
2.5935,0.21193149
2.594,0.18225872
2.5945,0.0882816
2.595,0.19235112
2.5955,0.17157429
2.596,0.16612673
2.5965,0.19647757
2.597,0.23698451
2.5975,0.22377634
2.598,0.28483366
2.5985,0.40224063
2.599,0.41611496
2.5995,0.42650865
2.6,0.40234963
2.6005,0.3793981
2.601,0.06065065
2.6015,-0.14788152
2.602,-0.23102686
2.6025,-0.17269607
2.603,-0.23904909
2.6035,-0.23075753
2.604,-0.25202972
2.6045,-0.23763696
2.605,-0.25801866
2.6055,-0.25958526
2.606,-0.18935123
2.6065,-0.08905814
2.607,-0.08704301
2.6075,-0.08308646
2.608,-0.18080756
2.6085,-0.29201434
2.609,-0.38183205
2.6095,-0.56913895
2.61,-0.48664479
2.6105,-0.35095964
2.611,-0.24334614
2.6115,-0.16350162
2.612,-0.05081605
2.6125,-0.00832162
2.613,0.05688019
2.6135,0.11077278
2.614,0.23149978
2.6145,0.30239096
2.615,0.37605789
2.6155,0.36161225
2.616,0.20790781
2.6165,0.16248772
2.617,-0.00087028
2.6175,0.03277315
2.618,0.08624877
2.6185,0.15916557
2.619,0.28014334
2.6195,0.3771016
2.62,0.40115592
2.6205,0.35884884
2.621,0.39933454
2.6215,0.32487715
2.622,0.36372571
2.6225,0.30439533
2.623,0.30416466
2.6235,0.09231482
2.624,-0.01044119
2.6245,-0.24832537
2.625,-0.28355537
2.6255,-0.2865679
2.626,-0.34154404
2.6265,-0.17910444
2.627,-0.09302864
2.6275,-0.09287742
2.628,-0.153197
2.6285,-0.07736598
2.629,-0.19222968
2.6295,-0.2155771
2.63,-0.17949057
2.6305,-0.24092173
2.631,-0.32982592
2.6315,-0.32141193
2.632,-0.47231634
2.6325,-0.4856932
2.633,-0.52782227
2.6335,-0.31393118
2.634,-0.23879537
2.6345,0.00640998
2.635,0.07252572
2.6355,0.15939262
2.636,0.17826884
2.6365,0.10540269
2.637,0.11558096
2.6375,0.20347046
2.638,0.2373342
2.6385,0.24256923
2.639,0.13999479
2.6395,0.08762944
2.64,0.03417966
2.6405,0.01910253
2.641,0.11732983
2.6415,0.25448112
2.642,0.3618385
2.6425,0.50607581
2.643,0.51422132
2.6435,0.480383
2.644,0.36354029
2.6445,0.28265404
2.645,0.19301016
2.6455,0.0715376
2.646,0.15207165
2.6465,-0.00696389
2.647,-0.09732847
2.6475,-0.26149135
2.648,-0.24355144
2.6485,-0.28856915
2.649,-0.16069215
2.6495,-0.1024304
2.65,0.02177155
2.6505,0.03240644
2.651,-0.05528644
2.6515,-0.05627387
2.652,-0.16563442
2.6525,-0.34940263
2.653,-0.41095492
2.6535,-0.32902334
2.654,-0.43184895
2.6545,-0.35630778
2.655,-0.45569789
2.6555,-0.47403332
2.656,-0.41971862
2.6565,-0.30958129
2.657,-0.08702829
2.6575,0.03563855
2.658,0.17540295
2.6585,0.20516227
2.659,0.13954487
2.6595,0.1098296
2.66,0.07439559
2.6605,0.07611043
2.661,0.13558094
2.6615,0.14092154
2.662,0.20209121
2.6625,0.1550572
2.663,0.1632396
2.6635,0.12726388
2.664,0.22097844
2.6645,0.33700411
2.665,0.4041196
2.6655,0.53135873
2.666,0.53148556
2.6665,0.48203117
2.667,0.30618929
2.6675,0.11844946
2.668,0.08811563
2.6685,-0.04884044
2.669,-0.08078052
2.6695,0.00313795
2.67,-0.10875109
2.6705,-0.18541015
2.671,-0.21525502
2.6715,-0.19329097
2.672,-0.13027807
2.6725,-0.09931736
2.673,0.01172297
2.6735,0.05840306
2.674,-0.05116546
2.6745,-0.14731898
2.675,-0.34084425
2.6755,-0.39693782
2.676,-0.45199465
2.6765,-0.48722971
2.677,-0.38649615
2.6775,-0.36617696
2.678,-0.27952415
2.6785,-0.35537698
2.679,-0.20277685
2.6795,-0.10833398
2.68,0.00798879
2.6805,0.10737575
2.681,0.18804007
2.6815,0.20449515
2.682,0.14375796
2.6825,0.07872875
2.683,-0.02391214
2.6835,-0.06241625
2.684,-0.04604166
2.6845,0.05068657
2.685,0.13939454
2.6855,0.24983463
2.686,0.30337398
2.6865,0.3142047
2.687,0.36327655
2.6875,0.36595521
2.688,0.41535249
2.6885,0.54712975
2.689,0.47368999
2.6895,0.43634457
2.69,0.24818429
2.6905,0.04645133
2.691,-0.08628313
2.6915,-0.13129932
2.692,-0.08921936
2.6925,-0.04315464
2.693,-0.00845152
2.6935,0.0033394
2.694,0.02073056
2.6945,-0.05928259
2.695,-0.0778841
2.6955,-0.07864593
2.696,-0.02541932
2.6965,-0.03135675
2.697,-0.13204995
2.6975,-0.21731297
2.698,-0.4100248
2.6985,-0.53295729
2.699,-0.54511338
2.6995,-0.6072593
2.7,-0.49533812
2.7005,-0.33271286
2.701,-0.21153555
2.7015,-0.07323603
2.702,-0.05023121
2.7025,0.00784898
2.703,-0.01641887
2.7035,0.0458033
2.704,0.10317598
2.7045,0.13167345
2.705,0.09564466
2.7055,0.00927393
2.706,-0.06418606
2.7065,-0.05560738
2.707,-0.10027235
2.7075,0.05416989
2.708,0.20818393
2.7085,0.40807599
2.709,0.42445977
2.7095,0.43889776
2.71,0.43542156
2.7105,0.45673965
2.711,0.40058461
2.7115,0.37821913
2.712,0.38615168
2.7125,0.34527177
2.713,0.17555016
2.7135,0.07221634
2.714,-0.09267257
2.7145,-0.13049712
2.715,-0.08148451
2.7155,-0.0445446
2.716,0.08430041
2.7165,0.08389774
2.717,0.09078032
2.7175,0.02898221
2.718,-0.11021898
2.7185,-0.04010459
2.719,-0.21412239
2.7195,-0.15203454
2.72,-0.30281787
2.7205,-0.31663208
2.721,-0.40990129
2.7215,-0.52184761
2.722,-0.61604655
2.7225,-0.49371841
2.723,-0.31084134
2.7235,-0.26828951
2.724,-0.11499645
2.7245,0.0456572
2.725,0.09446484
2.7255,-0.01261538
2.726,-0.06478128
2.7265,0.00726719
2.727,-0.03373989
2.7275,-0.01861523
2.728,-0.01405631
2.7285,-0.06698208
2.729,-0.06969998
2.7295,-0.05807115
2.73,0.05010639
2.7305,0.158899
2.731,0.30838499
2.7315,0.50272469
2.732,0.58834152
2.7325,0.5933884
2.733,0.42213009
2.7335,0.34760166
2.734,0.32004314
2.7345,0.20018809
2.735,0.16118465
2.7355,0.15389099
2.736,0.16049183
2.7365,0.0045589
2.737,-0.08022974
2.7375,-0.06676518
2.738,-0.06247314
2.7385,0.02089528
2.739,0.16344996
2.7395,0.23595849
2.74,0.15774159
2.7405,0.04345542
2.741,-0.07472328
2.7415,-0.19579576
2.742,-0.38463606
2.7425,-0.35201963
2.743,-0.35513255
2.7435,-0.40309699
2.744,-0.40883244
2.7445,-0.48103657
2.745,-0.45239845
2.7455,-0.33069775
2.746,-0.27182098
2.7465,-0.13532875
2.747,-0.03362055
2.7475,0.0860645
2.748,0.06333609
2.7485,0.02260783
2.749,-0.05240438
2.7495,-0.1074937
2.75,-0.17352493
2.7505,-0.09594597
2.751,-0.08733206
2.7515,-0.02338875
2.752,0.06233854
2.7525,0.13923193
2.753,0.14472579
2.7535,0.26031644
2.754,0.40219237
2.7545,0.42815527
2.755,0.58297841
2.7555,0.54705365
2.756,0.47782002
2.7565,0.31118803
2.757,0.15970487
2.7575,0.10892597
2.758,-0.00760914
2.7585,-0.00342486
2.759,0.05774778
2.7595,0.12361908
2.76,0.10975454
2.7605,0.06991521
2.761,0.00884144
2.7615,0.08611303
2.762,0.07876458
2.7625,0.14572655
2.763,0.03381428
2.7635,0.03103602
2.764,-0.12859004
2.7645,-0.28297567
2.765,-0.46366498
2.7655,-0.56632597
2.766,-0.48069903
2.7665,-0.46765892
2.767,-0.34750504
2.7675,-0.30165085
2.768,-0.28159438
2.7685,-0.24049292
2.769,-0.24523042
2.7695,-0.13331985
2.77,0.00052783
2.7705,0.03254518
2.771,0.05604085
2.7715,-0.09549527
2.772,-0.15684886
2.7725,-0.19157573
2.773,-0.24401356
2.7735,-0.17828372
2.774,-0.03721508
2.7745,0.09572032
2.775,0.2325099
2.7755,0.21614329
2.776,0.28705312
2.7765,0.36601008
2.777,0.43250561
2.7775,0.48267196
2.778,0.49815303
2.7785,0.44846852
2.779,0.34311576
2.7795,0.26545371
2.78,0.05210753
2.7805,0.05727704
2.781,0.00272265
2.7815,0.02872701
2.782,0.19267096
2.7825,0.1566907
2.783,0.22166146
2.7835,0.20018196
2.784,0.12089659
2.7845,0.04601769
2.785,0.0805418
2.7855,0.01505909
2.786,-0.05387256
2.7865,-0.10111126
2.787,-0.22717149
2.7875,-0.42335392
2.788,-0.53154825
2.7885,-0.52657388
2.789,-0.50285903
2.7895,-0.31020251
2.79,-0.14551092
2.7905,-0.16014814
2.791,-0.16754229
2.7915,-0.17844981
2.792,-0.10754923
2.7925,-0.10425773
2.793,-0.12241225
2.7935,-0.03510304
2.794,-0.04794588
2.7945,-0.16031531
2.795,-0.2028588
2.7955,-0.21667159
2.796,-0.20019239
2.7965,-0.12652952
2.797,0.07486362
2.7975,0.16220824
2.798,0.31677405
2.7985,0.39618493
2.799,0.39444937
2.7995,0.33429788
2.8,0.3662557
2.8005,0.32985967
2.801,0.33489118
2.8015,0.295157
2.802,0.24249118
2.8025,0.1954274
2.803,0.09313471
2.8035,-0.0021747
2.804,-0.07965493
2.8045,0.07624932
2.805,0.1850041
2.8055,0.22736211
2.806,0.24561809
2.8065,0.27242631
2.807,0.16569714
2.8075,0.0349169
2.808,-0.12510551
2.8085,-0.09685171
2.809,-0.21747889
2.8095,-0.22637908
2.81,-0.35419252
2.8105,-0.38570233
2.811,-0.54796232
2.8115,-0.48743016
2.812,-0.40176243
2.8125,-0.26122376
2.813,-0.16111136
2.8135,-0.06438686
2.814,-0.02180886
2.8145,-0.03288106
2.815,-0.13491943
2.8155,-0.18218445
2.816,-0.27054685
2.8165,-0.21781556
2.817,-0.20860272
2.8175,-0.17617882
2.818,-0.16513412
2.8185,-0.16748129
2.819,-0.09189712
2.8195,-0.01483036
2.82,0.15116793
2.8205,0.3027731
2.821,0.45353809
2.8215,0.42247215
2.822,0.47249898
2.8225,0.39412435
2.823,0.33571024
2.8235,0.1877172
2.824,0.20051631
2.8245,0.19221715
2.825,0.18095379
2.8255,0.22171317
2.826,0.1261508
2.8265,0.10687887
2.827,0.13289447
2.8275,0.22803583
2.828,0.30773162
2.8285,0.28727354
2.829,0.37767728
2.8295,0.28509009
2.83,0.10558715
2.8305,-0.05832344
2.831,-0.16859839
2.8315,-0.32484063
2.832,-0.27068531
2.8325,-0.30162634
2.833,-0.33361654
2.8335,-0.34539283
2.834,-0.39772771
2.8345,-0.38749168
2.835,-0.36549684
2.8355,-0.25704506
2.836,-0.11251082
2.8365,-0.01310164
2.837,-0.0394816
2.8375,-0.06105249
2.838,-0.17379916
2.8385,-0.32758605
2.839,-0.28651189
2.8395,-0.43201963
2.84,-0.21257231
2.8405,-0.19402696
2.841,-0.1583831
2.8415,-0.01017035
2.842,0.05194518
2.8425,0.1314041
2.843,0.20188568
2.8435,0.36759552
2.844,0.51445176
2.8445,0.42427831
2.845,0.37699285
2.8455,0.34385294
2.846,0.24583819
2.8465,0.10963988
2.847,0.08912091
2.8475,0.09005139
2.848,0.18608347
2.8485,0.22235932
2.849,0.22962645
2.8495,0.31788211
2.85,0.27671063
2.8505,0.2784592
2.851,0.29199392
2.8515,0.261073
2.852,0.37229342
2.8525,0.17088737
2.853,0.06477558
2.8535,-0.15768627
2.854,-0.34010009
2.8545,-0.41389754
2.855,-0.36625689
2.8555,-0.36521647
2.856,-0.29007788
2.8565,-0.24534174
2.857,-0.18115059
2.8575,-0.2160813
2.858,-0.2259785
2.8585,-0.24028118
2.859,-0.15399849
2.8595,-0.15118314
2.86,-0.16797931
2.8605,-0.20309486
2.861,-0.26914677
2.8615,-0.3853258
2.862,-0.36239441
2.8625,-0.41012062
2.863,-0.30730836
2.8635,-0.10811383
2.864,0.07542775
2.8645,0.1835436
2.865,0.22204493
2.8655,0.23714445
2.866,0.18677672
2.8665,0.33388431
2.867,0.35496431
2.8675,0.40429253
2.868,0.33979703
2.8685,0.28924571
2.869,0.14456811
2.8695,0.0238581
2.87,0.01066228
2.8705,0.09410627
2.871,0.2379181
2.8715,0.33244951
2.872,0.36737378
2.8725,0.44132643
2.873,0.39022616
2.8735,0.30908239
2.874,0.21197656
2.8745,0.19185466
2.875,0.09173371
2.8755,0.03983738
2.876,-0.15031848
2.8765,-0.24540765
2.877,-0.35454097
2.8775,-0.44701235
2.878,-0.37369244
2.8785,-0.32674186
2.879,-0.23216372
2.8795,-0.15262144
2.88,-0.11914279
2.8805,-0.05533274
2.881,-0.11339292
2.8815,-0.22465018
2.882,-0.19068186
2.8825,-0.23406764
2.883,-0.26665254
2.8835,-0.26997271
2.884,-0.29054503
2.8845,-0.41458896
2.885,-0.37627906
2.8855,-0.35917419
2.886,-0.2184944
2.8865,-0.05349241
2.887,0.09290472
2.8875,0.26377027
2.888,0.33076233
2.8885,0.37128226
2.889,0.2106703
2.8895,0.24480478
2.89,0.20261124
2.8905,0.15051471
2.891,0.20758672
2.8915,0.24260643
2.892,0.20296971
2.8925,0.11726834
2.893,0.07307578
2.8935,0.15917677
2.894,0.28179894
2.8945,0.3919739
2.895,0.4417153
2.8955,0.4802681
2.896,0.43160144
2.8965,0.26436822
2.897,0.15024597
2.8975,0.00317526
2.898,-0.02825234
2.8985,-0.08469319
2.899,-0.13772643
2.8995,-0.19832097
2.9,-0.25046078
2.9005,-0.29774383
2.901,-0.26995922
2.9015,-0.22002034
2.902,-0.18404925
2.9025,0.03513084
2.903,0.0052706
2.9035,-0.06970663
2.904,-0.20745545
2.9045,-0.26730768
2.905,-0.30827645
2.9055,-0.34606419
2.906,-0.32268864
2.9065,-0.35266676
2.907,-0.32592328
2.9075,-0.26456296
2.908,-0.24397973
2.9085,-0.17174058
2.909,-0.07655113
2.9095,0.03119241
2.91,0.20026353
2.9105,0.27814224
2.911,0.41698815
2.9115,0.32378248
2.912,0.24171849
2.9125,0.142923
2.913,0.09545792
2.9135,0.0897815
2.914,0.16976101
2.9145,0.13981075
2.915,0.11109093
2.9155,0.19161733
2.916,0.21859663
2.9165,0.31135099
2.917,0.33622812
2.9175,0.48427168
2.918,0.458411
2.9185,0.40550245
2.919,0.30905041
2.9195,0.19824635
2.92,-0.01661496
2.9205,-0.11852768
2.921,-0.17586122
2.9215,-0.19608948
2.922,-0.16832453
2.9225,-0.24723905
2.923,-0.16744772
2.9235,-0.21865759
2.924,-0.20820296
2.9245,-0.19731634
2.925,-0.1461024
2.9255,-0.04009163
2.926,-0.07432127
2.9265,-0.15903402
2.927,-0.17559558
2.9275,-0.39983263
2.928,-0.41087737
2.9285,-0.52466803
2.929,-0.39075752
2.9295,-0.32225929
2.93,-0.30166356
2.9305,-0.1816121
2.931,-0.10776914
2.9315,-0.02743367
2.932,0.01773726
2.9325,0.13931588
2.933,0.2458094
2.9335,0.30215622
2.934,0.30774006
2.9345,0.21860824
2.935,0.14669363
2.9355,0.08133877
2.936,0.03381802
2.9365,-0.00694131
2.937,0.04602646
2.9375,0.23393023
2.938,0.31715751
2.9385,0.35619796
2.939,0.38687526
2.9395,0.35887472
2.94,0.37817565
2.9405,0.32592472
2.941,0.42176392
2.9415,0.28177067
2.942,0.20789791
2.9425,0.14047842
2.943,-0.07551315
2.9435,-0.16621711
2.944,-0.24406165
2.9445,-0.25578824
2.945,-0.15493057
2.9455,-0.064629
2.946,-0.04840407
2.9465,-0.02561732
2.947,-0.11043416
2.9475,-0.14490112
2.948,-0.18941158
2.9485,-0.17895581
2.949,-0.18393078
2.9495,-0.22123885
2.95,-0.36611043
2.9505,-0.38960052
2.951,-0.45310105
2.9515,-0.48187673
2.952,-0.46182563
2.9525,-0.28783384
2.953,-0.21673469
2.9535,-0.0647428
2.954,0.13282921
2.9545,0.04866408
2.955,0.13404391
2.9555,0.09877135
2.956,0.15894461
2.9565,0.1988597
2.957,0.13062192
2.9575,0.1343795
2.958,0.05260583
2.9585,0.07284174
2.959,0.03483206
2.9595,0.0642548
2.96,0.15382869
2.9605,0.26900477
2.961,0.46989617
2.9615,0.4720227
2.962,0.49199382
2.9625,0.49932484
2.963,0.39307939
2.9635,0.26515407
2.964,0.18083521
2.9645,0.10529426
2.965,0.1632437
2.9655,0.01963177
2.966,-0.08224126
2.9665,-0.17457593
2.967,-0.25415163
2.9675,-0.20116714
2.968,-0.13604712
2.9685,0.00561581
2.969,0.02816923
2.9695,0.03196498
2.97,-0.09653902
2.9705,-0.14455873
2.971,-0.23524693
2.9715,-0.36329454
2.972,-0.35683244
2.9725,-0.39361672
2.973,-0.38946355
2.9735,-0.44604651
2.974,-0.4449799
2.9745,-0.46588081
2.975,-0.34249822
2.9755,-0.2239505
2.976,-0.06253984
2.9765,-0.00259592
2.977,0.11100268
2.9775,0.13013481
2.978,0.14686662
2.9785,0.0340736
2.979,-0.0037931
2.9795,0.05272646
2.98,0.02767737
2.9805,0.13009252
2.981,0.07761498
2.9815,0.10086617
2.982,0.08620644
2.9825,0.12320879
2.983,0.2240627
2.9835,0.36981549
2.984,0.51321549
2.9845,0.54757665
2.985,0.570852
2.9855,0.40374827
2.986,0.27207312
2.9865,0.20372756
2.987,0.06999492
2.9875,-0.03461746
2.988,0.00016542
2.9885,-0.04949584
2.989,-0.01611062
2.9895,-0.06682211
2.99,-0.16401948
2.9905,-0.07190913
2.991,-0.07630205
2.9915,-0.0126268
2.992,0.10993169
2.9925,0.06510425
2.993,-0.05126023
2.9935,-0.22684322
2.994,-0.31168397
2.9945,-0.48959048
2.995,-0.46336798
2.9955,-0.49958662
2.996,-0.41115132
2.9965,-0.37998515
2.997,-0.4158039
2.9975,-0.32478517
2.998,-0.24397131
2.9985,-0.14446504
2.999,-0.07367291
2.9995,0.06161467
3.0,0.16642199
3.0005,0.1471635
3.001,0.08694305
3.0015,0.03802503
3.002,-0.06825651
3.0025,-0.09561834
3.003,0.0198137
3.0035,0.06627996
3.004,0.15387401
3.0045,0.25068181
3.005,0.24120039
3.0055,0.30315392
3.006,0.37300717
3.0065,0.40392491
3.007,0.55541717
3.0075,0.5342576
3.008,0.46402708
3.0085,0.37940831
3.009,0.14713181
3.0095,0.07029746
3.01,-0.05984947
3.0105,-0.0515861
3.011,-0.03482696
3.0115,0.08561398
3.012,-0.03733782
3.0125,0.06097951
3.013,0.01540595
3.0135,-0.03577492
3.014,0.00640006
3.0145,0.00780567
3.015,-0.02840248
3.0155,-0.0506561
3.016,-0.15613746
3.0165,-0.25305161
3.017,-0.44586438
3.0175,-0.58214967
3.018,-0.57048939
3.0185,-0.4919336
3.019,-0.35053125
3.0195,-0.23647719
3.02,-0.18492014
3.0205,-0.15172346
3.021,-0.15837758
3.0215,-0.0852984
3.022,0.04604798
3.0225,0.06241085
3.023,0.07056618
3.0235,0.0113481
3.024,0.02523495
3.0245,-0.10097853
3.025,-0.08401052
3.0255,-0.15136925
3.026,-0.04125242
3.0265,0.04449538
3.027,0.28387163
3.0275,0.39071988
3.028,0.44922219
3.0285,0.44196907
3.029,0.41129067
3.0295,0.40919015
3.03,0.42820843
3.0305,0.42453174
3.031,0.32549696
3.0315,0.2526372
3.032,0.17622189
3.0325,-0.02093119
3.033,-0.07968265
3.0335,-0.09147735
3.034,-0.06782021
3.0345,-0.04736006
3.035,0.11874202
3.0355,0.12615906
3.036,0.12270116
3.0365,0.05265658
3.037,-0.02230244
3.0375,-0.1037893
3.038,-0.09179336
3.0385,-0.20247681
3.039,-0.27120024
3.0395,-0.37388117
3.04,-0.42590148
3.0405,-0.53687762
3.041,-0.55942558
3.0415,-0.44488166
3.042,-0.32078901
3.0425,-0.1682091
3.043,-0.05130539
3.0435,-0.05666759
3.044,-0.03764077
3.0445,-0.04978754
3.045,-0.0541414
3.0455,-0.09159683
3.046,-0.08704573
3.0465,-0.0487595
3.047,-0.07717223
3.0475,-0.06322146
3.048,-0.13391123
3.0485,-0.03356753
3.049,0.02206292
3.0495,0.18513593
3.05,0.41447077
3.0505,0.43074273
3.051,0.54810096
3.0515,0.44166803
3.052,0.46879804
3.0525,0.31332973
3.053,0.26769452
3.0535,0.16502329
3.054,0.19456422
3.0545,0.13025607
3.055,0.09621143
3.0555,0.02200607
3.056,-0.04851155
3.0565,-0.03448587
3.057,0.08515121
3.0575,0.14510571
3.058,0.1460733
3.0585,0.27387942
3.059,0.14299538
3.0595,0.03792631
3.06,-0.08073941
3.0605,-0.24846349
3.061,-0.34574371
3.0615,-0.34014826
3.062,-0.37313933
3.0625,-0.4520208
3.063,-0.44594104
3.0635,-0.46856771
3.064,-0.41015499
3.0645,-0.37817357
3.065,-0.22486458
3.0655,-0.0666729
3.066,0.0093096
3.0665,0.07838828
3.067,0.05695623
3.0675,-0.09783343
3.068,-0.13899347
3.0685,-0.15303424
3.069,-0.24392014
3.0695,-0.14507589
3.07,-0.10046993
3.0705,-0.07694313
3.071,-0.02562818
3.0715,0.08116373
3.072,0.16080418
3.0725,0.24457652
3.073,0.39849899
3.0735,0.43919052
3.074,0.52504123
3.0745,0.53841
3.075,0.37413396
3.0755,0.27529174
3.076,0.10717136
3.0765,0.04843975
3.077,0.08626053
3.0775,0.10569455
3.078,0.11566432
3.0785,0.10287007
3.079,0.14152502
3.0795,0.10656537
3.08,0.08127456
3.0805,0.13498803
3.081,0.17160583
3.0815,0.17714455
3.082,0.11623012
3.0825,-0.00579823
3.083,-0.19910196
3.0835,-0.35644978
3.084,-0.47010156
3.0845,-0.44384658
3.085,-0.37003297
3.0855,-0.37830758
3.086,-0.33027683
3.0865,-0.30528591
3.087,-0.30697935
3.0875,-0.25082448
3.088,-0.16994197
3.0885,-0.09959766
3.089,-0.03076234
3.0895,0.06629547
3.09,-0.1002321
3.0905,-0.1680854
3.091,-0.28139007
3.0915,-0.32019144
3.092,-0.25426914
3.0925,-0.14379855
3.093,-0.04587993
3.0935,0.04855003
3.094,0.12264751
3.0945,0.301081
3.095,0.31164161
3.0955,0.37654424
3.096,0.38784234
3.0965,0.40513041
3.097,0.46100222
3.0975,0.47222141
3.098,0.29703174
3.0985,0.12827013
3.099,0.077423
3.0995,-0.01273623
3.1,0.05564469
3.1005,0.19177054
3.101,0.17350981
3.1015,0.30415455
3.102,0.26932667
3.1025,0.16756267
3.103,0.18616335
3.1035,0.15430633
3.104,0.11567437
3.1045,0.03318176
3.105,0.02568053
3.1055,-0.14855937
3.106,-0.28240309
3.1065,-0.42952565
3.107,-0.45534619
3.1075,-0.51591683
3.108,-0.43244835
3.1085,-0.29734187
3.109,-0.18926549
3.1095,-0.18092033
3.11,-0.15116078
3.1105,-0.17916199
3.111,-0.15749518
3.1115,-0.17334882
3.112,-0.19016952
3.1125,-0.14140771
3.113,-0.16811127
3.1135,-0.25517171
3.114,-0.27461544
3.1145,-0.27730356
3.115,-0.2118346
3.1155,-0.13088125
3.116,0.07950505
3.1165,0.17434595
3.117,0.31156671
3.1175,0.39809976
3.118,0.44117252
3.1185,0.39707687
3.119,0.34913336
3.1195,0.31525133
3.12,0.36731977
3.1205,0.27845573
3.121,0.23796778
3.1215,0.14959629
3.122,0.07034798
3.1225,-0.04659969
3.123,0.0416109
3.1235,0.09324366
3.124,0.24876225
3.1245,0.41176634
3.125,0.34847277
3.1255,0.33414159
3.126,0.18499865
3.1265,0.04025276
3.127,-0.0285835
3.1275,-0.05959046
3.128,-0.17885958
3.1285,-0.24607194
3.129,-0.27032941
3.1295,-0.49618299
3.13,-0.38490774
3.1305,-0.4549529
3.131,-0.33806477
3.1315,-0.16935913
3.132,-0.12254646
3.1325,-0.04180071
3.133,-0.09530964
3.1335,-0.2095673
3.134,-0.19329253
3.1345,-0.32679628
3.135,-0.20644374
3.1355,-0.24078061
3.136,-0.21946159
3.1365,-0.24446011
3.137,-0.26465306
3.1375,-0.15385835
3.138,-0.18053066
3.1385,-0.04779819
3.139,0.19921428
3.1395,0.34439905
3.14,0.45455441
3.1405,0.45371471
3.141,0.42441887
3.1415,0.37765738
3.142,0.24751741
3.1425,0.1040693
3.143,0.14500432
3.1435,0.20033631
3.144,0.20809634
3.1445,0.16982349
3.145,0.16870544
3.1455,0.15121981
3.146,0.24738893
3.1465,0.20992364
3.147,0.32810161
3.1475,0.32928233
3.148,0.40269868
3.1485,0.23598002
3.149,0.12317731
3.1495,-0.09413322
3.15,-0.20098008
3.1505,-0.26513403
3.151,-0.25358106
3.1515,-0.32634938
3.152,-0.27007311
3.1525,-0.28798334
3.153,-0.32114095
3.1535,-0.29855055
3.154,-0.23913397
3.1545,-0.13342872
3.155,0.01741998
3.1555,-0.01975286
3.156,-0.07944662
3.1565,-0.16902908
3.157,-0.31768154
3.1575,-0.37451088
3.158,-0.44233659
3.1585,-0.36116331
3.159,-0.23179403
3.1595,-0.18152076
3.16,-0.15806413
3.1605,-0.08717719
3.161,-0.01948918
3.1615,0.08418817
3.162,0.23447204
3.1625,0.35174927
3.163,0.39211605
3.1635,0.46140853
3.164,0.33500994
3.1645,0.29613824
3.165,0.09754637
3.1655,0.0556914
3.166,0.07653587
3.1665,0.11544366
3.167,0.16469956
3.1675,0.24237856
3.168,0.25915732
3.1685,0.24461588
3.169,0.3194645
3.1695,0.27676893
3.17,0.33271233
3.1705,0.32202309
3.171,0.2815176
3.1715,0.22990827
3.172,0.05106439
3.1725,-0.09749308
3.173,-0.25356017
3.1735,-0.34406673
3.174,-0.39712577
3.1745,-0.24597983
3.175,-0.22179164
3.1755,-0.22718877
3.176,-0.17758752
3.1765,-0.21268372
3.177,-0.17858067
3.1775,-0.20641812
3.178,-0.1835812
3.1785,-0.08245159
3.179,-0.20373434
3.1795,-0.23733182
3.18,-0.40315391
3.1805,-0.47729969
3.181,-0.44266712
3.1815,-0.37862828
3.182,-0.29127667
3.1825,-0.05804259
3.183,0.01185844
3.1835,0.09332937
3.184,0.12028748
3.1845,0.21082672
3.185,0.25043266
3.1855,0.23324455
3.186,0.3102721
3.1865,0.33590773
3.187,0.28740963
3.1875,0.13424177
3.188,0.100139
3.1885,0.00635874
3.189,0.08459025
3.1895,0.13477495
3.19,0.2618795
3.1905,0.40001707
3.191,0.4156007
3.1915,0.4623057
3.192,0.33682753
3.1925,0.33351331
3.193,0.25066769
3.1935,0.24563619
3.194,0.11140421
3.1945,0.03975721
3.195,-0.13369481
3.1955,-0.23170346
3.196,-0.3316976
3.1965,-0.40823521
3.197,-0.33402005
3.1975,-0.22375613
3.198,-0.16682725
3.1985,-0.09259165
3.199,-0.13837942
3.1995,-0.15264206
3.2,-0.13715065
3.2005,-0.24510543
3.201,-0.27968025
3.2015,-0.27050895
3.202,-0.34219265
3.2025,-0.25969984
3.203,-0.4260709
3.2035,-0.42801883
3.204,-0.45632052
3.2045,-0.27944061
3.205,-0.15831581
3.2055,-0.04069169
3.206,0.09702511
3.2065,0.25037931
3.207,0.19723218
3.2075,0.19190953
3.208,0.18118041
3.2085,0.13829632
3.209,0.20838776
3.2095,0.19643778
3.21,0.17985637
3.2105,0.21242096
3.211,0.09392922
3.2115,0.09780774
3.212,0.14998408
3.2125,0.2464017
3.213,0.43451583
3.2135,0.45376788
3.214,0.49324992
3.2145,0.48291179
3.215,0.41677477
3.2155,0.2651997
3.216,0.06687738
3.2165,0.05352316
3.217,-0.00535855
3.2175,-0.01322364
3.218,-0.10640895
3.2185,-0.18841364
3.219,-0.21592963
3.2195,-0.32680582
3.22,-0.28923824
3.2205,-0.13745485
3.221,-0.09675118
3.2215,-0.01895071
3.222,0.0157384
3.2225,-0.08872696
3.223,-0.2063438
3.2235,-0.37838999
3.224,-0.36574254
3.2245,-0.42285228
3.225,-0.43154073
3.2255,-0.36844881
3.226,-0.34634929
3.2265,-0.27115263
3.227,-0.2883647
3.2275,-0.22335736
3.228,-0.0816534
3.2285,0.10135874
3.229,0.25198501
3.2295,0.34367047
3.23,0.300095
3.2305,0.18979595
3.231,0.11657801
3.2315,0.05913977
3.232,0.05725158
3.2325,0.11731509
3.233,0.14227025
3.2335,0.11563573
3.234,0.17703002
3.2345,0.24419622
3.235,0.19864922
3.2355,0.294836
3.236,0.43491017
3.2365,0.54708651
3.237,0.47210284
3.2375,0.53129175
3.238,0.35973804
3.2385,0.1376718
3.239,0.0051879
3.2395,-0.04352118
3.24,-0.16426489
3.2405,-0.09583173
3.241,-0.14998825
3.2415,-0.12546849
3.242,-0.19986153
3.2425,-0.15704703
3.243,-0.11817224
3.2435,-0.1513215
3.244,-0.10638517
3.2445,-0.02734163
3.245,-0.10466105
3.2455,-0.11323781
3.246,-0.32904196
3.2465,-0.45812688
3.247,-0.51901548
3.2475,-0.48490427
3.248,-0.50472441
3.2485,-0.47377842
3.249,-0.22011843
3.2495,-0.1568583
3.25,-0.09587798
3.2505,-0.07861336
3.251,-0.03376231
3.2515,0.07178959
3.252,0.21236163
3.2525,0.28487206
3.253,0.23600839
3.2535,0.14506836
3.254,0.04407575
3.2545,-0.06012385
3.255,-0.00679
3.2555,0.03741977
3.256,0.10157832
3.2565,0.3210861
3.257,0.35381745
3.2575,0.46147719
3.258,0.43549351
3.2585,0.35372843
3.259,0.39012796
3.2595,0.41646034
3.26,0.39299285
3.2605,0.42601999
3.261,0.21098425
3.2615,-0.02056107
3.262,-0.09102258
3.2625,-0.20390739
3.263,-0.26226175
3.2635,-0.15794906
3.264,-0.10299578
3.2645,-0.00532063
3.265,0.02471828
3.2655,-0.08477987
3.266,-0.04343896
3.2665,-0.13553304
3.267,-0.17832584
3.2675,-0.17175307
3.268,-0.16267788
3.2685,-0.28169794
3.269,-0.4251569
3.2695,-0.56048788
3.27,-0.544182
3.2705,-0.47886306
3.271,-0.42292849
3.2715,-0.25379714
3.272,-0.13177108
3.2725,-0.0206548
3.273,0.04320445
3.2735,0.07840057
3.274,0.012298
3.2745,0.0836465
3.275,0.08845424
3.2755,0.08355194
3.276,0.11856557
3.2765,0.10350646
3.277,0.02710613
3.2775,0.00455995
3.278,0.00752978
3.2785,0.06032191
3.279,0.21408141
3.2795,0.34534901
3.28,0.44257682
3.2805,0.55791461
3.281,0.47508079
3.2815,0.43949029
3.282,0.32789507
3.2825,0.30936389
3.283,0.24430104
3.2835,0.21106468
3.284,0.12176214
3.2845,0.05615386
3.285,-0.13775659
3.2855,-0.12474754
3.286,-0.15948871
3.2865,-0.12916003
3.287,0.00744031
3.2875,0.06225522
3.288,0.05508203
3.2885,0.01295104
3.289,-0.05362703
3.2895,-0.1697508
3.29,-0.28671479
3.2905,-0.27247565
3.291,-0.22797761
3.2915,-0.36989742
3.292,-0.45795084
3.2925,-0.47652509
3.293,-0.50511174
3.2935,-0.49410252
3.294,-0.37594476
3.2945,-0.13936784
3.295,-0.04282697
3.2955,0.01244091
3.296,0.09006298
3.2965,0.09349585
3.297,0.05749383
3.2975,-0.01470299
3.298,-0.10277431
3.2985,-0.02552098
3.299,0.02350572
3.2995,0.10171139
3.3,0.06722808
3.3005,0.04777453
3.301,0.08374141
3.3015,0.13118458
3.302,0.31051379
3.3025,0.35638642
3.303,0.66243614
3.3035,0.55933533
3.304,0.54572334
3.3045,0.39390133
3.305,0.23127001
3.3055,0.20664151
3.306,0.11600379
3.3065,0.12503251
3.307,0.08387407
3.3075,-0.04086167
3.308,0.00583197
3.3085,-0.03996651
3.309,-0.06969538
3.3095,0.00285656
3.31,-0.00445105
3.3105,0.06641907
3.311,0.01512654
3.3115,0.08456576
3.312,-0.09280254
3.3125,-0.21743316
3.313,-0.40233796
3.3135,-0.46696761
3.314,-0.45861143
3.3145,-0.40930964
3.315,-0.40234735
3.3155,-0.36518462
3.316,-0.35296889
3.3165,-0.34632841
3.317,-0.28849388
3.3175,-0.12753817
3.318,-1.431e-05
3.3185,0.0883586
3.319,0.05706416
3.3195,0.05941909
3.32,0.01284078
3.3205,-0.08931916
3.321,-0.09088157
3.3215,-0.15888828
3.322,-0.05103836
3.3225,0.04555921
3.323,0.16168345
3.3235,0.26310234
3.324,0.2544574
3.3245,0.28436526
3.325,0.34539042
3.3255,0.40914337
3.326,0.5246427
3.3265,0.49864366
3.327,0.4731142
3.3275,0.29299403
3.328,0.19256798
3.3285,0.03344417
3.329,-0.01626382
3.3295,-0.02652936
3.33,0.06445906
3.3305,0.03955654
3.331,0.08800024
3.3315,0.08506647
3.332,0.06130378
3.3325,0.04088139
3.333,0.04334451
3.3335,0.02672109
3.334,-0.0023006
3.3345,-0.01983981
3.335,-0.1689611
3.3355,-0.36422115
3.336,-0.50336216
3.3365,-0.5052562
3.337,-0.56497084
3.3375,-0.48306599
3.338,-0.36143812
3.3385,-0.25087413
3.339,-0.17242241
3.3395,-0.15967184
3.34,-0.15225076
3.3405,-0.09562596
3.341,0.02090164
3.3415,0.05590727
3.342,-0.01547242
3.3425,0.00259303
3.343,-0.08968992
3.3435,-0.18319844
3.344,-0.22132899
3.3445,-0.11792596
3.345,-0.0712224
3.3455,0.12504996
3.346,0.27360986
3.3465,0.37012163
3.347,0.42522681
3.3475,0.38483756
3.348,0.38139459
3.3485,0.47701171
3.349,0.48643822
3.3495,0.3826274
3.35,0.42887563
3.3505,0.23864327
3.351,0.05530286
3.3515,0.01472836
3.352,-0.08872557
3.3525,-0.04128845
3.353,0.07595776
3.3535,0.17841113
3.354,0.19913088
3.3545,0.14266093
3.355,0.10080091
3.3555,0.06470785
3.356,-0.00683037
3.3565,-0.11210693
3.357,-0.19825903
3.3575,-0.11215755
3.358,-0.27815515
3.3585,-0.37746957
3.359,-0.48100853
3.3595,-0.53846388
3.36,-0.57516401
3.3605,-0.44019439
3.361,-0.21223193
3.3615,-0.11092691
3.362,-0.11883339
3.3625,0.01345713
3.363,0.01324713
3.3635,-0.0886538
3.364,-0.10517604
3.3645,-0.11240589
3.365,-0.0621079
3.3655,-0.15330435
3.366,-0.10885355
3.3665,-0.13099842
3.367,-0.1129523
3.3675,-0.08276535
3.368,0.05551907
3.3685,0.20614861
3.369,0.32287518
3.3695,0.51192285
3.37,0.4693435
3.3705,0.47936243
3.371,0.3681968
3.3715,0.29428467
3.372,0.21991396
3.3725,0.27301463
3.373,0.16951356
3.3735,0.25316568
3.374,0.11486381
3.3745,0.06207508
3.375,0.03735544
3.3755,-0.03149327
3.376,0.18305728
3.3765,0.33737409
3.377,0.24074481
3.3775,0.26339857
3.378,0.14262721
3.3785,-0.05541619
3.379,-0.15643066
3.3795,-0.22039468
3.38,-0.28135242
3.3805,-0.33020113
3.381,-0.34443846
3.3815,-0.39104063
3.382,-0.43299247
3.3825,-0.42530751
3.383,-0.44079769
3.3835,-0.34138393
3.384,-0.17971725
3.3845,-0.06611919
3.385,-0.03167526
3.3855,-0.01030418
3.386,-0.10818499
3.3865,-0.22020282
3.387,-0.26175239
3.3875,-0.2802211
3.388,-0.25204363
3.3885,-0.19814968
3.389,-0.10755954
3.3895,-0.10142538
3.39,-0.02849179
3.3905,0.03434932
3.391,0.1683148
3.3915,0.29671863
3.392,0.4513822
3.3925,0.47810896
3.393,0.48261722
3.3935,0.47960959
3.394,0.33739794
3.3945,0.1397226
3.395,0.12294757
3.3955,0.10772269
3.396,0.13228659
3.3965,0.18369954
3.397,0.18779768
3.3975,0.15790929
3.398,0.19548719
3.3985,0.1192955
3.399,0.15913237
3.3995,0.23889846
3.4,0.233283
3.4005,0.2297575
3.401,0.1649511
3.4015,-0.03160413
3.402,-0.25118313
3.4025,-0.33032391
3.403,-0.47466421
3.4035,-0.3932324
3.404,-0.39492271
3.4045,-0.33661789
3.405,-0.35383711
3.4055,-0.34081254
3.406,-0.27152735
3.4065,-0.24863526
3.407,-0.13326969
3.4075,-0.04651532
3.408,-0.04011713
3.4085,-0.10384632
3.409,-0.12294998
3.4095,-0.23342875
3.41,-0.2854946
3.4105,-0.30775557
3.411,-0.30698527
3.4115,-0.19453634
3.412,-0.08105773
3.4125,0.06109763
3.413,0.13850356
3.4135,0.21726999
3.414,0.26237837
3.4145,0.36292399
3.415,0.43317495
3.4155,0.45851909
3.416,0.47707107
3.4165,0.35054266
3.417,0.24787751
3.4175,0.1057743
3.418,0.08390893
3.4185,-0.00838322
3.419,0.11712863
3.4195,0.13708357
3.42,0.30837808
3.4205,0.20904552
3.421,0.20565379
3.4215,0.18256867
3.422,0.18384048
3.4225,0.17165415
3.423,0.17836563
3.4235,0.11002177
3.424,-0.03317465
3.4245,-0.19072405
3.425,-0.29475361
3.4255,-0.40576016
3.426,-0.48211889
3.4265,-0.4230194
3.427,-0.35113099
3.4275,-0.22606844
3.428,-0.22225266
3.4285,-0.12234455
3.429,-0.12465843
3.4295,-0.20480838
3.43,-0.2034448
3.4305,-0.15528454
3.431,-0.18478402
3.4315,-0.14948189
3.432,-0.22832136
3.4325,-0.23674064
3.433,-0.33388543
3.4335,-0.44498905
3.434,-0.25406117
3.4345,-0.09018091
3.435,0.10913566
3.4355,0.25868005
3.436,0.32704495
3.4365,0.30348868
3.437,0.33831159
3.4375,0.3245377
3.438,0.30575691
3.4385,0.32502536
3.439,0.32303679
3.4395,0.321984
3.44,0.11863756
3.4405,0.12811191
3.441,0.0626278
3.4415,0.05435203
3.442,0.13107437
3.4425,0.28937115
3.443,0.40615812
3.4435,0.42374207
3.444,0.464036
3.4445,0.25871222
3.445,0.13706241
3.4455,0.04969235
3.446,0.01078845
3.4465,-0.09722368
3.447,-0.19031518
3.4475,-0.25878227
3.448,-0.40454541
3.4485,-0.40535801
3.449,-0.4446071
3.4495,-0.37540793
3.45,-0.26614835
3.4505,-0.1020483
3.451,-0.0203213
3.4515,-0.03601565
3.452,-0.08353243
3.4525,-0.17981359
3.453,-0.34032219
3.4535,-0.29044174
3.454,-0.33088548
3.4545,-0.30127604
3.455,-0.31489966
3.4555,-0.34475861
3.456,-0.26885336
3.4565,-0.27375012
3.457,-0.15615884
3.4575,0.05950588
3.458,0.1959144
3.4585,0.33307703
3.459,0.34649238
3.4595,0.41529099
3.46,0.32861284
3.4605,0.16473855
3.461,0.24304475
3.4615,0.20933817
3.462,0.18657366
3.4625,0.14636191
3.463,0.20417687
3.4635,0.13435422
3.464,0.17648983
3.4645,0.19860936
3.465,0.22556731
3.4655,0.26939962
3.466,0.4129735
3.4665,0.46462047
3.467,0.39544851
3.4675,0.24563245
3.468,0.08903295
3.4685,-0.03225745
3.469,-0.18803911
3.4695,-0.20041808
3.47,-0.27370535
3.4705,-0.25366155
3.471,-0.26618842
3.4715,-0.3446796
3.472,-0.27577567
3.4725,-0.34908592
3.473,-0.19594577
3.4735,-0.12461505
3.474,-0.06545981
3.4745,-0.04987963
3.475,-0.12770897
3.4755,-0.28662168
3.476,-0.35421161
3.4765,-0.43505664
3.477,-0.50613745
3.4775,-0.36598055
3.478,-0.2695495
3.4785,-0.1878045
3.479,-0.2421747
3.4795,-0.10150695
3.48,0.02990232
3.4805,0.10764348
3.481,0.20255905
3.4815,0.32639895
3.482,0.44768351
3.4825,0.38042204
3.483,0.27102332
3.4835,0.14461682
3.484,0.07586064
3.4845,0.02769079
3.485,0.05484603
3.4855,0.17947942
3.486,0.27157114
3.4865,0.27795855
3.487,0.31696932
3.4875,0.26977753
3.488,0.26170436
3.4885,0.36783532
3.489,0.34921092
3.4895,0.37697429
3.49,0.29744415
3.4905,0.14573413
3.491,-0.04759118
3.4915,-0.14453591
3.492,-0.29788218
3.4925,-0.35949852
3.493,-0.43298793
3.4935,-0.23652265
3.494,-0.15800237
3.4945,-0.15698519
3.495,-0.14856807
3.4955,-0.14601114
3.496,-0.19089108
3.4965,-0.14326663
3.497,-0.12726338
3.4975,-0.20187943
3.498,-0.2515161
3.4985,-0.38358349
3.499,-0.43303009
3.4995,-0.47797278
3.5,-0.50316868
3.5005,-0.38353356
3.501,-0.23663326
3.5015,-0.10648584
3.502,0.01712161
3.5025,0.07617202
3.503,0.14662854
3.5035,0.11763832
3.504,0.19691933
3.5045,0.34399924
3.505,0.2910181
3.5055,0.28193472
3.506,0.21081531
3.5065,0.15662046
3.507,-0.02843509
3.5075,-0.02062
3.508,0.09438238
3.5085,0.16447323
3.509,0.35393506
3.5095,0.45550033
3.51,0.44768147
3.5105,0.41636105
3.511,0.36964887
3.5115,0.31785735
3.512,0.29196361
3.5125,0.23787823
3.513,0.2075862
3.5135,0.08090206
3.514,-0.04477689
3.5145,-0.26293228
3.515,-0.26968148
3.5155,-0.23599765
3.516,-0.19077655
3.5165,-0.14540364
3.517,-0.04633738
3.5175,-0.00928778
3.518,-0.05478588
3.5185,-0.14816343
3.519,-0.2022089
3.5195,-0.26352695
3.52,-0.2828304
3.5205,-0.24457284
3.521,-0.29748996
3.5215,-0.31645834
3.522,-0.45641603
3.5225,-0.50957615
3.523,-0.38164963
3.5235,-0.30265296
3.524,-0.10083168
3.5245,0.05850833
3.525,0.14708803
3.5255,0.20736907
3.526,0.18518578
3.5265,0.127689
3.527,0.09610353
3.5275,0.14384886
3.528,0.16176704
3.5285,0.1491561
3.529,0.17086471
3.5295,0.1507124
3.53,0.03398719
3.5305,0.07273378
3.531,0.18552159
3.5315,0.28389674
3.532,0.39466
3.5325,0.58208231
3.533,0.54066844
3.5335,0.43917642
3.534,0.38428454
3.5345,0.25896853
3.535,0.10660819
3.5355,0.01701552
3.536,-0.0135438
3.5365,-0.01746012
3.537,-0.13113934
3.5375,-0.19014659
3.538,-0.24026995
3.5385,-0.27886219
3.539,-0.1841934
3.5395,-0.06681044
3.54,0.03339347
3.5405,0.01236531
3.541,-0.04392417
3.5415,-0.2080877
3.542,-0.28040639
3.5425,-0.38994277
3.543,-0.43813873
3.5435,-0.43760259
3.544,-0.45962451
3.5445,-0.3984041
3.545,-0.31192796
3.5455,-0.37167702
3.546,-0.28851858
3.5465,-0.18455844
3.547,-0.11249817
3.5475,0.1427659
3.548,0.20405451
3.5485,0.30460466
3.549,0.22050498
3.5495,0.20736367
3.55,0.06130444
3.5505,0.02785496
3.551,0.07624115
3.5515,0.07868127
3.552,0.09781608
3.5525,0.18674119
3.553,0.1292832
3.5535,0.22089921
3.554,0.26037195
3.5545,0.3766836
3.555,0.48059433
3.5555,0.53238837
3.556,0.58169362
3.5565,0.43689278
3.557,0.28041969
3.5575,0.13426267
3.558,-0.01163883
3.5585,-0.08959416
3.559,-0.1327094
3.5595,-0.05948272
3.56,-0.09144079
3.5605,-0.09346936
3.561,-0.12989371
3.5615,-0.11119486
3.562,-0.12814425
3.5625,-0.07542731
3.563,-0.0187082
3.5635,-0.01445075
3.564,-0.1309369
3.5645,-0.22385693
3.565,-0.4137021
3.5655,-0.48306144
3.566,-0.58584813
3.5665,-0.53426075
3.567,-0.4176572
3.5675,-0.38337895
3.568,-0.16195944
3.5685,-0.19614407
3.569,-0.17267937
3.5695,-0.11399887
3.57,0.00359023
3.5705,0.11539856
3.571,0.22474169
3.5715,0.16352011
3.572,0.12584257
3.5725,0.02824558
3.573,-0.03072798
3.5735,-0.08367465
3.574,-0.08450127
3.5745,0.06108924
3.575,0.17856015
3.5755,0.29588398
3.576,0.40827734
3.5765,0.35351103
3.577,0.34306921
3.5775,0.43587531
3.578,0.46644751
3.5785,0.48455438
3.579,0.4469008
3.5795,0.39031209
3.58,0.25983028
3.5805,0.02490035
3.581,-0.11398997
3.5815,-0.1269361
3.582,-0.11176218
3.5825,-0.08127738
3.583,-0.03508427
3.5835,0.0134225
3.584,-0.02091473
3.5845,-0.01355742
3.585,-0.11449175
3.5855,-0.06318667
3.586,-0.11718678
3.5865,-0.1403253
3.587,-0.17482088
3.5875,-0.32103924
3.588,-0.41000295
3.5885,-0.54272507
3.589,-0.53319864
3.5895,-0.56593876
3.59,-0.43825485
3.5905,-0.27724303
3.591,-0.13970674
3.5915,0.0033253
3.592,-0.02216199
3.5925,0.05155449
3.593,-0.00811501
3.5935,-0.00285679
3.594,0.06112472
3.5945,0.09126491
3.595,0.02151541
3.5955,0.11269054
3.596,-0.06783274
3.5965,-0.09583354
3.597,-0.00874431
3.5975,0.11816354
3.598,0.25017179
3.5985,0.49802512
3.599,0.40963156
3.5995,0.57549625
3.6,0.43307364
3.6005,0.39090863
3.601,0.3779936
3.6015,0.35417236
3.602,0.27488139
3.6025,0.22883928
3.603,0.12842729
3.6035,0.02552133
3.604,-0.15986997
3.6045,-0.12428757
3.605,-0.10313619
3.6055,0.01170746
3.606,0.07861203
3.6065,0.14222084
3.607,0.10173951
3.6075,0.05250741
3.608,-0.07994632
3.6085,-0.14679687
3.609,-0.28016872
3.6095,-0.32908833
3.61,-0.30482127
3.6105,-0.4539772
3.611,-0.44767916
3.6115,-0.52164878
3.612,-0.5282854
3.6125,-0.40857738
3.613,-0.27123043
3.6135,-0.17500691
3.614,0.0400095
3.6145,0.075756
3.615,0.07029292
3.6155,-0.03906635
3.616,-0.04970947
3.6165,-0.05998727
3.617,-0.04549197
3.6175,-0.08761548
3.618,0.01162104
3.6185,-0.00609407
3.619,-0.0352779
3.6195,0.0793785
3.62,0.13286191
3.6205,0.18944616
3.621,0.37984789
3.6215,0.47218985
3.622,0.56967645
3.6225,0.58774243
3.623,0.52342346
3.6235,0.34116806
3.624,0.2816164
3.6245,0.188313
3.625,0.17084879
3.6255,0.12254711
3.626,0.11412806
3.6265,0.06666684
3.627,0.02191105
3.6275,-0.0089884
3.628,-0.07056403
3.6285,0.03764364
3.629,0.14493721
3.6295,0.14062819
3.63,0.12699085
3.6305,0.0052727
3.631,-0.07265677
3.6315,-0.34028401
3.632,-0.41209093
3.6325,-0.44219913
3.633,-0.48129268
3.6335,-0.40164582
3.634,-0.42182306
3.6345,-0.42719605
3.635,-0.37951942
3.6355,-0.31003874
3.636,-0.23577892
3.6365,-0.14758075
3.637,0.00466076
3.6375,0.06073474
3.638,0.07454857
3.6385,0.01109932
3.639,-0.09080972
3.6395,-0.20815292
3.64,-0.22410926
3.6405,-0.12004811
3.641,-0.05760684
3.6415,0.09849152
3.642,0.1671808
3.6425,0.18871064
3.643,0.23579823
3.6435,0.29396225
3.644,0.42613234
3.6445,0.45588257
3.645,0.59650609
3.6455,0.48583489
3.646,0.40456233
3.6465,0.29966869
3.647,0.13691853
3.6475,0.09727371
3.648,0.0362193
3.6485,0.07730312
3.649,0.04720897
3.6495,0.08456354
3.65,0.16283252
3.6505,0.14209059
3.651,0.05736384
3.6515,0.11590099
3.652,0.11206503
3.6525,0.11031941
3.653,0.03429659
3.6535,-0.09124149
3.654,-0.20691814
3.6545,-0.40586994
3.655,-0.56363899
3.6555,-0.56114741
3.656,-0.49937506
3.6565,-0.40199647
3.657,-0.27501382
3.6575,-0.25386753
3.658,-0.19327402
3.6585,-0.16031464
3.659,-0.24107172
3.6595,-0.14621096
3.66,-0.09483049
3.6605,-0.06401958
3.661,-0.05604122
3.6615,-0.03630747
3.662,-0.18084343
3.6625,-0.23433408
3.663,-0.25478662
3.6635,-0.16517384
3.664,-0.019932
3.6645,0.16527312
3.665,0.31077942
3.6655,0.39806981
3.666,0.38453557
3.6665,0.45286816
3.667,0.4168601
3.6675,0.37973297
3.668,0.44542666
3.6685,0.44065449
3.669,0.28105203
3.6695,0.14230988
3.67,0.09808821
3.6705,0.03169095
3.671,0.01955637
3.6715,0.07814917
3.672,0.1098422
3.6725,0.21730265
3.673,0.24989604
3.6735,0.28595332
3.674,0.22068155
3.6745,0.11669734
3.675,0.0390811
3.6755,-0.04361938
3.676,-0.17340593
3.6765,-0.18509652
3.677,-0.33927792
3.6775,-0.4565337
3.678,-0.48456185
3.6785,-0.53192099
3.679,-0.50250549
3.6795,-0.35878559
3.68,-0.17553621
3.6805,-0.07643991
3.681,-0.0397104
3.6815,-0.13917837
3.682,-0.12978055
3.6825,-0.27951818
3.683,-0.23326405
3.6835,-0.13688386
3.684,-0.13457026
3.6845,-0.19025683
3.685,-0.14880086
3.6855,-0.33322993
3.686,-0.20520261
3.6865,-0.0547567
3.687,0.11554053
3.6875,0.32744342
3.688,0.44387408
3.6885,0.51197337
3.689,0.51838741
3.6895,0.38633647
3.69,0.36443187
3.6905,0.30304318
3.691,0.29515171
3.6915,0.27723595
3.692,0.18351025
3.6925,0.16838824
3.693,0.11329519
3.6935,0.00717385
3.694,0.07382787
3.6945,0.11841157
3.695,0.26251906
3.6955,0.38115449
3.696,0.36624797
3.6965,0.27014918
3.697,0.13693908
3.6975,-0.01068525
3.698,-0.18073077
3.6985,-0.22848287
3.699,-0.26447394
3.6995,-0.3347635
3.7,-0.33634444
3.7005,-0.37576121
3.701,-0.46163358
3.7015,-0.44991462
3.702,-0.37181226
3.7025,-0.27207647
3.703,-0.14866945
3.7035,-0.0345202
3.704,-0.10401485
3.7045,-0.09920586
3.705,-0.22084798
3.7055,-0.27181109
3.706,-0.31233284
3.7065,-0.34316409
3.707,-0.21626181
3.7075,-0.17523265
3.708,-0.19375951
3.7085,-0.08879116
3.709,-0.03020991
3.7095,0.05186479
3.71,0.19393925
3.7105,0.38533175
3.711,0.4331889
3.7115,0.51648091
3.712,0.53620881
3.7125,0.38189099
3.713,0.16663202
3.7135,0.18558276
3.714,0.16968858
3.7145,0.16856712
3.715,0.16994325
3.7155,0.22211754
3.716,0.18609601
3.7165,0.25096453
3.717,0.07647972
3.7175,0.20008207
3.718,0.28691141
3.7185,0.37360514
3.719,0.33257965
3.7195,0.27429981
3.72,0.09347309
3.7205,-0.13347133
3.721,-0.26983124
3.7215,-0.3877211
3.722,-0.46185959
3.7225,-0.34409487
3.723,-0.30792568
3.7235,-0.29602693
3.724,-0.29021348
3.7245,-0.33849681
3.725,-0.31366719
3.7255,-0.1785916
3.726,-0.1522577
3.7265,-0.08662432
3.727,-0.0163706
3.7275,-0.14289466
3.728,-0.25704849
3.7285,-0.35270792
3.729,-0.43819903
3.7295,-0.34033521
3.73,-0.31968569
3.7305,-0.23450738
3.731,0.00682098
3.7315,0.11245258
3.732,0.12976242
3.7325,0.22929656
3.733,0.25910401
3.7335,0.34855475
3.734,0.44502951
3.7345,0.4584872
3.735,0.35863051
3.7355,0.26735385
3.736,0.22094459
3.7365,0.08638847
3.737,0.06220135
3.7375,0.12130839
3.738,0.21304071
3.7385,0.26899679
3.739,0.35389083
3.7395,0.37912107
3.74,0.34417183
3.7405,0.30127818
3.741,0.27791963
3.7415,0.25046296
3.742,0.18290905
3.7425,0.11443681
3.743,-0.03849763
3.7435,-0.20050973
3.744,-0.37612794
3.7445,-0.4222002
3.745,-0.42543212
3.7455,-0.42183464
3.746,-0.20796188
3.7465,-0.12885883
3.747,-0.1730496
3.7475,-0.18951933
3.748,-0.18232285
3.7485,-0.18957631
3.749,-0.23163881
3.7495,-0.19358374
3.75,-0.25359284
3.7505,-0.21923973
3.751,-0.29706956
3.7515,-0.40389139
3.752,-0.46680052
3.7525,-0.29318656
3.753,-0.24026706
3.7535,-0.08157278
3.754,0.07423691
3.7545,0.25793491
3.755,0.30939585
3.7555,0.35957698
3.756,0.29345277
3.7565,0.25252213
3.757,0.30744089
3.7575,0.29466186
3.758,0.32612391
3.7585,0.28912509
3.759,0.14022042
3.7595,0.07378328
3.76,0.05024351
3.7605,0.12840894
3.761,0.22682904
3.7615,0.34806206
3.762,0.46371504
3.7625,0.37581105
3.763,0.44744241
3.7635,0.31474438
3.764,0.1764537
3.7645,0.08487534
3.765,0.00178892
3.7655,-0.02655152
3.766,-0.13900525
3.7665,-0.3168415
3.767,-0.38225753
3.7675,-0.43249537
3.768,-0.44196138
3.7685,-0.34240775
3.769,-0.18322521
3.7695,-0.1392356
3.77,-0.00931586
3.7705,-0.09392741
3.771,-0.149233
3.7715,-0.29184439
3.772,-0.31862324
3.7725,-0.42671548
3.773,-0.32402336
3.7735,-0.37906504
3.774,-0.34142565
3.7745,-0.37802431
3.775,-0.40760954
3.7755,-0.25390453
3.776,-0.09140797
3.7765,-0.01068172
3.777,0.23422433
3.7775,0.30879337
3.778,0.31867691
3.7785,0.34989192
3.779,0.26569252
3.7795,0.15343663
3.78,0.12880557
3.7805,0.14693442
3.781,0.22114569
3.7815,0.22306863
3.782,0.20960781
3.7825,0.18137296
3.783,0.17306912
3.7835,0.227823
3.784,0.29544386
3.7845,0.47857813
3.785,0.46891556
3.7855,0.4347209
3.786,0.38653554
3.7865,0.27367088
3.787,-0.00327424
3.7875,-0.06446834
3.788,-0.10934166
3.7885,-0.19859137
3.789,-0.16324011
3.7895,-0.21774168
3.79,-0.24198978
3.7905,-0.32808702
3.791,-0.29565808
3.7915,-0.29913591
3.792,-0.1100945
3.7925,-0.12464594
3.793,0.00802409
3.7935,-0.09689303
3.794,-0.29149006
3.7945,-0.36610082
3.795,-0.43610329
3.7955,-0.4937174
3.796,-0.48279922
3.7965,-0.42916268
3.797,-0.28346617
3.7975,-0.18168782
3.798,-0.20174678
3.7985,-0.09995127
3.799,-0.01534885
3.7995,0.10141065
3.8,0.19032019
3.8005,0.34485432
3.801,0.33554528
3.8015,0.23770868
3.802,0.2409866
3.8025,0.13303615
3.803,0.09311675
3.8035,0.10257231
3.804,0.17804652
3.8045,0.19334365
3.805,0.2800479
3.8055,0.3057971
3.806,0.282684
3.8065,0.32274955
3.807,0.39367982
3.8075,0.40919484
3.808,0.51637754
3.8085,0.47104471
3.809,0.27329842
3.8095,0.1064818
3.81,-0.02193081
3.8105,-0.21052692
3.811,-0.29894565
3.8115,-0.24361525
3.812,-0.23327831
3.8125,-0.20006864
3.813,-0.14348219
3.8135,-0.15972655
3.814,-0.10822315
3.8145,-0.14517668
3.815,-0.20318546
3.8155,-0.13223708
3.816,-0.08063492
3.8165,-0.09750673
3.817,-0.36139905
3.8175,-0.4440909
3.818,-0.48179281
3.8185,-0.61903973
3.819,-0.50570946
3.8195,-0.38431475
3.82,-0.25607915
3.8205,-0.12403743
3.821,0.01375559
3.8215,0.04970541
3.822,0.07495223
3.8225,0.16337392
3.823,0.20313949
3.8235,0.25420622
3.824,0.26842035
3.8245,0.20244241
3.825,0.14438959
3.8255,0.06618586
3.826,-0.06614779
3.8265,0.02811403
3.827,0.18934074
3.8275,0.29532814
3.828,0.41526719
3.8285,0.54751368
3.829,0.42646656
3.8295,0.50267944
3.83,0.38111676
3.8305,0.32356637
3.831,0.33331959
3.8315,0.2665885
3.832,0.15845249
3.8325,0.02204665
3.833,-0.10977126
3.8335,-0.25902551
3.834,-0.30348788
3.8345,-0.26940152
3.835,-0.22232554
3.8355,-0.0947178
3.836,-0.03348419
3.8365,-0.014353
3.837,-0.09354447
3.8375,-0.19883937
3.838,-0.2116503
3.8385,-0.24276926
3.839,-0.28746622
3.8395,-0.31668323
3.84,-0.37484166
3.8405,-0.43890049
3.841,-0.54296282
3.8415,-0.5155464
3.842,-0.42966077
3.8425,-0.27013691
3.843,-0.19920349
3.8435,0.055018
3.844,0.13964565
3.8445,0.17263609
3.845,0.11668573
3.8455,0.13138536
3.846,0.03889247
3.8465,0.0643282
3.847,0.11873378
3.8475,0.14750071
3.848,0.06886179
3.8485,0.02021929
3.849,0.04937604
3.8495,0.11606968
3.85,0.3050852
3.8505,0.4074084
3.851,0.54880206
3.8515,0.541106
3.852,0.58379934
3.8525,0.43627558
3.853,0.46293278
3.8535,0.27570628
3.854,0.09579187
3.8545,0.11003231
3.855,0.00381305
3.8555,-0.08099065
3.856,-0.04670572
3.8565,-0.19001942
3.857,-0.19374547
3.8575,-0.20356401
3.858,-0.12024345
3.8585,0.026489
3.859,-0.01707248
3.8595,0.0484188
3.86,-0.01394651
3.8605,-0.24190114
3.861,-0.39278408
3.8615,-0.46431655
3.862,-0.45858037
3.8625,-0.46860353
3.863,-0.45066379
3.8635,-0.46702087
3.864,-0.47218089
3.8645,-0.3662024
3.865,-0.33502597
3.8655,-0.20502639
3.866,-0.02702074
3.8665,0.08268993
3.867,0.21160784
3.8675,0.22173942
3.868,0.15676528
3.8685,0.01709778
3.869,-0.02212701
3.8695,-0.04700051
3.87,-0.0105673
3.8705,0.0294665
3.871,0.1761733
3.8715,0.18696748
3.872,0.19093388
3.8725,0.20950917
3.873,0.34242853
3.8735,0.48386191
3.874,0.54526935
3.8745,0.54519993
3.875,0.55574455
3.8755,0.44138225
3.876,0.186507
3.8765,0.08736728
3.877,-0.01613856
3.8775,-0.07403078
3.878,-0.07939587
3.8785,-0.06952836
3.879,-0.01649833
3.8795,-0.04212626
3.88,-0.0965547
3.8805,-0.05106211
3.881,-0.02898458
3.8815,-0.00895179
3.882,0.05816129
3.8825,-0.01797566
3.883,-0.11918766
3.8835,-0.2498498
3.884,-0.49318099
3.8845,-0.60483037
3.885,-0.56830511
3.8855,-0.51864308
3.886,-0.43268346
3.8865,-0.35051932
3.887,-0.25697206
3.8875,-0.20463619
3.888,-0.19928612
3.8885,-0.08769466
3.889,-0.0303571
3.8895,0.1061307
3.89,0.15451132
3.8905,0.11478477
3.891,0.05966596
3.8915,-0.08877843
3.892,-0.13155593
3.8925,-0.09887895
3.893,-0.03653487
3.8935,0.11798289
3.894,0.18711861
3.8945,0.34410528
3.895,0.41652329
3.8955,0.3203711
3.896,0.46760458
3.8965,0.46375679
3.897,0.4025855
3.8975,0.55733964
3.898,0.44002275
3.8985,0.36979932
3.899,0.19553662
3.8995,0.03542364
3.9,-0.02594137
3.9005,-0.1336579
3.901,-0.10809283
3.9015,-0.02153898
3.902,0.11880784
3.9025,0.06396245
3.903,0.02362781
3.9035,-0.03397496
3.904,-0.09096185
3.9045,-0.09035212
3.905,-0.12317966
3.9055,-0.1238207
3.906,-0.22958023
3.9065,-0.38137461
3.907,-0.50147288
3.9075,-0.6317248
3.908,-0.580958
3.9085,-0.49274902
3.909,-0.36611908
3.9095,-0.23275269
3.91,-0.0792257
3.9105,-0.05837993
3.911,-0.00307808
3.9115,-0.0945739
3.912,-0.02829244
3.9125,0.00312105
3.913,0.05666822
3.9135,0.06465927
3.914,-0.01124778
3.9145,-0.12897624
3.915,-0.12457829
3.9155,-0.06602022
3.916,0.02488702
3.9165,0.16403296
3.917,0.33181168
3.9175,0.46972386
3.918,0.51467206
3.9185,0.52103268
3.919,0.5474651
3.9195,0.41981396
3.92,0.34707505
3.9205,0.3623051
3.921,0.36096533
3.9215,0.11629013
3.922,0.14996893
3.9225,-0.01937719
3.923,-0.11099689
3.9235,-0.0203848
3.924,-0.01566003
3.9245,0.05980865
3.925,0.17818717
3.9255,0.20388156
3.926,0.14022593
3.9265,0.03120649
3.927,-0.04216386
3.9275,-0.18667664
3.928,-0.24215676
3.9285,-0.29532506
3.929,-0.3542837
3.9295,-0.39700478
3.93,-0.57652554
3.9305,-0.5493428
3.931,-0.48389079
3.9315,-0.43280697
3.932,-0.23418577
3.9325,-0.11366705
3.933,-0.0254237
3.9335,0.02199875
3.934,0.04186873
3.9345,-0.08754324
3.935,-0.15449699
3.9355,-0.13398649
3.936,-0.1414641
3.9365,-0.07893519
3.937,-0.07768385
3.9375,-0.0800465
3.938,-0.02665561
3.9385,0.00071629
3.939,0.169104
3.9395,0.24531158
3.94,0.38907662
3.9405,0.6300356
3.941,0.58934163
3.9415,0.60020135
3.942,0.48051332
3.9425,0.28259967
3.943,0.21836444
3.9435,0.09041019
3.944,0.18347435
3.9445,0.19740599
3.945,0.05805572
3.9455,0.04326165
3.946,0.00198514
3.9465,0.0511243
3.947,0.06741127
3.9475,0.16086285
3.948,0.26936294
3.9485,0.24514958
3.949,0.08272016
3.9495,0.0123269
3.95,-0.20262187
3.9505,-0.3527564
3.951,-0.52535795
3.9515,-0.41499901
3.952,-0.49677851
3.9525,-0.43617695
3.953,-0.36885175
3.9535,-0.35823164
3.954,-0.39234128
3.9545,-0.31587323
3.955,-0.20783282
3.9555,-0.03764233
3.956,0.00011055
3.9565,0.00535137
3.957,0.0167597
3.9575,-0.12610509
3.958,-0.19298163
3.9585,-0.25490829
3.959,-0.28664093
3.9595,-0.18901651
3.96,-0.09895055
3.9605,0.09325248
3.961,0.12298452
3.9615,0.13925164
3.962,0.27823471
3.9625,0.40123625
3.963,0.39956721
3.9635,0.54572265
3.964,0.55818288
3.9645,0.54310569
3.965,0.40035894
3.9655,0.25782174
3.966,0.06343363
3.9665,0.06987491
3.967,0.10505096
3.9675,0.12327266
3.968,0.23233004
3.9685,0.21146751
3.969,0.14177145
3.9695,0.20246795
3.97,0.10379706
3.9705,0.20698954
3.971,0.10743981
3.9715,0.11053559
3.972,0.02705687
3.9725,-0.09980884
3.973,-0.29818089
3.9735,-0.44492939
3.974,-0.57286235
3.9745,-0.57103315
3.975,-0.50348136
3.9755,-0.31063889
3.976,-0.22261919
3.9765,-0.23271442
3.977,-0.29498659
3.9775,-0.19072482
3.978,-0.15627522
3.9785,-0.14322301
3.979,-0.03435212
3.9795,-0.06313758
3.98,-0.10072764
3.9805,-0.23537903
3.981,-0.20660117
3.9815,-0.33421814
3.982,-0.26765589
3.9825,-0.16298134
3.983,-0.02691641
3.9835,0.23778371
3.984,0.32941436
3.9845,0.3029624
3.985,0.35075537
3.9855,0.36293839
3.986,0.41260833
3.9865,0.41703373
3.987,0.3883155
3.9875,0.37177506
3.988,0.33972096
3.9885,0.17829148
3.989,0.1106421
3.9895,0.04168194
3.99,0.03233971
3.9905,0.16113361
3.991,0.30752953
3.9915,0.25124473
3.992,0.37617791
3.9925,0.26926345
3.993,0.16937961
3.9935,0.15611937
3.994,0.00522786
3.9945,0.01175844
3.995,-0.04938213
3.9955,-0.23343989
3.996,-0.33797321
3.9965,-0.45708931
3.997,-0.52154433
3.9975,-0.49908235
3.998,-0.36968713
3.9985,-0.29039011
3.999,-0.12564976
3.9995,-0.10384503
