time,voltage
0.0,0.12748625
0.0005,0.11275717
0.001,0.12346178
0.0015,0.17395733
0.002,0.17286704
0.0025,0.18854119
0.003,0.15204926
0.0035,0.06777306
0.004,0.01416955
0.0045,-0.23741759
0.005,-0.30927477
0.0055,-0.39991561
0.006,-0.4162521
0.0065,-0.35010451
0.007,-0.27178153
0.0075,-0.24467401
0.008,-0.29361702
0.0085,-0.34592541
0.009,-0.26089366
0.0095,-0.20361006
0.01,-0.08193143
0.0105,-0.00605907
0.011,-0.03540471
0.0115,-0.10376202
0.012,-0.13968486
0.0125,-0.19910015
0.013,-0.23969895
0.0135,-0.22489672
0.014,-0.02465678
0.0145,-0.00594707
0.015,0.11767629
0.0155,0.11581281
0.016,0.19861357
0.0165,0.26333007
0.017,0.35022063
0.0175,0.44591599
0.018,0.42612408
0.0185,0.44161767
0.019,0.36491413
0.0195,0.20269349
0.02,0.09180553
0.0205,0.04369694
0.021,0.05292565
0.0215,0.07498199
0.022,0.12089181
0.0225,0.11589816
0.023,0.11945634
0.0235,0.0783009
0.024,0.09088718
0.0245,0.04885163
0.025,0.11020601
0.0255,0.13593617
0.026,0.02580744
0.0265,-0.13014197
0.027,-0.27767169
0.0275,-0.34201272
0.028,-0.48538296
0.0285,-0.43553323
0.029,-0.45464832
0.0295,-0.36658347
0.03,-0.27148748
0.0305,-0.19110215
0.031,-0.17578151
0.0315,-0.22694589
0.032,-0.14037195
0.0325,-0.0357988
0.033,0.02027317
0.0335,0.08876468
0.034,-0.01270797
0.0345,-0.02639779
0.035,-0.16410764
0.0355,-0.15250859
0.036,-0.17729335
0.0365,-0.01923445
0.037,-0.00776524
0.0375,0.16312754
0.038,0.26477975
0.0385,0.33249124
0.039,0.25636538
0.0395,0.31198295
0.04,0.45027385
0.0405,0.4457933
0.041,0.40144483
0.0415,0.34468113
0.042,0.28831311
0.0425,0.14731213
0.043,-0.01833249
0.0435,-0.07177378
0.044,-0.03423567
0.0445,0.03744375
0.045,0.07832038
0.0455,0.06980893
0.046,0.06713958
0.0465,0.06158825
0.047,-0.00182415
0.0475,0.00609033
0.048,-0.06748444
0.0485,-0.08803486
0.049,-0.0523691
0.0495,-0.26182339
0.05,-0.32106571
0.0505,-0.48317748
0.051,-0.50279675
0.0515,-0.45423361
0.052,-0.36132651
0.0525,-0.21812523
0.053,-0.16713526
0.0535,-0.20066132
0.054,-0.11150392
0.0545,-0.09192262
0.055,-0.0325166
0.0555,0.13013045
0.056,0.13292784
0.0565,0.00560884
0.057,-0.00277349
0.0575,-0.02122952
0.058,-0.1056534
0.0585,-0.03244341
0.059,0.04307996
0.0595,0.13546458
0.06,0.22272738
0.0605,0.33161503
0.061,0.37911984
0.0615,0.37987336
0.062,0.37553458
0.0625,0.3738402
0.063,0.33436299
0.0635,0.41451643
0.064,0.31537527
0.0645,0.24608608
0.065,0.14819582
0.0655,-0.01311136
0.066,-0.13673441
0.0665,-0.17450267
0.067,-0.13417087
0.0675,0.01467196
0.068,-0.03423938
0.0685,-0.00176259
0.069,0.03308066
0.0695,-0.04910507
0.07,-0.04509216
0.0705,-0.0787088
0.071,-0.17033926
0.0715,-0.13635326
0.072,-0.21672991
0.0725,-0.36003131
0.073,-0.44071487
0.0735,-0.5192259
0.074,-0.51120819
0.0745,-0.38390949
0.075,-0.296987
0.0755,-0.17080786
0.076,-0.06509703
0.0765,0.00358706
0.077,-0.00706461
0.0775,0.05723326
0.078,0.08306519
0.0785,0.1882553
0.079,0.15303673
0.0795,0.18709981
0.08,0.07352182
0.0805,0.12703285
0.081,0.09505189
0.0815,0.02867106
0.082,0.10760189
0.0825,0.21403587
0.083,0.27517287
0.0835,0.44833423
0.084,0.39434508
0.0845,0.33997632
0.085,0.3372218
0.0855,0.35603943
0.086,0.32122236
0.0865,0.26758086
0.087,0.22518848
0.0875,0.04753617
0.088,-0.10798739
0.0885,-0.11115908
0.089,-0.27469856
0.0895,-0.20019679
0.09,-0.12661568
0.0905,-0.07045881
0.091,-0.02079389
0.0915,-0.05124875
0.092,-0.08542097
0.0925,-0.15498152
0.093,-0.18799972
0.0935,-0.24758806
0.094,-0.20396305
0.0945,-0.19488421
0.095,-0.28751249
0.0955,-0.33894118
0.096,-0.4725763
0.0965,-0.46010922
0.097,-0.36358021
0.0975,-0.25645254
0.098,-0.11281307
0.0985,-0.00520651
0.099,0.04564516
0.0995,0.12184457
0.1,0.14473969
0.1005,0.12699368
0.101,0.22281414
0.1015,0.21093948
0.102,0.21889978
0.1025,0.15943606
0.103,0.13958127
0.1035,0.02839864
0.104,0.11336237
0.1045,0.08790436
0.105,0.21610663
0.1055,0.2771681
0.106,0.37591542
0.1065,0.45378749
0.107,0.41410674
0.1075,0.3220083
0.108,0.2776958
0.1085,0.13707847
0.109,0.16459018
0.1095,0.09833144
0.11,0.00042435
0.1105,-0.12014808
0.111,-0.17386167
0.1115,-0.31089445
0.112,-0.33342516
0.1125,-0.31471133
0.113,-0.17390679
0.1135,-0.12384044
0.114,-0.04001598
0.1145,-0.12190442
0.115,-0.1061956
0.1155,-0.21885164
0.116,-0.16519935
0.1165,-0.27237846
0.117,-0.29704553
0.1175,-0.24583597
0.118,-0.30974871
0.1185,-0.30497189
0.119,-0.40463996
0.1195,-0.29362093
0.12,-0.26002623
0.1205,-0.03710799
0.121,0.08432266
0.1215,0.17491995
0.122,0.21444473
0.1225,0.26544946
0.123,0.21067476
0.1235,0.22625219
0.124,0.25560968
0.1245,0.23240063
0.125,0.23174762
0.1255,0.12306828
0.126,0.05644616
0.1265,0.14271148
0.127,0.07431314
0.1275,0.19451109
0.128,0.25174822
0.1285,0.27088894
0.129,0.39329375
0.1295,0.34869805
0.13,0.29343906
0.1305,0.27308959
0.131,0.06703965
0.1315,0.08027685
0.132,-0.09202835
0.1325,-0.02322018
0.133,-0.17706917
0.1335,-0.20424521
0.134,-0.32491794
0.1345,-0.42160837
0.135,-0.41950973
0.1355,-0.31822247
0.136,-0.22212911
0.1365,-0.1335434
0.137,-0.10249857
0.1375,-0.11262858
0.138,-0.19199421
0.1385,-0.22572628
0.139,-0.27229175
0.1395,-0.24436865
0.14,-0.28294652
0.1405,-0.21589544
0.141,-0.29607947
0.1415,-0.24631335
0.142,-0.19273007
0.1425,-0.14546635
0.143,-0.02880004
0.1435,0.11671435
0.144,0.28578052
0.1445,0.29910454
0.145,0.40266798
0.1455,0.34693279
0.146,0.25060852
0.1465,0.3060068
0.147,0.27390726
0.1475,0.25110828
0.148,0.20795214
0.1485,0.11112086
0.149,0.11837767
0.1495,0.09896547
0.15,0.10597625
0.1505,0.16481373
0.151,0.22336856
0.1515,0.26226096
0.152,0.32336633
0.1525,0.2979268
0.153,0.20585553
0.1535,0.03556985
0.154,-0.04346399
0.1545,-0.17301988
0.155,-0.20504328
0.1555,-0.24199577
0.156,-0.33541943
0.1565,-0.32065153
0.157,-0.38106324
0.1575,-0.41814022
0.158,-0.32216816
0.1585,-0.20233968
0.159,-0.1197847
0.1595,-0.08080489
0.16,-0.09743196
0.1605,-0.15966508
0.161,-0.06603343
0.1615,-0.24582172
0.162,-0.23475531
0.1625,-0.19577341
0.163,-0.17909827
0.1635,-0.15874279
0.164,-0.13280375
0.1645,-0.05053918
0.165,-0.04625401
0.1655,0.0119849
0.166,0.15248349
0.1665,0.38850933
0.167,0.43125526
0.1675,0.39937217
0.168,0.45940333
0.1685,0.37869891
0.169,0.30280283
0.1695,0.2438538
0.17,0.21071917
0.1705,0.17693958
0.171,0.23258954
0.1715,0.1657108
0.172,0.03098487
0.1725,0.06562852
0.173,0.14183583
0.1735,0.10279756
0.174,0.21919896
0.1745,0.17568273
0.175,0.23853729
0.1755,0.10869446
0.176,0.02187725
0.1765,-0.18121769
0.177,-0.2239782
0.1775,-0.28282735
0.178,-0.31607661
0.1785,-0.27612758
0.179,-0.37004574
0.1795,-0.39693046
0.18,-0.43061023
0.1805,-0.31994574
0.181,-0.24544801
0.1815,-0.20609746
0.182,-0.08496688
0.1825,-0.09070723
0.183,-0.04015447
0.1835,-0.07079988
0.184,-0.19043062
0.1845,-0.20629248
0.185,-0.17539369
0.1855,-0.12695198
0.186,-0.07284304
0.1865,-0.07300072
0.187,-0.02121114
0.1875,-0.00234844
0.188,0.08905136
0.1885,0.22521427
0.189,0.37019861
0.1895,0.41991623
0.19,0.50358104
0.1905,0.4971652
0.191,0.37633047
0.1915,0.25111412
0.192,0.12985828
0.1925,0.10542948
0.193,0.16782456
0.1935,0.10258179
0.194,0.13082805
0.1945,0.04261116
0.195,0.02207678
0.1955,0.00990039
0.196,0.02065109
0.1965,0.13414168
0.197,0.10993565
0.1975,0.10265237
0.198,0.11826211
0.1985,-0.03888841
0.199,-0.20494373
0.1995,-0.32502045
0.2,-0.39749269
0.2005,-0.35003061
0.201,-0.3891481
0.2015,-0.36901738
0.202,-0.32121602
0.2025,-0.30845337
0.203,-0.40006064
0.2035,-0.23706134
0.204,-0.18940845
0.2045,-0.04588303
0.205,0.03270958
0.2055,0.10194753
0.206,0.06604422
0.2065,-0.04922593
0.207,-0.10261102
0.2075,-0.10078892
0.208,-0.055131
0.2085,-0.0395943
0.209,0.03322953
0.2095,0.09148242
0.21,0.13820779
0.2105,0.17716388
0.211,0.25690714
0.2115,0.38109204
0.212,0.40995649
0.2125,0.49611651
0.213,0.47076147
0.2135,0.38705617
0.214,0.27474689
0.2145,0.16330472
0.215,0.08248196
0.2155,0.03319551
0.216,0.03937033
0.2165,0.03257781
0.217,0.00052099
0.2175,0.00420369
0.218,-0.06631875
0.2185,-0.07439555
0.219,-0.04474084
0.2195,0.01784668
0.22,0.04483305
0.2205,-0.05879806
0.221,-0.05274983
0.2215,-0.14642717
0.222,-0.40414497
0.2225,-0.48813776
0.223,-0.44342278
0.2235,-0.43604409
0.224,-0.35344469
0.2245,-0.26720944
0.225,-0.30834273
0.2255,-0.23959983
0.226,-0.1741955
0.2265,-0.18184262
0.227,-0.09678705
0.2275,0.09656333
0.228,0.1083054
0.2285,0.09533267
0.229,0.04693857
0.2295,-0.00015538
0.23,-0.06985089
0.2305,-0.09223841
0.231,0.0341773
0.2315,-0.01123298
0.232,0.22809979
0.2325,0.21345163
0.233,0.24091667
0.2335,0.26284216
0.234,0.27966195
0.2345,0.3442925
0.235,0.4148604
0.2355,0.50141779
0.236,0.37624838
0.2365,0.31947501
0.237,0.1648831
0.2375,0.00019539
0.238,-0.09711784
0.2385,-0.06168876
0.239,-0.0584175
0.2395,-0.07263824
0.24,0.02093286
0.2405,-0.03039002
0.241,-0.13778235
0.2415,-0.08586992
0.242,-0.07320119
0.2425,-0.05539109
0.243,-0.09251206
0.2435,-0.08809524
0.244,-0.14421999
0.2445,-0.33165523
0.245,-0.45653848
0.2455,-0.5058767
0.246,-0.49757764
0.2465,-0.38012999
0.247,-0.34548235
0.2475,-0.21795239
0.248,-0.19629579
0.2485,-0.10290017
0.249,-0.0305808
0.2495,0.03019061
0.25,0.08781644
0.2505,0.27646343
0.251,0.26220376
0.2515,0.18988964
0.252,0.12469028
0.2525,0.06851921
0.253,0.09404206
0.2535,-0.02305958
0.254,0.09905268
0.2545,0.20810671
0.255,0.26102
0.2555,0.35456313
0.256,0.28662887
0.2565,0.25824152
0.257,0.38501923
0.2575,0.3774037
0.258,0.41207453
0.2585,0.34218623
0.259,0.29424921
0.2595,0.16816327
0.26,-0.0501406
0.2605,-0.15279682
0.261,-0.19487261
0.2615,-0.21044472
0.262,-0.21921782
0.2625,-0.12627284
0.263,-0.10614275
0.2635,-0.12668749
0.264,-0.18914902
0.2645,-0.16609099
0.265,-0.11727184
0.2655,-0.11034369
0.266,-0.07335078
0.2665,-0.22662228
0.267,-0.33967789
0.2675,-0.45193264
0.268,-0.43327292
0.2685,-0.47740729
0.269,-0.45335711
0.2695,-0.24347803
0.27,-0.1987739
0.2705,-0.00509463
0.271,0.03575205
0.2715,0.04080338
0.272,0.0968073
0.2725,0.11784065
0.273,0.22656675
0.2735,0.33608716
0.274,0.26671817
0.2745,0.22747817
0.275,0.12970643
0.2755,0.09633229
0.276,0.07080078
0.2765,0.1310048
0.277,0.19817563
0.2775,0.28967651
0.278,0.33853163
0.2785,0.36922031
0.279,0.40004234
0.2795,0.35348102
0.28,0.30413292
0.2805,0.26258886
0.281,0.26138939
0.2815,0.1460116
0.282,0.0494931
0.2825,-0.12406946
0.283,-0.18476435
0.2835,-0.32342476
0.284,-0.3311622
0.2845,-0.33048157
0.285,-0.16418356
0.2855,-0.15967674
0.286,-0.15522182
0.2865,-0.16907504
0.287,-0.1801237
0.2875,-0.19035096
0.288,-0.12767314
0.2885,-0.13262465
0.289,-0.13908231
0.2895,-0.24365045
0.29,-0.28070065
0.2905,-0.41224327
0.291,-0.35725339
0.2915,-0.37169537
0.292,-0.23759824
0.2925,-0.14198528
0.293,-0.05379332
0.2935,0.14031365
0.294,0.17551243
0.2945,0.24564
0.295,0.2318384
0.2955,0.23431004
0.296,0.30175321
0.2965,0.32772057
0.297,0.25556129
0.2975,0.23560085
0.298,0.17703047
0.2985,0.0813969
0.299,0.09298754
0.2995,0.1642639
0.3,0.23391331
0.3005,0.3414758
0.301,0.3337058
0.3015,0.36680671
0.302,0.26672827
0.3025,0.29477855
0.303,0.23673285
0.3035,0.16848614
0.304,0.13112541
0.3045,0.04019712
0.305,-0.08919609
0.3055,-0.24089798
0.306,-0.35233017
0.3065,-0.40367707
0.307,-0.40071377
0.3075,-0.28963995
0.308,-0.20802352
0.3085,-0.19782409
0.309,-0.15866684
0.3095,-0.21630859
0.31,-0.22878896
0.3105,-0.18879182
0.311,-0.16116085
0.3115,-0.18355177
0.312,-0.16731124
0.3125,-0.16680503
0.313,-0.20951073
0.3135,-0.25294878
0.314,-0.28450971
0.3145,-0.19649832
0.315,-0.0537301
0.3155,0.06883689
0.316,0.2316544
0.3165,0.28460375
0.317,0.30483875
0.3175,0.26891215
0.318,0.38998091
0.3185,0.29336264
0.319,0.32086424
0.3195,0.3034084
0.32,0.2502217
0.3205,0.18248771
0.321,0.15618662
0.3215,-0.0057586
0.322,0.12481031
0.3225,0.11512972
0.323,0.1745526
0.3235,0.32011736
0.324,0.33484065
0.3245,0.25555731
0.325,0.19109606
0.3255,0.14083424
0.326,-0.01584433
0.3265,-0.04157599
0.327,-0.0939499
0.3275,-0.17542346
0.328,-0.23661764
0.3285,-0.36988692
0.329,-0.48863302
0.3295,-0.45962466
0.33,-0.43144103
0.3305,-0.32477887
0.331,-0.22326177
0.3315,-0.13643357
0.332,-0.04086976
0.3325,-0.13793983
0.333,-0.18199751
0.3335,-0.18702679
0.334,-0.1578719
0.3345,-0.05734698
0.335,-0.10082868
0.3355,-0.21908656
0.336,-0.16907503
0.3365,-0.17184764
0.337,-0.11997733
0.3375,-0.06535652
0.338,0.13793686
0.3385,0.31752692
0.339,0.43738835
0.3395,0.46310385
0.34,0.41640561
0.3405,0.33775285
0.341,0.28557717
0.3415,0.29749463
0.342,0.33883089
0.3425,0.27425221
0.343,0.18774024
0.3435,0.09849636
0.344,0.07192653
0.3445,-0.00268169
0.345,0.04950216
0.3455,0.1213956
0.346,0.22039862
0.3465,0.31852847
0.347,0.18899724
0.3475,0.14216101
0.348,0.07561858
0.3485,-0.08777834
0.349,-0.16615114
0.3495,-0.19407044
0.35,-0.22539048
0.3505,-0.32183455
0.351,-0.43694818
0.3515,-0.45766094
0.352,-0.52899064
0.3525,-0.46791862
0.353,-0.36696272
0.3535,-0.19716522
0.354,-0.07493408
0.3545,-0.07138958
0.355,-0.02653348
0.3555,-0.15110892
0.356,-0.13309758
0.3565,-0.11688522
0.357,-0.08304981
0.3575,-0.06866777
0.358,-0.11118121
0.3585,-0.04558633
0.359,-0.0318232
0.3595,0.00572025
0.36,-0.01301776
0.3605,0.14476009
0.361,0.27804045
0.3615,0.45602909
0.362,0.48333515
0.3625,0.41780279
0.363,0.38922512
0.3635,0.25336028
0.364,0.30809312
0.3645,0.27727271
0.365,0.25885426
0.3655,0.18045489
0.366,0.14698389
0.3665,0.05734178
0.367,0.00721738
0.3675,-0.02165407
0.368,0.03107511
0.3685,0.08708164
0.369,0.12847404
0.3695,0.13257911
0.37,0.14163082
0.3705,0.00091691
0.371,-0.16334067
0.3715,-0.25531329
0.372,-0.27705315
0.3725,-0.32581973
0.373,-0.27908258
0.3735,-0.40450821
0.374,-0.40440463
0.3745,-0.52937603
0.375,-0.40732371
0.3755,-0.3194709
0.376,-0.22828371
0.3765,-0.06327826
0.377,0.01921405
0.3775,-0.00121003
0.378,-0.01027337
0.3785,-0.07518005
0.379,-0.12438476
0.3795,-0.03373282
0.38,0.02421373
0.3805,-0.0539095
0.381,-0.01014268
0.3815,0.05537182
0.382,0.04068004
0.3825,0.18762348
0.383,0.23266683
0.3835,0.32347945
0.384,0.42612476
0.3845,0.50094
0.385,0.55528226
0.3855,0.44943071
0.386,0.35342358
0.3865,0.19933461
0.387,0.09589322
0.3875,0.14889261
0.388,0.03738239
0.3885,0.01090734
0.389,-0.04889972
0.3895,-0.09611574
0.39,-0.10023199
0.3905,-0.05736578
0.391,-0.13966428
0.3915,0.0733772
0.392,0.04972017
0.3925,0.03235769
0.393,-0.04336504
0.3935,-0.16556273
0.394,-0.29395211
0.3945,-0.36583377
0.395,-0.38225375
0.3955,-0.3825818
0.396,-0.35358843
0.3965,-0.45106806
0.397,-0.38252129
0.3975,-0.42348424
0.398,-0.30196666
0.3985,-0.17537141
0.399,-0.04268001
0.3995,0.10100824
0.4,0.18298893
0.4005,0.12781761
0.401,0.10243346
0.4015,0.04697529
0.402,0.01592681
0.4025,0.03944501
0.403,0.00402309
0.4035,0.10490411
0.404,0.11330831
0.4045,0.13981687
0.405,0.20349416
0.4055,0.26214705
0.406,0.27711248
0.4065,0.39693422
0.407,0.49037335
0.4075,0.54030299
0.408,0.43763526
0.4085,0.34599938
0.409,0.20736239
0.4095,0.11083844
0.41,0.02956195
0.4105,-0.00257772
0.411,-0.0498191
0.4115,-0.11969393
0.412,-0.09200216
0.4125,-0.14828942
0.413,-0.18020338
0.4135,-0.12203111
0.414,-0.08321759
0.4145,-0.03986237
0.415,-0.05636819
0.4155,-0.07201514
0.416,-0.1293749
0.4165,-0.32483949
0.417,-0.44283609
0.4175,-0.45215492
0.418,-0.51820343
0.4185,-0.46965977
0.419,-0.37294932
0.4195,-0.32969329
0.42,-0.25907562
0.4205,-0.28338243
0.421,-0.19858661
0.4215,0.01612593
0.422,0.15586905
0.4225,0.20566041
0.423,0.26908999
0.4235,0.26178957
0.424,0.12324795
0.4245,0.07807657
0.425,0.03889309
0.4255,0.0957672
0.426,0.09549333
0.4265,0.24093642
0.427,0.23419747
0.4275,0.20612296
0.428,0.25264806
0.4285,0.32263825
0.429,0.36332331
0.4295,0.40783507
0.43,0.35204171
0.4305,0.42832101
0.431,0.32666628
0.4315,0.14568254
0.432,0.06366579
0.4325,-0.10164316
0.433,-0.12936248
0.4335,-0.1741439
0.434,-0.23010632
0.4345,-0.18842867
0.435,-0.1867149
0.4355,-0.2236867
0.436,-0.23150083
0.4365,-0.14445339
0.437,-0.14521942
0.4375,-0.0270779
0.438,-0.09848086
0.4385,-0.15332605
0.439,-0.2525348
0.4395,-0.4053772
0.44,-0.45871178
0.4405,-0.48752421
0.441,-0.39735214
0.4415,-0.23103022
0.442,-0.29702441
0.4425,-0.20221126
0.443,-0.07279802
0.4435,-0.03250331
0.444,0.07939434
0.4445,0.10934859
0.445,0.22403822
0.4455,0.36817239
0.446,0.26472472
0.4465,0.22914175
0.447,0.08593333
0.4475,0.09945168
0.448,0.15227335
0.4485,0.19124542
0.449,0.20639867
0.4495,0.24069494
0.45,0.24541982
0.4505,0.24077039
0.451,0.26418102
0.4515,0.2400502
0.452,0.34492699
0.4525,0.36450656
0.453,0.42008243
0.4535,0.27751552
0.454,0.08825598
0.4545,0.00084203
0.455,-0.1223361
0.4555,-0.24854869
0.456,-0.27787743
0.4565,-0.25186535
0.457,-0.19778943
0.4575,-0.21945147
0.458,-0.23378766
0.4585,-0.24715904
0.459,-0.20986682
0.4595,-0.25220942
0.46,-0.19173673
0.4605,-0.1273152
0.461,-0.15304224
0.4615,-0.17908111
0.462,-0.23841298
0.4625,-0.41520599
0.463,-0.41390042
0.4635,-0.33059674
0.464,-0.28385685
0.4645,-0.18137554
0.465,-0.07358445
0.4655,0.01863716
0.466,0.05250315
0.4665,0.06149884
0.467,0.21189531
0.4675,0.30795075
0.468,0.41587185
0.4685,0.33855148
0.469,0.2987335
0.4695,0.27094658
0.47,0.13272691
0.4705,0.12079831
0.471,0.16985959
0.4715,0.10063382
0.472,0.25750016
0.4725,0.2849782
0.473,0.32293369
0.4735,0.25895371
0.474,0.23189835
0.4745,0.28641841
0.475,0.27269166
0.4755,0.23032583
0.476,0.22511302
0.4765,0.11280896
0.477,-0.08367661
0.4775,-0.19658479
0.478,-0.28835815
0.4785,-0.37539243
0.479,-0.35727622
0.4795,-0.35252354
0.48,-0.35188979
0.4805,-0.25726482
0.481,-0.20523421
0.4815,-0.25417492
0.482,-0.18306713
0.4825,-0.13906796
0.483,-0.17798301
0.4835,-0.16077796
0.484,-0.06486525
0.4845,-0.19981901
0.485,-0.28051381
0.4855,-0.35361564
0.486,-0.34535492
0.4865,-0.25548796
0.487,-0.08533501
0.4875,0.06701192
0.488,0.10183836
0.4885,0.19706378
0.489,0.26196615
0.4895,0.30079379
0.49,0.32032579
0.4905,0.37081225
0.491,0.41605956
0.4915,0.40516517
0.492,0.33265326
0.4925,0.18718775
0.493,0.09558872
0.4935,0.00593075
0.494,0.088814
0.4945,0.12494982
0.495,0.27273458
0.4955,0.23084088
0.496,0.16935047
0.4965,0.2160442
0.497,0.16079711
0.4975,0.11128884
0.498,0.14532873
0.4985,0.0512089
0.499,0.00356337
0.4995,-0.03489555
0.5,-0.28819724
0.5005,-0.37533724
0.501,-0.45673884
0.5015,-0.45449749
0.502,-0.41140418
0.5025,-0.37271809
0.503,-0.24142774
0.5035,-0.21345914
0.504,-0.19596459
0.5045,-0.19252714
0.505,-0.15220338
0.5055,-0.09727101
0.506,-0.1488142
0.5065,-0.0076825
0.507,-0.11814528
0.5075,-0.17286801
0.508,-0.25613627
0.5085,-0.26536793
0.509,-0.19743106
0.5095,-0.04423178
0.51,0.01842868
0.5105,0.20563681
0.511,0.31439928
0.5115,0.34819753
0.512,0.35162716
0.5125,0.32641691
0.513,0.42434579
0.5135,0.45962848
0.514,0.38564895
0.5145,0.22635673
0.515,0.20189947
0.5155,0.11864796
0.516,0.01097145
0.5165,-0.03128344
0.517,0.04872525
0.5175,0.16456123
0.518,0.13303914
0.5185,0.20594494
0.519,0.11792484
0.5195,0.13335345
0.52,0.00414167
0.5205,-0.01144613
0.521,-0.03385826
0.5215,0.02209685
0.522,-0.17810991
0.5225,-0.26488231
0.523,-0.46822447
0.5235,-0.52805461
0.524,-0.49257896
0.5245,-0.46518815
0.525,-0.38100702
0.5255,-0.24518805
0.526,-0.15197147
0.5265,-0.12383932
0.527,-0.11040345
0.5275,-0.09769839
0.528,-0.11811989
0.5285,-0.0808365
0.529,-0.02570812
0.5295,-0.04748363
0.53,-0.01286903
0.5305,-0.15370089
0.531,-0.14074746
0.5315,-0.12124861
0.532,0.00753082
0.5325,0.16746909
0.533,0.23354442
0.5335,0.44673839
0.534,0.45585156
0.5345,0.43873656
0.535,0.40312851
0.5355,0.43792688
0.536,0.34941827
0.5365,0.35848836
0.537,0.24807239
0.5375,0.18744039
0.538,0.10955738
0.5385,-0.01705912
0.539,-0.06975354
0.5395,-0.05742812
0.54,-0.03685039
0.5405,0.03112944
0.541,0.06636045
0.5415,0.11574603
0.542,0.01682132
0.5425,-0.03040035
0.543,-0.06998923
0.5435,-0.11870143
0.544,-0.17023056
0.5445,-0.2198201
0.545,-0.30653084
0.5455,-0.40002588
0.546,-0.51031454
0.5465,-0.53431633
0.547,-0.44531809
0.5475,-0.3072442
0.548,-0.23123282
0.5485,-0.07486008
0.549,-0.03047181
0.5495,-0.08950862
0.55,-0.03058882
0.5505,0.01823016
0.551,0.03521223
0.5515,0.05122637
0.552,0.07167759
0.5525,0.05977323
0.553,-0.00068425
0.5535,-0.04906302
0.554,-0.01664209
0.5545,0.04771702
0.555,0.16067183
0.5555,0.31036806
0.556,0.42965742
0.5565,0.50224827
0.557,0.45218408
0.5575,0.489435
0.558,0.43020063
0.5585,0.28818287
0.559,0.27019865
0.5595,0.21501085
0.56,0.13889903
0.5605,0.12644612
0.561,-0.00472697
0.5615,-0.10212424
0.562,-0.12616797
0.5625,-0.17203671
0.563,-0.02408485
0.5635,0.01538853
0.564,0.11954373
0.5645,0.00615635
0.565,-0.02964287
0.5655,-0.13777914
0.566,-0.18820862
0.5665,-0.23427177
0.567,-0.30775953
0.5675,-0.2403183
0.568,-0.42554181
0.5685,-0.45008562
0.569,-0.52603826
0.5695,-0.46353095
0.57,-0.36902349
0.5705,-0.20837668
0.571,-0.1238563
0.5715,0.02583204
0.572,0.1087975
0.5725,0.08471338
0.573,0.07056846
0.5735,-0.00243046
0.574,0.03091667
0.5745,0.06085986
0.575,0.15351288
0.5755,0.15524779
0.576,0.07160788
0.5765,0.11405086
0.577,0.08913445
0.5775,0.1956268
0.578,0.29842247
0.5785,0.38167128
0.579,0.51242595
0.5795,0.52374962
0.58,0.46819001
0.5805,0.39302826
0.581,0.22907917
0.5815,0.1465514
0.582,0.10445971
0.5825,0.11657525
0.583,-0.02024117
0.5835,-0.04154527
0.584,-0.1485245
0.5845,-0.24104268
0.585,-0.23003692
0.5855,-0.20738455
0.586,-0.10880315
0.5865,-0.09512598
0.587,-0.05176901
0.5875,-0.05628657
0.588,-0.1232724
0.5885,-0.27469979
0.589,-0.33998138
0.5895,-0.40273251
0.59,-0.36738192
0.5905,-0.31662226
0.591,-0.33625014
0.5915,-0.41615918
0.592,-0.3768814
0.5925,-0.32923716
0.593,-0.14798086
0.5935,-0.07204973
0.594,0.08724342
0.5945,0.22857003
0.595,0.22073411
0.5955,0.2490909
0.596,0.19085676
0.5965,0.14019129
0.597,0.0899498
0.5975,0.1541951
0.598,0.17665713
0.5985,0.21888028
0.599,0.13345042
0.5995,0.13471319
0.6,0.11628748
0.6005,0.33124506
0.601,0.31862825
0.6015,0.46278636
0.602,0.45548451
0.6025,0.46395618
0.603,0.36156629
0.6035,0.180094
0.604,0.12188285
0.6045,0.0041057
0.605,-0.00608399
0.6055,-0.06407307
0.606,-0.17042544
0.6065,-0.23793419
0.607,-0.2500452
0.6075,-0.31381384
0.608,-0.22827568
0.6085,-0.2391065
0.609,-0.04873796
0.6095,-0.03772408
0.61,-0.0799269
0.6105,-0.18548117
0.611,-0.21218784
0.6115,-0.35487418
0.612,-0.42647108
0.6125,-0.37612226
0.613,-0.39088089
0.6135,-0.37368651
0.614,-0.32861282
0.6145,-0.2399916
0.615,-0.24992238
0.6155,-0.1248115
0.616,-0.02758341
0.6165,0.13844161
0.617,0.22937513
0.6175,0.32279821
0.618,0.31121233
0.6185,0.26085465
0.619,0.18511091
0.6195,0.11124977
0.62,0.18306363
0.6205,0.08634532
0.621,0.22708068
0.6215,0.1948527
0.622,0.17209742
0.6225,0.22094551
0.623,0.15578669
0.6235,0.26627061
0.624,0.37135997
0.6245,0.40525125
0.625,0.39576903
0.6255,0.30117094
0.626,0.20654241
0.6265,-0.03480918
0.627,-0.13527356
0.6275,-0.19514243
0.628,-0.21740211
0.6285,-0.2426765
0.629,-0.20440226
0.6295,-0.27232899
0.63,-0.35340494
0.6305,-0.37820716
0.631,-0.27429537
0.6315,-0.20992484
0.632,-0.09598011
0.6325,-0.11679973
0.633,-0.09926801
0.6335,-0.16663876
0.634,-0.2573941
0.6345,-0.39237009
0.635,-0.36994748
0.6355,-0.31477477
0.636,-0.20824539
0.6365,-0.18229673
0.637,-0.20651307
0.6375,-0.0762397
0.638,-0.0122678
0.6385,0.06974439
0.639,0.16622813
0.6395,0.37147422
0.64,0.41148923
0.6405,0.42566547
0.641,0.31007071
0.6415,0.30465163
0.642,0.17832293
0.6425,0.17600569
0.643,0.15453652
0.6435,0.25100797
0.644,0.29727557
0.6445,0.18424423
0.645,0.1422203
0.6455,0.20651217
0.646,0.21570142
0.6465,0.26527171
0.647,0.33097144
0.6475,0.37955452
0.648,0.27808701
0.6485,0.10561433
0.649,-0.0282284
0.6495,-0.12329214
0.65,-0.28361481
0.6505,-0.30252789
0.651,-0.32078573
0.6515,-0.32196871
0.652,-0.30098236
0.6525,-0.33366467
0.653,-0.26445469
0.6535,-0.3485536
0.654,-0.23861962
0.6545,-0.09731289
0.655,-0.10121361
0.6555,-0.08545337
0.656,-0.1077033
0.6565,-0.17031005
0.657,-0.23713243
0.6575,-0.33490048
0.658,-0.28723784
0.6585,-0.21138985
0.659,-0.15234665
0.6595,-0.06621139
0.66,-0.05194835
0.6605,0.06475922
0.661,0.08855612
0.6615,0.21736867
0.662,0.3570262
0.6625,0.43678241
0.663,0.46555222
0.6635,0.37722971
0.664,0.3190695
0.6645,0.20976354
0.665,0.17527896
0.6655,0.19485202
0.666,0.18049793
0.6665,0.11413507
0.667,0.1921506
0.6675,0.15918811
0.668,0.17312217
0.6685,0.15025914
0.669,0.11466491
0.6695,0.14661212
0.67,0.20469328
0.6705,0.16459346
0.671,0.07542184
0.6715,-0.02577214
0.672,-0.1795954
0.6725,-0.43532168
0.673,-0.42075434
0.6735,-0.37890561
0.674,-0.45491841
0.6745,-0.37540472
0.675,-0.2838062
0.6755,-0.2839137
0.676,-0.39795586
0.6765,-0.27234808
0.677,-0.17009869
0.6775,-0.08901066
0.678,-0.00844743
0.6785,-0.03229276
0.679,-0.0347423
0.6795,-0.17276574
0.68,-0.23546142
0.6805,-0.26242335
0.681,-0.21532079
0.6815,-0.07352471
0.682,0.01278686
0.6825,0.19116483
0.683,0.15163154
0.6835,0.21425067
0.684,0.30063705
0.6845,0.39025982
0.685,0.4451628
0.6855,0.50209679
0.686,0.46949557
0.6865,0.41078975
0.687,0.26335081
0.6875,0.14747909
0.688,0.0628154
0.6885,-0.00920031
0.689,0.07142759
0.6895,0.18039237
0.69,0.09359153
0.6905,0.17149917
0.691,0.07958031
0.6915,0.07822936
0.692,0.07507462
0.6925,0.12802832
0.693,0.08888474
0.6935,0.03386028
0.694,-0.0598513
0.6945,-0.29784832
0.695,-0.3912604
0.6955,-0.4532702
0.696,-0.57690998
0.6965,-0.43162083
0.697,-0.37183412
0.6975,-0.30392655
0.698,-0.34692024
0.6985,-0.20834217
0.699,-0.27422315
0.6995,-0.17216346
0.7,-0.03780273
0.7005,-0.0336001
0.701,0.04063808
0.7015,-0.03928852
0.702,-0.03060532
0.7025,-0.161512
0.703,-0.17757121
0.7035,-0.10664434
0.704,-0.05993962
0.7045,0.09673534
0.705,0.23343888
0.7055,0.3141893
0.706,0.33271083
0.7065,0.40130901
0.707,0.34600542
0.7075,0.42469207
0.708,0.45126579
0.7085,0.44590782
0.709,0.44607545
0.7095,0.24807306
0.71,0.15860657
0.7105,0.01645884
0.711,-0.03911397
0.7115,-0.0432998
0.712,0.06831668
0.7125,0.0719663
0.713,0.1100673
0.7135,0.02653891
0.714,-0.01091998
0.7145,-0.02903577
0.715,-0.03826466
0.7155,0.00983592
0.716,-0.08700458
0.7165,-0.17543223
0.717,-0.25327037
0.7175,-0.39335833
0.718,-0.4846546
0.7185,-0.59591644
0.719,-0.48221395
0.7195,-0.46389608
0.72,-0.2938652
0.7205,-0.21869439
0.721,-0.18068915
0.7215,-0.06730968
0.722,-0.09014892
0.7225,-0.03016589
0.723,0.05385765
0.7235,0.05697279
0.724,0.1725872
0.7245,0.0462519
0.725,-0.04763339
0.7255,-0.12658218
0.726,-0.00072738
0.7265,0.04783903
0.727,0.06690989
0.7275,0.26337615
0.728,0.31402984
0.7285,0.39071796
0.729,0.39446642
0.7295,0.37529488
0.73,0.40344668
0.7305,0.40907914
0.731,0.33103389
0.7315,0.30397789
0.732,0.29205486
0.7325,0.09240725
0.733,0.00879019
0.7335,-0.08818994
0.734,-0.17978599
0.7345,-0.11836428
0.735,-0.07823999
0.7355,-0.06287001
0.736,0.00627406
0.7365,-0.03103003
0.737,-0.10896304
0.7375,-0.1500515
0.738,-0.11656107
0.7385,-0.16182512
0.739,-0.21083145
0.7395,-0.26610133
0.74,-0.38520581
0.7405,-0.48945497
0.741,-0.5756038
0.7415,-0.57197647
0.742,-0.41267971
0.7425,-0.27396034
0.743,-0.11907829
0.7435,-0.02765944
0.744,0.03977452
0.7445,0.02088198
0.745,0.07079303
0.7455,0.1029569
0.746,0.1775887
0.7465,0.16161513
0.747,0.1320173
0.7475,0.16624082
0.748,0.05391877
0.7485,-0.03289633
0.749,0.0522394
0.7495,0.10841402
0.75,0.24663495
0.7505,0.30695139
0.751,0.42538537
0.7515,0.37908495
0.752,0.44779871
0.7525,0.38200607
0.753,0.31892368
0.7535,0.33998703
0.754,0.29292016
0.7545,0.26474713
0.755,-0.03091301
0.7555,-0.12221018
0.756,-0.18238927
0.7565,-0.29941123
0.757,-0.20362077
0.7575,-0.17824084
0.758,-0.09373918
0.7585,-0.07162894
0.759,-0.0647113
0.7595,-0.15483715
0.76,-0.13987578
0.7605,-0.23509698
0.761,-0.26079321
0.7615,-0.32977045
0.762,-0.19671111
0.7625,-0.32860926
0.763,-0.44622584
0.7635,-0.47532772
0.764,-0.47145297
0.7645,-0.41487487
0.765,-0.2356496
0.7655,-0.12714301
0.766,0.06936245
0.7665,0.1519944
0.767,0.14499832
0.7675,0.18055939
0.768,0.14009836
0.7685,0.17814163
0.769,0.20575499
0.7695,0.22991313
0.77,0.25773676
0.7705,0.14230458
0.771,0.10779604
0.7715,0.05591682
0.772,0.12480471
0.7725,0.24276099
0.773,0.32434271
0.7735,0.43612088
0.774,0.46175919
0.7745,0.44322476
0.775,0.27104879
0.7755,0.30804595
0.776,0.21876821
0.7765,0.15573216
0.777,0.07923667
0.7775,-0.02667402
0.778,-0.10000399
0.7785,-0.26480097
0.779,-0.33274408
0.7795,-0.33620316
0.78,-0.34456872
0.7805,-0.15813693
0.781,-0.2102092
0.7815,-0.09296898
0.782,-0.06564249
0.7825,-0.14653264
0.783,-0.20768162
0.7835,-0.25124891
0.784,-0.28202676
0.7845,-0.28906304
0.785,-0.28325186
0.7855,-0.30810502
0.786,-0.42754812
0.7865,-0.39444094
0.787,-0.37407106
0.7875,-0.20743185
0.788,-0.02952352
0.7885,0.08194879
0.789,0.2520154
0.7895,0.2853599
0.79,0.36104742
0.7905,0.18304546
0.791,0.19815443
0.7915,0.22188157
0.792,0.27243617
0.7925,0.20648246
0.793,0.22514015
0.7935,0.1503163
0.794,0.11854778
0.7945,0.11138504
0.795,0.18455947
0.7955,0.22845368
0.796,0.4383968
0.7965,0.40398615
0.797,0.3388357
0.7975,0.34608247
0.798,0.1819036
0.7985,0.13769878
0.799,0.02638913
0.7995,-0.07901263
0.8,-0.08479533
0.8005,-0.21902927
0.801,-0.30640842
0.8015,-0.3674255
0.802,-0.37051894
0.8025,-0.41237848
0.803,-0.33314531
0.8035,-0.1498246
0.804,-0.07324688
0.8045,-0.08729495
0.805,-0.11713132
0.8055,-0.21401536
0.806,-0.27762731
0.8065,-0.16513649
0.807,-0.27913216
0.8075,-0.26297348
0.808,-0.29187454
0.8085,-0.26060657
0.809,-0.26609837
0.8095,-0.19981178
0.81,-0.13471529
0.8105,0.0221969
0.811,0.15066601
0.8115,0.33373227
0.812,0.41491414
0.8125,0.34295214
0.813,0.40132506
0.8135,0.22801842
0.814,0.2894397
0.8145,0.2412409
0.815,0.31909568
0.8155,0.22065168
0.816,0.16821396
0.8165,0.17257844
0.817,0.12182177
0.8175,0.17280674
0.818,0.13074932
0.8185,0.26206334
0.819,0.35280487
0.8195,0.31740291
0.82,0.2359445
0.8205,0.13982613
0.821,0.04927456
0.8215,-0.13239654
0.822,-0.17181971
0.8225,-0.18381419
0.823,-0.28108004
0.8235,-0.33329059
0.824,-0.40085139
0.8245,-0.49275077
0.825,-0.34319318
0.8255,-0.38408958
0.826,-0.22672163
0.8265,-0.1267998
0.827,-0.02939603
0.8275,-0.05391432
0.828,-0.18593015
0.8285,-0.2161496
0.829,-0.2618607
0.8295,-0.25975554
0.83,-0.21961544
0.8305,-0.16965501
0.831,-0.16291133
0.8315,-0.10229078
0.832,-0.07577786
0.8325,-0.11274792
0.833,0.08057777
0.8335,0.21577684
0.834,0.35686859
0.8345,0.38474661
0.835,0.54824465
0.8355,0.36781398
0.836,0.33561577
0.8365,0.30299522
0.837,0.20830921
0.8375,0.23392228
0.838,0.10152016
0.8385,0.15417691
0.839,0.17338246
0.8395,0.10841086
0.84,0.01768191
0.8405,0.09290584
0.841,0.16144466
0.8415,0.26357703
0.842,0.24759797
0.8425,0.22765254
0.843,0.14590159
0.8435,-0.08514806
0.844,-0.12602063
0.8445,-0.27864352
0.845,-0.32098317
0.8455,-0.4198637
0.846,-0.37210164
0.8465,-0.45809332
0.847,-0.46109968
0.8475,-0.45490149
0.848,-0.37390962
0.8485,-0.28980748
0.849,-0.1414204
0.8495,-0.03321928
0.85,0.05785696
0.8505,0.02535719
0.851,-0.09356366
0.8515,-0.18547106
0.852,-0.22745097
0.8525,-0.18485315
0.853,-0.09716193
0.8535,-0.04979736
0.854,-0.03776179
0.8545,0.04160466
0.855,0.0749534
0.8555,0.12641115
0.856,0.20474917
0.8565,0.43336898
0.857,0.50710772
0.8575,0.56488746
0.858,0.56080008
0.8585,0.3972077
0.859,0.2984042
0.8595,0.18766179
0.86,0.09497235
0.8605,0.15096452
0.861,0.18134423
0.8615,0.15506701
0.862,0.02576983
0.8625,-0.00279091
0.863,-0.0132301
0.8635,0.02517587
0.864,0.07442099
0.8645,0.13046201
0.865,0.12584842
0.8655,0.07522065
0.866,-0.01928392
0.8665,-0.1777132
0.867,-0.35739857
0.8675,-0.47295499
0.868,-0.41322547
0.8685,-0.37693803
0.869,-0.37681786
0.8695,-0.38949681
0.87,-0.34915135
0.8705,-0.36422685
0.871,-0.28116915
0.8715,-0.1107454
0.872,0.00686747
0.8725,0.05086984
0.873,0.09386584
0.8735,-0.02329637
0.874,-0.06487068
0.8745,-0.1329431
0.875,-0.16831196
0.8755,-0.0917591
0.876,-0.01334737
0.8765,0.02757573
0.877,0.15689832
0.8775,0.13823343
0.878,0.21739605
0.8785,0.27199862
0.879,0.38610436
0.8795,0.42427778
0.88,0.56857872
0.8805,0.54141605
0.881,0.39350659
0.8815,0.2538025
0.882,0.1317162
0.8825,0.06227431
0.883,0.02574527
0.8835,0.05054123
0.884,0.06636194
0.8845,0.07778851
0.885,0.05112629
0.8855,-0.06899845
0.886,-0.06441214
0.8865,-0.02715005
0.887,0.00959711
0.8875,0.08575556
0.888,0.02567614
0.8885,-0.02978108
0.889,-0.37502365
0.8895,-0.37434743
0.89,-0.53160357
0.8905,-0.53163495
0.891,-0.53180822
0.8915,-0.42766519
0.892,-0.39562154
0.8925,-0.34030091
0.893,-0.33069645
0.8935,-0.24374492
0.894,-0.16573278
0.8945,0.01141761
0.895,0.1028382
0.8955,0.09833181
0.896,0.15699958
0.8965,0.08302325
0.897,-0.00185308
0.8975,-0.06724272
0.898,-0.01525121
0.8985,0.02253394
0.899,0.15724197
0.8995,0.19593396
0.9,0.28782638
0.9005,0.26797899
0.901,0.31483593
0.9015,0.35368892
0.902,0.47004455
0.9025,0.49144469
0.903,0.50696442
0.9035,0.46125422
0.904,0.29940356
0.9045,0.17828237
0.905,-0.00069033
0.9055,-0.01003924
0.906,-0.12957506
0.9065,-0.06746206
0.907,-0.0726298
0.9075,-0.06820628
0.908,-0.08134625
0.9085,-0.03195322
0.909,-0.11200255
0.9095,-0.12402468
0.91,-0.04772644
0.9105,-0.07303193
0.911,-0.15634636
0.9115,-0.22060131
0.912,-0.31115261
0.9125,-0.53388127
0.913,-0.53554844
0.9135,-0.54626156
0.914,-0.43031093
0.9145,-0.34715173
0.915,-0.12855597
0.9155,-0.14559756
0.916,-0.08722484
0.9165,-0.03178774
0.917,-0.01341559
0.9175,0.15451086
0.918,0.1665069
0.9185,0.22108021
0.919,0.23225686
0.9195,0.18266453
0.92,0.02573621
0.9205,0.01114549
0.921,0.04628864
0.9215,0.11008385
0.922,0.21179386
0.9225,0.31488612
0.923,0.34957445
0.9235,0.36001301
0.924,0.36085848
0.9245,0.38903641
0.925,0.41246444
0.9255,0.41142415
0.926,0.33492012
0.9265,0.29685761
0.927,0.12616791
0.9275,-0.02784868
0.928,-0.17448177
0.9285,-0.26327467
0.929,-0.21349007
0.9295,-0.27646751
0.93,-0.15515639
0.9305,-0.0722512
0.931,-0.10520506
0.9315,-0.1295195
0.932,-0.16879872
0.9325,-0.09259718
0.933,-0.16175818
0.9335,-0.09342077
0.934,-0.27574792
0.9345,-0.35175435
0.935,-0.40437396
0.9355,-0.41430851
0.936,-0.51892874
0.9365,-0.40617316
0.937,-0.27405791
0.9375,-0.10744474
0.938,-0.02708518
0.9385,-0.0064679
0.939,0.06103739
0.9395,0.07723866
0.94,0.19050858
0.9405,0.26949222
0.941,0.29544535
0.9415,0.16341395
0.942,0.21151177
0.9425,0.06961324
0.943,0.0565372
0.9435,0.07207409
0.944,0.05381446
0.9445,0.19933955
0.945,0.3434498
0.9455,0.45830222
0.946,0.41366168
0.9465,0.40229906
0.947,0.32043606
0.9475,0.40196429
0.948,0.27313278
0.9485,0.24067851
0.949,0.18226591
0.9495,0.04989398
0.95,-0.14408844
0.9505,-0.23338762
0.951,-0.2819806
0.9515,-0.32771524
0.952,-0.25127288
0.9525,-0.19842635
0.953,-0.16418466
0.9535,-0.16350378
0.954,-0.17304269
0.9545,-0.18497154
0.955,-0.21980493
0.9555,-0.25706715
0.956,-0.20611991
0.9565,-0.20533606
0.957,-0.23607394
0.9575,-0.3159221
0.958,-0.38494368
0.9585,-0.49041673
0.959,-0.29170155
0.9595,-0.28444932
0.96,-0.05200453
0.9605,0.05171663
0.961,0.15372717
0.9615,0.19011826
0.962,0.26402064
0.9625,0.25454851
0.963,0.26540988
0.9635,0.35967459
0.964,0.38681607
0.9645,0.28872688
0.965,0.2309278
0.9655,0.15054772
0.966,0.06761626
0.9665,0.11539081
0.967,0.14433065
0.9675,0.27165041
0.968,0.3433424
0.9685,0.48364588
0.969,0.35992001
0.9695,0.32901827
0.97,0.23904128
0.9705,0.17487145
0.971,0.1163271
0.9715,0.15983003
0.972,0.00715287
0.9725,-0.17522424
0.973,-0.24953788
0.9735,-0.37779061
0.974,-0.45814218
0.9745,-0.35399653
0.975,-0.29410912
0.9755,-0.1903607
0.976,-0.11122465
0.9765,-0.22396282
0.977,-0.13612493
0.9775,-0.21900671
0.978,-0.32343814
0.9785,-0.19060153
0.979,-0.17267798
0.9795,-0.20187346
0.98,-0.19508662
0.9805,-0.34281466
0.981,-0.36935801
0.9815,-0.3118649
0.982,-0.18556937
0.9825,-0.02522836
0.983,0.10537509
0.9835,0.29351648
0.984,0.34350048
0.9845,0.34554953
0.985,0.30696665
0.9855,0.3482562
0.986,0.341669
0.9865,0.37173192
0.987,0.30822995
0.9875,0.26743251
0.988,0.20776395
0.9885,0.11118524
0.989,0.00051479
0.9895,0.17093335
0.99,0.17495573
0.9905,0.32127294
0.991,0.39209881
0.9915,0.26202541
0.992,0.25946169
0.9925,0.13207864
0.993,0.0903718
0.9935,0.03148865
0.994,-0.00952075
0.9945,-0.07228673
0.995,-0.11925121
0.9955,-0.30818274
0.996,-0.39710717
0.9965,-0.50628826
0.997,-0.42932104
0.9975,-0.36435379
0.998,-0.29726501
0.9985,-0.17891039
0.999,-0.07975986
0.9995,-0.13776588
1.0,-0.10959463
1.0005,-0.16516252
1.001,-0.184349
1.0015,-0.17581394
1.002,-0.12654486
1.0025,-0.14288232
1.003,-0.20290209
1.0035,-0.21754123
1.004,-0.1444116
1.0045,-0.0843559
1.005,0.04977825
1.0055,0.14935874
1.006,0.31013466
1.0065,0.35630158
1.007,0.47957627
1.0075,0.43881491
1.008,0.35698414
1.0085,0.3219713
1.009,0.31841307
1.0095,0.36404158
1.01,0.30163923
1.0105,0.18656599
1.011,0.09458847
1.0115,0.0610139
1.012,0.02749815
1.0125,0.05981747
1.013,0.16100047
1.0135,0.21375007
1.014,0.2535018
1.0145,0.23814932
1.015,0.0905212
1.0155,-0.00057415
1.016,-0.07468023
1.0165,-0.18947899
1.017,-0.20632813
1.0175,-0.28678214
1.018,-0.32693535
1.0185,-0.4543613
1.019,-0.51553349
1.0195,-0.52063036
1.02,-0.40100881
1.0205,-0.34792031
1.021,-0.12380518
1.0215,-0.0696831
1.022,-0.10399798
1.0225,-0.0487895
1.023,-0.09673154
1.0235,-0.03841977
1.024,-0.13613208
1.0245,-0.14796622
1.025,-0.05278457
1.0255,-0.01963972
1.026,-0.08598484
1.0265,-0.06287451
1.027,0.01830303
1.0275,0.07033491
1.028,0.23401544
1.0285,0.32312881
1.029,0.46500785
1.0295,0.53524918
1.03,0.50923251
1.0305,0.45278742
1.031,0.4016069
1.0315,0.2718222
1.032,0.23044881
1.0325,0.21350014
1.033,0.13122603
1.0335,0.10406668
1.034,0.08712875
1.0345,-0.03463058
1.035,0.03794974
1.0355,0.08074831
1.036,0.0588958
1.0365,0.14292906
1.037,0.09248634
1.0375,0.10476243
1.038,0.00968146
1.0385,-0.09709851
1.039,-0.32253896
1.0395,-0.38801174
1.04,-0.36990391
1.0405,-0.46201506
1.041,-0.39961456
1.0415,-0.48751414
1.042,-0.46730991
1.0425,-0.39522481
1.043,-0.3733213
1.0435,-0.15918354
1.044,-0.0407682
1.0445,-0.01410414
1.045,0.09996
1.0455,0.04362336
1.046,-0.02290703
1.0465,-0.10002753
1.047,-0.03979739
1.0475,0.02477602
1.048,0.05217934
1.0485,0.05511013
1.049,0.08814718
1.0495,0.05889672
1.05,0.11791993
1.0505,0.24669682
1.051,0.35539138
1.0515,0.55834141
1.052,0.58333589
1.0525,0.49609776
1.053,0.4184495
1.0535,0.37213048
1.054,0.1758512
1.0545,0.16874582
1.055,0.07260197
1.0555,0.09647685
1.056,-0.00077867
1.0565,-0.02286417
1.057,-0.11587558
1.0575,-0.12443801
1.058,-0.11952742
1.0585,-0.12470358
1.059,0.11183151
1.0595,0.07262365
1.06,-0.00607367
1.0605,-0.04702372
1.061,-0.20628716
1.0615,-0.35776997
1.062,-0.42066835
1.0625,-0.4531542
1.063,-0.37137571
1.0635,-0.44036737
1.064,-0.40635819
1.0645,-0.45503899
1.065,-0.36689855
1.0655,-0.29392111
1.066,-0.21356715
1.0665,-0.03258212
1.067,0.14242798
1.0675,0.1596063
1.068,0.1798307
1.0685,0.12193552
1.069,0.00536382
1.0695,0.02888748
1.07,-0.03204376
1.0705,0.04195445
1.071,0.12886444
1.0715,0.21278448
1.072,0.19601951
1.0725,0.21603529
1.073,0.24888002
1.0735,0.37151748
1.074,0.41579918
1.0745,0.52138691
1.075,0.52538548
1.0755,0.44945143
1.076,0.38499138
1.0765,0.2063684
1.077,0.04902893
1.0775,-0.03247576
1.078,-0.00391322
1.0785,-0.01271409
1.079,-0.0735334
1.0795,-0.08568279
1.08,-0.15287837
1.0805,-0.17820285
1.081,-0.14043936
1.0815,-0.08063938
1.082,-0.0607801
1.0825,0.04761491
1.083,-0.09847606
1.0835,-0.22007172
1.084,-0.3663807
1.0845,-0.45745026
1.085,-0.45407862
1.0855,-0.49725742
1.086,-0.36970713
1.0865,-0.32616295
1.087,-0.25906903
1.0875,-0.33722593
1.088,-0.22222887
1.0885,-0.18030929
1.089,0.05843712
1.0895,0.16032413
1.09,0.26866137
1.0905,0.22535577
1.091,0.21065001
1.0915,0.10462441
1.092,0.10384316
1.0925,0.02527849
1.093,0.11227717
1.0935,0.11458256
1.094,0.22055545
1.0945,0.21199075
1.095,0.27281705
1.0955,0.28494373
1.096,0.34279061
1.0965,0.37103529
1.097,0.45800188
1.0975,0.43918455
1.098,0.46567508
1.0985,0.29890968
1.099,0.15129191
1.0995,0.03664579
1.1,-0.11364959
1.1005,-0.19487335
1.101,-0.13919834
1.1015,-0.18668026
1.102,-0.18643425
1.1025,-0.21606925
1.103,-0.23170762
1.1035,-0.18278115
1.104,-0.18106009
1.1045,-0.16621551
1.105,-0.05785612
1.1055,-0.07625923
1.106,-0.16826864
1.1065,-0.3603939
1.107,-0.37795305
1.1075,-0.54951136
1.108,-0.46731179
1.1085,-0.35305105
1.109,-0.31563712
1.1095,-0.25170892
1.11,-0.16051165
1.1105,-0.08019502
1.111,-0.07556822
1.1115,0.074502
1.112,0.20276425
1.1125,0.27358206
1.113,0.3601388
1.1135,0.34570913
1.114,0.24850813
1.1145,0.1922025
1.115,0.1591457
1.1155,0.10319887
1.116,0.05743832
1.1165,0.20017762
1.117,0.32844573
1.1175,0.25464287
1.118,0.26066491
1.1185,0.22999689
1.119,0.35137089
1.1195,0.37142516
1.12,0.41371539
1.1205,0.36434889
1.121,0.26627373
1.1215,0.14467269
1.122,-0.07873544
1.1225,-0.20856792
1.123,-0.23791734
1.1235,-0.27144527
1.124,-0.30247343
1.1245,-0.33845074
1.125,-0.2182483
1.1255,-0.25285432
1.126,-0.24439566
1.1265,-0.26870997
1.127,-0.16917905
1.1275,-0.11707444
1.128,-0.10591152
1.1285,-0.13714326
1.129,-0.28423182
1.1295,-0.32637924
1.13,-0.45712451
1.1305,-0.45086694
1.131,-0.38012873
1.1315,-0.35172972
1.132,-0.12073741
1.1325,-0.03280626
1.133,0.10155602
1.1335,0.11688815
1.134,0.10352719
1.1345,0.25622671
1.135,0.30254378
1.1355,0.43934792
1.136,0.46441385
1.1365,0.39310988
1.137,0.23554953
1.1375,0.1210004
1.138,0.13263597
1.1385,0.12622013
1.139,0.14073195
1.1395,0.28654305
1.14,0.3312723
1.1405,0.27976333
1.141,0.240845
1.1415,0.25596694
1.142,0.29588444
1.1425,0.31408686
1.143,0.26200455
1.1435,0.20212548
1.144,0.06688182
1.1445,-0.10544683
1.145,-0.28288731
1.1455,-0.43003923
1.146,-0.41783914
1.1465,-0.40725212
1.147,-0.38789245
1.1475,-0.26530731
1.148,-0.23879515
1.1485,-0.21182421
1.149,-0.28781325
1.1495,-0.24329091
1.15,-0.13757417
1.1505,-0.09521871
1.151,-0.08700468
1.1515,-0.15653196
1.152,-0.18253916
1.1525,-0.25106143
1.153,-0.45263339
1.1535,-0.3059348
1.154,-0.25521028
1.1545,-0.0668743
1.155,0.0648256
1.1555,0.13301039
1.156,0.20095611
1.1565,0.28724271
1.157,0.29095867
1.1575,0.39315065
1.158,0.46598177
1.1585,0.33939915
1.159,0.37583803
1.1595,0.28636619
1.16,0.12068332
1.1605,0.08886955
1.161,0.06580486
1.1615,0.1664155
1.162,0.16414128
1.1625,0.31120047
1.163,0.32478309
1.1635,0.229106
1.164,0.21583688
1.1645,0.18534124
1.165,0.08589345
1.1655,0.10549832
1.166,0.03193011
1.1665,-0.03116128
1.167,-0.13775588
1.1675,-0.34457977
1.168,-0.45954028
1.1685,-0.52140492
1.169,-0.48027626
1.1695,-0.39255667
1.17,-0.32262906
1.1705,-0.24087372
1.171,-0.19951741
1.1715,-0.19033202
1.172,-0.15293763
1.1725,-0.1421125
1.173,-0.0926191
1.1735,-0.0866564
1.174,-0.0633602
1.1745,-0.118229
1.175,-0.23829372
1.1755,-0.20695201
1.176,-0.26609484
1.1765,-0.16394455
1.177,-0.0589691
1.1775,0.17633153
1.178,0.21297313
1.1785,0.27612231
1.179,0.40604478
1.1795,0.36428939
1.18,0.34411579
1.1805,0.44341192
1.181,0.43916624
1.1815,0.42530364
1.182,0.36259901
1.1825,0.18050355
1.183,0.14215197
1.1835,0.04534068
1.184,0.00920014
1.1845,0.07999005
1.185,0.17437723
1.1855,0.19979371
1.186,0.22045644
1.1865,0.24791605
1.187,0.0711726
1.1875,0.01969111
1.188,0.01399245
1.1885,0.03469037
1.189,-0.14352808
1.1895,-0.17054488
1.19,-0.31205772
1.1905,-0.45141536
1.191,-0.48700496
1.1915,-0.53590501
1.192,-0.46823359
1.1925,-0.35565573
1.193,-0.17832932
1.1935,-0.12851254
1.194,-0.15986964
1.1945,-0.09337924
1.195,-0.1170614
1.1955,-0.09997548
1.196,-0.09215773
1.1965,-0.04629189
1.197,0.01299034
1.1975,-0.06725503
1.198,-0.08708739
1.1985,-0.20046366
1.199,-0.05853636
1.1995,-0.01204054
1.2,0.1558297
1.2005,0.32821243
1.201,0.44468779
1.2015,0.4728911
1.202,0.42219927
1.2025,0.39923816
1.203,0.43270794
1.2035,0.40315091
1.204,0.43866949
1.2045,0.34268087
1.205,0.24250079
1.2055,0.07351379
1.206,-0.03592619
1.2065,-0.06674879
1.207,-0.08607176
1.2075,0.02300582
1.208,0.09199926
1.2085,0.10103181
1.209,0.18821975
1.2095,0.03591439
1.21,-0.02627272
1.2105,-0.14964349
1.211,-0.14651907
1.2115,-0.19353309
1.212,-0.32991187
1.2125,-0.28566395
1.213,-0.44291029
1.2135,-0.53015749
1.214,-0.56446888
1.2145,-0.47063666
1.215,-0.37639451
1.2155,-0.1948295
1.216,-0.12773721
1.2165,-0.01935463
1.217,-0.05007996
1.2175,-0.01233559
1.218,-0.02475287
1.2185,-0.0496391
1.219,0.02701826
1.2195,0.1022692
1.22,-0.07439328
1.2205,-0.01006373
1.221,-0.08413454
1.2215,-0.00110943
1.222,0.07010572
1.2225,0.17139578
1.223,0.31245548
1.2235,0.45716
1.224,0.52656672
1.2245,0.46537272
1.225,0.45349486
1.2255,0.36460518
1.226,0.30495374
1.2265,0.27454914
1.227,0.2543365
1.2275,0.18214402
1.228,0.08162572
1.2285,-0.00451553
1.229,-0.13411266
1.2295,-0.13025429
1.23,-0.10531435
1.2305,-0.02319802
1.231,0.03909391
1.2315,0.07031382
1.232,-0.05201736
1.2325,-0.07079022
1.233,-0.17789886
1.2335,-0.2467855
1.234,-0.32945836
1.2345,-0.33113721
1.235,-0.3138967
1.2355,-0.40262733
1.236,-0.40164264
1.2365,-0.56240194
1.237,-0.54182609
1.2375,-0.36256132
1.238,-0.23935345
1.2385,-0.09790613
1.239,0.08530208
1.2395,0.07979253
1.24,0.11793946
1.2405,0.04862745
1.241,0.00907843
1.2415,0.07268621
1.242,0.14039077
1.2425,0.08224921
1.243,0.14371077
1.2435,0.09633148
1.244,0.08748634
1.2445,0.08018063
1.245,0.21763969
1.2455,0.29251819
1.246,0.4157668
1.2465,0.51979796
1.247,0.57900796
1.2475,0.47543502
1.248,0.30961979
1.2485,0.29501244
1.249,0.16448124
1.2495,0.13879817
1.25,0.0508424
1.2505,-0.00376051
1.251,-0.0954933
1.2515,-0.19260981
1.252,-0.21936958
1.2525,-0.22998153
1.253,-0.17866078
1.2535,-0.01916916
1.254,-0.04935643
1.2545,0.01754131
1.255,-0.06749716
1.2555,-0.16697518
1.256,-0.24605335
1.2565,-0.36349274
1.257,-0.37170933
1.2575,-0.38065326
1.258,-0.35896266
1.2585,-0.40190738
1.259,-0.38189738
1.2595,-0.41751338
1.26,-0.30293028
1.2605,-0.18952027
1.261,-0.00920995
1.2615,0.12182181
1.262,0.20199623
1.2625,0.21230028
1.263,0.22010139
1.2635,0.14642249
1.264,0.16676911
1.2645,0.10984424
1.265,0.17560861
1.2655,0.12394281
1.266,0.17404705
1.2665,0.14991342
1.267,0.20255738
1.2675,0.21173653
1.268,0.2454538
1.2685,0.41291838
1.269,0.40891997
1.2695,0.46766545
1.27,0.52209291
1.2705,0.38515698
1.271,0.22221327
1.2715,0.10136932
1.272,0.02591945
1.2725,-0.02457344
1.273,-0.06234833
1.2735,-0.11438187
1.274,-0.24741268
1.2745,-0.26167557
1.275,-0.36366504
1.2755,-0.24798852
1.276,-0.14603899
1.2765,-0.10650279
1.277,-0.06285655
1.2775,-0.08231597
1.278,-0.2030928
1.2785,-0.3188785
1.279,-0.38572598
1.2795,-0.34996333
1.28,-0.33100328
1.2805,-0.41698687
1.281,-0.26532076
1.2815,-0.27588948
1.282,-0.28721278
1.2825,-0.21221528
1.283,-0.08384783
1.2835,0.07498407
1.284,0.22930777
1.2845,0.28126351
1.285,0.35046437
1.2855,0.35426436
1.286,0.19977653
1.2865,0.24907674
1.287,0.20238334
1.2875,0.19144704
1.288,0.16776248
1.2885,0.16297605
1.289,0.20642101
1.2895,0.17831695
1.29,0.23207444
1.2905,0.26147216
1.291,0.23827145
1.2915,0.37703722
1.292,0.43503483
1.2925,0.37254485
1.293,0.34397742
1.2935,0.15269309
1.294,-0.0071233
1.2945,-0.10388263
1.295,-0.18124892
1.2955,-0.21967912
1.296,-0.21130221
1.2965,-0.29354281
1.297,-0.33923644
1.2975,-0.36699459
1.298,-0.32111811
1.2985,-0.25498347
1.299,-0.19239473
1.2995,-0.13343045
1.3,0.00190879
1.3005,-0.12573486
1.301,-0.20170594
1.3015,-0.34021068
1.302,-0.38457025
1.3025,-0.35444418
1.303,-0.37490591
1.3035,-0.29541288
1.304,-0.19027868
1.3045,-0.20296229
1.305,-0.18138539
1.3055,0.03281178
1.306,0.10007054
1.3065,0.17248252
1.307,0.43116629
1.3075,0.4500041
1.308,0.49992893
1.3085,0.34188426
1.309,0.28429838
1.3095,0.18590639
1.31,0.11214743
1.3105,0.2224152
1.311,0.20161092
1.3115,0.2025701
1.312,0.12861705
1.3125,0.23982054
1.313,0.19789694
1.3135,0.23540228
1.314,0.22538639
1.3145,0.34584862
1.315,0.33316907
1.3155,0.31557747
1.316,0.14153379
1.3165,-0.08462695
1.317,-0.18740655
1.3175,-0.24407899
1.318,-0.32743891
1.3185,-0.33540664
1.319,-0.41017284
1.3195,-0.37331309
1.32,-0.34473413
1.3205,-0.39331689
1.321,-0.30696974
1.3215,-0.25447763
1.322,-0.175606
1.3225,-0.13418433
1.323,-0.05931691
1.3235,-0.1807489
1.324,-0.27270675
1.3245,-0.28704071
1.325,-0.27717888
1.3255,-0.27121855
1.326,-0.21594717
1.3265,-0.1283253
1.327,-0.06959095
1.3275,0.06229756
1.328,0.0338606
1.3285,0.13088931
1.329,0.26465569
1.3295,0.35634657
1.33,0.5387917
1.3305,0.45322307
1.331,0.46701664
1.3315,0.30242365
1.332,0.26171887
1.3325,0.11152657
1.333,0.11873272
1.3335,0.15811703
1.334,0.20010404
1.3345,0.18400881
1.335,0.18098021
1.3355,0.15751674
1.336,0.17198224
1.3365,0.18465905
1.337,0.2404991
1.3375,0.26718918
1.338,0.17809823
1.3385,0.03490885
1.339,-0.11710322
1.3395,-0.30842578
1.34,-0.4338877
1.3405,-0.43267893
1.341,-0.48911442
1.3415,-0.46085153
1.342,-0.36521489
1.3425,-0.41656879
1.343,-0.32511459
1.3435,-0.30464353
1.344,-0.24140227
1.3445,-0.1549727
1.345,-0.09090357
1.3455,0.023919
1.346,-0.09547505
1.3465,-0.11735813
1.347,-0.22403532
1.3475,-0.17756131
1.348,-0.26558243
1.3485,-0.19654071
1.349,-0.06141294
1.3495,0.04504586
1.35,0.18979692
1.3505,0.19522146
1.351,0.29540826
1.3515,0.38880284
1.352,0.39887291
1.3525,0.45011102
1.353,0.55845357
1.3535,0.51147561
1.354,0.34148347
1.3545,0.21267971
1.355,0.16282782
1.3555,0.0664017
1.356,0.07015123
1.3565,0.14571953
1.357,0.14731855
1.3575,0.11235516
1.358,0.11279526
1.3585,0.06776332
1.359,0.06422319
1.3595,0.09422742
1.36,0.08232644
1.3605,0.04260562
1.361,0.01262839
1.3615,-0.1070428
1.362,-0.31976822
1.3625,-0.4938994
1.363,-0.58911411
1.3635,-0.53301665
1.364,-0.48896565
1.3645,-0.38496513
1.365,-0.2611348
1.3655,-0.36406382
1.366,-0.24281881
1.3665,-0.20982886
1.367,-0.11403348
1.3675,-0.0400786
1.368,-0.00967234
1.3685,0.0490287
1.369,0.0184152
1.3695,-0.03415222
1.37,-0.12493314
1.3705,-0.12909421
1.371,-0.16283044
1.3715,-0.06024291
1.372,0.03992602
1.3725,0.24926469
1.373,0.33007317
1.3735,0.33425544
1.374,0.37806838
1.3745,0.37041358
1.375,0.47957023
1.3755,0.49322473
1.376,0.52194693
1.3765,0.41024712
1.377,0.25974135
1.3775,0.10588253
1.378,0.0458664
1.3785,-0.02449497
1.379,-0.09451735
1.3795,0.00963107
1.38,0.06880484
1.3805,0.06959511
1.381,0.14378108
1.3815,0.03727263
1.382,-0.05224317
1.3825,-0.09640259
1.383,-0.04844854
1.3835,-0.12053333
1.384,-0.17926253
1.3845,-0.323737
1.385,-0.48823235
1.3855,-0.50109888
1.386,-0.53479354
1.3865,-0.58526154
1.387,-0.36874395
1.3875,-0.25600792
1.388,-0.20943642
1.3885,-0.12433286
1.389,-0.074917
1.3895,-0.03515901
1.39,0.00399823
1.3905,0.05080304
1.391,0.12531171
1.3915,0.13954776
1.392,0.02752995
1.3925,-0.07593976
1.393,-0.07644842
1.3935,-0.06708626
1.394,0.01712553
1.3945,0.09406356
1.395,0.25390733
1.3955,0.42501223
1.396,0.44734124
1.3965,0.41690119
1.397,0.37821707
1.3975,0.42495802
1.398,0.39629107
1.3985,0.42332279
1.399,0.33711539
1.3995,0.2621462
1.4,0.06014621
1.4005,-0.05720238
1.401,-0.18932566
1.4015,-0.16533027
1.402,-0.13177857
1.4025,-0.13429037
1.403,-0.01499204
1.4035,0.00477738
1.404,-0.07499185
1.4045,-0.13713017
1.405,-0.17643242
1.4055,-0.16571812
1.406,-0.21009043
1.4065,-0.22572633
1.407,-0.25432046
1.4075,-0.3827045
1.408,-0.50343763
1.4085,-0.55879734
1.409,-0.56286453
1.4095,-0.35677852
1.41,-0.27923719
1.4105,-0.07969494
1.411,0.031426
1.4115,-0.05652659
1.412,-0.00120812
1.4125,0.09124185
1.413,0.12378474
1.4135,0.13186563
1.414,0.26898888
1.4145,0.11464003
1.415,0.15493908
1.4155,0.01613673
1.416,0.02858592
1.4165,0.07113562
1.417,0.19133869
1.4175,0.29602554
1.418,0.39950579
1.4185,0.48288845
1.419,0.50255016
1.4195,0.4308692
1.42,0.3536026
1.4205,0.43437844
1.421,0.3096064
1.4215,0.26181766
1.422,0.16285274
1.4225,0.03818826
1.423,-0.11356476
1.4235,-0.23535472
1.424,-0.24599142
1.4245,-0.23935625
1.425,-0.09765279
1.4255,-0.13602125
1.426,-0.05560279
1.4265,-0.06498801
1.427,-0.16678575
1.4275,-0.17575359
1.428,-0.20277547
1.4285,-0.21401819
1.429,-0.31597459
1.4295,-0.32867873
1.43,-0.32559897
1.4305,-0.46842955
1.431,-0.53272861
1.4315,-0.46493927
1.432,-0.36073253
1.4325,-0.24191379
1.433,-0.05554254
1.4335,0.07282412
1.434,0.08100435
1.4345,0.19866131
1.435,0.15070591
1.4355,0.11726233
1.436,0.21167396
1.4365,0.25948944
1.437,0.28158905
1.4375,0.26286692
1.438,0.15697271
1.4385,0.09701944
1.439,0.09910806
1.4395,0.10987757
1.44,0.21712066
1.4405,0.37026516
1.441,0.43765545
1.4415,0.48588572
1.442,0.43392017
1.4425,0.35033772
1.443,0.30154768
1.4435,0.16684976
1.444,0.13315545
1.4445,0.08556443
1.445,-0.02814373
1.4455,-0.09428154
1.446,-0.32302942
1.4465,-0.3493427
1.447,-0.30906714
1.4475,-0.27297898
1.448,-0.2122777
1.4485,-0.14299512
1.449,-0.03878168
1.4495,-0.09880672
1.45,-0.18130568
1.4505,-0.24570853
1.451,-0.2886778
1.4515,-0.2938401
1.452,-0.26596746
1.4525,-0.32801856
1.453,-0.40384906
1.4535,-0.41709703
1.454,-0.36804151
1.4545,-0.35976031
1.455,-0.16186739
1.4555,-0.01418791
1.456,0.17804742
1.4565,0.24125808
1.457,0.31469472
1.4575,0.30767509
1.458,0.28873202
1.4585,0.20144768
1.459,0.21850448
1.4595,0.29780528
1.46,0.24202042
1.4605,0.24780361
1.461,0.09687947
1.4615,0.10009283
1.462,0.1139346
1.4625,0.17947942
1.463,0.29072132
1.4635,0.37430841
1.464,0.46023945
1.4645,0.35787078
1.465,0.34562956
1.4655,0.14674506
1.466,0.15811603
1.4665,0.03046973
1.467,-0.0888224
1.4675,-0.11026335
1.468,-0.14143734
1.4685,-0.30196052
1.469,-0.36885692
1.4695,-0.45355607
1.47,-0.35554782
1.4705,-0.23856957
1.471,-0.1866213
1.4715,-0.08083899
1.472,-0.09168701
1.4725,-0.18420035
1.473,-0.20061973
1.4735,-0.29990451
1.474,-0.27259402
1.4745,-0.31088518
1.475,-0.27081989
1.4755,-0.31228343
1.476,-0.28503496
1.4765,-0.27373481
1.477,-0.21971892
1.4775,-0.09996504
1.478,-0.00585245
1.4785,0.23372997
1.479,0.31185192
1.4795,0.42054681
1.48,0.41760472
1.4805,0.34719211
1.481,0.24862282
1.4815,0.20649782
1.482,0.20305619
1.4825,0.25301939
1.483,0.29820392
1.4835,0.18767542
1.484,0.20030652
1.4845,0.11894978
1.485,0.17129427
1.4855,0.21423489
1.486,0.28143052
1.4865,0.29627362
1.487,0.29126344
1.4875,0.2825361
1.488,0.22982051
1.4885,0.05449354
1.489,-0.12864427
1.4895,-0.24183896
1.49,-0.21485578
1.4905,-0.27830957
1.491,-0.350359
1.4915,-0.42382006
1.492,-0.40325011
1.4925,-0.36257951
1.493,-0.33826319
1.4935,-0.16546332
1.494,-0.09956251
1.4945,-0.07785206
1.495,-0.07115712
1.4955,-0.14596362
1.496,-0.2204895
1.4965,-0.29269979
1.497,-0.26994846
1.4975,-0.23730065
1.498,-0.19093954
1.4985,-0.1714129
1.499,-0.07624272
1.4995,-0.12909865
1.5,-0.07156251
1.5005,0.11813676
1.501,0.21034621
1.5015,0.38960958
1.502,0.52358686
1.5025,0.42605298
1.503,0.45263126
1.5035,0.36602579
1.504,0.24368379
1.5045,0.19877103
1.505,0.23631623
1.5055,0.1259089
1.506,0.11690523
1.5065,0.10456273
1.507,0.10893554
1.5075,0.11247103
1.508,0.06927824
1.5085,0.16239799
1.509,0.25429277
1.5095,0.25583619
1.51,0.25145541
1.5105,0.06457231
1.511,-0.02401679
1.5115,-0.21408198
1.512,-0.31249835
1.5125,-0.37860936
1.513,-0.39611987
1.5135,-0.39374185
1.514,-0.38497616
1.5145,-0.44780359
1.515,-0.38371039
1.5155,-0.33091569
1.516,-0.28117995
1.5165,-0.1786041
1.517,-0.03678987
1.5175,0.00458928
1.518,-0.01417777
1.5185,-0.10063091
1.519,-0.24347343
1.5195,-0.1852498
1.52,-0.1751756
1.5205,-0.08533657
1.521,-0.05654044
1.5215,-0.03683383
1.522,0.06829867
1.5225,0.09998431
1.523,0.10393192
1.5235,0.27889364
1.524,0.39679936
1.5245,0.49969124
1.525,0.6534933
1.5255,0.53080553
1.526,0.40424657
1.5265,0.29861358
1.527,0.21450668
1.5275,0.13160528
1.528,0.12955437
1.5285,0.16431766
1.529,0.10463862
1.5295,0.09790996
1.53,0.07668444
1.5305,0.03661169
1.531,0.05778902
1.5315,0.10669572
1.532,0.13383008
1.5325,0.10436192
1.533,0.04225094
1.5335,-0.10766746
1.534,-0.2516778
1.5345,-0.37036515
1.535,-0.49812425
1.5355,-0.44119636
1.536,-0.4210526
1.5365,-0.50698561
1.537,-0.48705131
1.5375,-0.31720092
1.538,-0.37298961
1.5385,-0.27480318
1.539,-0.16688024
1.5395,-0.09779002
1.54,0.0983217
1.5405,0.06935775
1.541,0.002353
1.5415,0.00167108
1.542,-0.13692871
1.5425,-0.07527327
1.543,-0.1549168
1.5435,-0.0134753
1.544,0.00978869
1.5445,0.14476304
1.545,0.17483064
1.5455,0.21043388
1.546,0.24995889
1.5465,0.49724471
1.547,0.52029405
1.5475,0.57000444
1.548,0.49079293
1.5485,0.50880345
1.549,0.31204548
1.5495,0.12523123
1.55,0.02663544
1.5505,-0.025345
1.551,-0.00840929
1.5515,0.03462911
1.552,0.03816111
1.5525,-0.02685355
1.553,-0.07523116
1.5535,-0.0054601
1.554,-0.00628083
1.5545,0.01129329
1.555,-0.00118606
1.5555,-0.11301946
1.556,-0.15205468
1.5565,-0.28446061
1.557,-0.33184303
1.5575,-0.49608407
1.558,-0.54727276
1.5585,-0.51994405
1.559,-0.42583242
1.5595,-0.37477685
1.56,-0.2859625
1.5605,-0.24571005
1.561,-0.22196104
1.5615,-0.14832093
1.562,0.01285954
1.5625,0.11230683
1.563,0.19348559
1.5635,0.16846103
1.564,0.12703859
1.5645,-0.01684694
1.565,-0.07975656
1.5655,-0.10746231
1.566,0.05557316
1.5665,0.16319069
1.567,0.3222614
1.5675,0.2759223
1.568,0.34456029
1.5685,0.36881533
1.569,0.3782593
1.5695,0.5020144
1.57,0.55166549
1.5705,0.5576386
1.571,0.4154987
1.5715,0.24850575
1.572,0.10923549
1.5725,0.00113316
1.573,-0.01437914
1.5735,-0.09569313
1.574,-0.06277463
1.5745,-0.04995842
1.575,0.00289775
1.5755,-0.07840724
1.576,-0.0691847
1.5765,-0.08505447
1.577,-0.09271051
1.5775,-0.13667669
1.578,-0.16007514
1.5785,-0.18904838
1.579,-0.24117157
1.5795,-0.41504614
1.58,-0.52809615
1.5805,-0.50292074
1.581,-0.5173573
1.5815,-0.44284402
1.582,-0.30242037
1.5825,-0.22922481
1.583,-0.13766945
1.5835,-0.04520593
1.584,-0.04073986
1.5845,0.15957741
1.585,0.25557624
1.5855,0.14800484
1.586,0.28606162
1.5865,0.18612047
1.587,0.13536082
1.5875,0.10212425
1.588,-0.00621683
1.5885,0.02036618
1.589,0.0948584
1.5895,0.20547512
1.59,0.32846431
1.5905,0.38580863
1.591,0.3828217
1.5915,0.38664193
1.592,0.37995497
1.5925,0.39883248
1.593,0.37199536
1.5935,0.32070139
1.594,0.21767571
1.5945,0.10339797
1.595,-0.08833986
1.5955,-0.16097679
1.596,-0.22371565
1.5965,-0.23350241
1.597,-0.18022991
1.5975,-0.12047211
1.598,-0.17626981
1.5985,-0.14585355
1.599,-0.21841309
1.5995,-0.14312954
1.6,-0.2132207
1.6005,-0.12088791
1.601,-0.12843004
1.6015,-0.16111572
1.602,-0.40005289
1.6025,-0.45441105
1.603,-0.50466814
1.6035,-0.51495302
1.604,-0.42183245
1.6045,-0.26889318
1.605,-0.13536371
1.6055,-0.07258907
1.606,0.0005762
1.6065,0.01940509
1.607,0.10727527
1.6075,0.2554493
1.608,0.25858075
1.6085,0.34772143
1.609,0.34694708
1.6095,0.25560366
1.61,0.15632924
1.6105,0.05325627
1.611,0.09254654
1.6115,0.05695393
1.612,0.24377659
1.6125,0.29265863
1.613,0.36079098
1.6135,0.41189425
1.614,0.35722383
1.6145,0.33029175
1.615,0.3447099
1.6155,0.27676064
1.616,0.20168447
1.6165,0.11774611
1.617,0.05457854
1.6175,-0.09731443
1.618,-0.23792505
1.6185,-0.36872922
1.619,-0.30701432
1.6195,-0.28683913
1.62,-0.23765853
1.6205,-0.08506027
1.621,-0.13609954
1.6215,-0.13649019
1.622,-0.20245313
1.6225,-0.22826028
1.623,-0.25240023
1.6235,-0.1873251
1.624,-0.24296159
1.6245,-0.30910955
1.625,-0.38506911
1.6255,-0.45070432
1.626,-0.50568767
1.6265,-0.35110302
1.627,-0.25661453
1.6275,-0.06340577
1.628,0.11635938
1.6285,0.1143129
1.629,0.21118152
1.6295,0.22112783
1.63,0.2070984
1.6305,0.27962763
1.631,0.33375072
1.6315,0.36169945
1.632,0.33722813
1.6325,0.27544361
1.633,0.2111151
1.6335,0.09353377
1.634,0.15766985
1.6345,0.17659848
1.635,0.30334385
1.6355,0.37584925
1.636,0.37987639
1.6365,0.36834871
1.637,0.29143427
1.6375,0.23561549
1.638,0.14069291
1.6385,0.12431427
1.639,0.0875221
1.6395,-0.01891311
1.64,-0.18389692
1.6405,-0.30904949
1.641,-0.37099198
1.6415,-0.40242828
1.642,-0.37021239
1.6425,-0.30551891
1.643,-0.2414979
1.6435,-0.13188959
1.644,-0.13971221
1.6445,-0.13543246
1.645,-0.19783599
1.6455,-0.23871254
1.646,-0.18239973
1.6465,-0.23814559
1.647,-0.19072025
1.6475,-0.2576156
1.648,-0.29653994
1.6485,-0.37766074
1.649,-0.30494078
1.6495,-0.19420248
1.65,-0.03475727
1.6505,0.18685332
1.651,0.24328068
1.6515,0.33918617
1.652,0.29327217
1.6525,0.33200598
1.653,0.40547342
1.6535,0.34586461
1.654,0.38619322
1.6545,0.32820258
1.655,0.25320826
1.6555,0.16779749
1.656,0.1373414
1.6565,0.0488222
1.657,0.05063372
1.6575,0.17552384
1.658,0.31172298
1.6585,0.29848105
1.659,0.31612215
1.6595,0.26678292
1.66,0.13573179
1.6605,0.05051115
1.661,0.05351314
1.6615,-0.07013315
1.662,-0.10623932
1.6625,-0.2317768
1.663,-0.34114237
1.6635,-0.49007141
1.664,-0.5323344
1.6645,-0.50612444
1.665,-0.41880226
1.6655,-0.21036117
1.666,-0.17021268
1.6665,-0.08201638
1.667,-0.18761048
1.6675,-0.11945229
1.668,-0.18113655
1.6685,-0.16303329
1.669,-0.14295835
1.6695,-0.13786829
1.67,-0.17402382
1.6705,-0.18017464
1.671,-0.19633589
1.6715,-0.17872177
1.672,-0.12608314
1.6725,0.04593303
1.673,0.20757049
1.6735,0.40411385
1.674,0.4258332
1.6745,0.49542679
1.675,0.42620858
1.6755,0.39173993
1.676,0.31361371
1.6765,0.29852733
1.677,0.34398819
1.6775,0.3177359
1.678,0.17254096
1.6785,0.09563117
1.679,0.0554754
1.6795,0.01419058
1.68,0.1206602
1.6805,0.16044889
1.681,0.26417552
1.6815,0.28575846
1.682,0.22971944
1.6825,0.08227395
1.683,-0.03794177
1.6835,-0.11108768
1.684,-0.23003971
1.6845,-0.22684348
1.685,-0.31322441
1.6855,-0.33832134
1.686,-0.44840748
1.6865,-0.46124494
1.687,-0.52074845
1.6875,-0.46843663
1.688,-0.26862433
1.6885,-0.18203208
1.689,-0.0908456
1.6895,-0.02095408
1.69,-0.03391888
1.6905,-0.0871263
1.691,-0.12317227
1.6915,-0.15481584
1.692,-0.07499108
1.6925,-0.05486928
1.693,-0.08346824
1.6935,-0.10550836
1.694,-0.08161875
1.6945,-0.02476814
1.695,0.16721219
1.6955,0.19437995
1.696,0.39927512
1.6965,0.49662075
1.697,0.43306939
1.6975,0.46123846
1.698,0.43610275
1.6985,0.3432221
1.699,0.31205993
1.6995,0.19582924
1.7,0.16588335
1.7005,0.1478234
1.701,0.04310861
1.7015,0.00891689
1.702,-0.03173129
1.7025,-0.04145933
1.703,0.05804637
1.7035,0.11341503
1.704,0.16306437
1.7045,0.1405569
1.705,0.02798587
1.7055,-0.01511412
1.706,-0.25775658
1.7065,-0.28498364
1.707,-0.3361837
1.7075,-0.3661706
1.708,-0.42514889
1.7085,-0.42609887
1.709,-0.48944347
1.7095,-0.51464629
1.71,-0.41893337
1.7105,-0.27558335
1.711,-0.21193086
1.7115,0.0089936
1.712,0.02160606
1.7125,0.10670202
1.713,0.02309907
1.7135,-0.04911136
1.714,-0.10673008
1.7145,-0.05122709
1.715,-0.0232067
1.7155,0.02409412
1.716,0.02195975
1.7165,0.08441904
1.717,0.10261035
1.7175,0.18288993
1.718,0.15674123
1.7185,0.33607814
1.719,0.50174838
1.7195,0.53197086
1.72,0.55640686
1.7205,0.44798107
1.721,0.31459457
1.7215,0.1678124
1.722,0.11111629
1.7225,0.12537978
1.723,0.04085635
1.7235,0.0017718
1.724,0.02531867
1.7245,-0.09713109
1.725,-0.1609788
1.7255,-0.08732138
1.726,-0.0064829
1.7265,0.08412391
1.727,0.01063861
1.7275,0.01015308
1.728,-0.09272133
1.7285,-0.23676211
1.729,-0.29769498
1.7295,-0.43562648
1.73,-0.353186
1.7305,-0.46158619
1.731,-0.41089906
1.7315,-0.43842454
1.732,-0.39481169
1.7325,-0.31789494
1.733,-0.38120873
1.7335,-0.12462538
1.734,0.01255352
1.7345,0.11659303
1.735,0.15764063
1.7355,0.17550036
1.736,0.11224601
1.7365,-0.0050153
1.737,-0.01540447
1.7375,0.0144968
1.738,0.05669657
1.7385,0.1140055
1.739,0.17409412
1.7395,0.1653752
1.74,0.17684653
1.7405,0.23480001
1.741,0.33860745
1.7415,0.45137662
1.742,0.58490112
1.7425,0.54102752
1.743,0.49483722
1.7435,0.35453251
1.744,0.20183394
1.7445,0.07871794
1.745,0.02140039
1.7455,-0.00334187
1.746,-0.03498539
1.7465,-0.14566981
1.747,-0.15122704
1.7475,-0.19463243
1.748,-0.21992242
1.7485,-0.20149574
1.749,-0.08947567
1.7495,-0.01500149
1.75,-0.03236203
1.7505,-0.09577834
1.751,-0.2256048
1.7515,-0.37367011
1.752,-0.41054595
1.7525,-0.44938099
1.753,-0.50102909
1.7535,-0.37188808
1.754,-0.33949964
1.7545,-0.30298388
1.755,-0.27193711
1.7555,-0.18141823
1.756,-0.09852047
1.7565,0.07951409
1.757,0.1648904
1.7575,0.2772951
1.758,0.26412589
1.7585,0.22850071
1.759,0.12906164
1.7595,0.03510816
1.76,0.01792162
1.7605,0.08922506
1.761,0.22950947
1.7615,0.21741095
1.762,0.28016425
1.7625,0.20844296
1.763,0.29785445
1.7635,0.38407046
1.764,0.36330558
1.7645,0.49092853
1.765,0.52716451
1.7655,0.46781707
1.766,0.30131316
1.7665,0.15965307
1.767,-0.05209826
1.7675,-0.09375695
1.768,-0.18412725
1.7685,-0.15649849
1.769,-0.11531132
1.7695,-0.15412091
1.77,-0.22334589
1.7705,-0.2063237
1.771,-0.26260613
1.7715,-0.15382836
1.772,-0.15204713
1.7725,-0.03450259
1.773,-0.11309978
1.7735,-0.15874221
1.774,-0.28005541
1.7745,-0.40780236
1.775,-0.4763737
1.7755,-0.42131895
1.776,-0.34474604
1.7765,-0.29810172
1.777,-0.24549572
1.7775,-0.19113792
1.778,-0.11494154
1.7785,-0.02021874
1.779,0.07256214
1.7795,0.24765521
1.78,0.35946579
1.7805,0.31301174
1.781,0.34553061
1.7815,0.20484748
1.782,0.12884126
1.7825,0.11954646
1.783,0.14074677
1.7835,0.16182156
1.784,0.1917216
1.7845,0.23464553
1.785,0.28623464
1.7855,0.39868189
1.786,0.30135134
1.7865,0.35648336
1.787,0.33136372
1.7875,0.40954141
1.788,0.37761079
1.7885,0.29438819
1.789,0.07623157
1.7895,-0.18246737
1.79,-0.22899056
1.7905,-0.30025745
1.791,-0.30109177
1.7915,-0.27402942
1.792,-0.20358296
1.7925,-0.24033931
1.793,-0.29907088
1.7935,-0.26032982
1.794,-0.20916015
1.7945,-0.21496512
1.795,-0.13374261
1.7955,-0.12655983
1.796,-0.156973
1.7965,-0.18246663
1.797,-0.39640039
1.7975,-0.41893014
1.798,-0.38685833
1.7985,-0.33443331
1.799,-0.28484169
1.7995,-0.19380061
1.8,0.00010653
1.8005,0.04699839
1.801,0.13577265
1.8015,0.12013735
1.802,0.3270001
1.8025,0.34726976
1.803,0.4063978
1.8035,0.41490888
1.804,0.3400193
1.8045,0.22391259
1.805,0.15832244
1.8055,0.06431894
1.806,0.14989832
1.8065,0.19708259
1.807,0.31281457
1.8075,0.35843423
1.808,0.35742868
1.8085,0.27980943
1.809,0.31150807
1.8095,0.23044976
1.81,0.30103133
1.8105,0.21735505
1.811,0.13181147
1.8115,0.00084533
1.812,-0.09529305
1.8125,-0.27365176
1.813,-0.420967
1.8135,-0.47188581
1.814,-0.36339056
1.8145,-0.28650102
1.815,-0.25064151
1.8155,-0.22346229
1.816,-0.27740662
1.8165,-0.17240106
1.817,-0.29274085
1.8175,-0.19640894
1.818,-0.12436752
1.8185,-0.10600039
1.819,-0.15817056
1.8195,-0.261019
1.82,-0.28331191
1.8205,-0.4023118
1.821,-0.37005132
1.8215,-0.24266235
1.822,-0.04596992
1.8225,0.05854657
1.823,0.22135298
1.8235,0.21993998
1.824,0.27058498
1.8245,0.29263978
1.825,0.38949809
1.8255,0.45651597
1.826,0.41132132
1.8265,0.42120678
1.827,0.32630392
1.8275,0.13997322
1.828,0.13392018
1.8285,0.10145435
1.829,0.06402889
1.8295,0.12961059
1.83,0.29300062
1.8305,0.31440047
1.831,0.25283476
1.8315,0.1971297
1.832,0.14374786
1.8325,0.18603172
1.833,0.1503634
1.8335,0.07363027
1.834,-0.05861343
1.8345,-0.16695982
1.835,-0.30572408
1.8355,-0.38556287
1.836,-0.51292674
1.8365,-0.48596287
1.837,-0.3873253
1.8375,-0.31071706
1.838,-0.24676465
1.8385,-0.18936426
1.839,-0.21962943
1.8395,-0.19389168
1.84,-0.08898852
1.8405,-0.16320963
1.841,-0.06118583
1.8415,-0.13161516
1.842,-0.13256992
1.8425,-0.19949005
1.843,-0.2423389
1.8435,-0.31624709
1.844,-0.14424174
1.8445,0.00225475
1.845,0.16898237
1.8455,0.28426335
1.846,0.26990594
1.8465,0.37356156
1.847,0.37399181
1.8475,0.33865168
1.848,0.3845416
1.8485,0.41934278
1.849,0.38543231
1.8495,0.34658935
1.85,0.27095555
1.8505,0.05199714
1.851,0.03287244
1.8515,0.00681974
1.852,0.06701244
1.8525,0.1875794
1.853,0.25434437
1.8535,0.21798697
1.854,0.19682833
1.8545,0.16634391
1.855,0.03699241
1.8555,-0.00739698
1.856,-0.05182011
1.8565,-0.11507563
1.857,-0.22564968
1.8575,-0.37913297
1.858,-0.4522308
1.8585,-0.546164
1.859,-0.55036175
1.8595,-0.46904915
1.86,-0.33236969
1.8605,-0.22725024
1.861,-0.16136817
1.8615,-0.09913981
1.862,-0.18737849
1.8625,-0.13185733
1.863,-0.11118165
1.8635,-0.08764825
1.864,-0.04658655
1.8645,-0.0356462
1.865,-0.13096364
1.8655,-0.13118458
1.866,-0.16932032
1.8665,-0.12702555
1.867,0.03488184
1.8675,0.22210707
1.868,0.34635461
1.8685,0.46374167
1.869,0.4846339
1.8695,0.47963065
1.87,0.44750676
1.8705,0.41131737
1.871,0.43991994
1.8715,0.30808549
1.872,0.29949522
1.8725,0.15275995
1.873,0.06389231
1.8735,0.05118227
1.874,-0.10668229
1.8745,-0.07172969
1.875,0.01291023
1.8755,0.05772193
1.876,0.11153005
1.8765,0.17277383
1.877,-0.03075236
1.8775,-0.02724123
1.878,-0.2042802
1.8785,-0.20036311
1.879,-0.25085698
1.8795,-0.20034084
1.88,-0.32741917
1.8805,-0.46754176
1.881,-0.51538778
1.8815,-0.53968196
1.882,-0.55243532
1.8825,-0.42015617
1.883,-0.17894288
1.8835,-0.08704086
1.884,-0.04572624
1.8845,0.02033526
1.885,-0.0197895
1.8855,-0.00986397
1.886,-0.05412252
1.8865,0.05288501
1.887,0.01618981
1.8875,0.01954797
1.888,0.02214519
1.8885,0.00105511
1.889,0.05216125
1.8895,0.10575042
1.89,0.24311394
1.8905,0.37743201
1.891,0.40720404
1.8915,0.52820929
1.892,0.51268214
1.8925,0.46527854
1.893,0.40942509
1.8935,0.31407248
1.894,0.30518023
1.8945,0.24604936
1.895,0.17033106
1.8955,0.11375022
1.896,-0.10857269
1.8965,-0.08595119
1.897,-0.11607279
1.8975,-0.12066409
1.898,-0.01891942
1.8985,0.1164893
1.899,0.09486257
1.8995,-0.00528696
1.9,-0.11429837
1.9005,-0.16662252
1.901,-0.24255309
1.9015,-0.30198148
1.902,-0.32056534
1.9025,-0.37522373
1.903,-0.43430836
1.9035,-0.49090236
1.904,-0.48792268
1.9045,-0.50160915
1.905,-0.34172607
1.9055,-0.1527764
1.906,-0.05260619
1.9065,0.11157755
1.907,0.17413374
1.9075,0.16228049
1.908,0.12718901
1.9085,0.06418946
1.909,0.06310942
1.9095,0.08839733
1.91,0.15849605
1.9105,0.14391456
1.911,0.0710489
1.9115,0.11086679
1.912,0.05014754
1.9125,0.19664708
1.913,0.30062607
1.9135,0.42353407
1.914,0.56326392
1.9145,0.57443267
1.915,0.41140917
1.9155,0.38056474
1.916,0.20997419
1.9165,0.08964119
1.917,0.10187023
1.9175,0.11070438
1.918,0.01503981
1.9185,-0.10736852
1.919,-0.20613165
1.9195,-0.34102591
1.92,-0.25104306
1.9205,-0.16737382
1.921,-0.03763606
1.9215,-0.05644872
1.922,-0.02745609
1.9225,-0.06074347
1.923,-0.20968567
1.9235,-0.28472619
1.924,-0.3704405
1.9245,-0.38374773
1.925,-0.34690878
1.9255,-0.392759
1.926,-0.38319552
1.9265,-0.37726165
1.927,-0.37892122
1.9275,-0.28598689
1.928,-0.18024776
1.9285,-0.01625741
1.929,0.20301857
1.9295,0.26379025
1.93,0.25527094
1.9305,0.23537828
1.931,0.14812966
1.9315,0.08352886
1.932,0.13918073
1.9325,0.19711385
1.933,0.1660716
1.9335,0.25548623
1.934,0.18159107
1.9345,0.18318654
1.935,0.13441005
1.9355,0.27035612
1.936,0.45463752
1.9365,0.52513445
1.937,0.47978546
1.9375,0.44724336
1.938,0.23898047
1.9385,0.17837912
1.939,0.03240713
1.9395,-0.01806675
1.94,-0.05818264
1.9405,-0.0160948
1.941,-0.20007976
1.9415,-0.21961411
1.942,-0.32963688
1.9425,-0.27932477
1.943,-0.27093524
1.9435,-0.18568255
1.944,-0.16423499
1.9445,0.02048464
1.945,-0.08743137
1.9455,-0.1687578
1.946,-0.29428951
1.9465,-0.37294542
1.947,-0.39499465
1.9475,-0.35511337
1.948,-0.4429336
1.9485,-0.37689378
1.949,-0.258671
1.9495,-0.24597404
1.95,-0.22671077
1.9505,-0.04779244
1.951,0.08954148
1.9515,0.23017579
1.952,0.3220882
1.9525,0.38593949
1.953,0.33178418
1.9535,0.25550924
1.954,0.24336114
1.9545,0.17318529
1.955,0.17722871
1.9555,0.22864176
1.956,0.1456445
1.9565,0.20083357
1.957,0.22223626
1.9575,0.14685978
1.958,0.29668203
1.9585,0.33652725
1.959,0.44925634
1.9595,0.46942049
1.96,0.33414716
1.9605,0.26167147
1.961,0.14370188
1.9615,-0.07776021
1.962,-0.14829102
1.9625,-0.18245487
1.963,-0.27338811
1.9635,-0.26800445
1.964,-0.2983559
1.9645,-0.3096015
1.965,-0.38869932
1.9655,-0.30003026
1.966,-0.26777861
1.9665,-0.15647142
1.967,-0.09918623
1.9675,-0.05697839
1.968,-0.08102437
1.9685,-0.17550233
1.969,-0.33435743
1.9695,-0.41050388
1.97,-0.4013937
1.9705,-0.34244329
1.971,-0.28054126
1.9715,-0.22135196
1.972,-0.14455814
1.9725,-0.11927408
1.973,0.00620828
1.9735,0.12952215
1.974,0.22440584
1.9745,0.34445166
1.975,0.45753642
1.9755,0.42089268
1.976,0.33021001
1.9765,0.27266864
1.977,0.24266307
1.9775,0.20756904
1.978,0.1300609
1.9785,0.20957329
1.979,0.17610629
1.9795,0.26370244
1.98,0.2335897
1.9805,0.19911853
1.981,0.21573859
1.9815,0.23974901
1.982,0.33342752
1.9825,0.31787834
1.983,0.25894503
1.9835,0.06388829
1.984,-0.04217118
1.9845,-0.21849984
1.985,-0.35963987
1.9855,-0.34731526
1.986,-0.37130391
1.9865,-0.33503325
1.987,-0.38329545
1.9875,-0.32282805
1.988,-0.34250223
1.9885,-0.27292489
1.989,-0.21535926
1.9895,-0.17997809
1.99,-0.05623404
1.9905,-0.08011433
1.991,-0.15674474
1.9915,-0.26738777
1.992,-0.31951616
1.9925,-0.38074216
1.993,-0.32943198
1.9935,-0.16940323
1.994,-0.14561072
1.9945,-0.04948503
1.995,0.02284518
1.9955,0.09741607
1.996,0.20848798
1.9965,0.30835427
1.997,0.4244039
1.9975,0.52229177
1.998,0.48845495
1.9985,0.36329366
1.999,0.30844499
1.9995,0.19573191
2.0,0.19810868
2.0005,0.1358655
2.001,0.10142871
2.0015,0.20120068
2.002,0.18269646
2.0025,0.22269593
2.003,0.18952933
2.0035,0.10023594
2.004,0.20811205
2.0045,0.20467362
2.005,0.16041196
2.0055,0.13241697
2.006,0.03017145
2.0065,-0.15019219
2.007,-0.2663708
2.0075,-0.42453162
2.008,-0.48078188
2.0085,-0.45819442
2.009,-0.39390925
2.0095,-0.39527807
2.01,-0.33903537
2.0105,-0.30978859
2.011,-0.33797524
2.0115,-0.22569073
2.012,-0.11860242
2.0125,-0.06608927
2.013,0.00835823
2.0135,-0.0390881
2.014,-0.13366758
2.0145,-0.15877769
2.015,-0.25683402
2.0155,-0.23736285
2.016,-0.10925789
2.0165,-0.05636294
2.017,0.04418329
2.0175,0.12445353
2.018,0.22317121
2.0185,0.26949823
2.019,0.39487502
2.0195,0.38265163
2.02,0.481825
2.0205,0.50250129
2.021,0.50450438
2.0215,0.36834295
2.022,0.23643442
2.0225,0.07998414
2.023,0.06165651
2.0235,0.07726209
2.024,0.07250012
2.0245,0.06485321
2.025,0.109411
2.0255,0.07958306
2.026,0.05351349
2.0265,0.04235984
2.027,0.05449458
2.0275,0.07809225
2.028,0.03664294
2.0285,-0.00739372
2.029,-0.14732524
2.0295,-0.33002347
2.03,-0.35741272
2.0305,-0.56358988
2.031,-0.51744545
2.0315,-0.43016717
2.032,-0.3339015
2.0325,-0.23824068
2.033,-0.31114335
2.0335,-0.2110013
2.034,-0.14483414
2.0345,-0.09129084
2.035,-0.0598723
2.0355,0.04066671
2.036,-0.00618991
2.0365,-0.02788626
2.037,-0.044943
2.0375,-0.17810214
2.038,-0.19008973
2.0385,-0.11176925
2.039,0.04867172
2.0395,0.12653009
2.04,0.30508985
2.0405,0.39961991
2.041,0.36268639
2.0415,0.3729205
2.042,0.31678064
2.0425,0.50432626
2.043,0.47926363
2.0435,0.45547557
2.044,0.34653467
2.0445,0.30098071
2.045,0.12443395
2.0455,0.02997001
2.046,-0.10194336
2.0465,-0.02664194
2.047,-0.01212738
2.0475,0.06180641
2.048,0.04631589
2.0485,0.00777117
2.049,0.00409788
2.0495,-0.07101271
2.05,-0.04003851
2.0505,-0.05322836
2.051,-0.1163577
2.0515,-0.18180006
2.052,-0.28514997
2.0525,-0.44585246
2.053,-0.5849686
2.0535,-0.52524022
2.054,-0.46955479
2.0545,-0.39180743
2.055,-0.2068987
2.0555,-0.22206046
2.056,-0.15151162
2.0565,-0.11425977
2.057,-0.0215356
2.0575,-0.01936414
2.058,0.00321266
2.0585,0.12988338
2.059,0.09958284
2.0595,0.06986753
2.06,-0.02152127
2.0605,-0.03898694
2.061,-0.00143945
2.0615,0.05900131
2.062,0.22441312
2.0625,0.33813886
2.063,0.34577763
2.0635,0.31323258
2.064,0.38819796
2.0645,0.41563847
2.065,0.38983552
2.0655,0.44458939
2.066,0.40109016
2.0665,0.2950219
2.067,0.14764967
2.0675,0.03740015
2.068,-0.09241919
2.0685,-0.1400096
2.069,-0.14158486
2.0695,-0.05045601
2.07,-0.00075925
2.0705,0.01836875
2.071,0.05482533
2.0715,-0.08208644
2.072,-0.13928447
2.0725,-0.15285163
2.073,-0.22708586
2.0735,-0.18392641
2.074,-0.21760296
2.0745,-0.33195176
2.075,-0.48848252
2.0755,-0.51829122
2.076,-0.4810697
2.0765,-0.50352999
2.077,-0.38578509
2.0775,-0.1951076
2.078,-0.06311643
2.0785,-0.07875557
2.079,0.02806395
2.0795,0.09197619
2.08,0.02563629
2.0805,0.08716935
2.081,0.10991566
2.0815,0.14997122
2.082,0.17869035
2.0825,0.11666122
2.083,0.0837534
2.0835,0.00511112
2.084,0.08066778
2.0845,0.19633278
2.085,0.263685
2.0855,0.44343624
2.086,0.42591532
2.0865,0.51670236
2.087,0.38277016
2.0875,0.35064787
2.088,0.33629941
2.0885,0.27910305
2.089,0.22000427
2.0895,0.20608778
2.09,0.00528153
2.0905,-0.1704394
2.091,-0.22400829
2.0915,-0.32968859
2.092,-0.16002206
2.0925,-0.18925123
2.093,-0.08577703
2.0935,-0.06283207
2.094,0.01260425
2.0945,-0.09192649
2.095,-0.14346388
2.0955,-0.24974619
2.096,-0.29833612
2.0965,-0.32089352
2.097,-0.34935467
2.0975,-0.33849281
2.098,-0.4386547
2.0985,-0.50470357
2.099,-0.45345495
2.0995,-0.41169798
2.1,-0.19620407
2.1005,-0.00623481
2.101,0.1388219
2.1015,0.20538533
2.102,0.15094137
2.1025,0.20890782
2.103,0.15368188
2.1035,0.22193526
2.104,0.21257547
2.1045,0.2310595
2.105,0.22320584
2.1055,0.16280481
2.106,0.05649263
2.1065,0.03187484
2.107,0.1101807
2.1075,0.27395947
2.108,0.39527028
2.1085,0.39387956
2.109,0.46995912
2.1095,0.36841457
2.11,0.26803875
2.1105,0.25833353
2.111,0.21026558
2.1115,0.14154533
2.112,0.12424292
2.1125,-0.01653072
2.113,-0.2270883
2.1135,-0.26925267
2.114,-0.38979737
2.1145,-0.31588359
2.115,-0.26764277
2.1155,-0.23219816
2.116,-0.10307804
2.1165,-0.10529864
2.117,-0.15198192
2.1175,-0.17142531
2.118,-0.26748875
2.1185,-0.21662587
2.119,-0.32674801
2.1195,-0.24273278
2.12,-0.28480535
2.1205,-0.30398945
2.121,-0.39443965
2.1215,-0.34493046
2.122,-0.31384607
2.1225,-0.15207351
2.123,0.01300723
2.1235,0.23671105
2.124,0.28983605
2.1245,0.34790533
2.125,0.31327162
2.1255,0.28635834
2.126,0.21226319
2.1265,0.21026642
2.127,0.30256614
2.1275,0.30891238
2.128,0.16945528
2.1285,0.16890789
2.129,0.03925058
2.1295,0.1269008
2.13,0.16831497
2.1305,0.31543536
2.131,0.43679269
2.1315,0.40873613
2.132,0.33382712
2.1325,0.30334077
2.133,0.14738325
2.1335,0.03420303
2.134,-0.03825837
2.1345,-0.03300245
2.135,-0.0873265
2.1355,-0.21333394
2.136,-0.28887605
2.1365,-0.37581251
2.137,-0.42935338
2.1375,-0.31140253
2.138,-0.27479598
2.1385,-0.17592775
2.139,-0.07125678
2.1395,-0.04992537
2.14,-0.14007254
2.1405,-0.26432898
2.141,-0.33931796
2.1415,-0.31256577
2.142,-0.28028252
2.1425,-0.28534916
2.143,-0.26106609
2.1435,-0.28007724
2.144,-0.20353153
2.1445,-0.21773947
2.145,-0.11556547
2.1455,0.09348446
2.146,0.17544459
2.1465,0.38903636
2.147,0.45569647
2.1475,0.38713294
2.148,0.35316761
2.1485,0.27670367
2.149,0.19571893
2.1495,0.26166622
2.15,0.21369855
2.1505,0.22055615
2.151,0.19836351
2.1515,0.1537161
2.152,0.13340878
2.1525,0.18290617
2.153,0.19576992
2.1535,0.27783103
2.154,0.34960207
2.1545,0.32360639
2.155,0.19316844
2.1555,0.12778525
2.156,-0.00241512
2.1565,-0.18095413
2.157,-0.24904459
2.1575,-0.23804473
2.158,-0.25937708
2.1585,-0.34067874
2.159,-0.36186279
2.1595,-0.42007307
2.16,-0.37932004
2.1605,-0.3946234
2.161,-0.23120366
2.1615,-0.09897085
2.162,-0.01250886
2.1625,-0.01845319
2.163,-0.11308603
2.1635,-0.17745471
2.164,-0.16202778
2.1645,-0.24835469
2.165,-0.24345988
2.1655,-0.13609322
2.166,-0.11037287
2.1665,-0.05520813
2.167,-0.11107226
2.1675,-0.01795014
2.168,0.12722046
2.1685,0.23615287
2.169,0.47096412
2.1695,0.55636119
2.17,0.51582149
2.1705,0.46898801
2.171,0.34529485
2.1715,0.24147238
2.172,0.25004192
2.1725,0.20886673
2.173,0.17702318
2.1735,0.25162234
2.174,0.09197376
2.1745,0.02467567
2.175,0.08096396
2.1755,0.07593487
2.176,0.14637439
2.1765,0.25925057
2.177,0.25543273
2.1775,0.14633189
2.178,0.12262663
2.1785,-0.0995352
2.179,-0.25817068
2.1795,-0.37584332
2.18,-0.40307852
2.1805,-0.37514067
2.181,-0.37141595
2.1815,-0.43234655
2.182,-0.43992074
2.1825,-0.40248973
2.183,-0.24488878
2.1835,-0.32501268
2.184,-0.10094864
2.1845,-0.10052674
2.185,0.02978813
2.1855,-0.11179264
2.186,-0.06297725
2.1865,-0.19655546
2.187,-0.16528812
2.1875,-0.27631989
2.188,-0.12474966
2.1885,0.02231113
2.189,0.01860819
2.1895,0.01328906
2.19,0.12517992
2.1905,0.22151188
2.191,0.29576609
2.1915,0.42764193
2.192,0.48015461
2.1925,0.59533999
2.193,0.43689573
2.1935,0.41760517
2.194,0.29129546
2.1945,0.18211654
2.195,0.13734042
2.1955,0.06227554
2.196,0.12973854
2.1965,0.07107392
2.197,0.04691417
2.1975,0.06885884
2.198,0.05367227
2.1985,0.09469813
2.199,0.0453278
2.1995,0.12315249
2.2,0.15158638
2.2005,-0.00468275
2.201,-0.14446733
2.2015,-0.23176546
2.202,-0.39663713
2.2025,-0.49828595
2.203,-0.47269125
2.2035,-0.42222692
2.204,-0.37828693
2.2045,-0.34936113
2.205,-0.3847722
2.2055,-0.38829602
2.206,-0.20538349
2.2065,-0.11447258
2.207,-0.02068885
2.2075,0.0202559
2.208,0.10190816
2.2085,0.02370375
2.209,-0.09882237
2.2095,-0.17068919
2.21,-0.13900632
2.2105,-0.07727227
2.211,0.00497237
2.2115,0.17355995
2.212,0.08485777
2.2125,0.22311887
2.213,0.19541297
2.2135,0.25601103
2.214,0.38575697
2.2145,0.52983339
2.215,0.57978525
2.2155,0.48464208
2.216,0.33211405
2.2165,0.25559099
2.217,0.14576864
2.2175,-0.00943941
2.218,0.0297191
2.2185,0.04972436
2.219,0.02757449
2.2195,-0.05691934
2.22,-0.04782287
2.2205,-0.03310334
2.221,0.00462125
2.2215,0.02745744
2.222,0.05944755
2.2225,0.04253084
2.223,0.03686128
2.2235,-0.11705544
2.224,-0.2934916
2.2245,-0.43418367
2.225,-0.48674267
2.2255,-0.51861268
2.226,-0.44868413
2.2265,-0.38401753
2.227,-0.32089564
2.2275,-0.355709
2.228,-0.2671613
2.2285,-0.1768247
2.229,-0.09776966
2.2295,0.09745063
2.23,0.10479632
2.2305,0.12623089
2.231,0.10992143
2.2315,0.00332082
2.232,0.01181396
2.2325,-0.01666424
2.233,-0.11174591
2.2335,0.0008248
2.234,0.20499107
2.2345,0.23190126
2.235,0.25571703
2.2355,0.32422979
2.236,0.35152867
2.2365,0.4285703
2.237,0.4467333
2.2375,0.55161032
2.238,0.50692131
2.2385,0.39102483
2.239,0.27695906
2.2395,0.15063663
2.24,-0.02723366
2.2405,-0.08484635
2.241,-0.13208587
2.2415,-0.05804324
2.242,-0.05237948
2.2425,-0.05909016
2.243,-0.01387122
2.2435,-0.13050262
2.244,-0.09993573
2.2445,-0.12367489
2.245,-0.06709315
2.2455,-0.06357308
2.246,-0.13938609
2.2465,-0.29275985
2.247,-0.36733674
2.2475,-0.54464648
2.248,-0.53675679
2.2485,-0.50428849
2.249,-0.37624174
2.2495,-0.2567187
2.25,-0.18388654
2.2505,-0.08937998
2.251,-0.05554239
2.2515,-0.00597743
2.252,0.1280623
2.2525,0.1263399
2.253,0.17233077
2.2535,0.2533606
2.254,0.1314555
2.2545,0.11382429
2.255,-0.00752563
2.2555,0.03236369
2.256,0.06535044
2.2565,0.16913714
2.257,0.20710025
2.2575,0.39752231
2.258,0.31739286
2.2585,0.39538061
2.259,0.41728453
2.2595,0.40139923
2.26,0.40596671
2.2605,0.44606161
2.261,0.35099646
2.2615,0.20150054
2.262,0.0771204
2.2625,-0.15105881
2.263,-0.20524356
2.2635,-0.22948394
2.264,-0.23616241
2.2645,-0.17185397
2.265,-0.11217322
2.2655,-0.12500188
2.266,-0.04480005
2.2665,-0.16625005
2.267,-0.1696472
2.2675,-0.19994263
2.268,-0.12546814
2.2685,-0.20825604
2.269,-0.27617837
2.2695,-0.28680145
2.27,-0.43695042
2.2705,-0.4618485
2.271,-0.50723056
2.2715,-0.42835152
2.272,-0.27413674
2.2725,-0.13482087
2.273,0.00442942
2.2735,0.10231443
2.274,0.10819474
2.2745,0.1087389
2.275,0.20259195
2.2755,0.24750728
2.276,0.32684101
2.2765,0.26733986
2.277,0.23078801
2.2775,0.1339254
2.278,0.0623082
2.2785,0.11182596
2.279,0.12497804
2.2795,0.20760476
2.28,0.34020584
2.2805,0.35748894
2.281,0.41490809
2.2815,0.34416924
2.282,0.3345321
2.2825,0.2696235
2.283,0.30879464
2.2835,0.25508593
2.284,0.12828071
2.2845,0.02169866
2.285,-0.1097655
2.2855,-0.35696257
2.286,-0.3265888
2.2865,-0.33540356
2.287,-0.32774555
2.2875,-0.20161061
2.288,-0.10136831
2.2885,-0.19765667
2.289,-0.20255643
2.2895,-0.21910331
2.29,-0.20381081
2.2905,-0.23243496
2.291,-0.19837953
2.2915,-0.18498808
2.292,-0.25339303
2.2925,-0.3180279
2.293,-0.40684837
2.2935,-0.40401275
2.294,-0.32399051
2.2945,-0.21937387
2.295,-0.02791015
2.2955,0.15218354
2.296,0.1324984
2.2965,0.23479152
2.297,0.24254942
2.2975,0.25257134
2.298,0.32504905
2.2985,0.30843097
2.299,0.29343479
2.2995,0.28653035
2.3,0.1459725
2.3005,0.13472096
2.301,0.08885156
2.3015,0.11175464
2.302,0.18142721
2.3025,0.19830563
2.303,0.37689139
2.3035,0.38853088
2.304,0.36446205
2.3045,0.28663952
2.305,0.19052749
2.3055,0.23948324
2.306,0.09670471
2.3065,0.0350482
2.307,-0.07455398
2.3075,-0.14313559
2.308,-0.37930746
2.3085,-0.41218144
2.309,-0.43460087
2.3095,-0.36551512
2.31,-0.25242137
2.3105,-0.14483352
2.311,-0.08486693
2.3115,-0.08913544
2.312,-0.20000056
2.3125,-0.17711937
2.313,-0.13006102
2.3135,-0.19921976
2.314,-0.14424838
2.3145,-0.20170411
2.315,-0.24553924
2.3155,-0.34248462
2.316,-0.31871243
2.3165,-0.25495353
2.317,-0.16537641
2.3175,-0.05272488
2.318,0.20189009
2.3185,0.31871074
2.319,0.29835551
2.3195,0.30024063
2.32,0.38072079
2.3205,0.377709
2.321,0.31557154
2.3215,0.31468633
2.322,0.28763878
2.3225,0.31875331
2.323,0.17853873
2.3235,0.04646549
2.324,0.05212973
2.3245,0.14631877
2.325,0.23181533
2.3255,0.29317258
2.326,0.28441732
2.3265,0.34457133
2.327,0.26252965
2.3275,0.13132759
2.328,0.04419583
2.3285,-0.00472249
2.329,-0.13850183
2.3295,-0.18357576
2.33,-0.23376561
2.3305,-0.34180185
2.331,-0.46310957
2.3315,-0.44528227
2.332,-0.39339429
2.3325,-0.35505079
2.333,-0.21743203
2.3335,-0.10626337
2.334,-0.10087286
2.3345,-0.10413068
2.335,-0.15015314
2.3355,-0.15933995
2.336,-0.1815263
2.3365,-0.22500768
2.337,-0.10967504
2.3375,-0.14448477
2.338,-0.15403599
2.3385,-0.19057191
2.339,-0.11435004
2.3395,-0.08054953
2.34,0.0581029
2.3405,0.2227619
2.341,0.33582483
2.3415,0.4600308
2.342,0.47511442
2.3425,0.37824882
2.343,0.39168964
2.3435,0.33077373
2.344,0.29195043
2.3445,0.30486196
2.345,0.2454353
2.3455,0.1840046
2.346,0.08580865
2.3465,0.00758665
2.347,-0.02608059
2.3475,0.0982764
2.348,0.23320384
2.3485,0.19010426
2.349,0.28952709
2.3495,0.16993555
2.35,0.12118683
2.3505,-0.06736205
2.351,-0.11330995
2.3515,-0.20445058
2.352,-0.24678207
2.3525,-0.26987592
2.353,-0.41862384
2.3535,-0.44907344
2.354,-0.46860408
2.3545,-0.54046012
2.355,-0.45547225
2.3555,-0.27953485
2.356,-0.09694724
2.3565,-0.03212627
2.357,-0.0196758
2.3575,-0.09008155
2.358,-0.06160986
2.3585,-0.11288199
2.359,-0.0856057
2.3595,-0.07582133
2.36,-6.494e-05
2.3605,-0.03599684
2.361,-0.06585099
2.3615,-0.08886502
2.362,-0.040262
2.3625,0.13135221
2.363,0.25526429
2.3635,0.40137686
2.364,0.44943974
2.3645,0.46136324
2.365,0.44420893
2.3655,0.41154277
2.366,0.32888712
2.3665,0.24871269
2.367,0.20462654
2.3675,0.15256737
2.368,0.11349085
2.3685,0.10655566
2.369,-0.00901542
2.3695,-0.07650246
2.37,0.00504141
2.3705,0.09094622
2.371,0.09083984
2.3715,0.14060312
2.372,0.12613182
2.3725,0.04793792
2.373,-0.05461049
2.3735,-0.25105871
2.374,-0.32455333
2.3745,-0.33272188
2.375,-0.41409609
2.3755,-0.42144119
2.376,-0.46124596
2.3765,-0.40594468
2.377,-0.48074213
2.3775,-0.37265553
2.378,-0.28623118
2.3785,-0.17086308
2.379,0.02359781
2.3795,0.05870815
2.38,0.05994744
2.3805,0.00692785
2.381,-0.10405524
2.3815,-0.05859081
2.382,-0.11110251
2.3825,0.0023731
2.383,-0.06238721
2.3835,0.03384358
2.384,0.07409954
2.3845,0.11572923
2.385,0.09991739
2.3855,0.25025095
2.386,0.39789045
2.3865,0.42574188
2.387,0.55488375
2.3875,0.47961237
2.388,0.38988162
2.3885,0.31522792
2.389,0.16537275
2.3895,0.13812502
2.39,0.03047619
2.3905,0.04056517
2.391,0.0206223
2.3915,-0.10275923
2.392,-0.08376373
2.3925,-0.1282877
2.393,-0.06287541
2.3935,-0.02795025
2.394,0.03590676
2.3945,0.09884477
2.395,0.01322858
2.3955,-0.11821315
2.396,-0.31671943
2.3965,-0.32104214
2.397,-0.40600609
2.3975,-0.46403834
2.398,-0.34006405
2.3985,-0.36965668
2.399,-0.41084205
2.3995,-0.37149423
2.4,-0.32587292
2.4005,-0.26178818
2.401,-0.03636796
2.4015,-0.00094647
2.402,0.15915286
2.4025,0.18456929
2.403,0.08022279
2.4035,0.08702926
2.404,0.04075924
2.4045,0.0163574
2.405,0.08215602
2.4055,0.10606041
2.406,0.11983691
2.4065,0.19349953
2.407,0.17077632
2.4075,0.16531964
2.408,0.2271021
2.4085,0.3539911
2.409,0.45326635
2.4095,0.53072755
2.41,0.50155355
2.4105,0.37296483
2.411,0.29133682
2.4115,0.16323203
2.412,-0.00868601
2.4125,0.03919336
2.413,-0.01433027
2.4135,-0.07357918
2.414,-0.05962143
2.4145,-0.14884827
2.415,-0.23778529
2.4155,-0.13175804
2.416,-0.11169458
2.4165,-0.15321108
2.417,-0.00879962
2.4175,-0.06382254
2.418,-0.09506045
2.4185,-0.22587002
2.419,-0.31942626
2.4195,-0.43988725
2.42,-0.47251869
2.4205,-0.39061113
2.421,-0.33811458
2.4215,-0.33354393
2.422,-0.32473852
2.4225,-0.21779803
2.423,-0.21804617
2.4235,-0.11437456
2.424,0.08760797
2.4245,0.26104147
2.425,0.21607396
2.4255,0.24518876
2.426,0.18987607
2.4265,0.12972976
2.427,0.09016066
2.4275,0.0480994
2.428,0.08733579
2.4285,0.09019384
2.429,0.25934995
2.4295,0.22344276
2.43,0.27828049
2.4305,0.2413424
2.431,0.34736529
2.4315,0.40862316
2.432,0.44768734
2.4325,0.46868092
2.433,0.35230693
2.4335,0.23760335
2.434,0.09522996
2.4345,-0.04404982
2.435,-0.16573677
2.4355,-0.16946027
2.436,-0.10831549
2.4365,-0.16088099
2.437,-0.18458407
2.4375,-0.17300898
2.438,-0.21819482
2.4385,-0.18500307
2.439,-0.20435694
2.4395,-0.16943165
2.44,-0.08196845
2.4405,-0.11720058
2.441,-0.19306305
2.4415,-0.30540226
2.442,-0.39687495
2.4425,-0.48584832
2.443,-0.43007234
2.4435,-0.35192206
2.444,-0.32484713
2.4445,-0.21344212
2.445,-0.0913514
2.4455,-0.05547365
2.446,0.02511475
2.4465,0.08454189
2.447,0.20468779
2.4475,0.29560043
2.448,0.33063901
2.4485,0.31707812
2.449,0.17926434
2.4495,0.10368757
2.45,0.08136711
2.4505,0.10086459
2.451,0.13012415
2.4515,0.21608378
2.452,0.30240296
2.4525,0.26799591
2.453,0.31470042
2.4535,0.29018121
2.454,0.24089563
2.4545,0.34426854
2.455,0.39866211
2.4555,0.32352592
2.456,0.22290128
2.4565,0.10727289
2.457,-0.12146625
2.4575,-0.29784135
2.458,-0.29852909
2.4585,-0.20064707
2.459,-0.32573323
2.4595,-0.23826737
2.46,-0.25933062
2.4605,-0.17890037
2.461,-0.29723205
2.4615,-0.23460695
2.462,-0.15469537
2.4625,-0.14759959
2.463,-0.06119469
2.4635,-0.17254379
2.464,-0.23860546
2.4645,-0.35951867
2.465,-0.41656154
2.4655,-0.45354753
2.466,-0.31513747
2.4665,-0.20442085
2.467,-0.14108038
2.4675,0.02605141
2.468,0.08158928
2.4685,0.12998799
2.469,0.14067366
2.4695,0.22797397
2.47,0.36992843
2.4705,0.42704533
2.471,0.37378001
2.4715,0.2830237
2.472,0.23367757
2.4725,0.15575242
2.473,0.10635737
2.4735,0.18683654
2.474,0.06622617
2.4745,0.22181119
2.475,0.28950207
2.4755,0.296656
2.476,0.2292231
2.4765,0.17480922
2.477,0.21884039
2.4775,0.23016535
2.478,0.17977556
2.4785,0.16822952
2.479,0.03406518
2.4795,-0.1270347
2.48,-0.30513921
2.4805,-0.38952112
2.481,-0.39817803
2.4815,-0.40234993
2.482,-0.36186709
2.4825,-0.20757831
2.483,-0.20192922
2.4835,-0.24167666
2.484,-0.22646015
2.4845,-0.26104659
2.485,-0.18701044
2.4855,-0.12917462
2.486,-0.11366905
2.4865,-0.14794987
2.487,-0.23734711
2.4875,-0.31940269
2.488,-0.36033532
2.4885,-0.28494367
2.489,-0.1778179
2.4895,0.02701643
2.49,0.14101701
2.4905,0.18758926
2.491,0.21172127
2.4915,0.19514752
2.492,0.31636775
2.4925,0.31718272
2.493,0.37727695
2.4935,0.37510357
2.494,0.3571111
2.4945,0.27750923
2.495,0.22079506
2.4955,0.13020299
2.496,0.09633053
2.4965,0.11744355
2.497,0.15164421
2.4975,0.25601716
2.498,0.26757999
2.4985,0.25673727
2.499,0.22002352
2.4995,0.13551517
2.5,0.16928573
2.5005,0.08174795
2.501,-0.00648936
2.5015,-0.05789143
2.502,-0.14555694
2.5025,-0.33402862
2.503,-0.50523882
2.5035,-0.50353286
2.504,-0.48307436
2.5045,-0.37378207
2.505,-0.26094864
2.5055,-0.20927424
2.506,-0.20725997
2.5065,-0.18195507
2.507,-0.17224488
2.5075,-0.13151733
2.508,-0.1461268
2.5085,-0.1207573
2.509,-0.04174439
2.5095,-0.126581
2.51,-0.22797213
2.5105,-0.23949129
2.511,-0.22826139
2.5115,-0.15763754
2.512,-0.00179106
2.5125,0.12983076
2.513,0.27855751
2.5135,0.25509003
2.514,0.33259949
2.5145,0.36820005
2.515,0.36034701
2.5155,0.37069808
2.516,0.45124487
2.5165,0.32063219
2.517,0.25505217
2.5175,0.17553737
2.518,0.09534538
2.5185,0.05501629
2.519,0.04226757
2.5195,0.11347728
2.52,0.17946273
2.5205,0.19338174
2.521,0.18520499
2.5215,0.15567348
2.522,0.07546001
2.5225,-0.00549982
2.523,0.00582835
2.5235,-0.07171992
2.524,-0.14785494
2.5245,-0.24097268
2.525,-0.39172031
2.5255,-0.43128061
2.526,-0.55531288
2.5265,-0.55698508
2.527,-0.42962095
2.5275,-0.30101585
2.528,-0.23836953
2.5285,-0.16523375
2.529,-0.10243192
2.5295,-0.12045102
2.53,-0.11940081
2.5305,-0.07547428
2.531,-0.04921131
2.5315,-0.02702279
2.532,-0.07231521
2.5325,-0.06935827
2.533,-0.14561886
2.5335,-0.14924095
2.534,-0.10084676
2.5345,0.02651948
2.535,0.25327999
2.5355,0.38486491
2.536,0.47647918
2.5365,0.47603636
2.537,0.42744314
2.5375,0.39689975
2.538,0.38952758
2.5385,0.33005013
2.539,0.313441
2.5395,0.31029994
2.54,0.15805801
2.5405,0.02037281
2.541,-0.06377629
2.5415,-0.11815734
2.542,0.03380682
2.5425,0.01076439
2.543,0.09543103
2.5435,0.21153032
2.544,0.12240592
2.5445,-0.00709673
2.545,-0.04854405
2.5455,-0.12688824
2.546,-0.1830353
2.5465,-0.2552991
2.547,-0.25806436
2.5475,-0.3330731
2.548,-0.54718674
2.5485,-0.47437216
2.549,-0.55459193
2.5495,-0.43569586
2.55,-0.31076924
2.5505,-0.17560039
2.551,-0.05229554
2.5515,0.02769622
2.552,0.0234946
2.5525,0.0353128
2.553,-0.06743852
2.5535,-0.04217424
2.554,0.02465947
2.5545,0.03513785
2.555,0.0036265
2.5555,-0.01368935
2.556,-0.01804637
2.5565,-0.00286021
2.557,0.12012064
2.5575,0.18046491
2.558,0.35029211
2.5585,0.41029361
2.559,0.49454368
2.5595,0.41755035
2.56,0.39564584
2.5605,0.31369951
2.561,0.25571592
2.5615,0.20363138
2.562,0.20366018
2.5625,0.15746638
2.563,0.03954428
2.5635,-0.1295164
2.564,-0.05764547
2.5645,-0.23111
2.565,-0.07812345
2.5655,0.03050566
2.566,0.04102545
2.5665,0.08982778
2.567,-0.05382697
2.5675,-0.05994097
2.568,-0.20165829
2.5685,-0.19709869
2.569,-0.33262561
2.5695,-0.28835646
2.57,-0.33192982
2.5705,-0.46607978
2.571,-0.45326916
2.5715,-0.46336392
2.572,-0.4017127
2.5725,-0.366892
2.573,-0.11837716
2.5735,-0.04435919
2.574,0.09834855
2.5745,0.14878563
2.575,0.08624854
2.5755,0.08998608
2.576,0.01801883
2.5765,0.06651666
2.577,0.14436588
2.5775,0.09274368
2.578,0.06589106
2.5785,0.10603912
2.579,0.04610658
2.5795,0.15292041
2.58,0.18321086
2.5805,0.31356216
2.581,0.45727865
2.5815,0.49540923
2.582,0.42075777
2.5825,0.39072221
2.583,0.27253542
2.5835,0.1586356
2.584,0.10428363
2.5845,0.07368199
2.585,0.12626731
2.5855,-0.09720762
2.586,-0.12895745
2.5865,-0.20130856
2.587,-0.227113
2.5875,-0.26560522
2.588,-0.18966935
2.5885,-0.04524223
2.589,-0.00100856
2.5895,0.02612636
2.59,-0.15549087
2.5905,-0.23164946
2.591,-0.30749196
2.5915,-0.42332415
2.592,-0.38120441
2.5925,-0.36613549
2.593,-0.41670197
2.5935,-0.34498247
2.594,-0.3243592
2.5945,-0.36970457
2.595,-0.2820538
2.5955,-0.0822146
2.596,0.0018189
2.5965,0.15896857
2.597,0.24832084
2.5975,0.22239448
2.598,0.09044749
2.5985,0.08435945
2.599,0.10864551
2.5995,0.11730878
2.6,0.10373983
2.6005,0.23102813
2.601,0.19993458
2.6015,0.13679002
2.602,0.12117974
2.6025,0.12844423
2.603,0.29927152
2.6035,0.35944971
2.604,0.46280396
2.6045,0.47528543
2.605,0.42886931
2.6055,0.2910199
2.606,0.11313296
2.6065,0.13485685
2.607,-0.03109031
2.6075,-0.06686304
2.608,-0.1434318
2.6085,-0.22686545
2.609,-0.22718724
2.6095,-0.29435982
2.61,-0.26470924
2.6105,-0.25222044
2.611,-0.11539714
2.6115,-0.04038919
2.612,-0.08288521
2.6125,-0.0656694
2.613,-0.23924419
2.6135,-0.2775641
2.614,-0.32932836
2.6145,-0.31614418
2.615,-0.38275756
2.6155,-0.32655425
2.616,-0.20365475
2.6165,-0.24310522
2.617,-0.20659566
2.6175,-0.18459732
2.618,-0.08527546
2.6185,0.04455805
2.619,0.20009399
2.6195,0.30708925
2.62,0.31770949
2.6205,0.27339765
2.621,0.2123088
2.6215,0.19457117
2.622,0.09605611
2.6225,0.18127759
2.623,0.09186393
2.6235,0.17550913
2.624,0.20754314
2.6245,0.22623521
2.625,0.19343521
2.6255,0.24619704
2.626,0.34734481
2.6265,0.40747465
2.627,0.39081516
2.6275,0.35528803
2.628,0.27632736
2.6285,0.12215902
2.629,-0.087925
2.6295,-0.21118906
2.63,-0.17708033
2.6305,-0.20443043
2.631,-0.22831825
2.6315,-0.25588792
2.632,-0.26579244
2.6325,-0.23145273
2.633,-0.30828147
2.6335,-0.25595421
2.634,-0.14372993
2.6345,-0.10126249
2.635,-0.10191607
2.6355,-0.15213613
2.636,-0.20967154
2.6365,-0.30285838
2.637,-0.30975387
2.6375,-0.34839819
2.638,-0.31359717
2.6385,-0.23875337
2.639,-0.12311444
2.6395,-0.12687286
2.64,-0.08506175
2.6405,0.02131542
2.641,0.12158182
2.6415,0.2474714
2.642,0.37090305
2.6425,0.42121001
2.643,0.36728552
2.6435,0.27980935
2.644,0.22617881
2.6445,0.12294481
2.645,0.11640818
2.6455,0.12671375
2.646,0.13954986
2.6465,0.19149094
2.647,0.27025079
2.6475,0.17863955
2.648,0.23617246
2.6485,0.16862397
2.649,0.29087558
2.6495,0.25136966
2.65,0.2233979
2.6505,0.14809988
2.651,0.05943009
2.6515,-0.13215746
2.652,-0.29784311
2.6525,-0.24135371
2.653,-0.34598009
2.6535,-0.33524083
2.654,-0.32195899
2.6545,-0.28861965
2.655,-0.31000204
2.6555,-0.30571763
2.656,-0.24015521
2.6565,-0.22039198
2.657,-0.12932857
2.6575,-0.0497445
2.658,-0.08618788
2.6585,-0.13969335
2.659,-0.22580292
2.6595,-0.31475168
2.66,-0.27072085
2.6605,-0.25493084
2.661,-0.1470936
2.6615,-0.05269607
2.662,-0.00313535
2.6625,0.05407623
2.663,0.11264298
2.6635,0.18625404
2.664,0.24968835
2.6645,0.36847507
2.665,0.442206
2.6655,0.43483461
2.666,0.43785778
2.6665,0.33096248
2.667,0.1512235
2.6675,0.08266202
2.668,0.12301331
2.6685,0.1283615
2.669,0.19506422
2.6695,0.19996151
2.67,0.20796337
2.6705,0.15780242
2.671,0.12545079
2.6715,0.09102582
2.672,0.19326414
2.6725,0.15597365
2.673,0.17245304
2.6735,0.0025145
2.674,-0.16311577
2.6745,-0.29512148
2.675,-0.37942989
2.6755,-0.4418739
2.676,-0.45288235
2.6765,-0.36611839
2.677,-0.27945948
2.6775,-0.3381818
2.678,-0.34128932
2.6785,-0.24608006
2.679,-0.15187917
2.6795,-0.16330808
2.68,-0.03512513
2.6805,0.02705348
2.681,-0.03969797
2.6815,-0.09233876
2.682,-0.21399412
2.6825,-0.30255034
2.683,-0.22778048
2.6835,-0.0732565
2.684,0.02005662
2.6845,0.09158767
2.685,0.19810846
2.6855,0.20624043
2.686,0.27079941
2.6865,0.32452541
2.687,0.42538181
2.6875,0.36194574
2.688,0.47426224
2.6885,0.36448474
2.689,0.33726454
2.6895,0.20042942
2.69,0.10450753
2.6905,-0.03508958
2.691,0.00399035
2.6915,0.1096638
2.692,0.10838398
2.6925,0.12469662
2.693,0.11610774
2.6935,0.05743757
2.694,0.01394079
2.6945,0.05936665
2.695,0.01349902
2.6955,0.03681513
2.696,-0.03551852
2.6965,-0.1474217
2.697,-0.27716641
2.6975,-0.44104272
2.698,-0.50389483
2.6985,-0.47024926
2.699,-0.39729195
2.6995,-0.3990248
2.7,-0.29354146
2.7005,-0.20565085
2.701,-0.21914438
2.7015,-0.14409865
2.702,-0.13799659
2.7025,-0.04390208
2.703,0.00869544
2.7035,0.07841627
2.704,0.01246532
2.7045,-0.0476406
2.705,-0.1369663
2.7055,-0.16438043
2.706,-0.06303112
2.7065,0.02115951
2.707,0.15375217
2.7075,0.27101862
2.708,0.31643524
2.7085,0.44292758
2.709,0.30208926
2.7095,0.4045744
2.71,0.45128412
2.7105,0.40444129
2.711,0.42038961
2.7115,0.29812783
2.712,0.20028545
2.7125,0.06375662
2.713,-0.05272992
2.7135,-0.10845143
2.714,-0.03883093
2.7145,-0.00759421
2.715,0.06743361
2.7155,0.08630508
2.716,-0.00394675
2.7165,-0.03611322
2.717,-0.12035017
2.7175,-0.03313473
2.718,-0.03247934
2.7185,-0.12889387
2.719,-0.19445278
2.7195,-0.32821151
2.72,-0.45710637
2.7205,-0.40777412
2.721,-0.51255837
2.7215,-0.45984781
2.722,-0.33272525
2.7225,-0.17086656
2.723,-0.12482874
2.7235,-0.06805645
2.724,-0.10354751
2.7245,-0.05255796
2.725,0.01045771
2.7255,0.04818276
2.726,0.1162849
2.7265,0.04780016
2.727,0.09344007
2.7275,0.03643367
2.728,-0.05500055
2.7285,-0.04800557
2.729,0.05190466
2.7295,0.15531938
2.73,0.28891236
2.7305,0.4062564
2.731,0.44128943
2.7315,0.37517345
2.732,0.48184072
2.7325,0.36184864
2.733,0.39818215
2.7335,0.34703237
2.734,0.20915974
2.7345,0.16483684
2.735,0.02019928
2.7355,-0.04320151
2.736,-0.12108109
2.7365,-0.16162709
2.737,-0.07674292
2.7375,-2.898e-05
2.738,0.04250755
2.7385,-0.06273165
2.739,-0.11114945
2.7395,-0.00982782
2.74,-0.14543608
2.7405,-0.20343934
2.741,-0.20018391
2.7415,-0.24744858
2.742,-0.29250445
2.7425,-0.40168114
2.743,-0.46801005
2.7435,-0.51656203
2.744,-0.38416122
2.7445,-0.27555695
2.745,-0.11511395
2.7455,-0.0474091
2.746,-0.02551998
2.7465,0.09014556
2.747,0.0233838
2.7475,0.08298159
2.748,0.13969233
2.7485,0.08984874
2.749,0.19769519
2.7495,0.22453911
2.75,0.05907041
2.7505,0.03873402
2.751,0.00331017
2.7515,0.05818704
2.752,0.15082995
2.7525,0.35629075
2.753,0.34942602
2.7535,0.43898215
2.754,0.44658607
2.7545,0.42153298
2.755,0.28577145
2.7555,0.25965003
2.756,0.23849546
2.7565,0.28582225
2.757,0.10179775
2.7575,-0.01662839
2.758,-0.12256982
2.7585,-0.16820145
2.759,-0.26033421
2.7595,-0.26033947
2.76,-0.1363674
2.7605,-0.09725287
2.761,-0.05792386
2.7615,-0.0862135
2.762,-0.09131394
2.7625,-0.16423594
2.763,-0.18981481
2.7635,-0.26943605
2.764,-0.24378901
2.7645,-0.28925044
2.765,-0.3468432
2.7655,-0.38692526
2.766,-0.52618919
2.7665,-0.40332229
2.767,-0.35488567
2.7675,-0.16038173
2.768,0.03031799
2.7685,0.18023817
2.769,0.12700783
2.7695,0.18378961
2.77,0.19524697
2.7705,0.16136323
2.771,0.12475059
2.7715,0.18094698
2.772,0.24420679
2.7725,0.21721371
2.773,0.09665407
2.7735,0.03662225
2.774,0.09868589
2.7745,0.15838288
2.775,0.27232888
2.7755,0.34723001
2.776,0.44326686
2.7765,0.40310486
2.777,0.43329378
2.7775,0.34208002
2.778,0.19569541
2.7785,0.12105919
2.779,0.04929636
2.7795,0.00053978
2.78,-0.06054732
2.7805,-0.1691315
2.781,-0.28002761
2.7815,-0.32473726
2.782,-0.2995024
2.7825,-0.25165013
2.783,-0.14402444
2.7835,-0.07685669
2.784,-0.08921427
2.7845,-0.10744832
2.785,-0.13936523
2.7855,-0.20293786
2.786,-0.32542175
2.7865,-0.326988
2.787,-0.28960011
2.7875,-0.27865615
2.788,-0.33123898
2.7885,-0.29140101
2.789,-0.35524953
2.7895,-0.2677229
2.79,-0.10110951
2.7905,0.01179639
2.791,0.21388713
2.7915,0.28351449
2.792,0.33479349
2.7925,0.31265924
2.793,0.17867224
2.7935,0.20734241
2.794,0.17684962
2.7945,0.25283008
2.795,0.1991009
2.7955,0.17447051
2.796,0.14652607
2.7965,0.13271947
2.797,0.1319499
2.7975,0.23300017
2.798,0.32213216
2.7985,0.42061052
2.799,0.39066892
2.7995,0.40533493
2.8,0.24178331
2.8005,0.15128929
2.801,0.01040225
2.8015,-0.08947638
2.802,-0.06521891
2.8025,-0.13260368
2.803,-0.22865245
2.8035,-0.32014886
2.804,-0.37120925
2.8045,-0.44710261
2.805,-0.32233923
2.8055,-0.23736239
2.806,-0.20045029
2.8065,-0.1195655
2.807,-0.06001013
2.8075,-0.04819329
2.808,-0.20944374
2.8085,-0.23769574
2.809,-0.25379138
2.8095,-0.30787021
2.81,-0.24815711
2.8105,-0.23377134
2.811,-0.23365055
2.8115,-0.20182622
2.812,-0.19581898
2.8125,-0.07613834
2.813,0.11476876
2.8135,0.26897737
2.814,0.32061326
2.8145,0.37549399
2.815,0.37659319
2.8155,0.35142016
2.816,0.28092871
2.8165,0.18092732
2.817,0.22133343
2.8175,0.19284034
2.818,0.23140769
2.8185,0.18541307
2.819,0.12017909
2.8195,0.08789092
2.82,0.13929843
2.8205,0.17120861
2.821,0.30520049
2.8215,0.3245269
2.822,0.27362247
2.8225,0.22305684
2.823,0.08298827
2.8235,-0.03830201
2.824,-0.15173767
2.8245,-0.19211026
2.825,-0.21455424
2.8255,-0.27381225
2.826,-0.24647439
2.8265,-0.40105209
2.827,-0.40227865
2.8275,-0.35455196
2.828,-0.32007386
2.8285,-0.27376186
2.829,-0.01585647
2.8295,-0.0517971
2.83,-0.02229185
2.8305,-0.13872412
2.831,-0.22506421
2.8315,-0.19611801
2.832,-0.24351211
2.8325,-0.23735349
2.833,-0.1481842
2.8335,-0.12855323
2.834,-0.07604047
2.8345,-0.03918493
2.835,0.04497315
2.8355,0.23192685
2.836,0.27674452
2.8365,0.35703459
2.837,0.44963733
2.8375,0.51547641
2.838,0.39980303
2.8385,0.33773646
2.839,0.21407883
2.8395,0.19030136
2.84,0.14427268
2.8405,0.15873302
2.841,0.1596545
2.8415,0.13641079
2.842,0.04827286
2.8425,0.0287121
2.843,0.09061709
2.8435,0.13756572
2.844,0.17496513
2.8445,0.1987506
2.845,0.21448364
2.8455,0.01710848
2.846,-0.07724475
2.8465,-0.19758376
2.847,-0.36848583
2.8475,-0.36780658
2.848,-0.29971236
2.8485,-0.36064141
2.849,-0.28866708
2.8495,-0.39430449
2.85,-0.41507943
2.8505,-0.29926033
2.851,-0.2331093
2.8515,-0.12274246
2.852,-0.07932417
2.8525,-0.06062447
2.853,-0.02135649
2.8535,-0.14530888
2.854,-0.19374114
2.8545,-0.14064011
2.855,-0.19852107
2.8555,-0.1707928
2.856,-0.02144647
2.8565,0.1361212
2.857,0.13396893
2.8575,0.13948009
2.858,0.15764252
2.8585,0.3245614
2.859,0.36826618
2.8595,0.42575291
2.86,0.53145287
2.8605,0.39981473
2.861,0.3245221
2.8615,0.22105119
2.862,0.22153755
2.8625,0.08531518
2.863,0.08144067
2.8635,0.01730197
2.864,0.12023913
2.8645,0.11136999
2.865,-0.01751474
2.8655,0.07910281
2.866,0.02635717
2.8665,0.09704724
2.867,0.13771834
2.8675,0.1211931
2.868,-0.04913164
2.8685,-0.16794572
2.869,-0.26175587
2.8695,-0.35166898
2.87,-0.40112488
2.8705,-0.48974747
2.871,-0.42136315
2.8715,-0.35936944
2.872,-0.34110383
2.8725,-0.32181486
2.873,-0.2797001
2.8735,-0.20079753
2.874,-0.13945308
2.8745,0.02801737
2.875,0.04887121
2.8755,0.07688537
2.876,-0.04086755
2.8765,-0.0837544
2.877,-0.09532017
2.8775,-0.12645359
2.878,-0.02520108
2.8785,0.03111051
2.879,0.10022634
2.8795,0.18863863
2.88,0.1860957
2.8805,0.22949594
2.881,0.25897958
2.8815,0.35198927
2.882,0.45746531
2.8825,0.48904254
2.883,0.44523672
2.8835,0.40909564
2.884,0.21917581
2.8845,0.09459094
2.885,0.01077953
2.8855,0.04326799
2.886,-0.03356228
2.8865,0.00408045
2.887,0.03458151
2.8875,0.03531923
2.888,0.03395896
2.8885,0.02906713
2.889,-0.00173448
2.8895,0.06052963
2.89,0.07118319
2.8905,-0.07612981
2.891,-0.15275029
2.8915,-0.26095725
2.892,-0.42551226
2.8925,-0.47482151
2.893,-0.5207836
2.8935,-0.46511764
2.894,-0.32195124
2.8945,-0.24186181
2.895,-0.19902821
2.8955,-0.27770432
2.896,-0.13714537
2.8965,-0.01929721
2.897,0.01942154
2.8975,0.13291689
2.898,0.16838161
2.8985,0.04207788
2.899,0.03428294
2.8995,-0.02129303
2.9,-0.14379418
2.9005,0.03295618
2.901,0.0130001
2.9015,0.13361033
2.902,0.24081566
2.9025,0.23891513
2.903,0.32169471
2.9035,0.25189651
2.904,0.38313342
2.9045,0.39394829
2.905,0.42111493
2.9055,0.43191363
2.906,0.32824241
2.9065,0.23871887
2.907,0.0433519
2.9075,-0.02197265
2.908,-0.18465824
2.9085,-0.12675773
2.909,-0.09033431
2.9095,-0.04823116
2.91,-0.02345219
2.9105,-0.11937312
2.911,-0.07768228
2.9115,-0.10632286
2.912,-0.07506461
2.9125,-0.05855585
2.913,-0.03978595
2.9135,-0.14204
2.914,-0.26426472
2.9145,-0.37626098
2.915,-0.51219868
2.9155,-0.46122795
2.916,-0.46429121
2.9165,-0.30477784
2.917,-0.30400694
2.9175,-0.17730158
2.918,-0.10808832
2.9185,-0.01693076
2.919,0.05625917
2.9195,0.04760255
2.92,0.17091684
2.9205,0.1759259
2.921,0.20407731
2.9215,0.15935315
2.922,0.0562955
2.9225,0.04799742
2.923,-0.044117
2.9235,0.07149426
2.924,0.20752332
2.9245,0.25034386
2.925,0.35288341
2.9255,0.36811597
2.926,0.3304645
2.9265,0.39488494
2.927,0.33575968
2.9275,0.40644279
2.928,0.32920429
2.9285,0.28740805
2.929,0.20469266
2.9295,0.04322116
2.93,-0.17059504
2.9305,-0.1968561
2.931,-0.25753869
2.9315,-0.20466707
2.932,-0.17223275
2.9325,-0.07604645
2.933,-0.11279725
2.9335,-0.16234652
2.934,-0.22225864
2.9345,-0.1265973
2.935,-0.11841845
2.9355,-0.1478603
2.936,-0.22030208
2.9365,-0.28797149
2.937,-0.37139652
2.9375,-0.44407869
2.938,-0.44349024
2.9385,-0.48050979
2.939,-0.30085919
2.9395,-0.18691294
2.94,-0.06335229
2.9405,0.09870684
2.941,0.04070447
2.9415,0.08976506
2.942,0.11544546
2.9425,0.15052218
2.943,0.28920354
2.9435,0.22536864
2.944,0.25493743
2.9445,0.09157385
2.945,0.11477819
2.9455,0.06092656
2.946,0.03256405
2.9465,0.12593238
2.947,0.10821169
2.9475,0.34442751
2.948,0.33102766
2.9485,0.35424306
2.949,0.31090453
2.9495,0.28315964
2.95,0.23098453
2.9505,0.20039132
2.951,0.21056622
2.9515,0.09820748
2.952,0.03004705
2.9525,-0.20929797
2.953,-0.32745924
2.9535,-0.26702689
2.954,-0.37227519
2.9545,-0.28965836
2.955,-0.19664929
2.9555,-0.14322754
2.956,-0.17243821
2.9565,-0.15831779
2.957,-0.16340383
2.9575,-0.21342068
2.958,-0.16166025
2.9585,-0.13445268
2.959,-0.17834017
2.9595,-0.24283088
2.96,-0.2745052
2.9605,-0.37302402
2.961,-0.37358906
2.9615,-0.2303425
2.962,-0.10991253
2.9625,-0.01266862
2.963,0.11256906
2.9635,0.1818573
2.964,0.26890635
2.9645,0.23778505
2.965,0.2556557
2.9655,0.26033941
2.966,0.27679664
2.9665,0.29767948
2.967,0.27764577
2.9675,0.23021139
2.968,0.12536231
2.9685,0.04537785
2.969,0.002416
2.9695,0.16170664
2.97,0.1712866
2.9705,0.27828978
2.971,0.34923915
2.9715,0.32507244
2.972,0.22668595
2.9725,0.17318991
2.973,0.10642196
2.9735,0.05346339
2.974,0.01960826
2.9745,-0.05150376
2.975,-0.15317182
2.9755,-0.26480622
2.976,-0.32251872
2.9765,-0.33861667
2.977,-0.30817523
2.9775,-0.24191463
2.978,-0.12118591
2.9785,-0.18982815
2.979,-0.14581145
2.9795,-0.24542936
2.98,-0.21190693
2.9805,-0.21840948
2.981,-0.19819073
2.9815,-0.2082052
2.982,-0.17529016
2.9825,-0.23630358
2.983,-0.31801132
2.9835,-0.32758658
2.984,-0.2445891
2.9845,-0.18126284
2.985,0.04161012
2.9855,0.19270454
2.986,0.20007073
2.9865,0.36081042
2.987,0.32252346
2.9875,0.31309063
2.988,0.34787443
2.9885,0.24951632
2.989,0.33237272
2.9895,0.31097413
2.99,0.19884216
2.9905,0.1913101
2.991,0.05310437
2.9915,0.02842628
2.992,0.08726441
2.9925,0.18889652
2.993,0.24666282
2.9935,0.33047361
2.994,0.2858775
2.9945,0.20979619
2.995,0.04389984
2.9955,0.04810261
2.996,-0.02026171
2.9965,-0.10386287
2.997,-0.16831837
2.9975,-0.3046293
2.998,-0.32160506
2.9985,-0.34279519
2.999,-0.51122505
2.9995,-0.42768864
3.0,-0.38958992
3.0005,-0.22093093
3.001,-0.15261593
3.0015,-0.11227027
3.002,-0.13400213
3.0025,-0.13534678
3.003,-0.20949057
3.0035,-0.13423777
3.004,-0.13937975
3.0045,-0.15010338
3.005,-0.16495091
3.0055,-0.13589549
3.006,-0.14514899
3.0065,-0.17317982
3.007,-0.0226656
3.0075,0.12703559
3.008,0.23195836
3.0085,0.36082659
3.009,0.41080519
3.0095,0.42075298
3.01,0.43639993
3.0105,0.36381534
3.011,0.31561516
3.0115,0.18569844
3.012,0.24582019
3.0125,0.25359123
3.013,0.15328024
3.0135,0.08260273
3.014,0.03209696
3.0145,0.03513582
3.015,0.08928973
3.0155,0.14520719
3.016,0.23242046
3.0165,0.16802934
3.017,0.20422821
3.0175,0.08840207
3.018,-0.01409345
3.0185,-0.07865154
3.019,-0.19084775
3.0195,-0.2689498
3.02,-0.35403524
3.0205,-0.34210647
3.021,-0.34393104
3.0215,-0.48580447
3.022,-0.37588518
3.0225,-0.35448906
3.023,-0.27135027
3.0235,-0.16264241
3.024,-0.00391516
3.0245,-0.02719545
3.025,0.01716887
3.0255,-0.12357373
3.026,-0.18647227
3.0265,-0.13786587
3.027,-0.17986591
3.0275,-0.02994994
3.028,-0.06366743
3.0285,-0.04560281
3.029,-0.0527243
3.0295,-0.01535349
3.03,0.08726064
3.0305,0.29152054
3.031,0.41401692
3.0315,0.4029481
3.032,0.4396817
3.0325,0.38988002
3.033,0.36237584
3.0335,0.23496995
3.034,0.25157031
3.0345,0.17402795
3.035,0.10566067
3.0355,0.22798475
3.036,0.06690277
3.0365,-0.01971434
3.037,-0.03206569
3.0375,0.02305215
3.038,0.10579049
3.0385,0.07822834
3.039,0.12793321
3.0395,0.14650673
3.04,0.05935838
3.0405,-0.12424215
3.041,-0.23109176
3.0415,-0.30122007
3.042,-0.30762217
3.0425,-0.30235046
3.043,-0.33911288
3.0435,-0.3922936
3.044,-0.41105542
3.0445,-0.36875088
3.045,-0.3197704
3.0455,-0.1832363
3.046,-0.12053514
3.0465,0.01898857
3.047,0.08163355
3.0475,0.03139286
3.048,-0.06606282
3.0485,-0.01139456
3.049,-0.10578151
3.0495,-0.07916318
3.05,-0.05374497
3.0505,0.04635488
3.051,0.02300983
3.0515,0.0476757
3.052,0.11556051
3.0525,0.14606482
3.053,0.30913426
3.0535,0.37136063
3.054,0.45412293
3.0545,0.50875301
3.055,0.44720933
3.0555,0.34180274
3.056,0.22687242
3.0565,0.12229998
3.057,0.10997751
3.0575,0.09848256
3.058,0.08802862
3.0585,-0.03937232
3.059,-0.04748118
3.0595,-0.03986788
3.06,-0.11107364
3.0605,-0.07849382
3.061,0.0288151
3.0615,0.00467541
3.062,0.06804339
3.0625,0.02095613
3.063,-0.11101899
3.0635,-0.25504937
3.064,-0.32535434
3.0645,-0.38899302
3.065,-0.36121936
3.0655,-0.34499873
3.066,-0.3213994
3.0665,-0.35353844
3.067,-0.32253828
3.0675,-0.31181895
3.068,-0.2573089
3.0685,-0.07190469
3.069,-0.02494687
3.0695,0.13989642
3.07,0.21147842
3.0705,0.12156191
3.071,0.03280389
3.0715,-0.02111394
3.072,0.00558712
3.0725,0.04242692
3.073,0.0837519
3.0735,0.17899877
3.074,0.17774554
3.0745,0.1547474
3.075,0.16690902
3.0755,0.28498323
3.076,0.35914177
3.0765,0.42413502
3.077,0.46121037
3.0775,0.4387788
3.078,0.44525346
3.0785,0.18887529
3.079,0.08560046
3.0795,0.05733289
3.08,-0.02382623
3.0805,-0.06037348
3.081,-0.07273385
3.0815,-0.09110977
3.082,-0.07070562
3.0825,-0.17656714
3.083,-0.14356819
3.0835,-0.09596857
3.084,-0.06164178
3.0845,-0.04768483
3.085,-0.03202388
3.0855,-0.09899715
3.086,-0.25079247
3.0865,-0.35923127
3.087,-0.46712642
3.0875,-0.46494655
3.088,-0.37482138
3.0885,-0.35772871
3.089,-0.30579296
3.0895,-0.23451592
3.09,-0.20201488
3.0905,-0.11576491
3.091,-0.03704171
3.0915,0.02758552
3.092,0.18254941
3.0925,0.25143861
3.093,0.20940441
3.0935,0.17006141
3.094,0.13358026
3.0945,0.12942006
3.095,0.06999627
3.0955,0.09582808
3.096,0.18512185
3.0965,0.25785794
3.097,0.21547758
3.0975,0.22221598
3.098,0.23386521
3.0985,0.32385463
3.099,0.35952397
3.0995,0.46794768
3.1,0.42592481
3.1005,0.31691726
3.101,0.21830081
3.1015,0.0634038
3.102,-0.03956834
3.1025,-0.18153311
3.103,-0.16689666
3.1035,-0.15473357
3.104,-0.18788995
3.1045,-0.10287543
3.105,-0.24585752
3.1055,-0.22895314
3.106,-0.16360864
3.1065,-0.23776745
3.107,-0.07818091
3.1075,-0.10398321
3.108,-0.11846645
3.1085,-0.18879268
3.109,-0.32842295
3.1095,-0.4498957
3.11,-0.37290734
3.1105,-0.34675227
3.111,-0.27446073
3.1115,-0.26290051
3.112,-0.16018336
3.1125,-0.10196723
3.113,-0.02395586
3.1135,0.03236139
3.114,0.09816922
3.1145,0.22736118
3.115,0.2945445
3.1155,0.34555783
3.116,0.27050002
3.1165,0.20963908
3.117,0.14267806
3.1175,0.00293543
3.118,0.11011321
3.1185,0.13429019
3.119,0.21741696
3.1195,0.24205538
3.12,0.25622746
3.1205,0.21936501
3.121,0.29688671
3.1215,0.32032935
3.122,0.33339024
3.1225,0.29509003
3.123,0.28519103
3.1235,0.13617565
3.124,0.01472623
3.1245,-0.1071772
3.125,-0.25291605
3.1255,-0.30526739
3.126,-0.27505429
3.1265,-0.2529462
3.127,-0.18377548
3.1275,-0.22427484
3.128,-0.19250592
3.1285,-0.17497579
3.129,-0.22156917
3.1295,-0.14452898
3.13,-0.09377748
3.1305,-0.09763036
3.131,-0.19362219
3.1315,-0.27956701
3.132,-0.27736273
3.1325,-0.40732198
3.133,-0.3439931
3.1335,-0.24626208
3.134,-0.22854937
3.1345,-0.06445169
3.135,-0.00782168
3.1355,0.00819742
3.136,0.09939109
3.1365,0.16678984
3.137,0.27034996
3.1375,0.33508562
3.138,0.40858536
3.1385,0.30373464
3.139,0.27707312
3.1395,0.17368155
3.14,0.13123727
3.1405,0.0756004
3.141,0.04213077
3.1415,0.18830206
3.142,0.25449763
3.1425,0.25229022
3.143,0.28224715
3.1435,0.22354455
3.144,0.25515561
3.1445,0.2339349
3.145,0.19371337
3.1455,0.22641387
3.146,0.11153083
3.1465,-0.04520226
3.147,-0.22783875
3.1475,-0.32850088
3.148,-0.29398804
3.1485,-0.38857609
3.149,-0.30645627
3.1495,-0.26701711
3.15,-0.22956795
3.1505,-0.21755472
3.151,-0.21804227
3.1515,-0.25050729
3.152,-0.13953653
3.1525,-0.10848448
3.153,-0.08570216
3.1535,-0.10484506
3.154,-0.11812988
3.1545,-0.27909855
3.155,-0.22731005
3.1555,-0.27135826
3.156,-0.25714973
3.1565,-0.1494419
3.157,-0.03394398
3.1575,0.09155656
3.158,0.09761244
3.1585,0.26033389
3.159,0.23110945
3.1595,0.3211725
3.16,0.35485712
3.1605,0.36680273
3.161,0.3729883
3.1615,0.35420928
3.162,0.25047028
3.1625,0.11469395
3.163,0.05626705
3.1635,0.0597551
3.164,0.04779848
3.1645,0.23500814
3.165,0.21434343
3.1655,0.23245697
3.166,0.15350232
3.1665,0.14024931
3.167,0.1348787
3.1675,0.11002023
3.168,0.13572381
3.1685,0.01973342
3.169,-0.04774987
3.1695,-0.20895829
3.17,-0.34466408
3.1705,-0.37047182
3.171,-0.43938395
3.1715,-0.39645973
3.172,-0.35821587
3.1725,-0.24778683
3.173,-0.26770121
3.1735,-0.17648636
3.174,-0.20111186
3.1745,-0.120975
3.175,-0.14115236
3.1755,-0.14226152
3.176,-0.08532419
3.1765,-0.02236619
3.177,-0.13951445
3.1775,-0.18091372
3.178,-0.22767444
3.1785,-0.20704645
3.179,-0.10694624
3.1795,0.06774973
3.18,0.21298678
3.1805,0.31836392
3.181,0.37388788
3.1815,0.31690865
3.182,0.35303542
3.1825,0.32928162
3.183,0.40962245
3.1835,0.36887172
3.184,0.31157941
3.1845,0.27060252
3.185,0.11464903
3.1855,0.0757254
3.186,0.01012391
3.1865,0.0095094
3.187,0.03964546
3.1875,0.09680568
3.188,0.2055239
3.1885,0.19938076
3.189,0.1534741
3.1895,-0.01039996
3.19,-0.0257225
3.1905,0.02579579
3.191,-0.13015267
3.1915,-0.19450723
3.192,-0.21204876
3.1925,-0.35471244
3.193,-0.42606275
3.1935,-0.47416664
3.194,-0.47535825
3.1945,-0.37302882
3.195,-0.21812262
3.1955,-0.08434061
3.196,-0.0797853
3.1965,-0.06965286
3.197,-0.06548709
3.1975,-0.10426998
3.198,-0.02842995
3.1985,-0.00807129
3.199,0.0068223
3.1995,-0.02565992
3.2,-0.06859055
3.2005,-0.086997
3.201,-0.10017945
3.2015,-0.03618208
3.202,0.06128929
3.2025,0.24435095
3.203,0.32419755
3.2035,0.38871876
3.204,0.44778744
3.2045,0.46081348
3.205,0.3192883
3.2055,0.37937957
3.206,0.35463516
3.2065,0.3078842
3.207,0.21579458
3.2075,0.1351321
3.208,-0.00243905
3.2085,-0.10796807
3.209,-0.07653363
3.2095,-0.05455099
3.21,0.02458018
3.2105,0.084109
3.211,0.13114337
3.2115,0.05673426
3.212,0.04583579
3.2125,-0.14948641
3.213,-0.13989556
3.2135,-0.20706897
3.214,-0.1564903
3.2145,-0.24835036
3.215,-0.34855553
3.2155,-0.41316305
3.216,-0.46431344
3.2165,-0.45001657
3.217,-0.3965675
3.2175,-0.29672012
3.218,-0.22118348
3.2185,0.00786472
3.219,0.0439708
3.2195,-0.11277794
3.22,0.0201638
3.2205,-0.01312467
3.221,0.02580103
3.2215,0.06311893
3.222,0.01701993
3.2225,0.06396685
3.223,0.05001434
3.2235,-0.01191263
3.224,0.0324041
3.2245,0.05284814
3.225,0.24216156
3.2255,0.30186267
3.226,0.44570083
3.2265,0.48078143
3.227,0.45473397
3.2275,0.36308828
3.228,0.35095368
3.2285,0.30084485
3.229,0.19880179
3.2295,0.17382647
3.23,0.04433117
3.2305,0.00545939
3.231,-0.12614462
3.2315,-0.11380036
3.232,-0.12767107
3.2325,-0.0493769
3.233,-0.09403788
3.2335,0.01329635
3.234,0.05701453
3.2345,0.00118069
3.235,-0.04761821
3.2355,-0.15612624
3.236,-0.21079498
3.2365,-0.29720799
3.237,-0.2305634
3.2375,-0.39807443
3.238,-0.39157717
3.2385,-0.38675912
3.239,-0.47358175
3.2395,-0.42479392
3.24,-0.27675473
3.2405,-0.131621
3.241,-0.06943752
3.2415,0.11039186
3.242,0.12727858
3.2425,0.05834008
3.243,0.09706801
3.2435,0.03977964
3.244,0.04077992
3.2445,0.04361185
3.245,0.11014383
3.2455,0.12027178
3.246,0.0835505
3.2465,0.08141031
3.247,0.08622174
3.2475,0.20403546
3.248,0.35023267
3.2485,0.40520773
3.249,0.46817274
3.2495,0.38881557
3.25,0.36332728
3.2505,0.32303707
3.251,0.17131327
3.2515,0.08674801
3.252,0.09765664
3.2525,0.04944751
3.253,-0.04017579
3.2535,-0.08743657
3.254,-0.16580821
3.2545,-0.20238656
3.255,-0.2235057
3.2555,-0.11009183
3.256,-0.10133744
3.2565,-0.02315612
3.257,-0.07672174
3.2575,0.01596918
3.258,-0.20127814
3.2585,-0.31093362
3.259,-0.35847642
3.2595,-0.28879871
3.26,-0.30788479
3.2605,-0.27375429
3.261,-0.33706539
3.2615,-0.27227278
3.262,-0.30675802
3.2625,-0.19502983
3.263,-0.10125532
3.2635,0.04698608
3.264,0.16679638
3.2645,0.27023811
3.265,0.23030254
3.2655,0.16839819
3.266,0.11748986
3.2665,0.0830647
3.267,0.0484077
3.2675,0.18251406
3.268,0.15138159
3.2685,0.18619972
3.269,0.26402269
3.2695,0.19740093
3.27,0.1887713
3.2705,0.27782369
3.271,0.31623818
3.2715,0.50272583
3.272,0.42864133
3.2725,0.41968643
3.273,0.19921431
3.2735,0.09233829
3.274,0.00023856
3.2745,-0.01937605
3.275,-0.05001811
3.2755,-0.11431276
3.276,-0.17755523
3.2765,-0.28720674
3.277,-0.23175303
3.2775,-0.27129223
3.278,-0.17173751
3.2785,-0.17054063
3.279,-0.10700132
3.2795,-0.0603479
3.28,-0.08601929
3.2805,-0.14529394
3.281,-0.252316
3.2815,-0.34159228
3.282,-0.36697497
3.2825,-0.32389943
3.283,-0.23778624
3.2835,-0.19864237
3.284,-0.25333238
3.2845,-0.13071038
3.285,-0.16959952
3.2855,-0.01204079
3.286,0.09579005
3.2865,0.19086705
3.287,0.31175553
3.2875,0.3706789
3.288,0.2345003
3.2885,0.21888559
3.289,0.138804
3.2895,0.11275067
3.29,0.14753155
3.2905,0.18084731
3.291,0.18090285
3.2915,0.16773376
3.292,0.20840991
3.2925,0.11392277
3.293,0.20167771
3.2935,0.33543499
3.294,0.41922896
3.2945,0.34133026
3.295,0.28350237
3.2955,0.2481128
3.296,0.10620221
3.2965,-0.0905493
3.297,-0.18414379
3.2975,-0.2262671
3.298,-0.20990682
3.2985,-0.24810741
3.299,-0.19299663
3.2995,-0.26572382
3.3,-0.27153569
3.3005,-0.26782451
3.301,-0.24145368
3.3015,-0.14331702
3.302,-0.14193412
3.3025,-0.05997906
3.303,-0.17976423
3.3035,-0.22060432
3.304,-0.30710075
3.3045,-0.34595385
3.305,-0.39430946
3.3055,-0.27803059
3.306,-0.18023601
3.3065,-0.15740222
3.307,-0.14245336
3.3075,-0.07397369
3.308,-0.0527195
3.3085,0.17979365
3.309,0.22940308
3.3095,0.33480124
3.31,0.40999357
3.3105,0.38374158
3.311,0.32505419
3.3115,0.25405431
3.312,0.12059169
3.3125,0.11876309
3.313,0.13461864
3.3135,0.21794757
3.314,0.20806341
3.3145,0.1915932
3.315,0.16387839
3.3155,0.23127147
3.316,0.24595774
3.3165,0.19629617
3.317,0.29664778
3.3175,0.26164576
3.318,0.1684468
3.3185,0.02782906
3.319,-0.06278033
3.3195,-0.31510269
3.32,-0.32991479
3.3205,-0.32053907
3.321,-0.24926823
3.3215,-0.31955907
3.322,-0.30443917
3.3225,-0.30291618
3.323,-0.2751312
3.3235,-0.22462335
3.324,-0.1224365
3.3245,-0.09920185
3.325,-0.02999285
3.3255,-0.03408028
3.326,-0.14269338
3.3265,-0.17098754
3.327,-0.2942966
3.3275,-0.26159948
3.328,-0.23199745
3.3285,-0.12879694
3.329,-0.05016039
3.3295,0.0132161
3.33,0.07232494
3.3305,0.12746517
3.331,0.19895752
3.3315,0.30354606
3.332,0.40884416
3.3325,0.40258483
3.333,0.34565081
3.3335,0.37405913
3.334,0.22704436
3.3345,0.12900843
3.335,0.11984949
3.3355,0.05615725
3.336,0.14687948
3.3365,0.1592388
3.337,0.22295529
3.3375,0.1639509
3.338,0.16669094
3.3385,0.17267521
3.339,0.11179651
3.3395,0.19727422
3.34,0.13649718
3.3405,0.15086892
3.341,0.05791618
3.3415,-0.19689445
3.342,-0.28963016
3.3425,-0.43967766
3.343,-0.42692135
3.3435,-0.39991485
3.344,-0.28875994
3.3445,-0.32701155
3.345,-0.25879716
3.3455,-0.26163003
3.346,-0.21493714
3.3465,-0.21214526
3.347,-0.10615302
3.3475,0.04432085
3.348,-0.00441152
3.3485,-0.10850134
3.349,-0.10337427
3.3495,-0.17449465
3.35,-0.22741883
3.3505,-0.20222345
3.351,-0.08311002
3.3515,0.02641523
3.352,0.14280487
3.3525,0.14221132
3.353,0.24121066
3.3535,0.30350389
3.354,0.31953356
3.3545,0.38773525
3.355,0.43663188
3.3555,0.48102919
3.356,0.33463146
3.3565,0.27512517
3.357,0.17726826
3.3575,0.03380131
3.358,0.01074647
3.3585,0.0433491
3.359,0.07720159
3.3595,0.07505587
3.36,0.1392389
3.3605,0.17332445
3.361,0.04792946
3.3615,0.02691238
3.362,0.09122721
3.3625,0.03355215
3.363,-0.02798013
3.3635,-0.06490145
3.364,-0.16253889
3.3645,-0.29235361
3.365,-0.41045025
3.3655,-0.49843452
3.366,-0.48335568
3.3665,-0.32483344
3.367,-0.29052112
3.3675,-0.27067182
3.368,-0.1594463
3.3685,-0.15699721
3.369,-0.16912597
3.3695,-0.10641492
3.37,-0.05259132
3.3705,-0.00295262
3.371,0.03687954
3.3715,0.02153252
3.372,-0.0440734
3.3725,-0.1612742
3.373,-0.20802449
3.3735,-0.10374577
3.374,0.02507649
3.3745,0.18228937
3.375,0.28403352
3.3755,0.24818148
3.376,0.40326788
3.3765,0.34491107
3.377,0.31230203
3.3775,0.34000002
3.378,0.42855799
3.3785,0.34142059
3.379,0.25698726
3.3795,0.1208161
3.38,0.06477412
3.3805,-0.07330136
3.381,-0.06979527
3.3815,-0.01900289
3.382,0.04319662
3.3825,0.00854347
3.383,0.04982622
3.3835,0.07935487
3.384,0.05057781
3.3845,-0.03484759
3.385,-0.12282562
3.3855,-0.06262419
3.386,-0.15090681
3.3865,-0.21390644
3.387,-0.28012706
3.3875,-0.39657839
3.388,-0.54579334
3.3885,-0.47959556
3.389,-0.3517246
3.3895,-0.24854636
3.39,-0.22886296
3.3905,-0.14691082
3.391,-0.07942064
3.3915,-0.08737018
3.392,-0.0022795
3.3925,0.0264488
3.393,0.06779966
3.3935,0.0487688
3.394,0.05867564
3.3945,0.05949432
3.395,-0.02168046
3.3955,-0.06868765
3.396,-0.0373284
3.3965,0.02817791
3.397,0.19081288
3.3975,0.33842958
3.398,0.34595034
3.3985,0.38472246
3.399,0.40756971
3.3995,0.37829351
3.4,0.36956457
3.4005,0.27708918
3.401,0.30965161
3.4015,0.17147534
3.402,0.18039196
3.4025,0.06617366
3.403,-0.05778583
3.4035,-0.17824185
3.404,-0.17945159
3.4045,-0.0592104
3.405,0.03227361
3.4055,0.07611183
3.406,0.02138829
3.4065,-0.03256348
3.407,-0.12830828
3.4075,-0.15887533
3.408,-0.1792918
3.4085,-0.18508005
3.409,-0.21373884
3.4095,-0.27218658
3.41,-0.40828419
3.4105,-0.40494085
3.411,-0.47605488
3.4115,-0.42746142
3.412,-0.33817563
3.4125,-0.23516389
3.413,0.00890399
3.4135,0.02430781
3.414,0.03839661
3.4145,0.04880725
3.415,0.07714373
3.4155,0.10622048
3.416,0.21790797
3.4165,0.09477335
3.417,0.10955124
3.4175,0.02107771
3.418,0.06610249
3.4185,-0.01133819
3.419,0.04935814
3.4195,0.08152053
3.42,0.27722626
3.4205,0.40396523
3.421,0.40124655
3.4215,0.4595816
3.422,0.34145413
3.4225,0.34462743
3.423,0.23998041
3.4235,0.23021928
3.424,0.16892623
3.4245,0.02454714
3.425,-0.03513712
3.4255,-0.16036743
3.426,-0.23443324
3.4265,-0.28330598
3.427,-0.22795761
3.4275,-0.08912233
3.428,-0.00830504
3.4285,0.01323346
3.429,-0.13326175
3.4295,-0.12927953
3.43,-0.13196921
3.4305,-0.23301448
3.431,-0.26575808
3.4315,-0.21551105
3.432,-0.30614822
3.4325,-0.3721613
3.433,-0.43237602
3.4335,-0.4620108
3.434,-0.32336154
3.4345,-0.22086568
3.435,-0.1092978
3.4355,0.00356784
3.436,0.11514499
3.4365,0.19599602
3.437,0.17122742
3.4375,0.19219273
3.438,0.20500484
3.4385,0.15182146
3.439,0.16643249
3.4395,0.21539969
3.44,0.18161946
3.4405,0.11203223
3.441,0.06418441
3.4415,0.08871275
3.442,0.17923256
3.4425,0.2134234
3.443,0.39110202
3.4435,0.4020496
3.444,0.43049565
3.4445,0.3428108
3.445,0.26440372
3.4455,0.199634
3.446,0.12633989
3.4465,0.05232015
3.447,0.05657134
3.4475,-0.08886035
3.448,-0.13015238
3.4485,-0.24225587
3.449,-0.3450196
3.4495,-0.34996865
3.45,-0.22170062
3.4505,-0.13214799
3.451,-0.11306922
3.4515,-0.13958489
3.452,-0.09706561
3.4525,-0.25735453
3.453,-0.22326698
3.4535,-0.28726562
3.454,-0.24295089
3.4545,-0.20354571
3.455,-0.34946326
3.4555,-0.29470807
3.456,-0.29704
3.4565,-0.36717055
3.457,-0.22379549
3.4575,-0.11555659
3.458,0.07046499
3.4585,0.17798645
3.459,0.27278003
3.4595,0.31138695
3.46,0.26043782
3.4605,0.26091192
3.461,0.25134752
3.4615,0.21635496
3.462,0.16768621
3.4625,0.22301083
3.463,0.13849606
3.4635,0.14129174
3.464,0.13459954
3.4645,0.17477622
3.465,0.16528104
3.4655,0.32208697
3.466,0.25565508
3.4665,0.37305966
3.467,0.31885572
3.4675,0.14860081
3.468,0.09729771
3.4685,0.03997923
3.469,-0.05645037
3.4695,-0.07593487
3.47,-0.15599608
3.4705,-0.23025871
3.471,-0.31395802
3.4715,-0.42577327
3.472,-0.3285326
3.4725,-0.32393189
3.473,-0.26050197
3.4735,-0.13928892
3.474,-0.11169441
3.4745,-0.07813097
3.475,-0.14552397
3.4755,-0.24553471
3.476,-0.3021967
3.4765,-0.29257686
3.477,-0.26997944
3.4775,-0.21150557
3.478,-0.19038997
3.4785,-0.19247939
3.479,-0.21322279
3.4795,-0.16332547
3.48,-0.03625825
3.4805,0.06572682
3.481,0.28542367
3.4815,0.3011
3.482,0.32583549
3.4825,0.32362749
3.483,0.26413388
3.4835,0.27020123
3.484,0.15207799
3.4845,0.19139598
3.485,0.22625529
3.4855,0.23188096
3.486,0.12354744
3.4865,0.11937855
3.487,0.12667375
3.4875,0.16452535
3.488,0.20115544
3.4885,0.27930249
3.489,0.26246573
3.4895,0.26699162
3.49,0.1636569
3.4905,0.08943816
3.491,-0.11780331
3.4915,-0.14882259
3.492,-0.21363049
3.4925,-0.28987141
3.493,-0.25526275
3.4935,-0.3483447
3.494,-0.3634179
3.4945,-0.36710326
3.495,-0.34083076
3.4955,-0.28585064
3.496,-0.19977841
3.4965,-0.02715606
3.497,-0.07960048
3.4975,-0.0673792
3.498,-0.1698496
3.4985,-0.25059908
3.499,-0.16472456
3.4995,-0.18068154
3.5,-0.14427938
3.5005,-0.08836504
3.501,-0.08626649
3.5015,-0.03163529
3.502,-0.06443249
3.5025,0.04575747
3.503,0.12359413
3.5035,0.21572173
3.504,0.36892696
3.5045,0.49977378
3.505,0.35424077
3.5055,0.27451501
3.506,0.29496274
3.5065,0.2714347
3.507,0.17164568
3.5075,0.14936279
3.508,0.17523513
3.5085,0.18516553
3.509,0.10895531
3.5095,0.07128574
3.51,0.03213278
3.5105,0.11900486
3.511,0.16252346
3.5115,0.27302249
3.512,0.18844441
3.5125,0.16198702
3.513,0.04196411
3.5135,-0.14628997
3.514,-0.27528271
3.5145,-0.26675488
3.515,-0.27822005
3.5155,-0.34738127
3.516,-0.32385317
3.5165,-0.38601919
3.517,-0.3710862
3.5175,-0.28262239
3.518,-0.30815501
3.5185,-0.18524958
3.519,-0.08075987
3.5195,-0.02352954
3.52,-0.00288189
3.5205,-0.04474183
3.521,-0.12718547
3.5215,-0.1423647
3.522,-0.1753974
3.5225,-0.14716163
3.523,-0.08967513
3.5235,-0.05872029
3.524,0.06134078
3.5245,0.04320097
3.525,0.10028992
3.5255,0.21980076
3.526,0.23909703
3.5265,0.38635248
3.527,0.46630357
3.5275,0.46180959
3.528,0.42901375
3.5285,0.32827878
3.529,0.25427912
3.5295,0.10066323
3.53,0.07609406
3.5305,0.09362064
3.531,0.16417325
3.5315,0.05902226
3.532,0.12204215
3.5325,0.00601192
3.533,0.03606277
3.5335,-0.00722214
3.534,0.13460987
3.5345,0.07143325
3.535,0.02931827
3.5355,-0.01631797
3.536,-0.1687448
3.5365,-0.28808106
3.537,-0.39164964
3.5375,-0.3980214
3.538,-0.39707522
3.5385,-0.36730295
3.539,-0.32411577
3.5395,-0.3231742
3.54,-0.32560352
3.5405,-0.28520189
3.541,-0.21203257
3.5415,-0.02668925
3.542,0.0033045
3.5425,0.0851473
3.543,0.07287334
3.5435,-0.01183514
3.544,-0.10139785
3.5445,-0.07893825
3.545,-0.106775
3.5455,-0.08196978
3.546,0.02994794
3.5465,0.11855268
3.547,0.2090296
3.5475,0.23947475
3.548,0.28971511
3.5485,0.26056406
3.549,0.36175867
3.5495,0.51994056
3.55,0.43416604
3.5505,0.44608903
3.551,0.29662859
3.5515,0.23576661
3.552,0.07593489
3.5525,0.00189402
3.553,-0.04294649
3.5535,0.00171375
3.554,0.01583712
3.5545,0.04312691
3.555,-0.08309599
3.5555,-0.10078556
3.556,-0.032675
3.5565,0.00986038
3.557,0.0012257
3.5575,-0.01554506
3.558,0.02560158
3.5585,-0.21871699
3.559,-0.26536321
3.5595,-0.38474637
3.56,-0.44518385
3.5605,-0.50098714
3.561,-0.44145383
3.5615,-0.33485613
3.562,-0.21023945
3.5625,-0.23035627
3.563,-0.18045064
3.5635,-0.09722906
3.564,-0.06218379
3.5645,0.06401832
3.565,0.14010776
3.5655,0.1340519
3.566,0.15815165
3.5665,0.10524543
3.567,0.02714183
3.5675,-0.07679746
3.568,-0.03470878
3.5685,0.07048834
3.569,0.12549536
3.5695,0.24098329
3.57,0.29016165
3.5705,0.34806049
3.571,0.3517996
3.5715,0.34040558
3.572,0.37967334
3.5725,0.35598635
3.573,0.39930012
3.5735,0.36522729
3.574,0.21190064
3.5745,0.00226913
3.575,-0.00619152
3.5755,-0.05181254
3.576,-0.03312347
3.5765,-0.07314929
3.577,-0.00094885
3.5775,-0.02269696
3.578,-0.0479733
3.5785,-0.04363091
3.579,-0.06047898
3.5795,-0.103778
3.58,-0.04961778
3.5805,-0.06340122
3.581,-0.14304306
3.5815,-0.23475916
3.582,-0.38209562
3.5825,-0.44859261
3.583,-0.46190572
3.5835,-0.39989643
3.584,-0.27413701
3.5845,-0.2509576
3.585,-0.03839975
3.5855,-0.03865236
3.586,-0.07020278
3.5865,-0.01963469
3.587,0.12305437
3.5875,0.14489909
3.588,0.18523272
3.5885,0.18637009
3.589,0.12141386
3.5895,0.0815722
3.59,0.06134726
3.5905,-0.02374007
3.591,0.04824405
3.5915,0.1268469
3.592,0.25215844
3.5925,0.33382943
3.593,0.42712663
3.5935,0.36331767
3.594,0.32831534
3.5945,0.33521631
3.595,0.36093612
3.5955,0.3117659
3.596,0.25017913
3.5965,0.14609045
3.597,0.00045951
3.5975,-0.14297332
3.598,-0.25805486
3.5985,-0.26117441
3.599,-0.17846753
3.5995,-0.11400491
3.6,-0.0945767
3.6005,-0.11298192
3.601,-0.06656301
3.6015,-0.13322039
3.602,-0.16993459
3.6025,-0.1886442
3.603,-0.15116423
3.6035,-0.18010854
3.604,-0.22024401
3.6045,-0.33975173
3.605,-0.38251004
3.6055,-0.46133498
3.606,-0.37344494
3.6065,-0.25159182
3.607,-0.15197519
3.6075,-0.06332766
3.608,0.04630948
3.6085,0.01347475
3.609,0.08944808
3.6095,0.13501167
3.61,0.19047937
3.6105,0.25015
3.611,0.22331233
3.6115,0.2787956
3.612,0.22695852
3.6125,0.03861378
3.613,0.09919769
3.6135,0.11348538
3.614,0.12808793
3.6145,0.16537741
3.615,0.3201615
3.6155,0.3417779
3.616,0.33124789
3.6165,0.35054498
3.617,0.27997762
3.6175,0.25101729
3.618,0.2135601
3.6185,0.18028412
3.619,0.0781165
3.6195,-0.03723835
3.62,-0.13667513
3.6205,-0.26000974
3.621,-0.33083389
3.6215,-0.28739953
3.622,-0.21209203
3.6225,-0.10206632
3.623,-0.16273457
3.6235,-0.15723202
3.624,-0.13040236
3.6245,-0.20971526
3.625,-0.2178475
3.6255,-0.18362825
3.626,-0.21629307
3.6265,-0.20176045
3.627,-0.23693438
3.6275,-0.30169564
3.628,-0.4006928
3.6285,-0.32299379
3.629,-0.23254831
3.6295,-0.09819635
3.63,0.04786333
3.6305,0.13667138
3.631,0.18956224
3.6315,0.18044965
3.632,0.18854887
3.6325,0.2446344
3.633,0.25778325
3.6335,0.25199797
3.634,0.28649915
3.6345,0.216333
3.635,0.15672912
3.6355,0.08722644
3.636,0.1031719
3.6365,0.14304512
3.637,0.1931058
3.6375,0.26304138
3.638,0.30864976
3.6385,0.39353953
3.639,0.28625083
3.6395,0.19239131
3.64,0.18272232
3.6405,0.03838052
3.641,0.02706483
3.6415,0.05902926
3.642,-0.1097717
3.6425,-0.25380627
3.643,-0.29554231
3.6435,-0.38739703
3.644,-0.38724005
3.6445,-0.36462124
3.645,-0.22097682
3.6455,-0.15908278
3.646,-0.09308038
3.6465,-0.05123851
3.647,-0.11035707
3.6475,-0.2362736
3.648,-0.18055199
3.6485,-0.26512825
3.649,-0.22760469
3.6495,-0.23849312
3.65,-0.21963864
3.6505,-0.32429778
3.651,-0.26613267
3.6515,-0.18212142
3.652,-0.11144964
3.6525,0.06217122
3.653,0.22318139
3.6535,0.26805269
3.654,0.26248172
3.6545,0.32845361
3.655,0.33449291
3.6555,0.2842679
3.656,0.31017468
3.6565,0.32176745
3.657,0.23752796
3.6575,0.17780212
3.658,0.14477221
3.6585,0.08749665
3.659,0.0741916
3.6595,0.12388598
3.66,0.22747109
3.6605,0.24989683
3.661,0.30839746
3.6615,0.20586612
3.662,0.16699843
3.6625,0.06576589
3.663,0.0429552
3.6635,-0.02468549
3.664,-0.16043339
3.6645,-0.18333411
3.665,-0.21051272
3.6655,-0.32193178
3.666,-0.37501351
3.6665,-0.43785131
3.667,-0.35285241
3.6675,-0.22686098
3.668,-0.22094459
3.6685,-0.20124054
3.669,-0.09310349
3.6695,-0.05319551
3.67,-0.17936915
3.6705,-0.22919332
3.671,-0.14083049
3.6715,-0.1887085
3.672,-0.09621012
3.6725,-0.15902479
3.673,-0.12860754
3.6735,-0.16317629
3.674,-0.14575283
3.6745,-0.04322551
3.675,0.08019119
3.6755,0.27950133
3.676,0.31254758
3.6765,0.38762978
3.677,0.40683939
3.6775,0.36913709
3.678,0.27127241
3.6785,0.29809932
3.679,0.30090896
3.6795,0.19844522
3.68,0.22598405
3.6805,0.19571593
3.681,0.04065893
3.6815,0.02040309
3.682,0.05402862
3.6825,0.08060107
3.683,0.11418554
3.6835,0.20679796
3.684,0.19844414
3.6845,0.11958912
3.685,0.1552108
3.6855,-0.11210463
3.686,-0.16665102
3.6865,-0.207761
3.687,-0.25375589
3.6875,-0.32230245
3.688,-0.31680822
3.6885,-0.45569569
3.689,-0.43307809
3.6895,-0.41986451
3.69,-0.3627478
3.6905,-0.23028964
3.691,-0.04674542
3.6915,0.00409812
3.692,0.02028961
3.6925,-0.09499159
3.693,-0.13865799
3.6935,-0.1152073
3.694,-0.17491659
3.6945,-0.07139165
3.695,-0.02197743
3.6955,-0.01777382
3.696,-0.03846798
3.6965,-0.06355738
3.697,-0.00283686
3.6975,0.16479527
3.698,0.20512128
3.6985,0.35557653
3.699,0.44477475
3.6995,0.52151507
3.7,0.39860651
3.7005,0.36895275
3.701,0.17283328
3.7015,0.24745449
3.702,0.21876223
3.7025,0.10439251
3.703,0.12159168
3.7035,0.05156438
3.704,0.01003099
3.7045,-0.00710858
3.705,-0.00707357
3.7055,0.07840752
3.706,0.05233012
3.7065,0.17594808
3.707,0.09835647
3.7075,0.02363723
3.708,-0.10520815
3.7085,-0.16917063
3.709,-0.2663134
3.7095,-0.34652839
3.71,-0.35737509
3.7105,-0.37973269
3.711,-0.42655618
3.7115,-0.35859783
3.712,-0.43570058
3.7125,-0.3220688
3.713,-0.23861306
3.7135,-0.15301424
3.714,0.02615076
3.7145,0.05474068
3.715,0.01998764
3.7155,0.02756531
3.716,-0.09100989
3.7165,-0.08016166
3.717,-0.04555328
3.7175,-0.01198022
3.718,0.03416446
3.7185,0.07931325
3.719,0.09143008
3.7195,0.10168582
3.72,0.17289362
3.7205,0.23187057
3.721,0.4072878
3.7215,0.51475002
3.722,0.4439633
3.7225,0.46648577
3.723,0.34299049
3.7235,0.19325207
3.724,0.13446548
3.7245,0.0599626
3.725,0.10674522
3.7255,0.05596886
3.726,-0.01840927
3.7265,-0.01201572
3.727,-0.08589397
3.7275,-0.13135937
3.728,-0.06292166
3.7285,0.00228721
3.729,0.00861031
3.7295,0.02887055
3.73,0.00051665
3.7305,-0.14179934
3.731,-0.26769707
3.7315,-0.33874593
3.732,-0.44979872
3.7325,-0.41681895
3.733,-0.33708559
3.7335,-0.33772375
3.734,-0.36264072
3.7345,-0.33112908
3.735,-0.24188243
3.7355,-0.20020707
3.736,0.03636218
3.7365,0.05700982
3.737,0.1011944
3.7375,0.15148245
3.738,0.09776124
3.7385,0.10337413
3.739,-0.02713836
3.7395,-0.02422956
3.74,0.01684606
3.7405,0.03733242
3.741,0.17538674
3.7415,0.17917158
3.742,0.13326833
3.7425,0.17626541
3.743,0.31096258
3.7435,0.33767946
3.744,0.37403214
3.7445,0.4426146
3.745,0.44604052
3.7455,0.35502136
3.746,0.20284296
3.7465,0.05842904
3.747,0.02922671
3.7475,-0.05928789
3.748,-0.04856437
3.7485,-0.10105962
3.749,-0.09198183
3.7495,-0.16767651
3.75,-0.18525078
3.7505,-0.17661078
3.751,-0.06156652
3.7515,-0.08785659
3.752,-0.02789759
3.7525,-0.00324049
3.753,-0.07343198
3.7535,-0.21190478
3.754,-0.41404731
3.7545,-0.37294075
3.755,-0.42215376
3.7555,-0.2895116
3.756,-0.27504236
3.7565,-0.25104958
3.757,-0.26080831
3.7575,-0.20905194
3.758,-0.17357451
3.7585,-0.02906163
3.759,0.10258388
3.7595,0.15896612
3.76,0.24319272
3.7605,0.20682041
3.761,0.10317861
3.7615,0.08528068
3.762,-0.00333513
3.7625,0.02464693
3.763,0.10236399
3.7635,0.14911567
3.764,0.23408782
3.7645,0.17281203
3.765,0.22927973
3.7655,0.22077439
3.766,0.28493624
3.7665,0.36531023
3.767,0.40735874
3.7675,0.35338915
3.768,0.36916292
3.7685,0.16143112
3.769,0.04299333
3.7695,-0.03618644
3.77,-0.09327049
3.7705,-0.13751147
3.771,-0.10188784
3.7715,-0.13573042
3.772,-0.17819758
3.7725,-0.25242735
3.773,-0.29437896
3.7735,-0.15280853
3.774,-0.16689268
3.7745,-0.0953837
3.775,-0.10420305
3.7755,-0.1482428
3.776,-0.26374554
3.7765,-0.31469663
3.777,-0.38847185
3.7775,-0.42617895
3.778,-0.33242218
3.7785,-0.26952201
3.779,-0.19668639
3.7795,-0.06106394
3.78,-0.03722133
3.7805,-0.02789705
3.781,-0.03954487
3.7815,0.14284128
3.782,0.22962155
3.7825,0.33744988
3.783,0.26272853
3.7835,0.28264789
3.784,0.23742859
3.7845,0.0986828
3.785,0.09450506
3.7855,0.14026463
3.786,0.2094621
3.7865,0.20386354
3.787,0.18182803
3.7875,0.25188586
3.788,0.26691924
3.7885,0.29290662
3.789,0.27097984
3.7895,0.31252691
3.79,0.32421871
3.7905,0.22527144
3.791,0.13248607
3.7915,0.03655026
3.792,-0.12136031
3.7925,-0.18825789
3.793,-0.294825
3.7935,-0.27653662
3.794,-0.19577183
3.7945,-0.25408659
3.795,-0.14986135
3.7955,-0.18161566
3.796,-0.22484735
3.7965,-0.16884091
3.797,-0.17121051
3.7975,-0.14051966
3.798,-0.09339801
3.7985,-0.1294485
3.799,-0.25827841
3.7995,-0.34326234
3.8,-0.32061277
3.8005,-0.36145745
3.801,-0.23549977
3.8015,-0.17492264
3.802,0.00148032
3.8025,0.07578693
3.803,0.05092966
3.8035,0.16057122
3.804,0.23237809
3.8045,0.27669421
3.805,0.28123324
3.8055,0.36992882
3.806,0.29333622
3.8065,0.21981087
3.807,0.19682231
3.8075,0.11828681
3.808,0.05926063
3.8085,0.07850569
3.809,0.21713082
3.8095,0.22624024
3.81,0.28283397
3.8105,0.16150437
3.811,0.215487
3.8115,0.22925791
3.812,0.18140266
3.8125,0.23300248
3.813,0.23648353
3.8135,0.08644415
3.814,-0.01726798
3.8145,-0.15148918
3.815,-0.34749508
3.8155,-0.36607258
3.816,-0.42949024
3.8165,-0.35388016
3.817,-0.29491493
3.8175,-0.28063976
3.818,-0.22246313
3.8185,-0.22066048
3.819,-0.30552817
3.8195,-0.12083241
3.82,-0.14305071
3.8205,-0.05115522
3.821,-0.10955267
3.8215,-0.13854519
3.822,-0.31012017
3.8225,-0.32429982
3.823,-0.27966425
3.8235,-0.17632131
3.824,-0.08246114
3.8245,0.06721391
3.825,0.14178038
3.8255,0.1834607
3.826,0.23625902
3.8265,0.21081998
3.827,0.29110058
3.8275,0.33182241
3.828,0.33584011
3.8285,0.28251116
3.829,0.2881695
3.8295,0.21417255
3.83,0.09719272
3.8305,0.05898975
3.831,0.043607
3.8315,0.07600284
3.832,0.16985472
3.8325,0.18728801
3.833,0.23595887
3.8335,0.19177467
3.834,0.16513257
3.8345,0.12353315
3.835,0.12619162
3.8355,0.09983921
3.836,0.00580925
3.8365,-0.16585946
3.837,-0.07317598
3.8375,-0.35221073
3.838,-0.40142253
3.8385,-0.46949888
3.839,-0.43033701
3.8395,-0.31647267
3.84,-0.28946593
3.8405,-0.198914
3.841,-0.15202509
3.8415,-0.14442441
3.842,-0.13099659
3.8425,-0.15752013
3.843,-0.07040303
3.8435,-0.0643646
3.844,-0.06749432
3.8445,-0.11524521
3.845,-0.26455843
3.8455,-0.27057572
3.846,-0.18286641
3.8465,-0.06141533
3.847,0.08620988
3.8475,0.15254986
3.848,0.2818429
3.8485,0.32090924
3.849,0.34405483
3.8495,0.40672525
3.85,0.40139471
3.8505,0.35829034
3.851,0.33077553
3.8515,0.31132123
3.852,0.22783543
3.8525,0.12029342
3.853,0.01562853
3.8535,0.07621858
3.854,0.03374931
3.8545,0.08899774
3.855,0.13542904
3.8555,0.16161539
3.856,0.21792201
3.8565,0.12029364
3.857,-0.01470811
3.8575,-0.00263851
3.858,-0.05371283
3.8585,-0.09739265
3.859,-0.12826437
3.8595,-0.18258196
3.86,-0.39544832
3.8605,-0.42061803
3.861,-0.40857903
3.8615,-0.40089505
3.862,-0.37483966
3.8625,-0.24448129
3.863,-0.13147029
3.8635,-0.10506487
3.864,-0.1092572
3.8645,-0.12624421
3.865,-0.08440752
3.8655,-0.10370418
3.866,-0.04869172
3.8665,-0.05230523
3.867,-0.02918263
3.8675,-0.00431626
3.868,-0.09803625
3.8685,-0.10780527
3.869,0.00547399
3.8695,0.04757882
3.87,0.27476642
3.8705,0.41637252
3.871,0.43371799
3.8715,0.37824399
3.872,0.38455463
3.8725,0.35540762
3.873,0.31305328
3.8735,0.31179781
3.874,0.28022221
3.8745,0.26635519
3.875,0.14800412
3.8755,-0.00846774
3.876,-0.14415296
3.8765,-0.05238206
3.877,-0.04137308
3.8775,0.07647963
3.878,0.16484298
3.8785,0.15647694
3.879,8.879e-05
3.8795,0.01484379
3.88,-0.09861468
3.8805,-0.16433584
3.881,-0.18324865
3.8815,-0.30312476
3.882,-0.26856844
3.8825,-0.37712054
3.883,-0.41776991
3.8835,-0.51443887
3.884,-0.41672777
3.8845,-0.41473503
3.885,-0.2598777
3.8855,-0.04299561
3.886,0.0064563
3.8865,0.02295625
3.887,0.02034025
3.8875,0.04452492
3.888,-0.05639934
3.8885,-0.00972465
3.889,-0.04835823
3.8895,0.01831339
3.89,0.04008606
3.8905,0.05163325
3.891,-0.00592116
3.8915,0.04014915
3.892,0.10135396
3.8925,0.23138014
3.893,0.37037005
3.8935,0.4286741
3.894,0.46375233
3.8945,0.46810828
3.895,0.39349312
3.8955,0.29223898
3.896,0.26512386
3.8965,0.22363924
3.897,0.18315353
3.8975,0.15172525
3.898,-0.05497758
3.8985,-0.1171834
3.899,-0.11062409
3.8995,-0.13404722
3.9,-0.10026373
3.9005,0.02322638
3.901,0.03905999
3.9015,0.06439799
3.902,-0.00788458
3.9025,-0.11008321
3.903,-0.18772823
3.9035,-0.30276264
3.904,-0.22802879
3.9045,-0.31734101
3.905,-0.41530392
3.9055,-0.38298471
3.906,-0.44639727
3.9065,-0.43849403
3.907,-0.38311446
3.9075,-0.26757205
3.908,-0.11512457
3.9085,0.02465851
3.909,0.12564955
3.9095,0.09479834
3.91,0.10485842
3.9105,0.03740657
3.911,0.04481707
3.9115,0.07554838
3.912,0.05656548
3.9125,0.13821605
3.913,0.10948524
3.9135,0.0506935
3.914,0.07007558
3.9145,0.13811424
3.915,0.21264803
3.9155,0.36520448
3.916,0.42395631
3.9165,0.45440106
3.917,0.43137517
3.9175,0.38449374
3.918,0.25874714
3.9185,0.2274561
3.919,0.08854198
3.9195,0.11799205
3.92,-0.00482904
3.9205,-0.1040248
3.921,-0.12513301
3.9215,-0.28567382
3.922,-0.23634578
3.9225,-0.14954768
3.923,-0.13574252
3.9235,-0.08238733
3.924,-0.03030037
3.9245,-0.0733923
3.925,-0.09171919
3.9255,-0.24582461
3.926,-0.30646416
3.9265,-0.27044307
3.927,-0.27854743
3.9275,-0.34175369
3.928,-0.33525896
3.9285,-0.30416804
3.929,-0.39006181
3.9295,-0.2657967
3.93,-0.19093291
3.9305,-0.00792174
3.931,0.15426208
3.9315,0.19360739
3.932,0.21040452
3.9325,0.19246696
3.933,0.14880786
3.9335,0.07116165
3.934,0.16819238
3.9345,0.10644843
3.935,0.16710376
3.9355,0.12732873
3.936,0.12438206
3.9365,0.19246785
3.937,0.1630027
3.9375,0.18523152
3.938,0.29594874
3.9385,0.32083142
3.939,0.48329598
3.9395,0.46800446
3.94,0.35636832
3.9405,0.28247152
3.941,0.11818578
3.9415,-0.00177676
3.942,-0.04878184
3.9425,-0.08704872
3.943,-0.10134206
3.9435,-0.1990774
3.944,-0.24345561
3.9445,-0.22215458
3.945,-0.33418811
3.9455,-0.23025751
3.946,-0.16597852
3.9465,-0.1100399
3.947,-0.0699888
3.9475,-0.06979035
3.948,-0.19426443
3.9485,-0.31272736
3.949,-0.31013446
3.9495,-0.31893428
3.95,-0.2902494
3.9505,-0.27936121
3.951,-0.26128873
3.9515,-0.25947134
3.952,-0.25096641
3.9525,-0.11391484
3.953,0.00809936
3.9535,0.15113518
3.954,0.25916241
3.9545,0.31506513
3.955,0.31981205
3.9555,0.25776109
3.956,0.21130445
3.9565,0.1252885
3.957,0.09113041
3.9575,0.17432057
3.958,0.15685177
3.9585,0.17484366
3.959,0.13706947
3.9595,0.18817467
3.96,0.22553372
3.9605,0.27533051
3.961,0.26858194
3.9615,0.43054789
3.962,0.39969459
3.9625,0.28351063
3.963,0.18072262
3.9635,0.04920478
3.964,-0.05446044
3.9645,-0.17799693
3.965,-0.1670834
3.9655,-0.204914
3.966,-0.23369324
3.9665,-0.31664533
3.967,-0.36536536
3.9675,-0.25042512
3.968,-0.27753109
3.9685,-0.20140209
3.969,-0.16451589
3.9695,-0.06383102
3.97,-0.135989
3.9705,-0.14012555
3.971,-0.192972
3.9715,-0.26870999
3.972,-0.31004211
3.9725,-0.35854129
3.973,-0.2909784
3.9735,-0.18059413
3.974,-0.11474162
3.9745,-0.05914675
3.975,-0.05218545
3.9755,0.04492092
3.976,0.17132077
3.9765,0.26945109
3.977,0.39869336
3.9775,0.35443769
3.978,0.37713522
3.9785,0.30833068
3.979,0.15734261
3.9795,0.11365432
3.98,0.11751015
3.9805,0.18566282
3.981,0.16819057
3.9815,0.23211785
3.982,0.16902528
3.9825,0.19313907
3.983,0.14522491
3.9835,0.23024068
3.984,0.28052571
3.9845,0.33444063
3.985,0.27522783
3.9855,0.15793944
3.986,0.05798816
3.9865,-0.19497232
3.987,-0.24871243
3.9875,-0.26859863
3.988,-0.30510114
3.9885,-0.23168349
3.989,-0.32932978
3.9895,-0.35330469
3.99,-0.3045988
3.9905,-0.17272817
3.991,-0.20740454
3.9915,-0.14024816
3.992,-0.05797821
3.9925,-0.10000379
3.993,-0.10140086
3.9935,-0.15150389
3.994,-0.16297467
3.9945,-0.31042394
3.995,-0.31655874
3.9955,-0.25239494
3.996,-0.12935542
3.9965,-0.05205517
3.997,0.0533575
3.9975,0.08295804
3.998,0.15401631
3.9985,0.18761468
3.999,0.30141519
3.9995,0.38581957
