time,voltage
0.0,0.32050952
0.0005,0.38886835
0.001,0.37436856
0.0015,0.46594494
0.002,0.49932573
0.0025,0.47309678
0.003,0.41978671
0.0035,0.27883987
0.004,0.16971733
0.0045,0.04710381
0.005,-0.00502505
0.0055,0.09729603
0.006,0.12482531
0.0065,0.21911331
0.007,0.28207123
0.0075,0.30266329
0.008,0.22584989
0.0085,0.15688845
0.009,0.1328146
0.0095,0.08848457
0.01,0.03324145
0.0105,-0.10588356
0.011,-0.21729254
0.0115,-0.40256907
0.012,-0.552938
0.0125,-0.62079221
0.013,-0.62343229
0.0135,-0.42466404
0.014,-0.34777399
0.0145,-0.26186341
0.015,-0.17310659
0.0155,-0.08284773
0.016,-0.14634373
0.0165,-0.22664908
0.017,-0.18498269
0.0175,-0.07839789
0.018,-0.14686261
0.0185,-0.09098165
0.019,-0.20808972
0.0195,-0.2668832
0.02,-0.25474181
0.0205,-0.2743878
0.021,-0.12973424
0.0215,0.12714289
0.022,0.21406744
0.0225,0.39669334
0.023,0.4682572
0.0235,0.48430121
0.024,0.47071575
0.0245,0.39251875
0.025,0.39961735
0.0255,0.34477586
0.026,0.34378448
0.0265,0.24764218
0.027,0.1633143
0.0275,0.02368648
0.028,-0.00952728
0.0285,-0.02945749
0.029,0.10110659
0.0295,0.2369426
0.03,0.25502347
0.0305,0.26828735
0.031,0.2548978
0.0315,0.17884305
0.032,0.0328803
0.0325,-0.05617324
0.033,-0.16757877
0.0335,-0.18432797
0.034,-0.30858634
0.0345,-0.35572116
0.035,-0.54399699
0.0355,-0.63559729
0.036,-0.55713208
0.0365,-0.47319955
0.037,-0.3384553
0.0375,-0.22938151
0.038,-0.1001904
0.0385,-0.03750664
0.039,-0.11967704
0.0395,-0.11941893
0.04,-0.17976057
0.0405,-0.2150494
0.041,-0.23736681
0.0415,-0.21866254
0.042,-0.2187551
0.0425,-0.20662033
0.043,-0.25898478
0.0435,-0.20045707
0.044,-0.06465275
0.0445,0.12716842
0.045,0.32420645
0.0455,0.40181782
0.046,0.56615304
0.0465,0.54290118
0.047,0.46207346
0.0475,0.40395251
0.048,0.32642004
0.0485,0.20726161
0.049,0.26071479
0.0495,0.27032844
0.05,0.14448655
0.0505,0.06642449
0.051,0.14488421
0.0515,0.0333907
0.052,0.11614144
0.0525,0.19974118
0.053,0.36663956
0.0535,0.38989176
0.054,0.2670284
0.0545,0.13419214
0.055,0.03729832
0.0555,-0.10395951
0.056,-0.22476458
0.0565,-0.25734811
0.057,-0.33148239
0.0575,-0.39863106
0.058,-0.4844225
0.0585,-0.41713805
0.059,-0.54549178
0.0595,-0.47005539
0.06,-0.33665814
0.0605,-0.19269312
0.061,-0.05427368
0.0615,0.03302638
0.062,-0.03329215
0.0625,-0.09950452
0.063,-0.23360439
0.0635,-0.24577641
0.064,-0.27556027
0.0645,-0.29564526
0.065,-0.16164161
0.0655,-0.13333325
0.066,-0.0978719
0.0665,-0.01535697
0.067,0.12072014
0.0675,0.15119852
0.068,0.28752804
0.0685,0.49243543
0.069,0.54160727
0.0695,0.50670819
0.07,0.52083305
0.0705,0.38083867
0.071,0.27175813
0.0715,0.21214902
0.072,0.18970727
0.0725,0.19594963
0.073,0.18466826
0.0735,0.18858916
0.074,0.06160861
0.0745,0.0282826
0.075,0.04995429
0.0755,0.18280901
0.076,0.31232885
0.0765,0.25543543
0.077,0.29110773
0.0775,0.20747998
0.078,-0.02789561
0.0785,-0.12802445
0.079,-0.34808843
0.0795,-0.41094455
0.08,-0.34505263
0.0805,-0.42070412
0.081,-0.44546137
0.0815,-0.35669078
0.082,-0.44079717
0.0825,-0.34395683
0.083,-0.34517134
0.0835,-0.21011094
0.084,-0.12813261
0.0845,-0.03169443
0.085,-0.03109438
0.0855,-0.11029114
0.086,-0.19987275
0.0865,-0.30696811
0.087,-0.34224004
0.0875,-0.32104011
0.088,-0.22881664
0.0885,-0.10155252
0.089,-0.04473526
0.0895,0.06578689
0.09,0.16014799
0.0905,0.20546474
0.091,0.31195848
0.0915,0.49625667
0.092,0.50499266
0.0925,0.5911037
0.093,0.5168601
0.0935,0.32165198
0.094,0.24218647
0.0945,0.17820974
0.095,0.14887879
0.0955,0.13751953
0.096,0.17250609
0.0965,0.21138188
0.097,0.11672933
0.0975,0.11514811
0.098,0.18496185
0.0985,0.13491477
0.099,0.25518598
0.0995,0.2522082
0.1,0.23896723
0.1005,0.15230549
0.101,-0.02815193
0.1015,-0.19425761
0.102,-0.37638223
0.1025,-0.49632873
0.103,-0.48555535
0.1035,-0.49466377
0.104,-0.44010782
0.1045,-0.34570001
0.105,-0.32857852
0.1055,-0.27277758
0.106,-0.22527797
0.1065,-0.22812718
0.107,-0.13844303
0.1075,-0.06730329
0.108,-0.09627392
0.1085,-0.03196329
0.109,-0.14221969
0.1095,-0.3535979
0.11,-0.33632362
0.1105,-0.34107221
0.111,-0.18694496
0.1115,-0.07917715
0.112,0.01364519
0.1125,0.10386429
0.113,0.20518338
0.1135,0.22238522
0.114,0.38177232
0.1145,0.52638304
0.115,0.56255828
0.1155,0.49906385
0.116,0.52944555
0.1165,0.41374936
0.117,0.24073226
0.1175,0.12429896
0.118,0.10274291
0.1185,0.0593663
0.119,0.09550709
0.1195,0.22193778
0.12,0.22328167
0.1205,0.24208316
0.121,0.20228808
0.1215,0.14711721
0.122,0.17833214
0.1225,0.25033863
0.123,0.15884938
0.1235,0.08584298
0.124,-0.07450197
0.1245,-0.25761257
0.125,-0.372308
0.1255,-0.53749386
0.126,-0.587882
0.1265,-0.50610022
0.127,-0.42631879
0.1275,-0.31521048
0.128,-0.24880217
0.1285,-0.19193246
0.129,-0.25406431
0.1295,-0.1994693
0.13,-0.21180343
0.1305,-0.10778538
0.131,-0.00668916
0.1315,-0.06503704
0.132,-0.15596563
0.1325,-0.2693191
0.133,-0.30376237
0.1335,-0.28194834
0.134,-0.20743184
0.1345,-0.03853113
0.135,0.04206381
0.1355,0.2468591
0.136,0.35008176
0.1365,0.35833185
0.137,0.38315606
0.1375,0.38645321
0.138,0.51655666
0.1385,0.47326232
0.139,0.51741502
0.1395,0.38698913
0.14,0.23843177
0.1405,0.13825315
0.141,0.08454531
0.1415,-0.03907847
0.142,0.07725836
0.1425,0.19480334
0.143,0.23167597
0.1435,0.29583413
0.144,0.24766747
0.1445,0.20909652
0.145,0.14114468
0.1455,0.07060072
0.146,0.0381715
0.1465,-0.03606994
0.147,-0.14415131
0.1475,-0.27186147
0.148,-0.37120905
0.1485,-0.56275162
0.149,-0.56189884
0.1495,-0.50568968
0.15,-0.44242253
0.1505,-0.30326676
0.151,-0.27357126
0.1515,-0.13639471
0.152,-0.15127108
0.1525,-0.21999055
0.153,-0.10869862
0.1535,-0.15722412
0.154,-0.19087754
0.1545,-0.15687672
0.155,-0.17008244
0.1555,-0.23673692
0.156,-0.26460755
0.1565,-0.29720489
0.157,-0.1680811
0.1575,-0.03559182
0.158,0.14654741
0.1585,0.33538638
0.159,0.40241561
0.1595,0.53867523
0.16,0.45324809
0.1605,0.4231167
0.161,0.43862963
0.1615,0.39452666
0.162,0.48801818
0.1625,0.29318327
0.163,0.29312397
0.1635,0.181872
0.164,0.08558167
0.1645,-0.00402236
0.165,0.0535809
0.1655,0.17533102
0.166,0.25199506
0.1665,0.36352098
0.167,0.32133343
0.1675,0.27955598
0.168,0.1264155
0.1685,0.05596414
0.169,0.00857507
0.1695,-0.18348504
0.17,-0.12209742
0.1705,-0.24064888
0.171,-0.37774894
0.1715,-0.51545414
0.172,-0.53706137
0.1725,-0.58666769
0.173,-0.45768891
0.1735,-0.31547728
0.174,-0.2124026
0.1745,-0.0368421
0.175,-0.10840886
0.1755,-0.09411094
0.176,-0.19364312
0.1765,-0.17588513
0.177,-0.30537565
0.1775,-0.25997488
0.178,-0.23593094
0.1785,-0.22818307
0.179,-0.21210482
0.1795,-0.23161318
0.18,-0.125199
0.1805,-0.04857207
0.181,0.11517934
0.1815,0.32034009
0.182,0.46504944
0.1825,0.56766833
0.183,0.51645168
0.1835,0.46764187
0.184,0.37298045
0.1845,0.30794209
0.185,0.23687636
0.1855,0.32447189
0.186,0.24482345
0.1865,0.21135272
0.187,0.14667408
0.1875,0.090692
0.188,0.04812177
0.1885,0.16813044
0.189,0.19751366
0.1895,0.39321277
0.19,0.30954912
0.1905,0.31175076
0.191,0.15196047
0.1915,-0.04403605
0.192,-0.12981368
0.1925,-0.26959062
0.193,-0.35208433
0.1935,-0.37561022
0.194,-0.41018784
0.1945,-0.45462385
0.195,-0.46818862
0.1955,-0.52469342
0.196,-0.41228897
0.1965,-0.35096833
0.197,-0.14932422
0.1975,-0.05090905
0.198,-0.04600274
0.1985,-0.09034092
0.199,-0.16928927
0.1995,-0.25321811
0.2,-0.29773815
0.2005,-0.26226183
0.201,-0.21234824
0.2015,-0.21932395
0.202,-0.13840095
0.2025,-0.07917161
0.203,-0.07032467
0.2035,-0.03216792
0.204,0.20119094
0.2045,0.33579255
0.205,0.447373
0.2055,0.61875239
0.206,0.47230091
0.2065,0.48390044
0.207,0.342885
0.2075,0.28597741
0.208,0.11551501
0.2085,0.17704289
0.209,0.22926694
0.2095,0.19533239
0.21,0.1837089
0.2105,0.12883653
0.211,0.12003197
0.2115,0.14499155
0.212,0.22853029
0.2125,0.30166594
0.213,0.34514966
0.2135,0.25506509
0.214,0.2002613
0.2145,0.01809496
0.215,-0.2298693
0.2155,-0.33982439
0.216,-0.42149414
0.2165,-0.36645475
0.217,-0.44517423
0.2175,-0.4769537
0.218,-0.43897052
0.2185,-0.43449295
0.219,-0.40657785
0.2195,-0.30866895
0.22,-0.2101428
0.2205,-0.06106103
0.221,-0.02187168
0.2215,-0.00730859
0.222,-0.15579598
0.2225,-0.23418669
0.223,-0.25079309
0.2235,-0.30557986
0.224,-0.32429558
0.2245,-0.25061832
0.225,-0.12865125
0.2255,-0.08035249
0.226,0.04394095
0.2265,0.11816098
0.227,0.23075704
0.2275,0.34289091
0.228,0.48333997
0.2285,0.51222114
0.229,0.62443169
0.2295,0.47427729
0.23,0.35491795
0.2305,0.23071582
0.231,0.12672772
0.2315,0.1465592
0.232,0.14448848
0.2325,0.16235177
0.233,0.18653418
0.2335,0.11034247
0.234,0.16826379
0.2345,0.12904368
0.235,0.19743838
0.2355,0.20168671
0.236,0.29544508
0.2365,0.24250472
0.237,0.16068234
0.2375,-0.11057886
0.238,-0.25313085
0.2385,-0.42840012
0.239,-0.4879065
0.2395,-0.55469413
0.24,-0.43486431
0.2405,-0.45918995
0.241,-0.33285349
0.2415,-0.29805309
0.242,-0.36393392
0.2425,-0.25041076
0.243,-0.21463678
0.2435,-0.09999455
0.244,-0.0017959
0.2445,-0.08905189
0.245,-0.08805957
0.2455,-0.19777224
0.246,-0.31125557
0.2465,-0.35787793
0.247,-0.29744935
0.2475,-0.23092339
0.248,-0.02422285
0.2485,0.0353787
0.249,0.12457523
0.2495,0.22873737
0.25,0.30234675
0.2505,0.36541467
0.251,0.48830511
0.2515,0.44876907
0.252,0.50544757
0.2525,0.48274344
0.253,0.38086153
0.2535,0.2583586
0.254,0.07241136
0.2545,0.01768312
0.255,0.10228127
0.2555,0.1946869
0.256,0.16490404
0.2565,0.29225555
0.257,0.2577931
0.2575,0.21530058
0.258,0.20844161
0.2585,0.20317787
0.259,0.14197888
0.2595,0.13801649
0.26,0.06616888
0.2605,-0.05576079
0.261,-0.26064138
0.2615,-0.45463092
0.262,-0.53505853
0.2625,-0.59632357
0.263,-0.55890285
0.2635,-0.39419757
0.264,-0.34634981
0.2645,-0.18214637
0.265,-0.1989813
0.2655,-0.23837249
0.266,-0.24762367
0.2665,-0.19563811
0.267,-0.10105095
0.2675,-0.0727556
0.268,-0.08716818
0.2685,-0.2697432
0.269,-0.2994454
0.2695,-0.30756531
0.27,-0.36969659
0.2705,-0.20230408
0.271,-0.01457039
0.2715,0.15417255
0.272,0.24037126
0.2725,0.38073009
0.273,0.36566586
0.2735,0.35910493
0.274,0.40795043
0.2745,0.43259853
0.275,0.5526447
0.2755,0.46340452
0.276,0.40180425
0.2765,0.30766082
0.277,0.10051618
0.2775,0.03582595
0.278,0.09774356
0.2785,0.09878551
0.279,0.2233221
0.2795,0.29987347
0.28,0.33510771
0.2805,0.29414153
0.281,0.17913591
0.2815,0.18342801
0.282,0.09746852
0.2825,0.04761005
0.283,-0.06441561
0.2835,-0.15380767
0.284,-0.28726503
0.2845,-0.40401472
0.285,-0.5228518
0.2855,-0.5809347
0.286,-0.52117827
0.2865,-0.42125388
0.287,-0.31230783
0.2875,-0.20953563
0.288,-0.11739549
0.2885,-0.13377873
0.289,-0.12423533
0.2895,-0.14464614
0.29,-0.19529434
0.2905,-0.14625225
0.291,-0.09276098
0.2915,-0.17979491
0.292,-0.21252809
0.2925,-0.2316578
0.293,-0.27699605
0.2935,-0.16304717
0.294,-0.01528929
0.2945,0.21291789
0.295,0.34579047
0.2955,0.42706397
0.296,0.41103358
0.2965,0.50417565
0.297,0.39798645
0.2975,0.33854881
0.298,0.40378531
0.2985,0.32281717
0.299,0.30271982
0.2995,0.19750463
0.3,0.20080967
0.3005,0.07028511
0.301,-0.01076968
0.3015,0.02024764
0.302,0.23595638
0.3025,0.25572142
0.303,0.32764721
0.3035,0.32117297
0.304,0.24147438
0.3045,0.11988158
0.305,0.06082244
0.3055,-0.13620429
0.306,-0.16056993
0.3065,-0.19368924
0.307,-0.32050122
0.3075,-0.43748816
0.308,-0.53686702
0.3085,-0.61360658
0.309,-0.55061298
0.3095,-0.36941545
0.31,-0.20798893
0.3105,-0.21988365
0.311,-0.16548306
0.3115,-0.12591144
0.312,-0.12039421
0.3125,-0.13101664
0.313,-0.18192618
0.3135,-0.22994848
0.314,-0.19809481
0.3145,-0.206445
0.315,-0.2042635
0.3155,-0.27120203
0.316,-0.19566487
0.3165,-0.13581727
0.317,-0.02231838
0.3175,0.22501386
0.318,0.38691607
0.3185,0.50878732
0.319,0.55499554
0.3195,0.55983114
0.32,0.4534877
0.3205,0.31612998
0.321,0.2565367
0.3215,0.30578438
0.322,0.20179751
0.3225,0.2565133
0.323,0.20801683
0.3235,0.11472127
0.324,0.1059743
0.3245,0.02954263
0.325,0.17898976
0.3255,0.2353395
0.326,0.39114097
0.3265,0.34629569
0.327,0.1946685
0.3275,0.14303242
0.328,-0.05238402
0.3285,-0.15801436
0.329,-0.27988767
0.3295,-0.31814171
0.33,-0.35727527
0.3305,-0.38799321
0.331,-0.55625548
0.3315,-0.52418779
0.332,-0.49090885
0.3325,-0.3830614
0.333,-0.26653191
0.3335,-0.1467563
0.334,-0.03402902
0.3345,-0.04147088
0.335,-0.09376531
0.3355,-0.20774728
0.336,-0.27215367
0.3365,-0.30576052
0.337,-0.32147779
0.3375,-0.2635925
0.338,-0.17777987
0.3385,-0.12798772
0.339,-0.09376832
0.3395,-0.02074163
0.34,0.12635302
0.3405,0.20835667
0.341,0.41606996
0.3415,0.50725379
0.342,0.60132209
0.3425,0.62694418
0.343,0.44814698
0.3435,0.34904083
0.344,0.18650694
0.3445,0.17604557
0.345,0.13783168
0.3455,0.1593539
0.346,0.19712346
0.3465,0.11580504
0.347,0.10600296
0.3475,0.1068616
0.348,0.14230307
0.3485,0.24373805
0.349,0.22223088
0.3495,0.26027761
0.35,0.30248597
0.3505,0.13848469
0.351,0.00992615
0.3515,-0.24362982
0.352,-0.35978565
0.3525,-0.39719157
0.353,-0.45176753
0.3535,-0.45474428
0.354,-0.368743
0.3545,-0.45361217
0.355,-0.46722798
0.3555,-0.39223683
0.356,-0.28423167
0.3565,-0.1479399
0.357,-0.08609507
0.3575,-0.05770879
0.358,-0.08250682
0.3585,-0.15112388
0.359,-0.28853743
0.3595,-0.35829661
0.36,-0.31483259
0.3605,-0.31242734
0.361,-0.18011486
0.3615,-0.03421448
0.362,-0.14294901
0.3625,0.10960196
0.363,0.13130075
0.3635,0.24215129
0.364,0.34493924
0.3645,0.53099775
0.365,0.6011753
0.3655,0.61452291
0.366,0.44768005
0.3665,0.37847161
0.367,0.29025365
0.3675,0.11181613
0.368,0.09415517
0.3685,0.0726453
0.369,0.12016494
0.3695,0.16466218
0.37,0.24742633
0.3705,0.16649046
0.371,0.16724486
0.3715,0.26122915
0.372,0.30895587
0.3725,0.25202086
0.373,0.20247682
0.3735,0.06433188
0.374,-0.0895967
0.3745,-0.24152284
0.375,-0.40216579
0.3755,-0.47952035
0.376,-0.47695034
0.3765,-0.47890814
0.377,-0.43293618
0.3775,-0.38433072
0.378,-0.34034039
0.3785,-0.24184324
0.379,-0.25426968
0.3795,-0.2043197
0.38,-0.06798592
0.3805,-0.05308964
0.381,-0.09042461
0.3815,-0.12332785
0.382,-0.30149568
0.3825,-0.31563317
0.383,-0.31490364
0.3835,-0.34808556
0.384,-0.16051955
0.3845,-0.0936989
0.385,0.09746627
0.3855,0.1677752
0.386,0.19894461
0.3865,0.33503113
0.387,0.38787736
0.3875,0.44137993
0.388,0.54102564
0.3885,0.49047331
0.389,0.5467846
0.3895,0.31846141
0.39,0.20740912
0.3905,0.08442646
0.391,-0.02938122
0.3915,0.06962672
0.392,0.11871066
0.3925,0.32049376
0.393,0.26903824
0.3935,0.27296857
0.394,0.19165711
0.3945,0.12967627
0.395,0.17345824
0.3955,0.16388077
0.396,0.13747233
0.3965,0.04570376
0.397,-0.09474918
0.3975,-0.30089433
0.398,-0.49096772
0.3985,-0.48326846
0.399,-0.55847746
0.3995,-0.44887784
0.4,-0.43454067
0.4005,-0.30411208
0.401,-0.28426707
0.4015,-0.20033844
0.402,-0.2577616
0.4025,-0.19623372
0.403,-0.12886507
0.4035,-0.0795294
0.404,-0.16609921
0.4045,-0.18839031
0.405,-0.26672492
0.4055,-0.29762529
0.406,-0.36630631
0.4065,-0.2627067
0.407,-0.22584815
0.4075,-0.0784866
0.408,0.12521007
0.4085,0.24971727
0.409,0.3839403
0.4095,0.37939103
0.41,0.36834209
0.4105,0.4414293
0.411,0.45982968
0.4115,0.50382862
0.412,0.347897
0.4125,0.35509697
0.413,0.22495546
0.4135,0.15677398
0.414,0.04534982
0.4145,0.05052109
0.415,0.20459708
0.4155,0.23633357
0.416,0.28241645
0.4165,0.34600677
0.417,0.32636612
0.4175,0.22335368
0.418,0.13511689
0.4185,0.07299743
0.419,0.05492634
0.4195,-0.08339995
0.42,-0.18504308
0.4205,-0.30698295
0.421,-0.39238821
0.4215,-0.56700694
0.422,-0.54591671
0.4225,-0.48486172
0.423,-0.43426863
0.4235,-0.2407665
0.424,-0.13367733
0.4245,-0.11549704
0.425,-0.13064306
0.4255,-0.16634591
0.426,-0.15948467
0.4265,-0.20751939
0.427,-0.14822134
0.4275,-0.161714
0.428,-0.25114905
0.4285,-0.26643154
0.429,-0.21391982
0.4295,-0.27362561
0.43,-0.15389586
0.4305,-0.06580753
0.431,0.17708565
0.4315,0.37293817
0.432,0.43297418
0.4325,0.45951559
0.433,0.49704397
0.4335,0.34221009
0.434,0.35459343
0.4345,0.31882744
0.435,0.38890376
0.4355,0.28977283
0.436,0.26613964
0.4365,0.13593726
0.437,0.09410361
0.4375,0.09310866
0.438,0.08847849
0.4385,0.18891086
0.439,0.33888965
0.4395,0.3792821
0.44,0.30871057
0.4405,0.25571187
0.441,0.13907146
0.4415,0.007946
0.442,-0.09061378
0.4425,-0.20857634
0.443,-0.26083957
0.4435,-0.34136514
0.444,-0.48246823
0.4445,-0.50183482
0.445,-0.49243116
0.4455,-0.51329794
0.446,-0.45073864
0.4465,-0.25080709
0.447,-0.15479566
0.4475,-0.09097005
0.448,-0.14473793
0.4485,-0.09958248
0.449,-0.23634983
0.4495,-0.26665973
0.45,-0.21502542
0.4505,-0.24879282
0.451,-0.25124093
0.4515,-0.17720499
0.452,-0.19693612
0.4525,-0.18513052
0.453,-0.13215005
0.4535,0.03396346
0.454,0.17053911
0.4545,0.40234868
0.455,0.45780376
0.4555,0.5245542
0.456,0.51922682
0.4565,0.46174651
0.457,0.28745245
0.4575,0.26346786
0.458,0.27453504
0.4585,0.25280387
0.459,0.22281736
0.4595,0.15369529
0.46,0.13360669
0.4605,0.08736016
0.461,0.03926845
0.4615,0.1756244
0.462,0.31190916
0.4625,0.37099546
0.463,0.34683002
0.4635,0.25356253
0.464,0.13672544
0.4645,-0.07748986
0.465,-0.17741441
0.4655,-0.29257222
0.466,-0.35147661
0.4665,-0.38634358
0.467,-0.42315568
0.4675,-0.49981299
0.468,-0.49681522
0.4685,-0.46519909
0.469,-0.35754465
0.4695,-0.24758574
0.47,-0.15293117
0.4705,-0.03280489
0.471,-0.10067393
0.4715,-0.12331215
0.472,-0.20817904
0.4725,-0.26579689
0.473,-0.38617303
0.4735,-0.27408516
0.474,-0.23250161
0.4745,-0.23557611
0.475,-0.19539274
0.4755,-0.11901004
0.476,-0.1010361
0.4765,0.10784189
0.477,0.17140275
0.4775,0.42770161
0.478,0.5048253
0.4785,0.55291834
0.479,0.50611419
0.4795,0.38762489
0.48,0.29131135
0.4805,0.24745495
0.481,0.17549747
0.4815,0.22890272
0.482,0.14524879
0.4825,0.19079968
0.483,0.1468295
0.4835,0.13158926
0.484,0.18449032
0.4845,0.20822142
0.485,0.23698762
0.4855,0.29605772
0.486,0.35646199
0.4865,0.24990635
0.487,0.09198863
0.4875,-0.0937926
0.488,-0.31091173
0.4885,-0.30271033
0.489,-0.41900124
0.4895,-0.42469796
0.49,-0.40277415
0.4905,-0.35394496
0.491,-0.40674232
0.4915,-0.42541228
0.492,-0.3562056
0.4925,-0.28339853
0.493,-0.146162
0.4935,-0.06755399
0.494,0.01255311
0.4945,-0.11864423
0.495,-0.17371276
0.4955,-0.33133869
0.496,-0.34578619
0.4965,-0.28547262
0.497,-0.24662475
0.4975,-0.23024387
0.498,-0.11380405
0.4985,0.00871511
0.499,0.02520994
0.4995,0.19518017
0.5,0.22507724
0.5005,0.37054117
0.501,0.47148077
0.5015,0.53465164
0.502,0.55019575
0.5025,0.48711069
0.503,0.29841507
0.5035,0.15926748
0.504,0.096687
0.5045,0.05396009
0.505,0.17962642
0.5055,0.18517668
0.506,0.21232066
0.5065,0.30424336
0.507,0.17241737
0.5075,0.16600849
0.508,0.18208919
0.5085,0.24234164
0.509,0.24487399
0.5095,0.18156799
0.51,0.0711002
0.5105,-0.11751443
0.511,-0.30105237
0.5115,-0.41869864
0.512,-0.57035931
0.5125,-0.47755371
0.513,-0.49051956
0.5135,-0.39548513
0.514,-0.30279765
0.5145,-0.36920682
0.515,-0.21213649
0.5155,-0.28478843
0.516,-0.18197274
0.5165,-0.11957164
0.517,-0.01306867
0.5175,-0.1059104
0.518,-0.15400624
0.5185,-0.25600311
0.519,-0.26950164
0.5195,-0.36768995
0.52,-0.32835853
0.5205,-0.22050454
0.521,-0.02852576
0.5215,0.09001795
0.522,0.24546318
0.5225,0.21396833
0.523,0.32668623
0.5235,0.38590255
0.524,0.45860799
0.5245,0.54849042
0.525,0.55089302
0.5255,0.46043804
0.526,0.33300838
0.5265,0.20606944
0.527,0.08674276
0.5275,0.05412179
0.528,0.08174643
0.5285,0.20194001
0.529,0.23164314
0.5295,0.3167684
0.53,0.23927791
0.5305,0.28172997
0.531,0.18827668
0.5315,0.2349784
0.532,0.20124373
0.5325,0.16456754
0.533,-0.04969456
0.5335,-0.13680375
0.534,-0.297276
0.5345,-0.48013448
0.535,-0.53028893
0.5355,-0.57579504
0.536,-0.39179336
0.5365,-0.38533468
0.537,-0.2722286
0.5375,-0.18871797
0.538,-0.2021818
0.5385,-0.14161448
0.539,-0.14259076
0.5395,-0.13679676
0.54,-0.10342798
0.5405,-0.15256291
0.541,-0.17845839
0.5415,-0.16622909
0.542,-0.32714316
0.5425,-0.3811751
0.543,-0.26717751
0.5435,-0.14282996
0.544,0.0284174
0.5445,0.20083313
0.545,0.2569644
0.5455,0.29436712
0.546,0.38098777
0.5465,0.3810651
0.547,0.44607029
0.5475,0.45859687
0.548,0.47963607
0.5485,0.44166948
0.549,0.33963667
0.5495,0.20106026
0.55,0.08330618
0.5505,-0.00643588
0.551,0.03955891
0.5515,0.13179306
0.552,0.26008723
0.5525,0.36485744
0.553,0.35464464
0.5535,0.38248411
0.554,0.20201353
0.5545,0.09308174
0.555,0.06484598
0.5555,-0.01818274
0.556,-0.10408033
0.5565,-0.1878418
0.557,-0.2608648
0.5575,-0.46897702
0.558,-0.50925882
0.5585,-0.57379096
0.559,-0.48388333
0.5595,-0.29251445
0.56,-0.29974754
0.5605,-0.19958728
0.561,-0.12852373
0.5615,-0.16333804
0.562,-0.20346038
0.5625,-0.19656871
0.563,-0.1918434
0.5635,-0.15487003
0.564,-0.15532869
0.5645,-0.2198206
0.565,-0.32292114
0.5655,-0.28557425
0.566,-0.27295803
0.5665,-0.19418375
0.567,0.03948191
0.5675,0.16443546
0.568,0.39935874
0.5685,0.45178611
0.569,0.49860196
0.5695,0.47347792
0.57,0.43031084
0.5705,0.38443794
0.571,0.33196544
0.5715,0.33850767
0.572,0.23213745
0.5725,0.23375913
0.573,0.16289142
0.5735,0.07220888
0.574,0.08786649
0.5745,0.09588446
0.575,0.21949353
0.5755,0.36350641
0.576,0.37368276
0.5765,0.35043769
0.577,0.20925203
0.5775,0.1038552
0.578,-0.00895836
0.5785,-0.14512844
0.579,-0.21411846
0.5795,-0.26980592
0.58,-0.34773668
0.5805,-0.4478285
0.581,-0.57912234
0.5815,-0.45525478
0.582,-0.46904069
0.5825,-0.34210032
0.583,-0.23034657
0.5835,-0.20346199
0.584,-0.09216898
0.5845,-0.05462217
0.585,-0.11320313
0.5855,-0.23264381
0.586,-0.25219734
0.5865,-0.26784063
0.587,-0.24099574
0.5875,-0.22238727
0.588,-0.21194309
0.5885,-0.20058067
0.589,-0.20207339
0.5895,-0.11653166
0.59,0.04833604
0.5905,0.234521
0.591,0.33115446
0.5915,0.5564781
0.592,0.4932545
0.5925,0.47818769
0.593,0.42960961
0.5935,0.32149568
0.594,0.32369085
0.5945,0.25265565
0.595,0.27545909
0.5955,0.20548132
0.596,0.10374389
0.5965,0.06322594
0.597,0.17046732
0.5975,0.18011199
0.598,0.19306001
0.5985,0.33541724
0.599,0.37141157
0.5995,0.32008678
0.6,0.22181056
0.6005,0.11194691
0.601,-0.08564856
0.6015,-0.20285046
0.602,-0.29441109
0.6025,-0.30572432
0.603,-0.35149916
0.6035,-0.44347711
0.604,-0.45791369
0.6045,-0.42994938
0.605,-0.46254355
0.6055,-0.40328021
0.606,-0.23253728
0.6065,-0.1418702
0.607,-0.03586001
0.6075,-0.0559167
0.608,-0.12955909
0.6085,-0.22059593
0.609,-0.27159997
0.6095,-0.27525338
0.61,-0.27890469
0.6105,-0.25818849
0.611,-0.15243559
0.6115,-0.12801876
0.612,-0.1573882
0.6125,-0.00784129
0.613,0.1080032
0.6135,0.26731072
0.614,0.43932955
0.6145,0.55381364
0.615,0.64421531
0.6155,0.54094222
0.616,0.36651617
0.6165,0.30576821
0.617,0.18251562
0.6175,0.12509224
0.618,0.15899788
0.6185,0.16794127
0.619,0.15923263
0.6195,0.15973933
0.62,0.14639783
0.6205,0.09601706
0.621,0.23558064
0.6215,0.23618597
0.622,0.28618164
0.6225,0.28792437
0.623,0.24510781
0.6235,0.04793689
0.624,-0.12582131
0.6245,-0.28525011
0.625,-0.39819226
0.6255,-0.41615913
0.626,-0.41015177
0.6265,-0.37483137
0.627,-0.4244745
0.6275,-0.4536503
0.628,-0.28806859
0.6285,-0.33357668
0.629,-0.1926196
0.6295,-0.13611617
0.63,-0.00036254
0.6305,-0.01573833
0.631,-0.1814135
0.6315,-0.20823935
0.632,-0.26216635
0.6325,-0.3508439
0.633,-0.28937458
0.6335,-0.27743068
0.634,-0.17849143
0.6345,-0.02284038
0.635,0.01011463
0.6355,0.07069314
0.636,0.12520606
0.6365,0.27251306
0.637,0.40523624
0.6375,0.49235014
0.638,0.56717202
0.6385,0.49387591
0.639,0.42246501
0.6395,0.25373432
0.64,0.18106957
0.6405,0.08137325
0.641,0.07388132
0.6415,0.1344829
0.642,0.16878502
0.6425,0.22133291
0.643,0.13132434
0.6435,0.2264502
0.644,0.18698827
0.6445,0.24341373
0.645,0.25454865
0.6455,0.3121696
0.646,0.19365139
0.6465,0.05999604
0.647,-0.12425165
0.6475,-0.36604406
0.648,-0.41087558
0.6485,-0.52165364
0.649,-0.4444817
0.6495,-0.39965101
0.65,-0.34599742
0.6505,-0.35490518
0.651,-0.26561539
0.6515,-0.281036
0.652,-0.2122948
0.6525,-0.18897191
0.653,-0.12315283
0.6535,-0.04131732
0.654,-0.04972828
0.6545,-0.20420586
0.655,-0.31387655
0.6555,-0.34865974
0.656,-0.37287496
0.6565,-0.30692203
0.657,-0.12351336
0.6575,-0.01155213
0.658,0.13539614
0.6585,0.16002538
0.659,0.21861887
0.6595,0.28567557
0.66,0.44447853
0.6605,0.4143797
0.661,0.54737197
0.6615,0.49601815
0.662,0.46207506
0.6625,0.27798952
0.663,0.14393535
0.6635,0.02408052
0.664,0.06604821
0.6645,0.12910583
0.665,0.1874241
0.6655,0.26964022
0.666,0.33665615
0.6665,0.25612904
0.667,0.25288191
0.6675,0.19876224
0.668,0.23448782
0.6685,0.16624072
0.669,0.04636183
0.6695,-0.02167194
0.67,-0.19265109
0.6705,-0.34560277
0.671,-0.4371066
0.6715,-0.52355863
0.672,-0.53322905
0.6725,-0.42837368
0.673,-0.33664816
0.6735,-0.26599842
0.674,-0.19992177
0.6745,-0.20922434
0.675,-0.24321344
0.6755,-0.18476481
0.676,-0.15292587
0.6765,-0.14690503
0.677,-0.06477402
0.6775,-0.13566664
0.678,-0.2980075
0.6785,-0.26840027
0.679,-0.35833992
0.6795,-0.31125779
0.68,-0.1145339
0.6805,-0.02693052
0.681,0.18940086
0.6815,0.34918815
0.682,0.37075221
0.6825,0.36872073
0.683,0.41489153
0.6835,0.39999233
0.684,0.39798477
0.6845,0.37634637
0.685,0.40532787
0.6855,0.34368654
0.686,0.16716562
0.6865,0.04398061
0.687,0.06358013
0.6875,0.02074931
0.688,0.16800184
0.6885,0.31506249
0.689,0.36550798
0.6895,0.29159347
0.69,0.29235849
0.6905,0.20179897
0.691,0.08135007
0.6915,-0.01000705
0.692,0.03925229
0.6925,-0.10699434
0.693,-0.19028658
0.6935,-0.39821306
0.694,-0.45420064
0.6945,-0.54914902
0.695,-0.51146651
0.6955,-0.50965058
0.696,-0.37574191
0.6965,-0.16658787
0.697,-0.14678256
0.6975,-0.07878825
0.698,-0.15879653
0.6985,-0.1898568
0.699,-0.22868814
0.6995,-0.21213094
0.7,-0.1284919
0.7005,-0.17666528
0.701,-0.22182328
0.7015,-0.26691977
0.702,-0.39607675
0.7025,-0.2476139
0.703,-0.11099927
0.7035,0.04324813
0.704,0.27775494
0.7045,0.2957689
0.705,0.43857637
0.7055,0.49812323
0.706,0.45762353
0.7065,0.42294879
0.707,0.35807801
0.7075,0.34189416
0.708,0.39612381
0.7085,0.304278
0.709,0.27075897
0.7095,0.06476954
0.71,0.00064544
0.7105,0.04089924
0.711,0.16623653
0.7115,0.25750672
0.712,0.30091905
0.7125,0.40634494
0.713,0.29903352
0.7135,0.19705346
0.714,0.05681511
0.7145,0.06735515
0.715,-0.13600852
0.7155,-0.23852268
0.716,-0.19940161
0.7165,-0.32043454
0.717,-0.47308926
0.7175,-0.48915943
0.718,-0.44950774
0.7185,-0.5191205
0.719,-0.34117796
0.7195,-0.20553545
0.72,-0.11780874
0.7205,-0.02108076
0.721,-0.15440106
0.7215,-0.21231925
0.722,-0.20911779
0.7225,-0.23791903
0.723,-0.18503403
0.7235,-0.32957175
0.724,-0.22072008
0.7245,-0.21243456
0.725,-0.24374419
0.7255,-0.14767692
0.726,-0.0585064
0.7265,0.04663247
0.727,0.1900835
0.7275,0.43754396
0.728,0.49620066
0.7285,0.45384944
0.729,0.47460757
0.7295,0.3769383
0.73,0.28827301
0.7305,0.32492619
0.731,0.3000248
0.7315,0.27761728
0.732,0.17789706
0.7325,0.1833714
0.733,0.13253201
0.7335,0.08097196
0.734,0.15348687
0.7345,0.24684703
0.735,0.33341701
0.7355,0.39159083
0.736,0.36842038
0.7365,0.22016912
0.737,0.08039546
0.7375,-0.07581627
0.738,-0.15989621
0.7385,-0.23787517
0.739,-0.38716136
0.7395,-0.3662939
0.74,-0.43714797
0.7405,-0.44181362
0.741,-0.54913332
0.7415,-0.41076662
0.742,-0.38709014
0.7425,-0.18406717
0.743,-0.06670691
0.7435,0.00889293
0.744,-0.01498041
0.7445,-0.06738595
0.745,-0.19062414
0.7455,-0.31896851
0.746,-0.30811797
0.7465,-0.29647738
0.747,-0.26069581
0.7475,-0.17528423
0.748,-0.11974701
0.7485,-0.12811153
0.749,-0.02664732
0.7495,0.1191972
0.75,0.24818678
0.7505,0.34861198
0.751,0.50516289
0.7515,0.5820113
0.752,0.48891178
0.7525,0.3855735
0.753,0.26136309
0.7535,0.16364707
0.754,0.18474644
0.7545,0.16882126
0.755,0.21589946
0.7555,0.17067687
0.756,0.16390667
0.7565,0.14065581
0.757,0.21483412
0.7575,0.24035189
0.758,0.24939385
0.7585,0.28342999
0.759,0.33059892
0.7595,0.24599783
0.76,0.00285411
0.7605,-0.05713639
0.761,-0.30344106
0.7615,-0.40223016
0.762,-0.41242984
0.7625,-0.42688139
0.763,-0.45168074
0.7635,-0.4135631
0.764,-0.38289624
0.7645,-0.38151129
0.765,-0.33513665
0.7655,-0.23246558
0.766,-0.07393572
0.7665,-0.06101521
0.767,-0.03292779
0.7675,-0.17341683
0.768,-0.21473552
0.7685,-0.26843529
0.769,-0.34111331
0.7695,-0.3248004
0.77,-0.30490015
0.7705,-0.17363149
0.771,-0.01946201
0.7715,0.01745496
0.772,0.13058979
0.7725,0.1605668
0.773,0.25874601
0.7735,0.40666889
0.774,0.55216028
0.7745,0.55863706
0.775,0.43767616
0.7755,0.34401433
0.776,0.28209912
0.7765,0.11710816
0.777,0.09936535
0.7775,0.06309602
0.778,0.17997876
0.7785,0.21611012
0.779,0.15264501
0.7795,0.19220597
0.78,0.23880839
0.7805,0.22490737
0.781,0.1970137
0.7815,0.31032568
0.782,0.28189252
0.7825,0.14309751
0.783,0.02657149
0.7835,-0.16272092
0.784,-0.27419297
0.7845,-0.47649092
0.785,-0.48808335
0.7855,-0.407298
0.786,-0.37160788
0.7865,-0.29350643
0.787,-0.36682459
0.7875,-0.30255629
0.788,-0.20877807
0.7885,-0.22739478
0.789,-0.14608805
0.7895,-0.07811974
0.79,-0.04411853
0.7905,-0.11932586
0.791,-0.16672202
0.7915,-0.32122974
0.792,-0.37605077
0.7925,-0.32250837
0.793,-0.25106871
0.7935,-0.06746531
0.794,0.00417986
0.7945,0.15667724
0.795,0.23545424
0.7955,0.25512445
0.796,0.32364556
0.7965,0.40224737
0.797,0.49876429
0.7975,0.50789095
0.798,0.47952304
0.7985,0.35230438
0.799,0.29331403
0.7995,0.10538828
0.8,0.10817243
0.8005,0.06061131
0.801,0.06664227
0.8015,0.2429783
0.802,0.26262616
0.8025,0.28269268
0.803,0.30220214
0.8035,0.27172639
0.804,0.23657887
0.8045,0.13666668
0.805,0.1550734
0.8055,0.1578538
0.806,-0.03215351
0.8065,-0.17504655
0.807,-0.39390561
0.8075,-0.50766199
0.808,-0.53105386
0.8085,-0.44595376
0.809,-0.45674486
0.8095,-0.2812669
0.81,-0.25546187
0.8105,-0.25887825
0.811,-0.17493636
0.8115,-0.13586361
0.812,-0.18086871
0.8125,-0.17623047
0.813,-0.13438774
0.8135,-0.11299035
0.814,-0.18850627
0.8145,-0.25584298
0.815,-0.39161524
0.8155,-0.38712111
0.816,-0.31845491
0.8165,-0.08458662
0.817,-0.00177322
0.8175,0.1717986
0.818,0.35789494
0.8185,0.29485494
0.819,0.36644773
0.8195,0.43003918
0.82,0.39578545
0.8205,0.48218122
0.821,0.49732568
0.8215,0.38463687
0.822,0.30176612
0.8225,0.16802371
0.823,0.01937781
0.8235,0.06682426
0.824,0.12190245
0.8245,0.13866596
0.825,0.31973926
0.8255,0.3981304
0.826,0.37361392
0.8265,0.29693379
0.827,0.20743253
0.8275,0.10250119
0.828,0.04000981
0.8285,0.02585862
0.829,-0.07770804
0.8295,-0.21869078
0.83,-0.37108647
0.8305,-0.54213266
0.831,-0.57395861
0.8315,-0.55331744
0.832,-0.45215942
0.8325,-0.24352707
0.833,-0.13541255
0.8335,-0.11849112
0.834,-0.07354501
0.8345,-0.12193089
0.835,-0.17155092
0.8355,-0.21442476
0.836,-0.20202728
0.8365,-0.1549535
0.837,-0.23838577
0.8375,-0.30286341
0.838,-0.29869923
0.8385,-0.25001899
0.839,-0.28026977
0.8395,-0.13008011
0.84,0.0649808
0.8405,0.25870732
0.841,0.39952531
0.8415,0.43880413
0.842,0.44344075
0.8425,0.39472413
0.843,0.39681076
0.8435,0.33742
0.844,0.37369382
0.8445,0.32369705
0.845,0.27134316
0.8455,0.20122657
0.846,0.08601344
0.8465,0.06371143
0.847,0.10246748
0.8475,0.12749548
0.848,0.25886555
0.8485,0.34425908
0.849,0.40435338
0.8495,0.28869959
0.85,0.23218116
0.8505,0.0217287
0.851,0.06175045
0.8515,-0.1397723
0.852,-0.15432126
0.8525,-0.19515817
0.853,-0.38109654
0.8535,-0.46290121
0.854,-0.43728616
0.8545,-0.48429477
0.855,-0.4422146
0.8555,-0.28139514
0.856,-0.22994063
0.8565,-0.06364528
0.857,-0.06746838
0.8575,-0.08619021
0.858,-0.19657525
0.8585,-0.25984106
0.859,-0.24550158
0.8595,-0.25899612
0.86,-0.28540688
0.8605,-0.29393429
0.861,-0.23839309
0.8615,-0.26745188
0.862,-0.15586241
0.8625,-0.09259887
0.863,0.09016169
0.8635,0.30783666
0.864,0.43359402
0.8645,0.46460553
0.865,0.5174556
0.8655,0.39546431
0.866,0.38892969
0.8665,0.32284768
0.867,0.28236436
0.8675,0.16721308
0.868,0.24134927
0.8685,0.23023459
0.869,0.12121213
0.8695,0.09981381
0.87,0.10661284
0.8705,0.2164332
0.871,0.25459933
0.8715,0.29623854
0.872,0.36436907
0.8725,0.37391651
0.873,0.23512423
0.8735,-0.00705277
0.874,-0.11494861
0.8745,-0.18914511
0.875,-0.33188403
0.8755,-0.29036554
0.876,-0.42763187
0.8765,-0.32100291
0.877,-0.46664769
0.8775,-0.4872629
0.878,-0.43081231
0.8785,-0.26575152
0.879,-0.16596784
0.8795,-0.04009639
0.88,-0.02402452
0.8805,-0.07349942
0.881,-0.12119566
0.8815,-0.24067137
0.882,-0.33987876
0.8825,-0.32215196
0.883,-0.27963459
0.8835,-0.25389326
0.884,-0.18416514
0.8845,-0.14754257
0.885,-0.06645571
0.8855,0.02545199
0.886,0.15823539
0.8865,0.31622813
0.887,0.43825507
0.8875,0.51070464
0.888,0.56018535
0.8885,0.42776772
0.889,0.38577694
0.8895,0.26134482
0.89,0.18291348
0.8905,0.18289731
0.891,0.19107881
0.8915,0.19067928
0.892,0.12868248
0.8925,0.24277934
0.893,0.12574681
0.8935,0.17317141
0.894,0.24407662
0.8945,0.28852823
0.895,0.3772336
0.8955,0.29925716
0.896,0.25129209
0.8965,0.04008117
0.897,-0.18954641
0.8975,-0.23815878
0.898,-0.40985387
0.8985,-0.39090913
0.899,-0.40380889
0.8995,-0.41954442
0.9,-0.42266344
0.9005,-0.36266044
0.901,-0.32566002
0.9015,-0.3312327
0.902,-0.24716392
0.9025,-0.21366107
0.903,-0.08276253
0.9035,-0.08191076
0.904,-0.06534979
0.9045,-0.25803922
0.905,-0.37622938
0.9055,-0.3923179
0.906,-0.29518017
0.9065,-0.23974772
0.907,-0.14301927
0.9075,0.01439185
0.908,0.10504764
0.9085,0.10984446
0.909,0.17412062
0.9095,0.26304614
0.91,0.49852654
0.9105,0.45299596
0.911,0.5301368
0.9115,0.47085635
0.912,0.34276543
0.9125,0.20889001
0.913,0.14565765
0.9135,0.15109822
0.914,0.14072401
0.9145,0.1019294
0.915,0.2589932
0.9155,0.23030569
0.916,0.2595049
0.9165,0.21116552
0.917,0.28331454
0.9175,0.23476232
0.918,0.2934602
0.9185,0.29738503
0.919,0.12796929
0.9195,-0.00375848
0.92,-0.15540564
0.9205,-0.35701453
0.921,-0.46984775
0.9215,-0.54187166
0.922,-0.46751186
0.9225,-0.42422998
0.923,-0.31983343
0.9235,-0.26706952
0.924,-0.24780311
0.9245,-0.27737458
0.925,-0.27273556
0.9255,-0.14438021
0.926,-0.00508276
0.9265,-0.10455936
0.927,-0.14867291
0.9275,-0.23161926
0.928,-0.39313741
0.9285,-0.36160203
0.929,-0.37378636
0.9295,-0.28077939
0.93,-0.11726756
0.9305,0.08541605
0.931,0.18179976
0.9315,0.27158471
0.932,0.21599421
0.9325,0.31703176
0.933,0.4009314
0.9335,0.3719899
0.934,0.4917245
0.9345,0.48372269
0.935,0.39513331
0.9355,0.24004423
0.936,0.08436404
0.9365,0.06194474
0.937,0.04555232
0.9375,0.08103369
0.938,0.20945438
0.9385,0.3148031
0.939,0.28516038
0.9395,0.29214558
0.94,0.24181244
0.9405,0.2281557
0.941,0.21274972
0.9415,0.20616005
0.942,0.08063873
0.9425,-0.03770331
0.943,-0.18454972
0.9435,-0.34681451
0.944,-0.54626596
0.9445,-0.52912418
0.945,-0.45898323
0.9455,-0.40190292
0.946,-0.29522847
0.9465,-0.21386596
0.947,-0.27773365
0.9475,-0.21888264
0.948,-0.20061263
0.9485,-0.24337804
0.949,-0.15246304
0.9495,-0.18228586
0.95,-0.17144644
0.9505,-0.20833493
0.951,-0.24011824
0.9515,-0.34613761
0.952,-0.35551329
0.9525,-0.28324433
0.953,-0.08720475
0.9535,0.07179682
0.954,0.26890362
0.9545,0.30699723
0.955,0.36209459
0.9555,0.35962158
0.956,0.37665875
0.9565,0.39273724
0.957,0.39942034
0.9575,0.36243544
0.958,0.30478654
0.9585,0.20995968
0.959,0.11688093
0.9595,0.03466431
0.96,0.01091353
0.9605,0.10586465
0.961,0.22945223
0.9615,0.33474926
0.962,0.35332837
0.9625,0.32348748
0.963,0.25532818
0.9635,0.16836596
0.964,0.07939586
0.9645,0.03987837
0.965,-0.06930798
0.9655,-0.113022
0.966,-0.22397014
0.9665,-0.37514426
0.967,-0.49483925
0.9675,-0.54744445
0.968,-0.47294941
0.9685,-0.36440211
0.969,-0.27435281
0.9695,-0.15007642
0.97,-0.18409097
0.9705,-0.132838
0.971,-0.18036408
0.9715,-0.15485659
0.972,-0.16668635
0.9725,-0.23921767
0.973,-0.20893134
0.9735,-0.26268816
0.974,-0.23030143
0.9745,-0.20025011
0.975,-0.26996998
0.9755,-0.2811968
0.976,-0.0603844
0.9765,0.08685725
0.977,0.27886727
0.9775,0.38619803
0.978,0.4597946
0.9785,0.37028718
0.979,0.40420149
0.9795,0.32629347
0.98,0.33587957
0.9805,0.27773187
0.981,0.27405264
0.9815,0.19823031
0.982,0.21339431
0.9825,0.05137887
0.983,0.08068831
0.9835,0.18040643
0.984,0.11842793
0.9845,0.23532962
0.985,0.44768441
0.9855,0.36132746
0.986,0.29336247
0.9865,0.12806648
0.987,0.05406145
0.9875,-0.0585618
0.988,-0.17948721
0.9885,-0.21933911
0.989,-0.25062818
0.9895,-0.37383653
0.99,-0.47707404
0.9905,-0.5020851
0.991,-0.41059772
0.9915,-0.38259742
0.992,-0.29308265
0.9925,-0.22282366
0.993,-0.09163417
0.9935,-0.0077322
0.994,-0.11232496
0.9945,-0.25008493
0.995,-0.27971021
0.9955,-0.22137128
0.996,-0.31713196
0.9965,-0.29161272
0.997,-0.26261172
0.9975,-0.20881326
0.998,-0.2069438
0.9985,-0.18569548
0.999,-0.11964652
0.9995,0.14065748
1.0,0.27378373
1.0005,0.39545799
1.001,0.47505828
1.0015,0.45643634
1.002,0.45075529
1.0025,0.3308824
1.003,0.25756227
1.0035,0.23265096
1.004,0.20256031
1.0045,0.19923036
1.005,0.18804179
1.0055,0.13404586
1.006,0.10854535
1.0065,0.10728561
1.007,0.10149773
1.0075,0.3110305
1.008,0.39379718
1.0085,0.37763584
1.009,0.37132645
1.0095,0.21198038
1.01,0.03805594
1.0105,-0.06960626
1.011,-0.24091394
1.0115,-0.32583526
1.012,-0.29333889
1.0125,-0.37181347
1.013,-0.4365345
1.0135,-0.50454753
1.014,-0.41153064
1.0145,-0.39719949
1.015,-0.34258226
1.0155,-0.14539918
1.016,-0.04707273
1.0165,-0.09726506
1.017,-0.10110782
1.0175,-0.24060659
1.018,-0.29219568
1.0185,-0.30209826
1.019,-0.32265591
1.0195,-0.29215313
1.02,-0.15758008
1.0205,-0.18508475
1.021,-0.06524619
1.0215,-0.05269777
1.022,0.03591539
1.0225,0.07841582
1.023,0.3108921
1.0235,0.35386476
1.024,0.53014252
1.0245,0.56006561
1.025,0.41726384
1.0255,0.3079928
1.026,0.19061098
1.0265,0.09189413
1.027,0.13599373
1.0275,0.17479862
1.028,0.12145904
1.0285,0.17973265
1.029,0.2016411
1.0295,0.11406933
1.03,0.23286562
1.0305,0.24022882
1.031,0.3209449
1.0315,0.413076
1.032,0.28392572
1.0325,0.22451831
1.033,0.04112535
1.0335,-0.16252198
1.034,-0.27242865
1.0345,-0.38676074
1.035,-0.40136104
1.0355,-0.35832003
1.036,-0.41551785
1.0365,-0.3759315
1.037,-0.26551504
1.0375,-0.3775637
1.038,-0.24119361
1.0385,-0.08592313
1.039,-0.15381295
1.0395,-0.06815398
1.04,-0.07157368
1.0405,-0.15590926
1.041,-0.22903937
1.0415,-0.4230448
1.042,-0.37985146
1.0425,-0.33552646
1.043,-0.24691222
1.0435,-0.15029629
1.044,-0.06722807
1.0445,0.02587793
1.045,0.15982059
1.0455,0.21217755
1.046,0.27850009
1.0465,0.42046337
1.047,0.55549191
1.0475,0.51155749
1.048,0.40078816
1.0485,0.34252241
1.049,0.18467318
1.0495,0.12880315
1.05,0.09115338
1.0505,0.10526933
1.051,0.19599987
1.0515,0.19238182
1.052,0.29505082
1.0525,0.28539062
1.053,0.24830284
1.0535,0.28285159
1.054,0.32165956
1.0545,0.18326839
1.055,0.14561171
1.0555,0.15752291
1.056,-0.02515551
1.0565,-0.23439648
1.057,-0.33274094
1.0575,-0.44678276
1.058,-0.50747629
1.0585,-0.42559535
1.059,-0.37038067
1.0595,-0.34615246
1.06,-0.27622995
1.0605,-0.24024968
1.061,-0.22588123
1.0615,-0.25871082
1.062,-0.09763663
1.0625,-0.12333835
1.063,-0.13813344
1.0635,-0.09033042
1.064,-0.24710924
1.0645,-0.36466648
1.065,-0.45044135
1.0655,-0.39846134
1.066,-0.21551044
1.0665,-0.12499369
1.067,0.03274645
1.0675,0.14743389
1.068,0.21246173
1.0685,0.31255727
1.069,0.38673794
1.0695,0.36098665
1.07,0.49230189
1.0705,0.45084007
1.071,0.4017586
1.0715,0.34283639
1.072,0.16194455
1.0725,0.05726588
1.073,-0.00378523
1.0735,0.09571926
1.074,0.10441293
1.0745,0.23397204
1.075,0.25812253
1.0755,0.34506798
1.076,0.31848191
1.0765,0.32400854
1.077,0.18646954
1.0775,0.17493313
1.078,0.17395294
1.0785,0.11183525
1.079,-0.13123065
1.0795,-0.2358013
1.08,-0.40219414
1.0805,-0.44411996
1.081,-0.42943664
1.0815,-0.44618419
1.082,-0.35479344
1.0825,-0.29349831
1.083,-0.21999217
1.0835,-0.18689002
1.084,-0.17610275
1.0845,-0.17464622
1.085,-0.18904783
1.0855,-0.13881937
1.086,-0.14020092
1.0865,-0.21628072
1.087,-0.24907324
1.0875,-0.27530553
1.088,-0.33637644
1.0885,-0.35146934
1.089,-0.25469717
1.0895,-0.13145809
1.09,0.04641499
1.0905,0.2274704
1.091,0.40325999
1.0915,0.41776782
1.092,0.34671081
1.0925,0.37067603
1.093,0.39567058
1.0935,0.3590084
1.094,0.38339048
1.0945,0.35638437
1.095,0.23548748
1.0955,0.09699079
1.096,-0.03009197
1.0965,0.09818809
1.097,0.12786402
1.0975,0.2572494
1.098,0.36681847
1.0985,0.40531907
1.099,0.35967804
1.0995,0.24737692
1.1,0.17142126
1.1005,0.07272222
1.101,0.08772241
1.1015,-0.01964703
1.102,-0.05645589
1.1025,-0.18787851
1.103,-0.34018568
1.1035,-0.45109932
1.104,-0.50728922
1.1045,-0.47608087
1.105,-0.35740796
1.1055,-0.17188811
1.106,-0.14229417
1.1065,-0.08081655
1.107,-0.07252788
1.1075,-0.16144092
1.108,-0.15245574
1.1085,-0.18292387
1.109,-0.25060983
1.1095,-0.22924271
1.11,-0.19318991
1.1105,-0.36792537
1.111,-0.23587311
1.1115,-0.30078928
1.112,-0.21747915
1.1125,-0.00916848
1.113,0.12253989
1.1135,0.32631144
1.114,0.40213475
1.1145,0.40886386
1.115,0.34473917
1.1155,0.3398142
1.116,0.34195463
1.1165,0.33523799
1.117,0.36690762
1.1175,0.26698205
1.118,0.25995387
1.1185,0.21719746
1.119,0.1340668
1.1195,0.14877786
1.12,0.09600947
1.1205,0.21200936
1.121,0.35850689
1.1215,0.35488404
1.122,0.36015377
1.1225,0.37357954
1.123,0.123226
1.1235,0.04025909
1.124,-0.06101947
1.1245,-0.14992834
1.125,-0.24315447
1.1255,-0.28375467
1.126,-0.37606674
1.1265,-0.46203816
1.127,-0.49132898
1.1275,-0.48374496
1.128,-0.41318976
1.1285,-0.26642712
1.129,-0.1517952
1.1295,-0.05296044
1.13,-0.10088482
1.1305,-0.14222842
1.131,-0.22520519
1.1315,-0.27280057
1.132,-0.30439558
1.1325,-0.27041593
1.133,-0.18745288
1.1335,-0.25825581
1.134,-0.24592463
1.1345,-0.2053645
1.135,-0.17228124
1.1355,-0.04538492
1.136,0.14272419
1.1365,0.28967854
1.137,0.50638848
1.1375,0.5713798
1.138,0.43565093
1.1385,0.38911303
1.139,0.21634993
1.1395,0.23393392
1.14,0.2508272
1.1405,0.22853587
1.141,0.21346574
1.1415,0.17205642
1.142,0.14879472
1.1425,0.13228321
1.143,0.09898928
1.1435,0.16103534
1.144,0.33730219
1.1445,0.36796405
1.145,0.41983144
1.1455,0.32729729
1.146,0.22714621
1.1465,0.03554958
1.147,-0.13376161
1.1475,-0.23543918
1.148,-0.27215309
1.1485,-0.34880149
1.149,-0.35017885
1.1495,-0.40064001
1.15,-0.38578849
1.1505,-0.436041
1.151,-0.36350202
1.1515,-0.25704885
1.152,-0.1925028
1.1525,-0.03135084
1.153,-0.05534091
1.1535,-0.11751726
1.154,-0.18229485
1.1545,-0.26358202
1.155,-0.34889218
1.1555,-0.30684745
1.156,-0.29093227
1.1565,-0.21469121
1.157,-0.21084396
1.1575,-0.13739065
1.158,-0.09555867
1.1585,0.08249273
1.159,0.17566463
1.1595,0.39299293
1.16,0.45997485
1.1605,0.59813043
1.161,0.44958564
1.1615,0.43432559
1.162,0.29389077
1.1625,0.16423808
1.163,0.10551232
1.1635,0.1467322
1.164,0.13659362
1.1645,0.16270034
1.165,0.21934768
1.1655,0.18665874
1.166,0.09894235
1.1665,0.21190374
1.167,0.21360164
1.1675,0.31490034
1.168,0.31402485
1.1685,0.22971331
1.169,0.12123115
1.1695,-0.08140418
1.17,-0.21852422
1.1705,-0.38028634
1.171,-0.37504765
1.1715,-0.4411814
1.172,-0.35849805
1.1725,-0.35862409
1.173,-0.38195957
1.1735,-0.35758036
1.174,-0.30719526
1.1745,-0.25406009
1.175,-0.12801149
1.1755,-0.07408609
1.176,-0.07044157
1.1765,-0.08999314
1.177,-0.18553381
1.1775,-0.26466083
1.178,-0.4239623
1.1785,-0.3999504
1.179,-0.33902033
1.1795,-0.23063501
1.18,-0.12311673
1.1805,-0.04569159
1.181,0.05598394
1.1815,0.15280978
1.182,0.25155461
1.1825,0.33444153
1.183,0.39465942
1.1835,0.46681521
1.184,0.47233357
1.1845,0.38230732
1.185,0.31766191
1.1855,0.25428408
1.186,0.09376184
1.1865,0.06227999
1.187,0.12014209
1.1875,0.23194702
1.188,0.23133573
1.1885,0.1487409
1.189,0.23718825
1.1895,0.2586098
1.19,0.26448077
1.1905,0.23968054
1.191,0.32681708
1.1915,0.21932003
1.192,0.1594971
1.1925,-0.0544499
1.193,-0.23892179
1.1935,-0.35464497
1.194,-0.44695294
1.1945,-0.46618066
1.195,-0.34467145
1.1955,-0.31015416
1.196,-0.26485325
1.1965,-0.23368491
1.197,-0.2318989
1.1975,-0.22580582
1.198,-0.21472282
1.1985,-0.15512704
1.199,-0.07072891
1.1995,-0.11204679
1.2,-0.20962168
1.2005,-0.3166189
1.201,-0.36901552
1.2015,-0.34445812
1.202,-0.36007173
1.2025,-0.26854905
1.203,-0.07947895
1.2035,0.04702614
1.204,0.14201891
1.2045,0.25754813
1.205,0.28123654
1.2055,0.26978731
1.206,0.30122034
1.2065,0.42486703
1.207,0.48131257
1.2075,0.38179466
1.208,0.3472863
1.2085,0.17202217
1.209,0.02438969
1.2095,0.10742711
1.21,0.14131921
1.2105,0.16615232
1.211,0.24818037
1.2115,0.29379902
1.212,0.36340747
1.2125,0.26226625
1.213,0.20893896
1.2135,0.12374309
1.214,0.2449381
1.2145,0.15842394
1.215,0.12231165
1.2155,-0.03358396
1.216,-0.26003628
1.2165,-0.38613269
1.217,-0.39413208
1.2175,-0.43394144
1.218,-0.45881949
1.2185,-0.40471713
1.219,-0.19689892
1.2195,-0.2920333
1.22,-0.13422945
1.2205,-0.22030608
1.221,-0.25278367
1.2215,-0.21995682
1.222,-0.13592934
1.2225,-0.13614077
1.223,-0.17918903
1.2235,-0.26325846
1.224,-0.32828099
1.2245,-0.39574303
1.225,-0.2735558
1.2255,-0.18432496
1.226,-0.04326977
1.2265,0.07688786
1.227,0.26854898
1.2275,0.30684866
1.228,0.38922108
1.2285,0.37917933
1.229,0.34892088
1.2295,0.34300806
1.23,0.36513394
1.2305,0.38817368
1.231,0.32092445
1.2315,0.18477617
1.232,0.13078995
1.2325,0.03934037
1.233,0.09266808
1.2335,0.1199662
1.234,0.26183705
1.2345,0.39066289
1.235,0.38065335
1.2355,0.41861966
1.236,0.29171605
1.2365,0.18590131
1.237,0.09859823
1.2375,-0.03455879
1.238,-0.04501826
1.2385,-0.11851157
1.239,-0.29228138
1.2395,-0.38690837
1.24,-0.49523876
1.2405,-0.50212778
1.241,-0.44319293
1.2415,-0.35977849
1.242,-0.23029592
1.2425,-0.16840688
1.243,-0.12554326
1.2435,-0.08819671
1.244,-0.15791022
1.2445,-0.14053808
1.245,-0.23357248
1.2455,-0.22096013
1.246,-0.27527524
1.2465,-0.22773062
1.247,-0.28746086
1.2475,-0.31852505
1.248,-0.28799252
1.2485,-0.19893709
1.249,-0.11345905
1.2495,0.14516545
1.25,0.33847453
1.2505,0.37069619
1.251,0.43837079
1.2515,0.39796326
1.252,0.33085836
1.2525,0.29414019
1.253,0.27379681
1.2535,0.28161105
1.254,0.24612359
1.2545,0.16201253
1.255,0.19088295
1.2555,0.09485579
1.256,0.098358
1.2565,0.21417514
1.257,0.26652285
1.2575,0.23563312
1.258,0.41229872
1.2585,0.38216908
1.259,0.30074411
1.2595,0.12303387
1.26,0.02505514
1.2605,-0.06263394
1.261,-0.06847664
1.2615,-0.15724793
1.262,-0.26317631
1.2625,-0.35151929
1.263,-0.44256539
1.2635,-0.48610861
1.264,-0.46849806
1.2645,-0.33550576
1.265,-0.26626771
1.2655,-0.20229986
1.266,-0.04331292
1.2665,-0.09255962
1.267,-0.10893326
1.2675,-0.21322816
1.268,-0.22095634
1.2685,-0.32686726
1.269,-0.25266268
1.2695,-0.28907912
1.27,-0.2015078
1.2705,-0.27256568
1.271,-0.20070617
1.2715,-0.11615306
1.272,0.01491128
1.2725,0.16946421
1.273,0.40275285
1.2735,0.4492536
1.274,0.50915934
1.2745,0.47556724
1.275,0.31889019
1.2755,0.25187082
1.276,0.20958269
1.2765,0.22311031
1.277,0.21655824
1.2775,0.22604393
1.278,0.21338363
1.2785,0.08459001
1.279,0.20199051
1.2795,0.18416591
1.28,0.14918097
1.2805,0.29134666
1.281,0.35299164
1.2815,0.42095637
1.282,0.32247901
1.2825,0.13724302
1.283,-0.04880949
1.2835,-0.1956372
1.284,-0.18872839
1.2845,-0.29990717
1.285,-0.33536606
1.2855,-0.30503866
1.286,-0.42068952
1.2865,-0.43324801
1.287,-0.46952222
1.2875,-0.33691505
1.288,-0.16430314
1.2885,-0.09328179
1.289,-0.02746055
1.2895,-0.03636927
1.29,-0.16078806
1.2905,-0.23249945
1.291,-0.33124269
1.2915,-0.38694426
1.292,-0.31595606
1.2925,-0.27631584
1.293,-0.19658843
1.2935,-0.18618318
1.294,-0.07705463
1.2945,0.0332002
1.295,0.03559473
1.2955,0.18833283
1.296,0.31364188
1.2965,0.398449
1.297,0.47866366
1.2975,0.44286578
1.298,0.33666669
1.2985,0.25742062
1.299,0.16707176
1.2995,0.14969617
1.3,0.13971101
1.3005,0.14571746
1.301,0.22083759
1.3015,0.14478644
1.302,0.22914699
1.3025,0.15850829
1.303,0.23896038
1.3035,0.27973606
1.304,0.35057769
1.3045,0.30335048
1.305,0.21971457
1.3055,0.17117198
1.306,-0.09227226
1.3065,-0.16063089
1.307,-0.2944501
1.3075,-0.36402765
1.308,-0.30095819
1.3085,-0.33888936
1.309,-0.33923232
1.3095,-0.38688769
1.31,-0.26776661
1.3105,-0.24850314
1.311,-0.19703728
1.3115,-0.13575825
1.312,-0.10608108
1.3125,-0.08166549
1.313,-0.10357986
1.3135,-0.15640339
1.314,-0.35535875
1.3145,-0.34667664
1.315,-0.40129133
1.3155,-0.29794275
1.316,-0.16455888
1.3165,-0.07965867
1.317,0.00134866
1.3175,-0.03106045
1.318,0.16640245
1.3185,0.26182429
1.319,0.37449844
1.3195,0.42698385
1.32,0.47044769
1.3205,0.41226144
1.321,0.42202742
1.3215,0.32147501
1.322,0.12489876
1.3225,0.03994027
1.323,0.06662528
1.3235,0.14543814
1.324,0.20843129
1.3245,0.26427053
1.325,0.27065417
1.3255,0.30716421
1.326,0.21933463
1.3265,0.25753473
1.327,0.24382293
1.3275,0.23194632
1.328,0.20295166
1.3285,0.04758933
1.329,-0.09809468
1.3295,-0.1653213
1.33,-0.42467773
1.3305,-0.40742791
1.331,-0.33711827
1.3315,-0.37667681
1.332,-0.24140676
1.3325,-0.28746395
1.333,-0.22193273
1.3335,-0.2322089
1.334,-0.2055521
1.3345,-0.2463296
1.335,-0.17054692
1.3355,-0.11139321
1.336,-0.14414789
1.3365,-0.2094249
1.337,-0.2561189
1.3375,-0.3060475
1.338,-0.38433594
1.3385,-0.34273122
1.339,-0.17972651
1.3395,-0.11348561
1.34,0.0200305
1.3405,0.17772541
1.341,0.19313035
1.3415,0.30630708
1.342,0.31627459
1.3425,0.36290853
1.343,0.38795883
1.3435,0.40994602
1.344,0.42654008
1.3445,0.23442235
1.345,0.20533666
1.3455,0.03892449
1.346,-0.01893126
1.3465,0.11274164
1.347,0.1817169
1.3475,0.21290284
1.348,0.33626956
1.3485,0.35362832
1.349,0.28446566
1.3495,0.30551397
1.35,0.26636629
1.3505,0.23090059
1.351,0.08076598
1.3515,0.04641817
1.352,-0.12671582
1.3525,-0.26076806
1.353,-0.36379765
1.3535,-0.49595427
1.354,-0.54595567
1.3545,-0.483467
1.355,-0.30929348
1.3555,-0.18013103
1.356,-0.1562102
1.3565,-0.14065173
1.357,-0.10686503
1.3575,-0.23294542
1.358,-0.21935444
1.3585,-0.17102392
1.359,-0.16070566
1.3595,-0.16939222
1.36,-0.24139737
1.3605,-0.34304359
1.361,-0.35549042
1.3615,-0.36892964
1.362,-0.23801694
1.3625,-0.06532131
1.363,0.07070583
1.3635,0.2799251
1.364,0.33674323
1.3645,0.35701447
1.365,0.38508542
1.3655,0.34998669
1.366,0.32513353
1.3665,0.36245854
1.367,0.30851763
1.3675,0.31112511
1.368,0.15484266
1.3685,0.13764039
1.369,0.04745515
1.3695,0.07424056
1.37,0.20078408
1.3705,0.25591851
1.371,0.32006573
1.3715,0.37458989
1.372,0.31645302
1.3725,0.21764428
1.373,0.11062947
1.3735,0.08627736
1.374,0.00383901
1.3745,-0.008934
1.375,-0.10863241
1.3755,-0.27737976
1.376,-0.44607154
1.3765,-0.47652115
1.377,-0.53535945
1.3775,-0.46824242
1.378,-0.31883928
1.3785,-0.16282214
1.379,-0.15010742
1.3795,-0.10891562
1.38,-0.14650457
1.3805,-0.1855019
1.381,-0.21235512
1.3815,-0.32869103
1.382,-0.23967676
1.3825,-0.20576205
1.383,-0.24467044
1.3835,-0.33603071
1.384,-0.34026336
1.3845,-0.28796084
1.385,-0.19320578
1.3855,0.01760865
1.386,0.20478543
1.3865,0.34858533
1.387,0.41368994
1.3875,0.35906204
1.388,0.47531234
1.3885,0.37371533
1.389,0.27124437
1.3895,0.28469482
1.39,0.28996931
1.3905,0.23997246
1.391,0.19056097
1.3915,0.166263
1.392,0.13719591
1.3925,0.13050995
1.393,0.1211884
1.3935,0.28612056
1.394,0.39281442
1.3945,0.38661716
1.395,0.37395434
1.3955,0.24402112
1.396,0.10278643
1.3965,-0.06946902
1.397,-0.11374309
1.3975,-0.17202741
1.398,-0.24120645
1.3985,-0.27167371
1.399,-0.41197726
1.3995,-0.35841533
1.4,-0.4768013
1.4005,-0.41628432
1.401,-0.32209134
1.4015,-0.23623571
1.402,-0.133055
1.4025,-0.05847158
1.403,-0.03425099
1.4035,-0.1366774
1.404,-0.26835646
1.4045,-0.24874738
1.405,-0.24448782
1.4055,-0.25263393
1.406,-0.28332711
1.4065,-0.30563603
1.407,-0.20969388
1.4075,-0.21201358
1.408,-0.05506518
1.4085,0.01425766
1.409,0.17495597
1.4095,0.36463504
1.41,0.43162987
1.4105,0.50992278
1.411,0.37959666
1.4115,0.33069351
1.412,0.25109705
1.4125,0.19884752
1.413,0.21545021
1.4135,0.18526977
1.414,0.13752665
1.4145,0.08774196
1.415,0.13886015
1.4155,0.13645663
1.416,0.14842716
1.4165,0.21389344
1.417,0.26711255
1.4175,0.34767196
1.418,0.29533968
1.4185,0.29449543
1.419,0.11157726
1.4195,-0.03172313
1.42,-0.13505058
1.4205,-0.29557319
1.421,-0.25585909
1.4215,-0.32925436
1.422,-0.32243272
1.4225,-0.42383839
1.423,-0.37126309
1.4235,-0.40827292
1.424,-0.32591419
1.4245,-0.21285596
1.425,-0.11631625
1.4255,-0.12195281
1.426,-0.06823712
1.4265,-0.11920825
1.427,-0.26493888
1.4275,-0.29351032
1.428,-0.31245634
1.4285,-0.29068729
1.429,-0.3042787
1.4295,-0.22182657
1.43,-0.17144584
1.4305,-0.08950531
1.431,0.00206413
1.4315,0.0814246
1.432,0.15458926
1.4325,0.40470618
1.433,0.40012841
1.4335,0.50358
1.434,0.47556429
1.4345,0.41083911
1.435,0.21727727
1.4355,0.1006851
1.436,0.125775
1.4365,0.18691201
1.437,0.17882253
1.4375,0.1930398
1.438,0.22281089
1.4385,0.20542311
1.439,0.18190573
1.4395,0.23590367
1.44,0.29348347
1.4405,0.27211919
1.441,0.39174174
1.4415,0.2397168
1.442,0.04370843
1.4425,-0.07981904
1.443,-0.24379171
1.4435,-0.32814322
1.444,-0.38100668
1.4445,-0.40945889
1.445,-0.39039333
1.4455,-0.28925438
1.446,-0.3453135
1.4465,-0.32644
1.447,-0.32301312
1.4475,-0.23654742
1.448,-0.11334743
1.4485,0.01486423
1.449,-0.11038871
1.4495,-0.07245025
1.45,-0.22136815
1.4505,-0.26822189
1.451,-0.46292921
1.4515,-0.35350999
1.452,-0.34339288
1.4525,-0.1924693
1.453,-0.09072094
1.4535,0.00269529
1.454,0.04691765
1.4545,0.0777446
1.455,0.22749892
1.4555,0.32878473
1.456,0.38157691
1.4565,0.50595465
1.457,0.45745595
1.4575,0.42466447
1.458,0.22625629
1.4585,0.11241411
1.459,0.08534368
1.4595,0.13221691
1.46,0.15918957
1.4605,0.22739035
1.461,0.21965203
1.4615,0.22529759
1.462,0.2676219
1.4625,0.20154094
1.463,0.24962427
1.4635,0.28004281
1.464,0.23028095
1.4645,0.17446384
1.465,0.06523447
1.4655,-0.1238947
1.466,-0.30385681
1.4665,-0.35922529
1.467,-0.41050666
1.4675,-0.376974
1.468,-0.39213782
1.4685,-0.3200938
1.469,-0.27715475
1.4695,-0.2236276
1.47,-0.22883177
1.4705,-0.16558001
1.471,-0.1295423
1.4715,-0.07711246
1.472,-0.15965179
1.4725,-0.13090276
1.473,-0.16833457
1.4735,-0.30230467
1.474,-0.38833159
1.4745,-0.37413072
1.475,-0.33996512
1.4755,-0.20066389
1.476,-0.06583207
1.4765,0.06121778
1.477,0.10320361
1.4775,0.31079974
1.478,0.32560374
1.4785,0.32406587
1.479,0.39478276
1.4795,0.46373397
1.48,0.41585771
1.4805,0.39254071
1.481,0.27779342
1.4815,0.16784546
1.482,0.04339339
1.4825,0.02522548
1.483,0.06891606
1.4835,0.21613897
1.484,0.27092882
1.4845,0.37617441
1.485,0.33733207
1.4855,0.32734378
1.486,0.24711544
1.4865,0.21480385
1.487,0.16175841
1.4875,0.12857123
1.488,0.02830602
1.4885,-0.10637147
1.489,-0.25784704
1.4895,-0.37908659
1.49,-0.45178949
1.4905,-0.46526094
1.491,-0.41252047
1.4915,-0.24224695
1.492,-0.26324478
1.4925,-0.16640082
1.493,-0.16209978
1.4935,-0.19462117
1.494,-0.21204312
1.4945,-0.2100135
1.495,-0.05927637
1.4955,-0.17306
1.496,-0.20331845
1.4965,-0.28298145
1.497,-0.32520902
1.4975,-0.32864317
1.498,-0.35741118
1.4985,-0.19928594
1.499,-0.07413902
1.4995,0.14038239
1.5,0.28233243
1.5005,0.32583518
1.501,0.32403867
1.5015,0.33998323
1.502,0.36421001
1.5025,0.37630353
1.503,0.34847466
1.5035,0.34291528
1.504,0.24822826
1.5045,0.20044781
1.505,0.11791753
1.5055,0.06595921
1.506,0.05742787
1.5065,0.26045216
1.507,0.35342152
1.5075,0.32558749
1.508,0.32139702
1.5085,0.29688503
1.509,0.24305506
1.5095,0.24108424
1.51,0.03273747
1.5105,-0.01728813
1.511,-0.04330019
1.5115,-0.17330408
1.512,-0.20508529
1.5125,-0.35799082
1.513,-0.4407667
1.5135,-0.47172554
1.514,-0.38294926
1.5145,-0.30632699
1.515,-0.20596067
1.5155,-0.11155713
1.516,-0.16578738
1.5165,-0.12800897
1.517,-0.22020815
1.5175,-0.21004958
1.518,-0.21698913
1.5185,-0.20659891
1.519,-0.26851245
1.5195,-0.30280638
1.52,-0.28147733
1.5205,-0.28882846
1.521,-0.265311
1.5215,-0.25016182
1.522,0.0425852
1.5225,0.16741112
1.523,0.3286947
1.5235,0.35159582
1.524,0.34058902
1.5245,0.41027439
1.525,0.35400209
1.5255,0.36554823
1.526,0.22217084
1.5265,0.24324008
1.527,0.23733172
1.5275,0.16195817
1.528,0.07101448
1.5285,0.08833028
1.529,0.10686296
1.5295,0.11530176
1.53,0.25199868
1.5305,0.31736933
1.531,0.40665222
1.5315,0.34233964
1.532,0.21619533
1.5325,0.10776377
1.533,0.03270481
1.5335,-0.09004367
1.534,-0.16086808
1.5345,-0.17462014
1.535,-0.30506996
1.5355,-0.40594024
1.536,-0.40945593
1.5365,-0.46111357
1.537,-0.34580186
1.5375,-0.28338962
1.538,-0.15626144
1.5385,-0.04051201
1.539,-0.11839118
1.5395,-0.07850048
1.54,-0.22283364
1.5405,-0.27059852
1.541,-0.27044955
1.5415,-0.33882395
1.542,-0.22642263
1.5425,-0.28373081
1.543,-0.20282891
1.5435,-0.20353851
1.544,-0.21750331
1.5445,-0.08395202
1.545,0.11319637
1.5455,0.17905599
1.546,0.38874753
1.5465,0.48948002
1.547,0.47445284
1.5475,0.38060276
1.548,0.35293289
1.5485,0.26075459
1.549,0.22114962
1.5495,0.18277229
1.55,0.14215715
1.5505,0.1615114
1.551,0.19822985
1.5515,0.17784916
1.552,0.13066676
1.5525,0.21018826
1.553,0.22106432
1.5535,0.29869435
1.554,0.38885673
1.5545,0.35711096
1.555,0.2643892
1.5555,0.12566588
1.556,-0.01485533
1.5565,-0.20700641
1.557,-0.20828355
1.5575,-0.24831587
1.558,-0.31320398
1.5585,-0.34782837
1.559,-0.36280471
1.5595,-0.34723926
1.56,-0.34683345
1.5605,-0.27532707
1.561,-0.17865325
1.5615,-0.05253515
1.562,-0.03169747
1.5625,-0.04679761
1.563,-0.18066953
1.5635,-0.23810753
1.564,-0.33481965
1.5645,-0.38889711
1.565,-0.31130949
1.5655,-0.3055231
1.566,-0.21011274
1.5665,-0.09331027
1.567,-0.09351816
1.5675,-0.04365768
1.568,0.05526843
1.5685,0.22830917
1.569,0.33032153
1.5695,0.46364103
1.57,0.43259058
1.5705,0.37706947
1.571,0.31918421
1.5715,0.25526029
1.572,0.08569241
1.5725,0.07790193
1.573,0.14362729
1.5735,0.16225498
1.574,0.22577318
1.5745,0.22098621
1.575,0.20245186
1.5755,0.16425797
1.576,0.27546229
1.5765,0.27244982
1.577,0.30740681
1.5775,0.30643444
1.578,0.22501432
1.5785,0.06906515
1.579,-0.1298774
1.5795,-0.23920222
1.58,-0.38069664
1.5805,-0.34745524
1.581,-0.35062396
1.5815,-0.35713706
1.582,-0.30255094
1.5825,-0.32479873
1.583,-0.3177271
1.5835,-0.20292947
1.584,-0.16107574
1.5845,-0.09097526
1.585,-0.09019554
1.5855,-0.10434749
1.586,-0.09694251
1.5865,-0.26110648
1.587,-0.29558025
1.5875,-0.36364639
1.588,-0.43313447
1.5885,-0.23224848
1.589,-0.14943264
1.5895,-0.11530272
1.59,0.04679306
1.5905,0.10406881
1.591,0.11950628
1.5915,0.22575641
1.592,0.27140228
1.5925,0.46514671
1.593,0.37949619
1.5935,0.41549453
1.594,0.34038394
1.5945,0.23681662
1.595,0.09196209
1.5955,0.08083484
1.596,0.09443044
1.5965,0.17893893
1.597,0.22803994
1.5975,0.21939732
1.598,0.26712443
1.5985,0.24507792
1.599,0.26959375
1.5995,0.26898953
1.6,0.24504674
1.6005,0.27547737
1.601,0.19036913
1.6015,0.06430664
1.602,-0.14101778
1.6025,-0.25904656
1.603,-0.41840397
1.6035,-0.44390814
1.604,-0.37055716
1.6045,-0.30528529
1.605,-0.23093798
1.6055,-0.19592939
1.606,-0.16961119
1.6065,-0.22394639
1.607,-0.1838196
1.6075,-0.1252671
1.608,-0.08342212
1.6085,-0.14072744
1.609,-0.1811445
1.6095,-0.29460528
1.61,-0.29570497
1.6105,-0.42645323
1.611,-0.3431374
1.6115,-0.33514165
1.612,-0.15684184
1.6125,-0.03538872
1.613,0.08101523
1.6135,0.18553925
1.614,0.17391639
1.6145,0.24207293
1.615,0.33375135
1.6155,0.34846749
1.616,0.44746879
1.6165,0.38004657
1.617,0.32614812
1.6175,0.23900883
1.618,0.12821308
1.6185,0.03669481
1.619,0.07258347
1.6195,0.04536888
1.62,0.20001621
1.6205,0.34213005
1.621,0.3623056
1.6215,0.32617033
1.622,0.28244241
1.6225,0.19332841
1.623,0.17853629
1.6235,0.18538748
1.624,0.08108156
1.6245,0.00761244
1.625,-0.11422152
1.6255,-0.24969929
1.626,-0.37144169
1.6265,-0.40526727
1.627,-0.38481797
1.6275,-0.34660709
1.628,-0.24684702
1.6285,-0.19620312
1.629,-0.14640868
1.6295,-0.14362559
1.63,-0.15933808
1.6305,-0.21621421
1.631,-0.1529789
1.6315,-0.19558743
1.632,-0.20641385
1.6325,-0.15487093
1.633,-0.35122368
1.6335,-0.37526593
1.634,-0.33004002
1.6345,-0.29353771
1.635,-0.15841571
1.6355,-0.0044309
1.636,0.19423985
1.6365,0.22763096
1.637,0.30983035
1.6375,0.35781457
1.638,0.24395424
1.6385,0.3079967
1.639,0.42779633
1.6395,0.27078556
1.64,0.24458046
1.6405,0.24718333
1.641,0.18938538
1.6415,-0.01798647
1.642,0.112028
1.6425,0.0984236
1.643,0.16881352
1.6435,0.27995716
1.644,0.34737544
1.6445,0.36683357
1.645,0.28983474
1.6455,0.21217616
1.646,0.14959082
1.6465,0.11128133
1.647,-0.00920972
1.6475,-0.01982735
1.648,-0.21104112
1.6485,-0.24166671
1.649,-0.41723981
1.6495,-0.4308626
1.65,-0.44128469
1.6505,-0.37095473
1.651,-0.26630255
1.6515,-0.14403876
1.652,-0.04145497
1.6525,-0.06278866
1.653,-0.08864472
1.6535,-0.22880915
1.654,-0.23761955
1.6545,-0.22294576
1.655,-0.23250932
1.6555,-0.24776943
1.656,-0.28574161
1.6565,-0.33136802
1.657,-0.2895059
1.6575,-0.23889124
1.658,-0.05464366
1.6585,0.01121642
1.659,0.22037035
1.6595,0.31723571
1.66,0.46135578
1.6605,0.36023322
1.661,0.35532628
1.6615,0.30776196
1.662,0.29575412
1.6625,0.27903374
1.663,0.27254218
1.6635,0.19627928
1.664,0.17886273
1.6645,0.10968452
1.665,0.06960479
1.6655,0.13573358
1.666,0.1461375
1.6665,0.27235355
1.667,0.37617893
1.6675,0.38331141
1.668,0.3398234
1.6685,0.24719876
1.669,0.10100674
1.6695,0.0152484
1.67,-0.14629285
1.6705,-0.13488845
1.671,-0.16770852
1.6715,-0.29387627
1.672,-0.37196937
1.6725,-0.37482817
1.673,-0.50041593
1.6735,-0.37520905
1.674,-0.21219972
1.6745,-0.1763353
1.675,-0.07223683
1.6755,-0.1502318
1.676,-0.13235069
1.6765,-0.19978555
1.677,-0.27632085
1.6775,-0.26983614
1.678,-0.26113408
1.6785,-0.28394588
1.679,-0.28372899
1.6795,-0.23797218
1.68,-0.20078303
1.6805,-0.10841811
1.681,-0.13086615
1.6815,0.05829494
1.682,0.16648103
1.6825,0.33869934
1.683,0.45354076
1.6835,0.45107458
1.684,0.40333983
1.6845,0.25256693
1.685,0.21648684
1.6855,0.28861921
1.686,0.15227344
1.6865,0.22247502
1.687,0.14863531
1.6875,0.18904123
1.688,0.16837105
1.6885,0.12300991
1.689,0.20268586
1.6895,0.24684301
1.69,0.30184428
1.6905,0.4095254
1.691,0.34819663
1.6915,0.20446986
1.692,-0.03577993
1.6925,-0.08971736
1.693,-0.19656805
1.6935,-0.22348103
1.694,-0.28684269
1.6945,-0.28554762
1.695,-0.26600882
1.6955,-0.34883574
1.696,-0.38237337
1.6965,-0.32692115
1.697,-0.2857822
1.6975,-0.1159868
1.698,-0.11928758
1.6985,-0.04179997
1.699,-0.14043674
1.6995,-0.12035323
1.7,-0.22259674
1.7005,-0.29452501
1.701,-0.37784879
1.7015,-0.31896104
1.702,-0.32727487
1.7025,-0.16111178
1.703,-0.12177975
1.7035,-0.07052799
1.704,0.02308786
1.7045,0.11607585
1.705,0.25397937
1.7055,0.34394152
1.706,0.44673002
1.7065,0.50699055
1.707,0.35635489
1.7075,0.23706237
1.708,0.12592102
1.7085,0.10267546
1.709,0.09756695
1.7095,0.08524303
1.71,0.20380809
1.7105,0.19395923
1.711,0.18790692
1.7115,0.24237817
1.712,0.29480372
1.7125,0.2583123
1.713,0.26435336
1.7135,0.3174427
1.714,0.29079937
1.7145,0.17181605
1.715,0.07803531
1.7155,-0.07365158
1.716,-0.24426107
1.7165,-0.34574989
1.717,-0.3503362
1.7175,-0.27696268
1.718,-0.29009842
1.7185,-0.27902267
1.719,-0.36693782
1.7195,-0.29675156
1.72,-0.22598719
1.7205,-0.19676314
1.721,-0.052202
1.7215,-0.07200465
1.722,-0.08157797
1.7225,-0.15830018
1.723,-0.29907728
1.7235,-0.30964201
1.724,-0.45783137
1.7245,-0.40064017
1.725,-0.29016759
1.7255,-0.1716526
1.726,-0.02662129
1.7265,0.03457992
1.727,0.11399188
1.7275,0.16083585
1.728,0.26124319
1.7285,0.31187001
1.729,0.42442255
1.7295,0.39154981
1.73,0.43155067
1.7305,0.31159206
1.731,0.16578488
1.7315,0.19283267
1.732,0.03484292
1.7325,0.11496263
1.733,0.14906276
1.7335,0.24078797
1.734,0.26500901
1.7345,0.24524708
1.735,0.24521566
1.7355,0.23265658
1.736,0.25083354
1.7365,0.28593181
1.737,0.25789313
1.7375,0.15733613
1.738,0.05276439
1.7385,-0.14469951
1.739,-0.24309459
1.7395,-0.37114859
1.74,-0.4151904
1.7405,-0.35390832
1.741,-0.31435143
1.7415,-0.2675652
1.742,-0.2266928
1.7425,-0.23516415
1.743,-0.19409061
1.7435,-0.15205002
1.744,-0.18735041
1.7445,-0.04042877
1.745,-0.07123651
1.7455,-0.18367911
1.746,-0.27433943
1.7465,-0.32725698
1.747,-0.39709711
1.7475,-0.35516606
1.748,-0.27521339
1.7485,-0.16492485
1.749,-0.04603832
1.7495,0.12873143
1.75,0.1971925
1.7505,0.27966096
1.751,0.23393192
1.7515,0.35282298
1.752,0.38066469
1.7525,0.36672501
1.753,0.33935748
1.7535,0.29229684
1.754,0.1760735
1.7545,0.09340337
1.755,0.07022064
1.7555,0.03439685
1.756,0.05982177
1.7565,0.19599003
1.757,0.30913396
1.7575,0.34564517
1.758,0.35264572
1.7585,0.27526937
1.759,0.21764832
1.7595,0.19811806
1.76,0.08594431
1.7605,0.08000168
1.761,-0.06842708
1.7615,-0.14631124
1.762,-0.29706811
1.7625,-0.35781271
1.763,-0.42147872
1.7635,-0.37733792
1.764,-0.3451046
1.7645,-0.22495143
1.765,-0.22289264
1.7655,-0.13406941
1.766,-0.16740907
1.7665,-0.1608395
1.767,-0.20225531
1.7675,-0.12587992
1.768,-0.18569519
1.7685,-0.12910797
1.769,-0.26809443
1.7695,-0.23095758
1.77,-0.36980668
1.7705,-0.38812956
1.771,-0.25979777
1.7715,-0.10606136
1.772,0.01698789
1.7725,0.14106251
1.773,0.32506297
1.7735,0.30224323
1.774,0.32754775
1.7745,0.29518551
1.775,0.33401007
1.7755,0.39095897
1.776,0.31350726
1.7765,0.28242709
1.777,0.24444441
1.7775,0.12274329
1.778,0.01344418
1.7785,0.05322735
1.779,0.13268064
1.7795,0.18043193
1.78,0.34819689
1.7805,0.3468189
1.781,0.4150074
1.7815,0.33608061
1.782,0.18707409
1.7825,0.13435921
1.783,0.05317526
1.7835,-0.04904849
1.784,-0.05880915
1.7845,-0.19432589
1.785,-0.27989838
1.7855,-0.36885546
1.786,-0.39816123
1.7865,-0.41870351
1.787,-0.34182855
1.7875,-0.20793137
1.788,-0.15215724
1.7885,-0.0883706
1.789,-0.10397625
1.7895,-0.04065759
1.79,-0.13332504
1.7905,-0.23574928
1.791,-0.31852581
1.7915,-0.21235638
1.792,-0.26107559
1.7925,-0.25962161
1.793,-0.31097421
1.7935,-0.24851378
1.794,-0.21433977
1.7945,-0.06775596
1.795,0.04643929
1.7955,0.17844857
1.796,0.37751745
1.7965,0.42886349
1.797,0.34610871
1.7975,0.34869311
1.798,0.37761471
1.7985,0.2685167
1.799,0.25098014
1.7995,0.19489287
1.8,0.18927727
1.8005,0.15552837
1.801,0.12067014
1.8015,0.09969656
1.802,0.14708011
1.8025,0.21381706
1.803,0.27554031
1.8035,0.41294838
1.804,0.38055301
1.8045,0.32615133
1.805,0.18150283
1.8055,0.04940242
1.806,0.00900266
1.8065,-0.14251863
1.807,-0.14298798
1.8075,-0.21524424
1.808,-0.25484817
1.8085,-0.39838606
1.809,-0.40913493
1.8095,-0.39605922
1.81,-0.29190819
1.8105,-0.160876
1.811,-0.11820416
1.8115,-0.07079417
1.812,-0.07023955
1.8125,-0.16867744
1.813,-0.20114129
1.8135,-0.30299883
1.814,-0.34100861
1.8145,-0.27566402
1.815,-0.37344416
1.8155,-0.29217072
1.816,-0.22739332
1.8165,-0.22008809
1.817,-0.1341182
1.8175,-0.11889583
1.818,0.12080914
1.8185,0.23061612
1.819,0.31340993
1.8195,0.465576
1.82,0.45756675
1.8205,0.39490261
1.821,0.21041927
1.8215,0.22098604
1.822,0.19312445
1.8225,0.13407039
1.823,0.24694601
1.8235,0.17581442
1.824,0.17424541
1.8245,0.12654437
1.825,0.18636453
1.8255,0.21156243
1.826,0.32198135
1.8265,0.42328543
1.827,0.35975289
1.8275,0.31344118
1.828,0.1651311
1.8285,0.03791581
1.829,-0.1537518
1.8295,-0.25291188
1.83,-0.24082307
1.8305,-0.2894519
1.831,-0.24003912
1.8315,-0.39066759
1.832,-0.36077538
1.8325,-0.31517711
1.833,-0.27684052
1.8335,-0.29176273
1.834,-0.21753316
1.8345,-0.06294903
1.835,-0.05338787
1.8355,-0.14719305
1.836,-0.24217768
1.8365,-0.30621675
1.837,-0.30234984
1.8375,-0.40893871
1.838,-0.29792517
1.8385,-0.25589782
1.839,-0.18499305
1.8395,-0.10344271
1.84,-0.05466497
1.8405,-0.00015465
1.841,0.09457167
1.8415,0.33030687
1.842,0.34823862
1.8425,0.48236191
1.843,0.4905353
1.8435,0.43523949
1.844,0.24349538
1.8445,0.18326899
1.845,0.09405587
1.8455,0.11809944
1.846,0.20169625
1.8465,0.23339189
1.847,0.20152496
1.8475,0.19825319
1.848,0.22502721
1.8485,0.21441425
1.849,0.20813076
1.8495,0.32083688
1.85,0.32023285
1.8505,0.34819967
1.851,0.19618196
1.8515,-0.0110985
1.852,-0.13999284
1.8525,-0.30994675
1.853,-0.30912132
1.8535,-0.31994779
1.854,-0.25515163
1.8545,-0.27136676
1.855,-0.2786163
1.8555,-0.24872323
1.856,-0.28440683
1.8565,-0.2598272
1.857,-0.23341892
1.8575,-0.1006046
1.858,-0.07496275
1.8585,-0.10267159
1.859,-0.21498881
1.8595,-0.31185008
1.86,-0.3730357
1.8605,-0.3928819
1.861,-0.40333142
1.8615,-0.22390165
1.862,-0.1537986
1.8625,-0.02332242
1.863,0.01707188
1.8635,0.06808965
1.864,0.15082419
1.8645,0.23279172
1.865,0.3394424
1.8655,0.37741872
1.866,0.40115539
1.8665,0.34325209
1.867,0.32477791
1.8675,0.1751351
1.868,0.06741693
1.8685,0.08078782
1.869,0.05570881
1.8695,0.19558727
1.87,0.21999392
1.8705,0.27486789
1.871,0.23304337
1.8715,0.25085029
1.872,0.32961825
1.8725,0.27481557
1.873,0.22041161
1.8735,0.17704387
1.874,0.19170689
1.8745,0.04306532
1.875,-0.1452428
1.8755,-0.28066911
1.876,-0.41625807
1.8765,-0.35995994
1.877,-0.38901123
1.8775,-0.29222867
1.878,-0.24967351
1.8785,-0.15131869
1.879,-0.1796179
1.8795,-0.17583705
1.88,-0.18642628
1.8805,-0.2122461
1.881,-0.08826793
1.8815,-0.131035
1.882,-0.2174457
1.8825,-0.2543861
1.883,-0.34263113
1.8835,-0.4090859
1.884,-0.38328978
1.8845,-0.30046939
1.885,-0.1303595
1.8855,-0.00412744
1.886,0.13950159
1.8865,0.18990585
1.887,0.24942976
1.8875,0.32649578
1.888,0.32906293
1.8885,0.33120575
1.889,0.37641589
1.8895,0.3134741
1.89,0.23243183
1.8905,0.19804481
1.891,0.03827593
1.8915,0.06536273
1.892,0.04776754
1.8925,0.22279962
1.893,0.2016119
1.8935,0.36039638
1.894,0.34263947
1.8945,0.30377258
1.895,0.34116212
1.8955,0.27430806
1.896,0.18578542
1.8965,0.12506544
1.897,0.12830719
1.8975,0.01489776
1.898,-0.1806181
1.8985,-0.26979667
1.899,-0.4206229
1.8995,-0.51592944
1.9,-0.46188749
1.9005,-0.32190827
1.901,-0.20564592
1.9015,-0.17684477
1.902,-0.19883815
1.9025,-0.23441068
1.903,-0.21349067
1.9035,-0.15783832
1.904,-0.16516726
1.9045,-0.17962454
1.905,-0.20004763
1.9055,-0.21592268
1.906,-0.34814555
1.9065,-0.33653418
1.907,-0.34596792
1.9075,-0.30798206
1.908,-0.17154919
1.9085,0.06578304
1.909,0.15298111
1.9095,0.28551955
1.91,0.28418428
1.9105,0.29848077
1.911,0.29979662
1.9115,0.28992545
1.912,0.28122393
1.9125,0.3201538
1.913,0.20174948
1.9135,0.16798015
1.914,0.09019505
1.9145,0.04877096
1.915,0.09945588
1.9155,0.10378112
1.916,0.23979876
1.9165,0.3770261
1.917,0.33491463
1.9175,0.32759564
1.918,0.31059018
1.9185,0.21451001
1.919,0.09337313
1.9195,-0.0404421
1.92,-0.02118936
1.9205,-0.09532768
1.921,-0.18960574
1.9215,-0.31941808
1.922,-0.35844252
1.9225,-0.44336031
1.923,-0.40214109
1.9235,-0.21930605
1.924,-0.16405356
1.9245,-0.13572968
1.925,-0.10803493
1.9255,-0.12523151
1.926,-0.19283315
1.9265,-0.18697519
1.927,-0.25883089
1.9275,-0.24131545
1.928,-0.22606706
1.9285,-0.28726209
1.929,-0.28834594
1.9295,-0.26974332
1.93,-0.26313544
1.9305,-0.29019228
1.931,-0.08998386
1.9315,0.02665021
1.932,0.20099795
1.9325,0.26891262
1.933,0.34545687
1.9335,0.31671052
1.934,0.30383679
1.9345,0.28317909
1.935,0.2064807
1.9355,0.26719905
1.936,0.26026919
1.9365,0.27640732
1.937,0.12712874
1.9375,0.07660553
1.938,0.10814112
1.9385,0.16658577
1.939,0.19853583
1.9395,0.31188064
1.94,0.35133001
1.9405,0.4247234
1.941,0.33451441
1.9415,0.16827891
1.942,0.0811783
1.9425,-0.02794189
1.943,-0.10527604
1.9435,-0.16963207
1.944,-0.2684172
1.9445,-0.25659516
1.945,-0.37106075
1.9455,-0.38230724
1.946,-0.459764
1.9465,-0.29601035
1.947,-0.19167336
1.9475,-0.11327459
1.948,-0.10216139
1.9485,-0.06899505
1.949,-0.12175222
1.9495,-0.25610305
1.95,-0.29934859
1.9505,-0.32059848
1.951,-0.32428658
1.9515,-0.27913069
1.952,-0.30314136
1.9525,-0.21470886
1.953,-0.11684153
1.9535,-0.16204487
1.954,-0.03056503
1.9545,0.08023516
1.955,0.29117276
1.9555,0.3736642
1.956,0.506034
1.9565,0.41626928
1.957,0.39532066
1.9575,0.2453983
1.958,0.206268
1.9585,0.18367257
1.959,0.19243109
1.9595,0.13510225
1.96,0.20999464
1.9605,0.09477504
1.961,0.17263414
1.9615,0.20677919
1.962,0.2098416
1.9625,0.26872562
1.963,0.37425395
1.9635,0.34382654
1.964,0.25430948
1.9645,0.17564275
1.965,-0.03023684
1.9655,-0.08332082
1.966,-0.20856381
1.9665,-0.30069816
1.967,-0.21053109
1.9675,-0.32275828
1.968,-0.29401462
1.9685,-0.37752043
1.969,-0.36547797
1.9695,-0.33475714
1.97,-0.20556671
1.9705,-0.12181254
1.971,-0.07053017
1.9715,-0.05022191
1.972,-0.18021478
1.9725,-0.23689631
1.973,-0.28755158
1.9735,-0.29273384
1.974,-0.4192213
1.9745,-0.34511326
1.975,-0.25137352
1.9755,-0.16172798
1.976,-0.05977304
1.9765,0.04017731
1.977,0.0284998
1.9775,0.13022896
1.978,0.30709329
1.9785,0.39338796
1.979,0.40846294
1.9795,0.43754614
1.98,0.35999672
1.9805,0.22689365
1.981,0.16216669
1.9815,0.08593567
1.982,0.12628708
1.9825,0.2057915
1.983,0.19605018
1.9835,0.20196353
1.984,0.20543135
1.9845,0.28545227
1.985,0.28090227
1.9855,0.31572422
1.986,0.34351428
1.9865,0.38024401
1.987,0.24962515
1.9875,0.18122202
1.988,-0.00284103
1.9885,-0.12706775
1.989,-0.23342356
1.9895,-0.33879298
1.99,-0.36709767
1.9905,-0.293448
1.991,-0.21769587
1.9915,-0.25715792
1.992,-0.22034866
1.9925,-0.30079002
1.993,-0.19505402
1.9935,-0.11934284
1.994,-0.11933296
1.9945,-0.0766377
1.995,-0.1302818
1.9955,-0.18596611
1.996,-0.30863279
1.9965,-0.37192805
1.997,-0.38714522
1.9975,-0.30796849
1.998,-0.24923561
1.9985,-0.16513833
1.999,-0.0222859
1.9995,0.06115882
2.0,0.10304638
2.0005,0.16786967
2.001,0.21699934
2.0015,0.37148213
2.002,0.37013603
2.0025,0.43236069
2.003,0.31020767
2.0035,0.23877588
2.004,0.17630209
2.0045,0.1070464
2.005,0.09899344
2.0055,0.19002085
2.006,0.17099177
2.0065,0.26834512
2.007,0.29693473
2.0075,0.33863239
2.008,0.29144857
2.0085,0.28607435
2.009,0.25660226
2.0095,0.2690722
2.01,0.19005788
2.0105,0.14301908
2.011,0.00968325
2.0115,-0.13266595
2.012,-0.36759181
2.0125,-0.34886843
2.013,-0.38419913
2.0135,-0.29961031
2.014,-0.31628184
2.0145,-0.18264582
2.015,-0.20579469
2.0155,-0.18349214
2.016,-0.22153569
2.0165,-0.17246097
2.017,-0.12235162
2.0175,-0.14308334
2.018,-0.14070261
2.0185,-0.18420199
2.019,-0.25899262
2.0195,-0.36436284
2.02,-0.38189353
2.0205,-0.29764544
2.021,-0.2579907
2.0215,-0.11177353
2.022,0.02460392
2.0225,0.1325145
2.023,0.21318305
2.0235,0.22922111
2.024,0.229449
2.0245,0.31197288
2.025,0.3689325
2.0255,0.34272531
2.026,0.32932197
2.0265,0.26027858
2.027,0.0921039
2.0275,0.09912744
2.028,0.05430825
2.0285,0.11316103
2.029,0.12482744
2.0295,0.29335807
2.03,0.33984246
2.0305,0.3260025
2.031,0.29175301
2.0315,0.27255181
2.032,0.20607789
2.0325,0.14014594
2.033,0.10877961
2.0335,0.05521138
2.034,-0.0669837
2.0345,-0.23983755
2.035,-0.28738189
2.0355,-0.38877628
2.036,-0.47147904
2.0365,-0.41005892
2.037,-0.2631508
2.0375,-0.17046476
2.038,-0.18785233
2.0385,-0.13147236
2.039,-0.17291635
2.0395,-0.17024711
2.04,-0.20356967
2.0405,-0.11170542
2.041,-0.27217216
2.0415,-0.26539287
2.042,-0.20891867
2.0425,-0.29822198
2.043,-0.32992624
2.0435,-0.31249401
2.044,-0.18935163
2.0445,-0.04431018
2.045,0.05799735
2.0455,0.2674357
2.046,0.38079231
2.0465,0.27684933
2.047,0.32812138
2.0475,0.31317795
2.048,0.29530731
2.0485,0.31008004
2.049,0.29346778
2.0495,0.32360029
2.05,0.20839738
2.0505,0.1364582
2.051,-0.01014358
2.0515,0.12022693
2.052,0.19611076
2.0525,0.24209022
2.053,0.35767911
2.0535,0.37799902
2.054,0.38246917
2.0545,0.33293634
2.055,0.21329623
2.0555,0.08163522
2.056,0.01095644
2.0565,-0.03118713
2.057,-0.15847683
2.0575,-0.192361
2.058,-0.32870473
2.0585,-0.42435966
2.059,-0.3963692
2.0595,-0.46387714
2.06,-0.26504531
2.0605,-0.20110593
2.061,-0.18521658
2.0615,-0.11680123
2.062,-0.07337441
2.0625,-0.13334198
2.063,-0.21709051
2.0635,-0.34841295
2.064,-0.30519595
2.0645,-0.27170563
2.065,-0.28718012
2.0655,-0.29429686
2.066,-0.30988999
2.0665,-0.27341517
2.067,-0.17219154
2.0675,-0.12629386
2.068,0.10412754
2.0685,0.31295187
2.069,0.33452743
2.0695,0.42882857
2.07,0.26164251
2.0705,0.31569362
2.071,0.18223178
2.0715,0.22473547
2.072,0.22730984
2.0725,0.25056936
2.073,0.2373109
2.0735,0.16779908
2.074,0.14887163
2.0745,0.14359992
2.075,0.21841283
2.0755,0.25875237
2.076,0.41142762
2.0765,0.36625205
2.077,0.42441567
2.0775,0.31391821
2.078,0.14968682
2.0785,0.06553161
2.079,0.00754994
2.0795,-0.14222722
2.08,-0.18175073
2.0805,-0.20378615
2.081,-0.32892808
2.0815,-0.35349659
2.082,-0.3290414
2.0825,-0.35276367
2.083,-0.30514509
2.0835,-0.18687136
2.084,-0.11232098
2.0845,-0.06252149
2.085,-0.09513253
2.0855,-0.11495318
2.086,-0.20788984
2.0865,-0.25083217
2.087,-0.34117289
2.0875,-0.30750244
2.088,-0.25016655
2.0885,-0.30600121
2.089,-0.28265785
2.0895,-0.24423401
2.09,-0.10687998
2.0905,-0.03475293
2.091,0.15854408
2.0915,0.31770367
2.092,0.39706365
2.0925,0.42210435
2.093,0.39295647
2.0935,0.32404725
2.094,0.23002993
2.0945,0.11281819
2.095,0.18258365
2.0955,0.1050079
2.096,0.17694175
2.0965,0.21312655
2.097,0.13259778
2.0975,0.20116332
2.098,0.18944768
2.0985,0.26053058
2.099,0.35948285
2.0995,0.3814326
2.1,0.42687041
2.1005,0.31282622
2.101,0.16025592
2.1015,0.0210263
2.102,-0.09690028
2.1025,-0.26475983
2.103,-0.2379282
2.1035,-0.28030162
2.104,-0.30639214
2.1045,-0.29748788
2.105,-0.32886446
2.1055,-0.32497831
2.106,-0.30849176
2.1065,-0.2374547
2.107,-0.08643074
2.1075,-0.04942663
2.108,-0.07683262
2.1085,-0.1043367
2.109,-0.2258331
2.1095,-0.27997785
2.11,-0.33113816
2.1105,-0.37507407
2.111,-0.26737892
2.1115,-0.3573052
2.112,-0.18042315
2.1125,-0.16018542
2.113,-0.04342175
2.1135,-0.01539671
2.114,0.10583194
2.1145,0.28295742
2.115,0.35604605
2.1155,0.41886294
2.116,0.4664054
2.1165,0.31260951
2.117,0.18798901
2.1175,0.24945296
2.118,0.0793626
2.1185,0.13568921
2.119,0.10086725
2.1195,0.25402894
2.12,0.24610348
2.1205,0.23022396
2.121,0.1630517
2.1215,0.26422594
2.122,0.27986842
2.1225,0.32464272
2.123,0.35922933
2.1235,0.26371104
2.124,0.16673253
2.1245,0.00425638
2.125,-0.23121415
2.1255,-0.30548865
2.126,-0.2965446
2.1265,-0.3612895
2.127,-0.3131756
2.1275,-0.3018477
2.128,-0.25963888
2.1285,-0.21908406
2.129,-0.25449783
2.1295,-0.22413201
2.13,-0.17424228
2.1305,-0.0729192
2.131,-0.01200457
2.1315,-0.14823511
2.132,-0.19355161
2.1325,-0.36373545
2.133,-0.38214175
2.1335,-0.46475545
2.134,-0.35061756
2.1345,-0.20876295
2.135,-0.04097928
2.1355,-0.0556889
2.136,0.0873249
2.1365,0.10404474
2.137,0.23404301
2.1375,0.22226236
2.138,0.39439723
2.1385,0.44468101
2.139,0.3741639
2.1395,0.32677193
2.14,0.17034551
2.1405,0.04887107
2.141,0.03128795
2.1415,0.0723892
2.142,0.12586296
2.1425,0.20467499
2.143,0.28786794
2.1435,0.32625328
2.144,0.28682099
2.1445,0.29806184
2.145,0.26031647
2.1455,0.17220352
2.146,0.24793227
2.1465,0.16972962
2.147,0.06626435
2.1475,-0.01557929
2.148,-0.23886082
2.1485,-0.34739435
2.149,-0.37009533
2.1495,-0.38249737
2.15,-0.37039997
2.1505,-0.25924763
2.151,-0.23040301
2.1515,-0.22325211
2.152,-0.20067997
2.1525,-0.18977397
2.153,-0.18822608
2.1535,-0.06874916
2.154,-0.16363291
2.1545,-0.08036658
2.155,-0.23757645
2.1555,-0.28829368
2.156,-0.38089737
2.1565,-0.4495538
2.157,-0.2793058
2.1575,-0.20853039
2.158,-0.11900969
2.1585,0.06527568
2.159,0.13047377
2.1595,0.24336756
2.16,0.28383136
2.1605,0.27556523
2.161,0.31662641
2.1615,0.34520997
2.162,0.3166679
2.1625,0.32779784
2.163,0.24417876
2.1635,0.16733592
2.164,0.07487259
2.1645,0.08339595
2.165,0.06483669
2.1655,0.25981071
2.166,0.32892741
2.1665,0.38206946
2.167,0.38446045
2.1675,0.29279048
2.168,0.2456415
2.1685,0.25562424
2.169,0.21854194
2.1695,0.09677264
2.17,0.03260738
2.1705,-0.03849423
2.171,-0.17717595
2.1715,-0.3806087
2.172,-0.40084587
2.1725,-0.43907257
2.173,-0.33667121
2.1735,-0.23088888
2.174,-0.19057654
2.1745,-0.16011238
2.175,-0.12284141
2.1755,-0.2056978
2.176,-0.2435333
2.1765,-0.20932054
2.177,-0.15559055
2.1775,-0.19348947
2.178,-0.25881686
2.1785,-0.26475858
2.179,-0.33680526
2.1795,-0.30181486
2.18,-0.30941702
2.1805,-0.22558435
2.181,0.01283171
2.1815,0.06749443
2.182,0.23626338
2.1825,0.29321562
2.183,0.23244344
2.1835,0.26886693
2.184,0.3264248
2.1845,0.28896402
2.185,0.26412117
2.1855,0.27380854
2.186,0.24640986
2.1865,0.16980981
2.187,0.07078067
2.1875,0.05179307
2.188,0.02358034
2.1885,0.19970003
2.189,0.30135123
2.1895,0.37776803
2.19,0.36481614
2.1905,0.376059
2.191,0.32844299
2.1915,0.20838882
2.192,0.07295871
2.1925,-0.00245761
2.193,-0.04406754
2.1935,-0.08684022
2.194,-0.2902934
2.1945,-0.35134507
2.195,-0.35525901
2.1955,-0.40517583
2.196,-0.38415569
2.1965,-0.2511171
2.197,-0.12196446
2.1975,-0.07986703
2.198,-0.05818296
2.1985,-0.14723749
2.199,-0.20985706
2.1995,-0.22671687
2.2,-0.26439053
2.2005,-0.29874728
2.201,-0.28523016
2.2015,-0.30188398
2.202,-0.26652724
2.2025,-0.33444792
2.203,-0.24997276
2.2035,-0.17558052
2.204,-0.08518562
2.2045,0.09415195
2.205,0.27433763
2.2055,0.41645036
2.206,0.46910057
2.2065,0.34026569
2.207,0.29978855
2.2075,0.27921809
2.208,0.18840175
2.2085,0.23496363
2.209,0.18410518
2.2095,0.182973
2.21,0.1492979
2.2105,0.08398312
2.211,0.08170895
2.2115,0.22839668
2.212,0.24476685
2.2125,0.30470985
2.213,0.37091582
2.2135,0.35091907
2.214,0.20747461
2.2145,0.07554019
2.215,0.02631827
2.2155,-0.09772807
2.216,-0.14231047
2.2165,-0.28729446
2.217,-0.23650411
2.2175,-0.29549029
2.218,-0.37425656
2.2185,-0.41434183
2.219,-0.41436099
2.2195,-0.25169007
2.22,-0.18867854
2.2205,-0.11433212
2.221,-1.006e-05
2.2215,-0.09640726
2.222,-0.08258058
2.2225,-0.31505888
2.223,-0.33944506
2.2235,-0.36033866
2.224,-0.28422863
2.2245,-0.31742562
2.225,-0.29277067
2.2255,-0.20820034
2.226,-0.17608689
2.2265,-0.11958119
2.227,0.02255781
2.2275,0.1226523
2.228,0.31154289
2.2285,0.34818511
2.229,0.34633684
2.2295,0.42421978
2.23,0.27832744
2.2305,0.21199815
2.231,0.17120673
2.2315,0.19517736
2.232,0.13714404
2.2325,0.14895462
2.233,0.10218094
2.2335,0.17665427
2.234,0.18839905
2.2345,0.22911982
2.235,0.2322736
2.2355,0.33316379
2.236,0.35094747
2.2365,0.40240565
2.237,0.27804546
2.2375,0.14758177
2.238,-0.01841463
2.2385,-0.14892243
2.239,-0.2583241
2.2395,-0.25977994
2.24,-0.26878191
2.2405,-0.25174628
2.241,-0.3168354
2.2415,-0.30586059
2.242,-0.24198488
2.2425,-0.30308303
2.243,-0.22041186
2.2435,-0.06945987
2.244,-0.07415775
2.2445,-0.06530998
2.245,-0.19969788
2.2455,-0.21620463
2.246,-0.37656409
2.2465,-0.36809509
2.247,-0.31904305
2.2475,-0.26326132
2.248,-0.22472063
2.2485,-0.10318309
2.249,-0.15490664
2.2495,-0.08499047
2.25,-0.06332378
2.2505,0.16027563
2.251,0.27331666
2.2515,0.41227469
2.252,0.4359685
2.2525,0.42613836
2.253,0.24381011
2.2535,0.17526178
2.254,0.109907
2.2545,0.11047893
2.255,0.11670492
2.2555,0.14930266
2.256,0.11584055
2.2565,0.23463919
2.257,0.32510141
2.2575,0.1928947
2.258,0.2920977
2.2585,0.33645494
2.259,0.36402047
2.2595,0.28174634
2.26,0.30108856
2.2605,0.15102664
2.261,-0.04063859
2.2615,-0.222081
2.262,-0.2750756
2.2625,-0.39229533
2.263,-0.37813093
2.2635,-0.26165219
2.264,-0.29753042
2.2645,-0.27657485
2.265,-0.24334571
2.2655,-0.22000469
2.266,-0.1948449
2.2665,-0.11243901
2.267,-0.05301215
2.2675,-0.11273595
2.268,-0.14384741
2.2685,-0.2332568
2.269,-0.35947765
2.2695,-0.45393103
2.27,-0.40083412
2.2705,-0.35632855
2.271,-0.28747208
2.2715,-0.09261737
2.272,0.01497827
2.2725,0.06219605
2.273,0.15360559
2.2735,0.20063541
2.274,0.22047372
2.2745,0.35446758
2.275,0.41991
2.2755,0.39408316
2.276,0.29206487
2.2765,0.19908996
2.277,0.1531412
2.2775,0.08691523
2.278,0.1042552
2.2785,0.17713588
2.279,0.24814556
2.2795,0.26823949
2.28,0.29837014
2.2805,0.35124566
2.281,0.29422129
2.2815,0.24150158
2.282,0.27307742
2.2825,0.25476076
2.283,0.21936833
2.2835,0.04766886
2.284,-0.06488267
2.2845,-0.21730403
2.285,-0.40486148
2.2855,-0.43366372
2.286,-0.38586936
2.2865,-0.31830574
2.287,-0.241569
2.2875,-0.19859823
2.288,-0.17547257
2.2885,-0.18174057
2.289,-0.20005363
2.2895,-0.13879313
2.29,-0.19902081
2.2905,-0.14108856
2.291,-0.18506777
2.2915,-0.22403077
2.292,-0.28818258
2.2925,-0.45749323
2.293,-0.43753556
2.2935,-0.3256987
2.294,-0.23536544
2.2945,-0.0188981
2.295,0.07716396
2.2955,0.16618873
2.296,0.25083799
2.2965,0.24682005
2.297,0.29927609
2.2975,0.30469735
2.298,0.36230689
2.2985,0.38887879
2.299,0.30890309
2.2995,0.23413455
2.3,0.10231756
2.3005,0.01392184
2.301,0.0776629
2.3015,0.09881286
2.302,0.25941942
2.3025,0.36182939
2.303,0.37087228
2.3035,0.34922672
2.304,0.3180199
2.3045,0.27409884
2.305,0.19418455
2.3055,0.19451056
2.306,0.12937794
2.3065,0.07816029
2.307,-0.03337676
2.3075,-0.14801009
2.308,-0.36342395
2.3085,-0.45843236
2.309,-0.45245455
2.3095,-0.38630816
2.31,-0.22168332
2.3105,-0.13151171
2.311,-0.14956438
2.3115,-0.13299868
2.312,-0.14816651
2.3125,-0.20156082
2.313,-0.21536138
2.3135,-0.17897619
2.314,-0.28184689
2.3145,-0.21890275
2.315,-0.34822597
2.3155,-0.38434205
2.316,-0.40526497
2.3165,-0.29466059
2.317,-0.14434696
2.3175,-0.01527001
2.318,0.15990379
2.3185,0.22194263
2.319,0.29264248
2.3195,0.31536477
2.32,0.2544538
2.3205,0.31021726
2.321,0.33219495
2.3215,0.23379895
2.322,0.26703696
2.3225,0.22962493
2.323,0.16113325
2.3235,0.13316281
2.324,0.04085393
2.3245,0.10762691
2.325,0.25422587
2.3255,0.32209436
2.326,0.44550177
2.3265,0.39856021
2.327,0.36920295
2.3275,0.28519289
2.328,0.08144882
2.3285,0.10039616
2.329,0.03585843
2.3295,-0.11231612
2.33,-0.13724014
2.3305,-0.27027939
2.331,-0.3432273
2.3315,-0.34709999
2.332,-0.35901309
2.3325,-0.31968989
2.333,-0.19479718
2.3335,-0.12374396
2.334,-0.09576068
2.3345,-0.10526834
2.335,-0.18291575
2.3355,-0.10182411
2.336,-0.23573931
2.3365,-0.24634932
2.337,-0.31074257
2.3375,-0.25853885
2.338,-0.24796725
2.3385,-0.27824869
2.339,-0.32699678
2.3395,-0.31729767
2.34,-0.1453599
2.3405,-0.00734871
2.341,0.19130941
2.3415,0.30763763
2.342,0.36435827
2.3425,0.3661618
2.343,0.33293776
2.3435,0.15512776
2.344,0.17835804
2.3445,0.1753406
2.345,0.19320583
2.3455,0.20253916
2.346,0.17445566
2.3465,0.10856247
2.347,0.10022375
2.3475,0.14237623
2.348,0.1942412
2.3485,0.2918433
2.349,0.38243985
2.3495,0.42803314
2.35,0.39590635
2.3505,0.29031846
2.351,0.19741899
2.3515,-9.209e-05
2.352,-0.04647716
2.3525,-0.14798683
2.353,-0.18560498
2.3535,-0.25159051
2.354,-0.36115358
2.3545,-0.35146958
2.355,-0.36632776
2.3555,-0.34414381
2.356,-0.23027853
2.3565,-0.1599309
2.357,-0.06628362
2.3575,-0.065213
2.358,-0.12073818
2.3585,-0.19136442
2.359,-0.28540173
2.3595,-0.31611445
2.36,-0.32428791
2.3605,-0.36671953
2.361,-0.28017669
2.3615,-0.22837284
2.362,-0.21581764
2.3625,-0.18126934
2.363,-0.0816502
2.3635,-0.04662221
2.364,0.14210868
2.3645,0.27561254
2.365,0.4253799
2.3655,0.38679671
2.366,0.43164502
2.3665,0.31831178
2.367,0.1750232
2.3675,0.14617553
2.368,0.12407725
2.3685,0.15536032
2.369,0.10719032
2.3695,0.20023193
2.37,0.17243279
2.3705,0.19246341
2.371,0.21863001
2.3715,0.23905899
2.372,0.37019969
2.3725,0.36027182
2.373,0.35053552
2.3735,0.25377978
2.374,0.10536224
2.3745,-0.05491969
2.375,-0.15953047
2.3755,-0.26359549
2.376,-0.29428791
2.3765,-0.37136877
2.377,-0.30715076
2.3775,-0.25129183
2.378,-0.31484533
2.3785,-0.30551587
2.379,-0.23502505
2.3795,-0.16595562
2.38,-0.07922016
2.3805,-0.09555728
2.381,-0.09079267
2.3815,-0.12713155
2.382,-0.29070981
2.3825,-0.3584101
2.383,-0.33340137
2.3835,-0.34953466
2.384,-0.28444419
2.3845,-0.1660598
2.385,-0.11147959
2.3855,-0.11633466
2.386,-0.04202654
2.3865,0.05001372
2.387,0.11320469
2.3875,0.2209399
2.388,0.34614882
2.3885,0.40441796
2.389,0.3344352
2.3895,0.24706486
2.39,0.18725249
2.3905,0.071036
2.391,0.05660827
2.3915,0.15166664
2.392,0.24576729
2.3925,0.2327145
2.393,0.20444412
2.3935,0.263198
2.394,0.30588324
2.3945,0.30316522
2.395,0.3280127
2.3955,0.37796238
2.396,0.36040566
2.3965,0.21914841
2.397,0.06276023
2.3975,-0.07970459
2.398,-0.2546737
2.3985,-0.35908073
2.399,-0.33225218
2.3995,-0.27092701
2.4,-0.33514272
2.4005,-0.35746125
2.401,-0.23740483
2.4015,-0.21878689
2.402,-0.21152758
2.4025,-0.17996022
2.403,-0.11522643
2.4035,-0.13543174
2.404,-0.08913895
2.4045,-0.12096387
2.405,-0.2877737
2.4055,-0.35598852
2.406,-0.39907809
2.4065,-0.38104174
2.407,-0.29414002
2.4075,-0.17794155
2.408,-0.04052283
2.4085,-0.00144598
2.409,0.0329479
2.4095,0.11919974
2.41,0.22075723
2.4105,0.26731349
2.411,0.33777878
2.4115,0.38271686
2.412,0.37686944
2.4125,0.21006798
2.413,0.17032686
2.4135,0.05424804
2.414,0.03264371
2.4145,0.09021221
2.415,0.15059831
2.4155,0.22249351
2.416,0.37127278
2.4165,0.32893859
2.417,0.33087843
2.4175,0.32103273
2.418,0.3220757
2.4185,0.28243873
2.419,0.17477227
2.4195,0.15664545
2.42,0.07865179
2.4205,-0.14313833
2.421,-0.26276075
2.4215,-0.40957671
2.422,-0.35502632
2.4225,-0.32177174
2.423,-0.32463968
2.4235,-0.23854772
2.424,-0.17784145
2.4245,-0.20202292
2.425,-0.10550964
2.4255,-0.1680836
2.426,-0.18296235
2.4265,-0.23289526
2.427,-0.12467091
2.4275,-0.23521738
2.428,-0.29363865
2.4285,-0.27167147
2.429,-0.40299958
2.4295,-0.44875689
2.43,-0.31151848
2.4305,-0.18241265
2.431,-0.05647046
2.4315,0.10467381
2.432,0.16958703
2.4325,0.24066859
2.433,0.27004824
2.4335,0.22743673
2.434,0.27986095
2.4345,0.34919603
2.435,0.34565549
2.4355,0.23305281
2.436,0.23096312
2.4365,0.08668351
2.437,0.02590741
2.4375,0.09072532
2.438,0.10555434
2.4385,0.21327798
2.439,0.29497544
2.4395,0.39845215
2.44,0.30302177
2.4405,0.33026729
2.441,0.25579413
2.4415,0.17151597
2.442,0.11351429
2.4425,0.06579378
2.443,-0.05632721
2.4435,-0.09410747
2.444,-0.21118142
2.4445,-0.30413951
2.445,-0.45748111
2.4455,-0.41032762
2.446,-0.38422083
2.4465,-0.20007456
2.447,-0.09461901
2.4475,-0.11270203
2.448,-0.11983049
2.4485,-0.17299081
2.449,-0.27987972
2.4495,-0.23140487
2.45,-0.21735533
2.4505,-0.20102331
2.451,-0.27502766
2.4515,-0.29507143
2.452,-0.37765032
2.4525,-0.37567356
2.453,-0.29423161
2.4535,-0.21150118
2.454,-0.03422506
2.4545,0.16722242
2.455,0.24380027
2.4555,0.27451549
2.456,0.26540182
2.4565,0.23721865
2.457,0.31521667
2.4575,0.22675612
2.458,0.26807203
2.4585,0.22571962
2.459,0.17921979
2.4595,0.15731574
2.46,0.06045455
2.4605,0.06365895
2.461,0.1803279
2.4615,0.20581241
2.462,0.26370835
2.4625,0.45665161
2.463,0.39709293
2.4635,0.3523181
2.464,0.22741173
2.4645,0.11873422
2.465,0.03936679
2.4655,0.00346313
2.466,-0.1119209
2.4665,-0.16272088
2.467,-0.22038332
2.4675,-0.3387041
2.468,-0.38672892
2.4685,-0.38563085
2.469,-0.3181158
2.4695,-0.24916394
2.47,-0.09756624
2.4705,-0.04966654
2.471,-0.16904446
2.4715,-0.21266311
2.472,-0.21430174
2.4725,-0.27738958
2.473,-0.3002172
2.4735,-0.27104988
2.474,-0.32309114
2.4745,-0.32113196
2.475,-0.30965528
2.4755,-0.33625916
2.476,-0.22131051
2.4765,-0.15258836
2.477,0.05488115
2.4775,0.21094604
2.478,0.28310041
2.4785,0.4017425
2.479,0.36602938
2.4795,0.28737916
2.48,0.2784417
2.4805,0.1537954
2.481,0.17539401
2.4815,0.22707536
2.482,0.19270644
2.4825,0.23214874
2.483,0.12238564
2.4835,0.15575938
2.484,0.17021723
2.4845,0.2544384
2.485,0.34822994
2.4855,0.38050889
2.486,0.45418076
2.4865,0.39236561
2.487,0.28866489
2.4875,0.11206299
2.488,0.02067271
2.4885,-0.12419944
2.489,-0.11269888
2.4895,-0.20322475
2.49,-0.21173964
2.4905,-0.28097862
2.491,-0.31614016
2.4915,-0.3571071
2.492,-0.27565902
2.4925,-0.27896653
2.493,-0.1192164
2.4935,-0.08567204
2.494,-0.05190595
2.4945,-0.13583564
2.495,-0.16326893
2.4955,-0.33148309
2.496,-0.37899142
2.4965,-0.36964924
2.497,-0.31182168
2.4975,-0.29248637
2.498,-0.31656224
2.4985,-0.1967075
2.499,-0.162058
2.4995,-0.11501544
2.5,0.08360733
2.5005,0.16627703
2.501,0.23307716
2.5015,0.40309249
2.502,0.41260855
2.5025,0.33133721
2.503,0.21947662
2.5035,0.18184813
2.504,0.11343611
2.5045,0.22143828
2.505,0.20607526
2.5055,0.18766619
2.506,0.17672102
2.5065,0.23619636
2.507,0.2106005
2.5075,0.17818173
2.508,0.29152519
2.5085,0.3705484
2.509,0.4284608
2.5095,0.41370988
2.51,0.26119344
2.5105,0.07452784
2.511,-0.03680471
2.5115,-0.16136818
2.512,-0.23983388
2.5125,-0.26054293
2.513,-0.23983236
2.5135,-0.29054034
2.514,-0.28777719
2.5145,-0.33155769
2.515,-0.28005467
2.5155,-0.16544008
2.516,-0.18706323
2.5165,-0.01621036
2.517,-0.11007558
2.5175,-0.1011657
2.518,-0.22419242
2.5185,-0.32163652
2.519,-0.36923194
2.5195,-0.36489838
2.52,-0.35828568
2.5205,-0.26212048
2.521,-0.21814598
2.5215,-0.1348734
2.522,-0.11562269
2.5225,-0.0770479
2.523,0.04938473
2.5235,0.15844014
2.524,0.31044753
2.5245,0.33720219
2.525,0.41310223
2.5255,0.35322263
2.526,0.28291206
2.5265,0.18648217
2.527,0.09311805
2.5275,0.05788745
2.528,0.07752031
2.5285,0.18303063
2.529,0.26948014
2.5295,0.24222667
2.53,0.23562311
2.5305,0.31547437
2.531,0.26894886
2.5315,0.35060848
2.532,0.32583807
2.5325,0.31009254
2.533,0.24362695
2.5335,0.05661244
2.534,-0.03129659
2.5345,-0.21847168
2.535,-0.30958472
2.5355,-0.32183668
2.536,-0.22682639
2.5365,-0.32154607
2.537,-0.23441272
2.5375,-0.24941583
2.538,-0.25297117
2.5385,-0.24560114
2.539,-0.19714797
2.5395,-0.13711795
2.54,-0.18723088
2.5405,-0.09283977
2.541,-0.15525522
2.5415,-0.24479393
2.542,-0.41944836
2.5425,-0.39322052
2.543,-0.4724455
2.5435,-0.30835346
2.544,-0.22455393
2.5445,-0.16242284
2.545,0.02636422
2.5455,0.11773567
2.546,0.15145342
2.5465,0.25936345
2.547,0.27804317
2.5475,0.32618168
2.548,0.35358663
2.5485,0.37091869
2.549,0.33086566
2.5495,0.18239593
2.55,0.06812302
2.5505,0.04794071
2.551,0.17132077
2.5515,0.20398753
2.552,0.28240154
2.5525,0.35256211
2.553,0.37414975
2.5535,0.34597624
2.554,0.3490048
2.5545,0.3265611
2.555,0.31233107
2.5555,0.21207131
2.556,0.19381503
2.5565,0.07107006
2.557,-0.1339714
2.5575,-0.21318779
2.558,-0.39357949
2.5585,-0.37345732
2.559,-0.32850329
2.5595,-0.3259989
2.56,-0.24055433
2.5605,-0.22229886
2.561,-0.18631211
2.5615,-0.12195375
2.562,-0.16058887
2.5625,-0.21526154
2.563,-0.16266365
2.5635,-0.11290609
2.564,-0.16750374
2.5645,-0.26799428
2.565,-0.34217278
2.5655,-0.36851976
2.566,-0.44310798
2.5665,-0.3362223
2.567,-0.21945047
2.5675,-0.016332
2.568,0.08490419
2.5685,0.23037119
2.569,0.20480047
2.5695,0.30018552
2.57,0.23464122
2.5705,0.27409306
2.571,0.29420065
2.5715,0.29378331
2.572,0.2331459
2.5725,0.16939759
2.573,0.06591382
2.5735,0.11489571
2.574,0.07054136
2.5745,0.13737951
2.575,0.33354263
2.5755,0.31579161
2.576,0.43490671
2.5765,0.37394458
2.577,0.3055396
2.5775,0.20243337
2.578,0.18413836
2.5785,0.09164335
2.579,0.04686934
2.5795,0.02243732
2.58,-0.03244247
2.5805,-0.29635015
2.581,-0.37256441
2.5815,-0.44675748
2.582,-0.40676989
2.5825,-0.29575773
2.583,-0.18022662
2.5835,-0.09870565
2.584,-0.0827683
2.5845,-0.06677615
2.585,-0.15844392
2.5855,-0.21915016
2.586,-0.26003413
2.5865,-0.21336114
2.587,-0.22960991
2.5875,-0.3061625
2.588,-0.34106609
2.5885,-0.41846184
2.589,-0.34509079
2.5895,-0.30789536
2.59,-0.1758015
2.5905,0.03831137
2.591,0.14533442
2.5915,0.30021419
2.592,0.29991852
2.5925,0.24607235
2.593,0.23864116
2.5935,0.24310391
2.594,0.26960047
2.5945,0.22817924
2.595,0.1993954
2.5955,0.22334319
2.596,0.12116487
2.5965,0.0881767
2.597,0.09805357
2.5975,0.16122843
2.598,0.1772075
2.5985,0.3478415
2.599,0.43335722
2.5995,0.43171982
2.6,0.37360216
2.6005,0.26815636
2.601,0.13286326
2.6015,0.07086488
2.602,0.01878608
2.6025,-0.08723093
2.603,-0.17630191
2.6035,-0.19421156
2.604,-0.38610887
2.6045,-0.39695836
2.605,-0.36927341
2.6055,-0.30153214
2.606,-0.14719084
2.6065,-0.09447694
2.607,-0.05850759
2.6075,-0.00721751
2.608,-0.13802778
2.6085,-0.2603999
2.609,-0.28986057
2.6095,-0.2881878
2.61,-0.30678247
2.6105,-0.32802801
2.611,-0.30692737
2.6115,-0.27850747
2.612,-0.31150472
2.6125,-0.30921733
2.613,-0.14556391
2.6135,0.00440941
2.614,0.20539032
2.6145,0.30589625
2.615,0.29787204
2.6155,0.36090981
2.616,0.30551343
2.6165,0.25675267
2.617,0.20207827
2.6175,0.26429536
2.618,0.26532711
2.6185,0.18911224
2.619,0.224426
2.6195,0.11157539
2.62,0.19340038
2.6205,0.21301682
2.621,0.26072981
2.6215,0.32346825
2.622,0.4336151
2.6225,0.47752024
2.623,0.33437857
2.6235,0.2513064
2.624,0.06196479
2.6245,0.00519138
2.625,-0.14800941
2.6255,-0.21784463
2.626,-0.21687985
2.6265,-0.26194333
2.627,-0.30239616
2.6275,-0.34380014
2.628,-0.35014043
2.6285,-0.28111856
2.629,-0.24353975
2.6295,-0.09578785
2.63,-0.05366638
2.6305,-0.09709308
2.631,-0.12291004
2.6315,-0.21350588
2.632,-0.32790934
2.6325,-0.42556447
2.633,-0.30692354
2.6335,-0.36080395
2.634,-0.31706051
2.6345,-0.2351699
2.635,-0.17065107
2.6355,-0.15754906
2.636,-0.06007102
2.6365,0.03219158
2.637,0.1890764
2.6375,0.28141376
2.638,0.46651815
2.6385,0.41482497
2.639,0.27232901
2.6395,0.20650257
2.64,0.17941949
2.6405,0.15423268
2.641,0.14292828
2.6415,0.15591477
2.642,0.18911723
2.6425,0.18308546
2.643,0.20448339
2.6435,0.22381303
2.644,0.28652305
2.6445,0.32411321
2.645,0.35719848
2.6455,0.40497036
2.646,0.34742391
2.6465,0.21283839
2.647,0.06947967
2.6475,-0.09583871
2.648,-0.19963665
2.6485,-0.32212376
2.649,-0.29343762
2.6495,-0.2459829
2.65,-0.27392631
2.6505,-0.28001718
2.651,-0.24714103
2.6515,-0.32979445
2.652,-0.24997059
2.6525,-0.1213608
2.653,-0.11832857
2.6535,-0.02092206
2.654,-0.13487151
2.6545,-0.14059168
2.655,-0.37427063
2.6555,-0.37936773
2.656,-0.46416005
2.6565,-0.3883639
2.657,-0.27436358
2.6575,-0.19052274
2.658,-0.15379676
2.6585,-0.02553609
2.659,0.01343032
2.6595,0.06306157
2.66,0.22692879
2.6605,0.32834622
2.661,0.37089785
2.6615,0.30700622
2.662,0.30654804
2.6625,0.25027835
2.663,0.09348029
2.6635,0.09299897
2.664,0.14340364
2.6645,0.12766469
2.665,0.28998695
2.6655,0.24520527
2.666,0.28233247
2.6665,0.27118848
2.667,0.27116891
2.6675,0.30019577
2.668,0.31741739
2.6685,0.34790202
2.669,0.31767265
2.6695,0.18799258
2.67,-0.00173951
2.6705,-0.13283389
2.671,-0.28337888
2.6715,-0.29437603
2.672,-0.39264092
2.6725,-0.37389842
2.673,-0.28584974
2.6735,-0.25960416
2.674,-0.27688
2.6745,-0.28090792
2.675,-0.21524264
2.6755,-0.14503058
2.676,-0.08963203
2.6765,-0.08682583
2.677,-0.11730807
2.6775,-0.20827344
2.678,-0.34482857
2.6785,-0.37914572
2.679,-0.49288259
2.6795,-0.40423167
2.68,-0.27418253
2.6805,-0.15161956
2.681,-0.05168944
2.6815,0.01400606
2.682,0.11332002
2.6825,0.15721747
2.683,0.15020483
2.6835,0.34736228
2.684,0.28849256
2.6845,0.35510939
2.685,0.32339622
2.6855,0.27771295
2.686,0.11235564
2.6865,0.02067295
2.687,0.1012495
2.6875,0.08748171
2.688,0.19467092
2.6885,0.32167756
2.689,0.3221855
2.6895,0.33079863
2.69,0.37946704
2.6905,0.26816358
2.691,0.36269044
2.6915,0.24332518
2.692,0.24385056
2.6925,0.15421872
2.693,0.04506026
2.6935,-0.17579564
2.694,-0.31391139
2.6945,-0.34919798
2.695,-0.40872719
2.6955,-0.34429655
2.696,-0.23736826
2.6965,-0.18188834
2.697,-0.18229945
2.6975,-0.12908253
2.698,-0.15054282
2.6985,-0.18757429
2.699,-0.18925412
2.6995,-0.2106361
2.7,-0.25862141
2.7005,-0.24797594
2.701,-0.28331257
2.7015,-0.38524866
2.702,-0.43183212
2.7025,-0.43234133
2.703,-0.34468008
2.7035,-0.12143442
2.704,0.04129291
2.7045,0.11638363
2.705,0.20676393
2.7055,0.27045456
2.706,0.27163928
2.7065,0.31694395
2.707,0.32381718
2.7075,0.39144211
2.708,0.28188961
2.7085,0.28437545
2.709,0.17959391
2.7095,0.09134718
2.71,0.03204915
2.7105,0.13148727
2.711,0.1639955
2.7115,0.28552617
2.712,0.39527583
2.7125,0.42716871
2.713,0.32014649
2.7135,0.35900353
2.714,0.1665394
2.7145,0.16084661
2.715,0.1374889
2.7155,0.05166524
2.716,0.0403789
2.7165,-0.11905306
2.717,-0.27529195
2.7175,-0.40821522
2.718,-0.37607989
2.7185,-0.38917615
2.719,-0.28193203
2.7195,-0.20403446
2.72,-0.04625649
2.7205,-0.06914878
2.721,-0.1034585
2.7215,-0.10682054
2.722,-0.2219915
2.7225,-0.25723388
2.723,-0.21782235
2.7235,-0.2241081
2.724,-0.26663781
2.7245,-0.2932068
2.725,-0.40272898
2.7255,-0.28162833
2.726,-0.30897556
2.7265,-0.0906871
2.727,-0.0532981
2.7275,0.15815617
2.728,0.30901406
2.7285,0.28407404
2.729,0.29534337
2.7295,0.2356044
2.73,0.26252908
2.7305,0.26811823
2.731,0.28375312
2.7315,0.192143
2.732,0.19330337
2.7325,0.08897807
2.733,0.09881276
2.7335,0.06038504
2.734,0.14239364
2.7345,0.26954397
2.735,0.34972655
2.7355,0.4042813
2.736,0.3795013
2.7365,0.34376586
2.737,0.22103857
2.7375,0.18077275
2.738,0.01934026
2.7385,-0.05195218
2.739,-0.07240706
2.7395,-0.22578804
2.74,-0.28338527
2.7405,-0.34072055
2.741,-0.39221013
2.7415,-0.34164846
2.742,-0.3014618
2.7425,-0.14138546
2.743,-0.1640137
2.7435,-0.14869996
2.744,-0.08141955
2.7445,-0.16131977
2.745,-0.22038864
2.7455,-0.28605255
2.746,-0.34166035
2.7465,-0.32780707
2.747,-0.3292692
2.7475,-0.36370738
2.748,-0.26701182
2.7485,-0.26187399
2.749,-0.21564266
2.7495,-0.08980683
2.75,0.0378421
2.7505,0.23437846
2.751,0.35582766
2.7515,0.34706263
2.752,0.39167132
2.7525,0.29566469
2.753,0.22448702
2.7535,0.2155337
2.754,0.1993539
2.7545,0.15051349
2.755,0.21024047
2.7555,0.22168835
2.756,0.14979262
2.7565,0.20832492
2.757,0.17797076
2.7575,0.29553115
2.758,0.33435029
2.7585,0.39547001
2.759,0.466347
2.7595,0.35259263
2.76,0.28649515
2.7605,0.11971167
2.761,-0.06791388
2.7615,-0.11005479
2.762,-0.20513344
2.7625,-0.25697198
2.763,-0.28550002
2.7635,-0.28070613
2.764,-0.3613294
2.7645,-0.31395965
2.765,-0.30159988
2.7655,-0.15295215
2.766,-0.08553421
2.7665,-0.07519156
2.767,-0.11273886
2.7675,-0.11958287
2.768,-0.23120113
2.7685,-0.28273396
2.769,-0.35264349
2.7695,-0.3094614
2.77,-0.34607455
2.7705,-0.29404309
2.771,-0.23534443
2.7715,-0.17948552
2.772,-0.18898048
2.7725,-0.07239137
2.773,0.06477209
2.7735,0.17747479
2.774,0.35412093
2.7745,0.41823442
2.775,0.40118181
2.7755,0.28957719
2.776,0.2109121
2.7765,0.15750921
2.777,0.17339125
2.7775,0.11132747
2.778,0.14744328
2.7785,0.21245881
2.779,0.22744076
2.7795,0.13942987
2.78,0.22413086
2.7805,0.26111488
2.781,0.35826101
2.7815,0.41246318
2.782,0.40367751
2.7825,0.36435349
2.783,0.19051269
2.7835,-0.01791256
2.784,-0.12358426
2.7845,-0.22760823
2.785,-0.21766318
2.7855,-0.2752112
2.786,-0.23479617
2.7865,-0.21777873
2.787,-0.21407047
2.7875,-0.20945584
2.788,-0.21639925
2.7885,-0.22277448
2.789,-0.15036179
2.7895,-0.07477672
2.79,-0.07522388
2.7905,-0.08224317
2.791,-0.32961616
2.7915,-0.42641515
2.792,-0.42502435
2.7925,-0.36681064
2.793,-0.37147255
2.7935,-0.31120981
2.794,-0.17937928
2.7945,-0.16101938
2.795,-0.0686263
2.7955,0.01226771
2.796,0.10994396
2.7965,0.23431586
2.797,0.32806848
2.7975,0.35813988
2.798,0.37137212
2.7985,0.32360991
2.799,0.22385415
2.7995,0.12232616
2.8,0.12914927
2.8005,0.10734212
2.801,0.17568061
2.8015,0.22838407
2.802,0.24122621
2.8025,0.29612526
2.803,0.24174744
2.8035,0.26640462
2.804,0.33462369
2.8045,0.39280108
2.805,0.31680051
2.8055,0.35263158
2.806,0.19792662
2.8065,0.034859
2.807,-0.10602747
2.8075,-0.25711815
2.808,-0.29662215
2.8085,-0.35197947
2.809,-0.33766912
2.8095,-0.22317573
2.81,-0.22389677
2.8105,-0.22697855
2.811,-0.22696317
2.8115,-0.17723555
2.812,-0.13648461
2.8125,-0.09964238
2.813,-0.1206584
2.8135,-0.14000691
2.814,-0.2259322
2.8145,-0.3757618
2.815,-0.40113172
2.8155,-0.45440174
2.816,-0.50648322
2.8165,-0.2986568
2.817,-0.08852981
2.8175,-0.02552158
2.818,0.08598588
2.8185,0.14774576
2.819,0.16245485
2.8195,0.19872329
2.82,0.33174833
2.8205,0.35914701
2.821,0.37403245
2.8215,0.34639282
2.822,0.21273133
2.8225,0.0994414
2.823,0.05419311
2.8235,0.08977582
2.824,0.09059146
2.8245,0.25060589
2.825,0.27924714
2.8255,0.31970277
2.826,0.346977
2.8265,0.36547051
2.827,0.2919885
2.8275,0.36679952
2.828,0.28197921
2.8285,0.25151589
2.829,0.14832712
2.8295,-0.00291544
2.83,-0.12629591
2.8305,-0.2791347
2.831,-0.38991208
2.8315,-0.4483917
2.832,-0.32960762
2.8325,-0.24080425
2.833,-0.14490302
2.8335,-0.15594292
2.834,-0.13850336
2.8345,-0.2398112
2.835,-0.17670588
2.8355,-0.23665209
2.836,-0.16997913
2.8365,-0.17581476
2.837,-0.20578715
2.8375,-0.35258922
2.838,-0.38605999
2.8385,-0.44298943
2.839,-0.41378735
2.8395,-0.23908046
2.84,-0.08950533
2.8405,-0.00566129
2.841,0.11862915
2.8415,0.16958392
2.842,0.32656802
2.8425,0.30002931
2.843,0.20900306
2.8435,0.34352458
2.844,0.27524715
2.8445,0.34352442
2.845,0.27652171
2.8455,0.17191205
2.846,0.08148893
2.8465,0.0441193
2.847,0.17384622
2.8475,0.24130798
2.848,0.29994105
2.8485,0.35871134
2.849,0.43249047
2.8495,0.34467297
2.85,0.28735816
2.8505,0.27116313
2.851,0.1815738
2.8515,0.09966719
2.852,0.08529286
2.8525,-0.07009944
2.853,-0.09716179
2.8535,-0.29910045
2.854,-0.41705803
2.8545,-0.43918637
2.855,-0.35624076
2.8555,-0.2867627
2.856,-0.16130486
2.8565,-0.10110616
2.857,-0.13664242
2.8575,-0.13846048
2.858,-0.20923235
2.8585,-0.25696247
2.859,-0.22757229
2.8595,-0.28102962
2.86,-0.2719109
2.8605,-0.26791304
2.861,-0.40044285
2.8615,-0.4072895
2.862,-0.37774743
2.8625,-0.23509105
2.863,-0.18635151
2.8635,0.02574151
2.864,0.22939449
2.8645,0.28522398
2.865,0.25676757
2.8655,0.32414397
2.866,0.30506859
2.8665,0.26554987
2.867,0.29784198
2.8675,0.25121612
2.868,0.20721614
2.8685,0.16379766
2.869,0.11651861
2.8695,0.09345032
2.87,0.14970732
2.8705,0.15791449
2.871,0.34073628
2.8715,0.33882057
2.872,0.4639771
2.8725,0.4441741
2.873,0.31779564
2.8735,0.27703629
2.874,0.06604886
2.8745,0.02567379
2.875,-0.01511191
2.8755,-0.16130845
2.876,-0.20301495
2.8765,-0.31511229
2.877,-0.366679
2.8775,-0.36752278
2.878,-0.32994101
2.8785,-0.25302584
2.879,-0.20820128
2.8795,-0.07519607
2.88,-0.07240163
2.8805,-0.11013583
2.881,-0.15413087
2.8815,-0.24776937
2.882,-0.32940345
2.8825,-0.31168796
2.883,-0.33513589
2.8835,-0.30620651
2.884,-0.36025654
2.8845,-0.31175095
2.885,-0.27272395
2.8855,-0.17670311
2.886,-0.08762103
2.8865,0.08690186
2.887,0.24034179
2.8875,0.31215297
2.888,0.38481749
2.8885,0.36510416
2.889,0.34056058
2.8895,0.24794242
2.89,0.20033224
2.8905,0.20611928
2.891,0.17210771
2.8915,0.06879521
2.892,0.25101243
2.8925,0.19582435
2.893,0.15221211
2.8935,0.16733868
2.894,0.30936233
2.8945,0.38145804
2.895,0.40875235
2.8955,0.42254844
2.896,0.33704547
2.8965,0.23634126
2.897,0.08490077
2.8975,-0.03814409
2.898,-0.17794032
2.8985,-0.17620018
2.899,-0.12509383
2.8995,-0.3185048
2.9,-0.22290316
2.9005,-0.34088569
2.901,-0.36217244
2.9015,-0.30389682
2.902,-0.1581323
2.9025,-0.10574899
2.903,0.00178824
2.9035,-0.06664651
2.904,-0.14589518
2.9045,-0.26993756
2.905,-0.38091822
2.9055,-0.39852154
2.906,-0.29347944
2.9065,-0.37927809
2.907,-0.31285142
2.9075,-0.27350959
2.908,-0.23484415
2.9085,-0.15148799
2.909,-0.06044804
2.9095,0.08350848
2.91,0.25276329
2.9105,0.39378843
2.911,0.38885585
2.9115,0.43379018
2.912,0.32994502
2.9125,0.15476068
2.913,0.13320109
2.9135,0.15349519
2.914,0.19011821
2.9145,0.24461084
2.915,0.13322121
2.9155,0.25732038
2.916,0.23348831
2.9165,0.21968239
2.917,0.32910149
2.9175,0.39496215
2.918,0.38385673
2.9185,0.39963875
2.919,0.32563682
2.9195,0.20105728
2.92,-0.04065663
2.9205,-0.16420712
2.921,-0.15812008
2.9215,-0.29451505
2.922,-0.29261684
2.9225,-0.30497567
2.923,-0.24181298
2.9235,-0.28199569
2.924,-0.30910613
2.9245,-0.27644316
2.925,-0.13954032
2.9255,-0.13437151
2.926,-0.076509
2.9265,-0.09181349
2.927,-0.10222852
2.9275,-0.26971693
2.928,-0.31532002
2.9285,-0.44693984
2.929,-0.45673247
2.9295,-0.30539857
2.93,-0.3017833
2.9305,-0.18090537
2.931,-0.11238964
2.9315,-0.06223174
2.932,0.00507015
2.9325,0.14360683
2.933,0.19616631
2.9335,0.34934842
2.934,0.43138383
2.9345,0.39305587
2.935,0.2939276
2.9355,0.16549689
2.936,0.11994633
2.9365,0.0495603
2.937,0.09291796
2.9375,0.1671522
2.938,0.16196534
2.9385,0.26775622
2.939,0.32690168
2.9395,0.34848012
2.94,0.31851735
2.9405,0.32332012
2.941,0.41270343
2.9415,0.38492458
2.942,0.31179022
2.9425,0.23608857
2.943,0.0571236
2.9435,-0.10884849
2.944,-0.27134871
2.9445,-0.37040839
2.945,-0.33353728
2.9455,-0.27511397
2.946,-0.20740165
2.9465,-0.22045873
2.947,-0.278263
2.9475,-0.096748
2.948,-0.28330129
2.9485,-0.18796489
2.949,-0.16959283
2.9495,-0.16768676
2.95,-0.16436243
2.9505,-0.22446906
2.951,-0.30135579
2.9515,-0.38338065
2.952,-0.48537041
2.9525,-0.41787201
2.953,-0.28630209
2.9535,-0.09561202
2.954,-0.09615139
2.9545,0.08376546
2.955,0.1041658
2.9555,0.18178396
2.956,0.22514846
2.9565,0.34364337
2.957,0.34537055
2.9575,0.4105368
2.958,0.33652607
2.9585,0.18947207
2.959,0.12981685
2.9595,0.04617886
2.96,0.15060537
2.9605,0.11008176
2.961,0.23933943
2.9615,0.33959608
2.962,0.36551373
2.9625,0.34810064
2.963,0.36322491
2.9635,0.28658347
2.964,0.35224595
2.9645,0.27467048
2.965,0.27934016
2.9655,0.08985582
2.966,0.00222769
2.9665,-0.19545364
2.967,-0.37209241
2.9675,-0.43517703
2.968,-0.38927364
2.9685,-0.28757924
2.969,-0.21224926
2.9695,-0.19514536
2.97,-0.19106175
2.9705,-0.1675409
2.971,-0.20547552
2.9715,-0.14203395
2.972,-0.21206169
2.9725,-0.16418436
2.973,-0.24061902
2.9735,-0.25239287
2.974,-0.43042143
2.9745,-0.44537038
2.975,-0.48575146
2.9755,-0.40487085
2.976,-0.26500812
2.9765,-0.10270799
2.977,0.09792354
2.9775,0.09098931
2.978,0.27012261
2.9785,0.17838322
2.979,0.35798681
2.9795,0.32130602
2.98,0.29376204
2.9805,0.25750541
2.981,0.31707342
2.9815,0.20670943
2.982,0.06534531
2.9825,0.11457268
2.983,0.08533599
2.9835,0.0979707
2.984,0.23046417
2.9845,0.35585729
2.985,0.43247989
2.9855,0.51958798
2.986,0.3758801
2.9865,0.2729526
2.987,0.24720136
2.9875,0.15905964
2.988,0.14772519
2.9885,0.07616156
2.989,-0.05006086
2.9895,-0.24813104
2.99,-0.39607877
2.9905,-0.37346357
2.991,-0.4553966
2.9915,-0.3617671
2.992,-0.24778088
2.9925,-0.16641932
2.993,-0.09361899
2.9935,-0.0734684
2.994,-0.14200842
2.9945,-0.15809544
2.995,-0.27178166
2.9955,-0.22405685
2.996,-0.26071616
2.9965,-0.28031766
2.997,-0.34108611
2.9975,-0.40693668
2.998,-0.42167795
2.9985,-0.33587567
2.999,-0.29689007
2.9995,-0.09307426
3.0,0.023459
3.0005,0.25938583
3.001,0.29873595
3.0015,0.39711617
3.002,0.22187028
3.0025,0.25569155
3.003,0.27765339
3.0035,0.21908892
3.004,0.21593935
3.0045,0.22796393
3.005,0.16475053
3.0055,0.14888598
3.006,0.0735956
3.0065,0.11424906
3.007,0.22579044
3.0075,0.35436534
3.008,0.40446859
3.0085,0.49805439
3.009,0.40621582
3.0095,0.3073677
3.01,0.24728783
3.0105,0.07389561
3.011,-0.00854395
3.0115,-0.04322161
3.012,-0.1436369
3.0125,-0.1024864
3.013,-0.32454304
3.0135,-0.37094297
3.014,-0.38168892
3.0145,-0.36666874
3.015,-0.19922081
3.0155,-0.14712254
3.016,-0.0491916
3.0165,-0.11265367
3.017,-0.14759988
3.0175,-0.16638177
3.018,-0.28360269
3.0185,-0.39770999
3.019,-0.35693576
3.0195,-0.37429043
3.02,-0.28143959
3.0205,-0.3419938
3.021,-0.32352221
3.0215,-0.32306666
3.022,-0.18935702
3.0225,-0.06193683
3.023,0.06724027
3.0235,0.24323549
3.024,0.28739396
3.0245,0.38527832
3.025,0.34024867
3.0255,0.30361102
3.026,0.1266587
3.0265,0.22164806
3.027,0.28829588
3.0275,0.24424807
3.028,0.17895722
3.0285,0.16233893
3.029,0.08259014
3.0295,0.2080979
3.03,0.24623716
3.0305,0.30814439
3.031,0.44002217
3.0315,0.48264151
3.032,0.46864764
3.0325,0.34820115
3.033,0.21175674
3.0335,0.02969243
3.034,-0.03622385
3.0345,-0.16466122
3.035,-0.19230403
3.0355,-0.24695437
3.036,-0.30325701
3.0365,-0.3486653
3.037,-0.40520019
3.0375,-0.34860672
3.038,-0.1841981
3.0385,-0.16974618
3.039,-0.1166816
3.0395,-0.08894134
3.04,-0.13516325
3.0405,-0.21356987
3.041,-0.26761965
3.0415,-0.42348156
3.042,-0.44811933
3.0425,-0.38075475
3.043,-0.28202427
3.0435,-0.33683018
3.044,-0.22449395
3.0445,-0.24686529
3.045,-0.10093309
3.0455,0.00977806
3.046,0.12114723
3.0465,0.31039248
3.047,0.40097518
3.0475,0.39084361
3.048,0.3840793
3.0485,0.29952449
3.049,0.15465771
3.0495,0.10049767
3.05,0.18095991
3.0505,0.16429927
3.051,0.18597401
3.0515,0.21844388
3.052,0.17548564
3.0525,0.23585228
3.053,0.27114828
3.0535,0.37567626
3.054,0.40111725
3.0545,0.50800884
3.055,0.46096217
3.0555,0.34044378
3.056,0.24968143
3.0565,-0.00341526
3.057,-0.13865256
3.0575,-0.22734109
3.058,-0.28560134
3.0585,-0.2524928
3.059,-0.2990912
3.0595,-0.26681973
3.06,-0.28844564
3.0605,-0.24827827
3.061,-0.2039249
3.0615,-0.22111953
3.062,-0.15130864
3.0625,-0.11742373
3.063,-0.10188837
3.0635,-0.20788722
3.064,-0.29891018
3.0645,-0.34395514
3.065,-0.40551368
3.0655,-0.42195795
3.066,-0.30770171
3.0665,-0.27076081
3.067,-0.13470686
3.0675,-0.11222205
3.068,-0.06647886
3.0685,0.01975234
3.069,0.12197634
3.0695,0.26608306
3.07,0.35789422
3.0705,0.36835499
3.071,0.35338926
3.0715,0.31182352
3.072,0.15448478
3.0725,0.0473907
3.073,0.07214703
3.0735,0.12594413
3.074,0.24832277
3.0745,0.21084339
3.075,0.22886705
3.0755,0.32759652
3.076,0.3037859
3.0765,0.3137868
3.077,0.33604235
3.0775,0.39871103
3.078,0.37736071
3.0785,0.21842562
3.079,0.17830795
3.0795,-0.02213293
3.08,-0.20246529
3.0805,-0.31380464
3.081,-0.33373504
3.0815,-0.24462083
3.082,-0.33143661
3.0825,-0.25934217
3.083,-0.16621018
3.0835,-0.29623088
3.084,-0.18341745
3.0845,-0.18541554
3.085,-0.12634002
3.0855,-0.15723262
3.086,-0.11620803
3.0865,-0.15024034
3.087,-0.24686981
3.0875,-0.38352427
3.088,-0.44900827
3.0885,-0.46686675
3.089,-0.4142697
3.0895,-0.30171401
3.09,-0.10138859
3.0905,-0.04066631
3.091,0.0402932
3.0915,0.11568353
3.092,0.15579194
3.0925,0.21140057
3.093,0.34138686
3.0935,0.37953548
3.094,0.3669865
3.0945,0.31940135
3.095,0.19994974
3.0955,0.06562302
3.096,0.04277723
3.0965,0.095091
3.097,0.14867949
3.0975,0.27476962
3.098,0.31405641
3.0985,0.42413616
3.099,0.3678906
3.0995,0.37516814
3.1,0.38154321
3.1005,0.30128419
3.101,0.2536517
3.1015,0.28574764
3.102,0.09423354
3.1025,-0.05795851
3.103,-0.19444505
3.1035,-0.34593507
3.104,-0.41063836
3.1045,-0.44543461
3.105,-0.26885456
3.1055,-0.23095073
3.106,-0.22054123
3.1065,-0.17157479
3.107,-0.14103011
3.1075,-0.20226085
3.108,-0.2123572
3.1085,-0.16944351
3.109,-0.16785841
3.1095,-0.21370478
3.11,-0.29079816
3.1105,-0.34184929
3.111,-0.49447011
3.1115,-0.46711991
3.112,-0.39038326
3.1125,-0.26873148
3.113,-0.12994294
3.1135,0.0755689
3.114,0.20067212
3.1145,0.19241078
3.115,0.23748003
3.1155,0.28154315
3.116,0.33227508
3.1165,0.30577668
3.117,0.2695814
3.1175,0.25300449
3.118,0.16548194
3.1185,0.21345673
3.119,0.06058613
3.1195,0.063635
3.12,0.23086218
3.1205,0.23248396
3.121,0.32995366
3.1215,0.41161555
3.122,0.4163678
3.1225,0.40032498
3.123,0.27351088
3.1235,0.30669423
3.124,0.20252799
3.1245,0.07755556
3.125,0.00686347
3.1255,-0.12958335
3.126,-0.19898554
3.1265,-0.28654509
3.127,-0.40579373
3.1275,-0.36614438
3.128,-0.35310846
3.1285,-0.14923945
3.129,-0.11578073
3.1295,-0.02782055
3.13,-0.10944143
3.1305,-0.15673809
3.131,-0.20092994
3.1315,-0.28332748
3.132,-0.2096784
3.1325,-0.30149417
3.133,-0.29468991
3.1335,-0.3950773
3.134,-0.42346577
3.1345,-0.49285753
3.135,-0.29838117
3.1355,-0.23210995
3.136,-0.03880384
3.1365,0.15049032
3.137,0.24303261
3.1375,0.32513111
3.138,0.32024017
3.1385,0.28231238
3.139,0.33565021
3.1395,0.2135236
3.14,0.23998005
3.1405,0.2484646
3.141,0.24180708
3.1415,0.22777435
3.142,0.10314906
3.1425,0.12410008
3.143,0.10024042
3.1435,0.23322199
3.144,0.4025913
3.1445,0.47714702
3.145,0.40687844
3.1455,0.35628642
3.146,0.3400173
3.1465,0.22173681
3.147,0.10204972
3.1475,0.00951079
3.148,-0.02597265
3.1485,-0.06997759
3.149,-0.19631119
3.1495,-0.29233303
3.15,-0.39051576
3.1505,-0.39112184
3.151,-0.29436853
3.1515,-0.2356323
3.152,-0.17090127
3.1525,-0.02630683
3.153,-0.13410477
3.1535,-0.1340843
3.154,-0.26760878
3.1545,-0.26647592
3.155,-0.31787283
3.1555,-0.32704175
3.156,-0.34989035
3.1565,-0.37306076
3.157,-0.30521897
3.1575,-0.34199416
3.158,-0.31585829
3.1585,-0.27510721
3.159,-0.10385888
3.1595,0.13464631
3.16,0.26649666
3.1605,0.35662894
3.161,0.33624601
3.1615,0.29766649
3.162,0.30313596
3.1625,0.19831323
3.163,0.13238242
3.1635,0.16013602
3.164,0.22045164
3.1645,0.21985193
3.165,0.19588901
3.1655,0.15198381
3.166,0.22041443
3.1665,0.20627054
3.167,0.33647953
3.1675,0.43074984
3.168,0.50052548
3.1685,0.48985442
3.169,0.37330938
3.1695,0.19914335
3.17,0.0308731
3.1705,-0.06484517
3.171,-0.1522877
3.1715,-0.20069298
3.172,-0.26980761
3.1725,-0.25694486
3.173,-0.35737564
3.1735,-0.32643519
3.174,-0.28619023
3.1745,-0.21595071
3.175,-0.10256556
3.1755,-0.05160259
3.176,-0.05107671
3.1765,-0.13489528
3.177,-0.14729819
3.1775,-0.30962165
3.178,-0.38026818
3.1785,-0.41097108
3.179,-0.45128983
3.1795,-0.36833541
3.18,-0.2909716
3.1805,-0.3137389
3.181,-0.19881173
3.1815,-0.13897838
3.182,-0.02950912
3.1825,0.12355877
3.183,0.29891617
3.1835,0.39493616
3.184,0.44712729
3.1845,0.45642071
3.185,0.29954546
3.1855,0.17116205
3.186,0.12547924
3.1865,0.07586205
3.187,0.13265446
3.1875,0.19800979
3.188,0.23085993
3.1885,0.24482292
3.189,0.20609016
3.1895,0.26203938
3.19,0.37167864
3.1905,0.47588007
3.191,0.43302117
3.1915,0.42240112
3.192,0.30293212
3.1925,0.22119855
3.193,0.0238482
3.1935,-0.1955445
3.194,-0.2263542
3.1945,-0.25435468
3.195,-0.22850029
3.1955,-0.30972722
3.196,-0.34059351
3.1965,-0.2535824
3.197,-0.23247022
3.1975,-0.23576882
3.198,-0.22963587
3.1985,-0.11167823
3.199,-0.05052926
3.1995,-0.08945617
3.2,-0.15521284
3.2005,-0.333187
3.201,-0.46143178
3.2015,-0.56827925
3.202,-0.52478099
3.2025,-0.3511144
3.203,-0.20961348
3.2035,-0.19805753
3.204,-0.10354218
3.2045,-0.01439262
3.205,0.01625179
3.2055,0.14340436
3.206,0.26513953
3.2065,0.31323119
3.207,0.47494339
3.2075,0.32402383
3.208,0.27408133
3.2085,0.16765027
3.209,0.09153599
3.2095,0.07139736
3.21,0.15572626
3.2105,0.14836939
3.211,0.26448247
3.2115,0.27582399
3.212,0.32498045
3.2125,0.31857051
3.213,0.26642393
3.2135,0.38157807
3.214,0.33090101
3.2145,0.33886223
3.215,0.2544067
3.2155,0.11636691
3.216,-0.06086268
3.2165,-0.20886893
3.217,-0.28492486
3.2175,-0.2973034
3.218,-0.28968095
3.2185,-0.32345355
3.219,-0.23613903
3.2195,-0.25411686
3.22,-0.20966784
3.2205,-0.15694377
3.221,-0.14987496
3.2215,-0.10962563
3.222,-0.19776718
3.2225,-0.15923808
3.223,-0.26791104
3.2235,-0.35496455
3.224,-0.3747589
3.2245,-0.56249956
3.225,-0.47876961
3.2255,-0.3802706
3.226,-0.24752751
3.2265,-0.13680165
3.227,0.05474675
3.2275,0.04622941
3.228,0.10089541
3.2285,0.24269017
3.229,0.24316523
3.2295,0.30470025
3.23,0.35026637
3.2305,0.45636115
3.231,0.26007346
3.2315,0.19328635
3.232,0.16108271
3.2325,0.10792733
3.233,0.071021
3.2335,0.22235824
3.234,0.28777943
3.2345,0.36581201
3.235,0.35846765
3.2355,0.43624575
3.236,0.32963113
3.2365,0.37849186
3.237,0.28251637
3.2375,0.31604778
3.238,0.20282124
3.2385,0.09693604
3.239,-0.06902971
3.2395,-0.24505362
3.24,-0.31468499
3.2405,-0.39477929
3.241,-0.37291541
3.2415,-0.31197856
3.242,-0.18696611
3.2425,-0.15634256
3.243,-0.15667199
3.2435,-0.14623898
3.244,-0.18966939
3.2445,-0.22179074
3.245,-0.17771778
3.2455,-0.18873009
3.246,-0.24077373
3.2465,-0.32715049
3.247,-0.43734543
3.2475,-0.45236543
3.248,-0.45592781
3.2485,-0.40885698
3.249,-0.18330913
3.2495,-0.05858864
3.25,0.14706364
3.2505,0.17271004
3.251,0.26153193
3.2515,0.25275813
3.252,0.3053553
3.2525,0.32238464
3.253,0.32806854
3.2535,0.32539368
3.254,0.27874417
3.2545,0.21343666
3.255,0.1168364
3.2555,0.06260904
3.256,0.12212002
3.2565,0.1647183
3.257,0.31880812
3.2575,0.34396166
3.258,0.3709642
3.2585,0.4983521
3.259,0.40539962
3.2595,0.30535415
3.26,0.25738554
3.2605,0.18515343
3.261,0.1943463
3.2615,0.06849377
3.262,-0.06019763
3.2625,-0.31120817
3.263,-0.36694268
3.2635,-0.35211675
3.264,-0.36389039
3.2645,-0.34701337
3.265,-0.19145252
3.2655,-0.09198325
3.266,-0.12959706
3.2665,-0.1142931
3.267,-0.18423997
3.2675,-0.22960476
3.268,-0.27193347
3.2685,-0.2535919
3.269,-0.30547608
3.2695,-0.29606749
3.27,-0.32628504
3.2705,-0.43375908
3.271,-0.41434086
3.2715,-0.29133892
3.272,-0.2272207
3.2725,-0.05321895
3.273,0.12577008
3.2735,0.27496058
3.274,0.30268815
3.2745,0.33331744
3.275,0.24078171
3.2755,0.26641073
3.276,0.20765243
3.2765,0.20380807
3.277,0.25511621
3.2775,0.22579485
3.278,0.11935196
3.2785,0.06346116
3.279,0.14007026
3.2795,0.24132742
3.28,0.28652808
3.2805,0.36217543
3.281,0.45559564
3.2815,0.49302146
3.282,0.51541637
3.2825,0.26885755
3.283,0.18076455
3.2835,0.06494827
3.284,-0.00364881
3.2845,-0.06758104
3.285,-0.15015676
3.2855,-0.19717393
3.286,-0.36339527
3.2865,-0.40158833
3.287,-0.37699922
3.2875,-0.37349661
3.288,-0.22724029
3.2885,-0.09883753
3.289,-0.09992433
3.2895,-0.1029944
3.29,-0.096806
3.2905,-0.21688198
3.291,-0.31933381
3.2915,-0.35335029
3.292,-0.34233194
3.2925,-0.33102783
3.293,-0.27586266
3.2935,-0.37021081
3.294,-0.387961
3.2945,-0.34569838
3.295,-0.20530106
3.2955,-0.06366341
3.296,0.0827115
3.2965,0.31620204
3.297,0.38027707
3.2975,0.37330895
3.298,0.30833649
3.2985,0.29354781
3.299,0.24619933
3.2995,0.15066631
3.3,0.1890985
3.3005,0.17193163
3.301,0.2023541
3.3015,0.15615704
3.302,0.21161032
3.3025,0.15657057
3.303,0.25266853
3.3035,0.36670303
3.304,0.44394424
3.3045,0.48076495
3.305,0.43588674
3.3055,0.30490591
3.306,0.20013759
3.3065,0.03012511
3.307,-0.10460847
3.3075,-0.20389903
3.308,-0.21625429
3.3085,-0.25495981
3.309,-0.30801449
3.3095,-0.36158016
3.31,-0.26264873
3.3105,-0.32195422
3.311,-0.28713965
3.3115,-0.10435441
3.312,-0.05174149
3.3125,-0.09960554
3.313,-0.12933972
3.3135,-0.3074311
3.314,-0.31690063
3.3145,-0.45894053
3.315,-0.40427921
3.3155,-0.41377398
3.316,-0.37034032
3.3165,-0.26533048
3.317,-0.22179021
3.3175,-0.21674465
3.318,-0.11046758
3.3185,0.04486937
3.319,0.14651496
3.3195,0.32441249
3.32,0.38456477
3.3205,0.45740283
3.321,0.3327994
3.3215,0.21673351
3.322,0.17235095
3.3225,0.10150874
3.323,0.12574566
3.3235,0.24578881
3.324,0.18438628
3.3245,0.18098357
3.325,0.2472344
3.3255,0.18121135
3.326,0.21682354
3.3265,0.42202966
3.327,0.44093375
3.3275,0.38822304
3.328,0.46824835
3.3285,0.36529729
3.329,0.09231831
3.3295,-0.03868069
3.33,-0.18496638
3.3305,-0.25555356
3.331,-0.29074759
3.3315,-0.2803684
3.332,-0.29410546
3.3325,-0.29387705
3.333,-0.31831333
3.3335,-0.27721464
3.334,-0.22141108
3.3345,-0.18556225
3.335,-0.11779971
3.3355,-0.09479644
3.336,-0.18882287
3.3365,-0.24529582
3.337,-0.37227257
3.3375,-0.4727102
3.338,-0.4900988
3.3385,-0.44592678
3.339,-0.29793629
3.3395,-0.26863516
3.34,-0.22418708
3.3405,-0.1088339
3.341,-0.01481497
3.3415,0.03406901
3.342,0.16246682
3.3425,0.25128489
3.343,0.29185524
3.3435,0.42948245
3.344,0.33813927
3.3445,0.2418579
3.345,0.14146112
3.3455,0.10108662
3.346,0.06053991
3.3465,0.0977131
3.347,0.24335764
3.3475,0.2947705
3.348,0.31818571
3.3485,0.35694501
3.349,0.3920305
3.3495,0.33758311
3.35,0.37296172
3.3505,0.41929885
3.351,0.38803653
3.3515,0.24930311
3.352,0.0707583
3.3525,-0.04223026
3.353,-0.21772154
3.3535,-0.30949198
3.354,-0.28497712
3.3545,-0.28479863
3.355,-0.21236873
3.3555,-0.2191615
3.356,-0.17839225
3.3565,-0.18359302
3.357,-0.27576296
3.3575,-0.237196
3.358,-0.20221346
3.3585,-0.07459939
3.359,-0.16392678
3.3595,-0.24806232
3.36,-0.30756767
3.3605,-0.46334306
3.361,-0.49504879
3.3615,-0.51721525
3.362,-0.35010252
3.3625,-0.31795673
3.363,-0.0465435
3.3635,0.06773426
3.364,0.09730245
3.3645,0.10011261
3.365,0.21914274
3.3655,0.20794722
3.366,0.34227179
3.3665,0.32222728
3.367,0.34852065
3.3675,0.31436615
3.368,0.14558746
3.3685,0.06672743
3.369,0.04741317
3.3695,0.09840076
3.37,0.25953909
3.3705,0.27513546
3.371,0.44152304
3.3715,0.41249961
3.372,0.41623833
3.3725,0.41061984
3.373,0.30851028
3.3735,0.30359417
3.374,0.28912834
3.3745,0.18400844
3.375,0.05429963
3.3755,-0.09232753
3.376,-0.16720158
3.3765,-0.32414747
3.377,-0.42311203
3.3775,-0.32042462
3.378,-0.31397901
3.3785,-0.1961902
3.379,-0.16185258
3.3795,-0.15082632
3.38,-0.20350209
3.3805,-0.23301076
3.381,-0.22104305
3.3815,-0.18244843
3.382,-0.26771456
3.3825,-0.25759654
3.383,-0.3587417
3.3835,-0.3934516
3.384,-0.52536492
3.3845,-0.45186771
3.385,-0.37373173
3.3855,-0.17632641
3.386,0.01840729
3.3865,0.12851424
3.387,0.19452561
3.3875,0.22377347
3.388,0.22370193
3.3885,0.24395969
3.389,0.27150225
3.3895,0.32807998
3.39,0.35716074
3.3905,0.26588887
3.391,0.17587194
3.3915,0.10784509
3.392,0.07925188
3.3925,0.02352985
3.393,0.16164938
3.3935,0.3232849
3.394,0.45185167
3.3945,0.52780803
3.395,0.4784245
3.3955,0.46042306
3.396,0.30701111
3.3965,0.24337677
3.397,0.1590876
3.3975,0.09735932
3.398,0.05129656
3.3985,-0.11271553
3.399,-0.24288906
3.3995,-0.37418048
3.4,-0.41263198
3.4005,-0.4417965
3.401,-0.24280165
3.4015,-0.18055938
3.402,-0.10896558
3.4025,-0.12324334
3.403,-0.12480314
3.4035,-0.14107548
3.404,-0.23864367
3.4045,-0.25886737
3.405,-0.32262216
3.4055,-0.3664444
3.406,-0.40297005
3.4065,-0.40787328
3.407,-0.39322912
3.4075,-0.41448636
3.408,-0.37464483
3.4085,-0.26259597
3.409,-0.02800982
3.4095,0.12932959
3.41,0.30561046
3.4105,0.27029067
3.411,0.28468993
3.4115,0.31339754
3.412,0.25492648
3.4125,0.22024395
3.413,0.2686072
3.4135,0.2493302
3.414,0.22239105
3.4145,0.15989531
3.415,0.15750858
3.4155,0.13304489
3.416,0.23482444
3.4165,0.29290072
3.417,0.44405246
3.4175,0.52044685
3.418,0.51092101
3.4185,0.44405705
3.419,0.27439441
3.4195,0.16371364
3.42,0.0396862
3.4205,0.02339019
3.421,-0.01959985
3.4215,-0.16832116
3.422,-0.23660327
3.4225,-0.29949874
3.423,-0.33885804
3.4235,-0.3631752
3.424,-0.32153065
3.4245,-0.21612715
3.425,-0.06065774
3.4255,-0.05861757
3.426,-0.09377679
3.4265,-0.18980049
3.427,-0.27237391
3.4275,-0.37921298
3.428,-0.3547086
3.4285,-0.3982783
3.429,-0.34303961
3.4295,-0.3161092
3.43,-0.43031748
3.4305,-0.34734136
3.431,-0.23981176
3.4315,-0.13842228
3.432,-0.00612855
3.4325,0.17488369
3.433,0.30238667
3.4335,0.38441208
3.434,0.3536295
3.4345,0.28868885
3.435,0.16367409
3.4355,0.15406002
3.436,0.15610332
3.4365,0.21383326
3.437,0.20776126
3.4375,0.2066418
3.438,0.18036859
3.4385,0.17421753
3.439,0.21408907
3.4395,0.36023037
3.44,0.4159636
3.4405,0.50860673
3.441,0.56333961
3.4415,0.50779291
3.442,0.30251925
3.4425,0.12108018
3.443,0.00733426
3.4435,-0.15721029
3.444,-0.13108033
3.4445,-0.14042108
3.445,-0.22079291
3.4455,-0.27618814
3.446,-0.27367131
3.4465,-0.41365647
3.447,-0.28798105
3.4475,-0.19041155
3.448,-0.08542264
3.4485,-0.04286333
3.449,-0.04887477
3.4495,-0.19064749
3.45,-0.21981306
3.4505,-0.36658206
3.451,-0.45649154
3.4515,-0.47527421
3.452,-0.4642534
3.4525,-0.35091166
3.453,-0.32679556
3.4535,-0.25262466
3.454,-0.20803012
3.4545,-0.09477408
3.455,-0.02890865
3.4555,0.16102497
3.456,0.29757811
3.4565,0.39346535
3.457,0.37849268
3.4575,0.34151776
3.458,0.23353624
3.4585,0.1088875
3.459,0.13578686
3.4595,0.15562931
3.46,0.13983032
3.4605,0.20277824
3.461,0.27605224
3.4615,0.22904022
3.462,0.27437327
3.4625,0.30636302
3.463,0.38203148
3.4635,0.47208792
3.464,0.40860786
3.4645,0.38162438
3.465,0.2803946
3.4655,0.13080437
3.466,-0.0821139
3.4665,-0.20991182
3.467,-0.26891783
3.4675,-0.27808234
3.468,-0.23964113
3.4685,-0.25302511
3.469,-0.22874048
3.4695,-0.27778879
3.47,-0.26278874
3.4705,-0.2496638
3.471,-0.13068326
3.4715,-0.08739761
3.472,-0.15840342
3.4725,-0.05771504
3.473,-0.18150576
3.4735,-0.37848918
3.474,-0.51543208
3.4745,-0.49182456
3.475,-0.48804654
3.4755,-0.36688893
3.476,-0.29289729
3.4765,-0.14968289
3.477,-0.0914912
3.4775,-0.02996081
3.478,0.01846981
3.4785,0.19446117
3.479,0.32625303
3.4795,0.38587144
3.48,0.33611336
3.4805,0.29413905
3.481,0.21072779
3.4815,0.10065588
3.482,0.08561319
3.4825,0.08346126
3.483,0.12363304
3.4835,0.28431827
3.484,0.24828845
3.4845,0.32702006
3.485,0.39455961
3.4855,0.37431553
3.486,0.34473256
3.4865,0.42720679
3.487,0.42149172
3.4875,0.36364372
3.488,0.20379631
3.4885,0.05918776
3.489,-0.0520369
3.4895,-0.24899657
3.49,-0.37412981
3.4905,-0.41264502
3.491,-0.25886838
3.4915,-0.23715482
3.492,-0.30453454
3.4925,-0.17809121
3.493,-0.2286796
3.4935,-0.1964758
3.494,-0.16581665
3.4945,-0.18401119
3.495,-0.18891189
3.4955,-0.21226793
3.496,-0.30768242
3.4965,-0.43761703
3.497,-0.54080528
3.4975,-0.52978132
3.498,-0.49801546
3.4985,-0.36438502
3.499,-0.20911573
3.4995,-0.09038252
3.5,0.06784244
3.5005,0.10981346
3.501,0.17004987
3.5015,0.17139699
3.502,0.29601938
3.5025,0.35826645
3.503,0.26711823
3.5035,0.30988314
3.504,0.27389977
3.5045,0.14984182
3.505,0.05721464
3.5055,0.08309431
3.506,0.13833974
3.5065,0.21550036
3.507,0.30424964
3.5075,0.46542658
3.508,0.46007881
3.5085,0.38511072
3.509,0.36326205
3.5095,0.36351931
3.51,0.28826628
3.5105,0.23875885
3.511,0.17931446
3.5115,0.05133918
3.512,-0.05863892
3.5125,-0.26648528
3.513,-0.32152689
3.5135,-0.34732877
3.514,-0.35135607
3.5145,-0.24084421
3.515,-0.12084003
3.5155,-0.12661018
3.516,-0.06323237
3.5165,-0.17814884
3.517,-0.16409165
3.5175,-0.23183083
3.518,-0.23859691
3.5185,-0.24366982
3.519,-0.28255008
3.5195,-0.3685136
3.52,-0.50228547
3.5205,-0.51667482
3.521,-0.52468886
3.5215,-0.35768112
3.522,-0.2035917
3.5225,-0.0419334
3.523,0.17755806
3.5235,0.20875168
3.524,0.27144119
3.5245,0.27859661
3.525,0.26884056
3.5255,0.29022876
3.526,0.31756047
3.5265,0.257985
3.527,0.1894917
3.5275,0.17267101
3.528,0.0517958
3.5285,0.05461413
3.529,0.08814363
3.5295,0.22187962
3.53,0.369344
3.5305,0.46115509
3.531,0.48538917
3.5315,0.49332547
3.532,0.43167313
3.5325,0.30361153
3.533,0.27043529
3.5335,0.17535244
3.534,0.09683238
3.5345,-0.01439146
3.535,-0.17804727
3.5355,-0.24446888
3.536,-0.30762842
3.5365,-0.36534863
3.537,-0.3785872
3.5375,-0.20967091
3.538,-0.04247928
3.5385,-0.07100275
3.539,-0.0167629
3.5395,-0.18148925
3.54,-0.1768206
3.5405,-0.22800492
3.541,-0.27752556
3.5415,-0.35753855
3.542,-0.33242968
3.5425,-0.35825306
3.543,-0.42300085
3.5435,-0.42694212
3.544,-0.42147789
3.5445,-0.33235466
3.545,-0.1777346
3.5455,0.01792024
3.546,0.19396918
3.5465,0.26903214
3.547,0.27511517
3.5475,0.26454268
3.548,0.26753358
3.5485,0.26968111
3.549,0.18058357
3.5495,0.2041266
3.55,0.24140654
3.5505,0.19518911
3.551,0.17215383
3.5515,0.12144693
3.552,0.076396
3.5525,0.23772451
3.553,0.28711898
3.5535,0.52814388
3.554,0.54129307
3.5545,0.52572158
3.555,0.44452727
3.5555,0.33150198
3.556,0.16968714
3.5565,0.05131112
3.557,-0.06213805
3.5575,-0.06888112
3.558,-0.16449487
3.5585,-0.19121919
3.559,-0.34583476
3.5595,-0.28486458
3.56,-0.38718682
3.5605,-0.28494616
3.561,-0.14112653
3.5615,-0.09578465
3.562,-0.04643663
3.5625,-0.07984023
3.563,-0.18968629
3.5635,-0.3390228
3.564,-0.38067691
3.5645,-0.38659387
3.565,-0.43193044
3.5655,-0.41313693
3.566,-0.3690783
3.5665,-0.4228849
3.567,-0.35699364
3.5675,-0.26558177
3.568,-0.13628723
3.5685,0.07530002
3.569,0.27888763
3.5695,0.36011515
3.57,0.3688316
3.5705,0.35448968
3.571,0.32921981
3.5715,0.20520605
3.572,0.12516674
3.5725,0.11841007
3.573,0.26832424
3.5735,0.18242724
3.574,0.21457581
3.5745,0.14482467
3.575,0.23061433
3.5755,0.26313734
3.576,0.30644488
3.5765,0.48962876
3.577,0.51833003
3.5775,0.57765067
3.578,0.46135451
3.5785,0.28128045
3.579,0.14197029
3.5795,0.03106626
3.58,-0.09771582
3.5805,-0.21805696
3.581,-0.14048342
3.5815,-0.26596413
3.582,-0.27899683
3.5825,-0.36622449
3.583,-0.29511661
3.5835,-0.26847968
3.584,-0.24271949
3.5845,-0.08039625
3.585,-0.08052624
3.5855,-0.09414056
3.586,-0.18411287
3.5865,-0.28497501
3.587,-0.41655117
3.5875,-0.48764491
3.588,-0.48322468
3.5885,-0.452459
3.589,-0.34421199
3.5895,-0.27279755
3.59,-0.24716543
3.5905,-0.21180118
3.591,-0.08846268
3.5915,0.01077984
3.592,0.21985552
3.5925,0.35769699
3.593,0.34354573
3.5935,0.37042577
3.594,0.2494623
3.5945,0.17923115
3.595,0.09091549
3.5955,0.14570439
3.596,0.14934933
3.5965,0.18697327
3.597,0.23838806
3.5975,0.24262317
3.598,0.27334003
3.5985,0.33436695
3.599,0.37151375
3.5995,0.38698514
3.6,0.5423799
3.6005,0.40417032
3.601,0.42238952
3.6015,0.21877684
3.602,0.10777067
3.6025,-0.08787725
3.603,-0.2198978
3.6035,-0.32182058
3.604,-0.30100394
3.6045,-0.29690505
3.605,-0.20269889
3.6055,-0.24674051
3.606,-0.25473677
3.6065,-0.23649282
3.607,-0.2528759
3.6075,-0.15947834
3.608,-0.12401987
3.6085,-0.06213817
3.609,-0.17819642
3.6095,-0.29297216
3.61,-0.44920311
3.6105,-0.47920318
3.611,-0.51874342
3.6115,-0.47537662
3.612,-0.37145427
3.6125,-0.20631595
3.613,-0.17885478
3.6135,-0.03618423
3.614,-0.03420817
3.6145,0.08795159
3.615,0.22210258
3.6155,0.25514166
3.616,0.46416304
3.6165,0.42066861
3.617,0.30704238
3.6175,0.18242702
3.618,0.09735722
3.6185,0.02637672
3.619,0.07386509
3.6195,0.18090292
3.62,0.29793348
3.6205,0.33249416
3.621,0.31432652
3.6215,0.38125006
3.622,0.35543576
3.6225,0.41363904
3.623,0.41547498
3.6235,0.40644036
3.624,0.44472413
3.6245,0.17977913
3.625,0.06979359
3.6255,-0.14967303
3.626,-0.29312363
3.6265,-0.34033877
3.627,-0.29264746
3.6275,-0.28371081
3.628,-0.15629263
3.6285,-0.19256097
3.629,-0.23871459
3.6295,-0.18061558
3.63,-0.2584437
3.6305,-0.20085582
3.631,-0.13533936
3.6315,-0.19396132
3.632,-0.18212559
3.6325,-0.29967218
3.633,-0.4251636
3.6335,-0.52966261
3.634,-0.51943128
3.6345,-0.51524472
3.635,-0.30601595
3.6355,-0.23911884
3.636,-0.03797537
3.6365,0.05225819
3.637,0.13578144
3.6375,0.16436625
3.638,0.19763708
3.6385,0.30294986
3.639,0.387678
3.6395,0.33494369
3.64,0.29230608
3.6405,0.22054599
3.641,0.12975304
3.6415,0.01871922
3.642,0.10864485
3.6425,0.12315686
3.643,0.17025495
3.6435,0.39148173
3.644,0.44286663
3.6445,0.42531548
3.645,0.44894287
3.6455,0.39268475
3.646,0.36599697
3.6465,0.34382981
3.647,0.24856896
3.6475,0.19932753
3.648,0.06610121
3.6485,-0.15479833
3.649,-0.23413069
3.6495,-0.37516146
3.65,-0.40853402
3.6505,-0.34901858
3.651,-0.26339494
3.6515,-0.14763657
3.652,-0.11602434
3.6525,-0.1441162
3.653,-0.19124512
3.6535,-0.22613077
3.654,-0.2411966
3.6545,-0.27494124
3.655,-0.21596333
3.6555,-0.28745398
3.656,-0.42650474
3.6565,-0.50736924
3.657,-0.52576087
3.6575,-0.45602162
3.658,-0.34895203
3.6585,-0.18655602
3.659,-0.03474696
3.6595,0.17802355
3.66,0.19598159
3.6605,0.23139135
3.661,0.2313788
3.6615,0.25559113
3.662,0.30138206
3.6625,0.35794346
3.663,0.2505497
3.6635,0.27737066
3.664,0.1302814
3.6645,0.05519119
3.665,0.0060069
3.6655,0.16529038
3.666,0.25407894
3.6665,0.34244158
3.667,0.48137893
3.6675,0.49955474
3.668,0.45323744
3.6685,0.37677766
3.669,0.24836102
3.6695,0.19790724
3.67,0.1463791
3.6705,0.09791846
3.671,-0.02452517
3.6715,-0.18219118
3.672,-0.29329653
3.6725,-0.39679339
3.673,-0.37537105
3.6735,-0.38708917
3.674,-0.22166835
3.6745,-0.16802202
3.675,-0.0731249
3.6755,-0.12262613
3.676,-0.09287066
3.6765,-0.21193161
3.677,-0.23534278
3.6775,-0.38352851
3.678,-0.25781897
3.6785,-0.32223113
3.679,-0.37670155
3.6795,-0.47499479
3.68,-0.44495435
3.6805,-0.42526539
3.681,-0.27768749
3.6815,-0.12989251
3.682,0.04632877
3.6825,0.23447376
3.683,0.20603705
3.6835,0.34117285
3.684,0.24843316
3.6845,0.20410389
3.685,0.22540684
3.6855,0.18789775
3.686,0.24067244
3.6865,0.19899219
3.687,0.16513473
3.6875,0.15291219
3.688,0.0754577
3.6885,0.1450285
3.689,0.2417935
3.6895,0.32906585
3.69,0.57394879
3.6905,0.58145425
3.691,0.48669027
3.6915,0.43148018
3.692,0.19806922
3.6925,0.13781497
3.693,0.06037381
3.6935,0.04007282
3.694,-0.11011515
3.6945,-0.18806642
3.695,-0.27220773
3.6955,-0.30401556
3.696,-0.36938727
3.6965,-0.28284955
3.697,-0.27963233
3.6975,-0.16260798
3.698,-0.05576001
3.6985,-0.05398279
3.699,-0.03208319
3.6995,-0.22885581
3.7,-0.29492203
3.7005,-0.40966064
3.701,-0.44635646
3.7015,-0.45402855
3.702,-0.40689248
3.7025,-0.48180606
3.703,-0.29693591
3.7035,-0.33957252
3.704,-0.28123388
3.7045,-0.13234008
3.705,0.00523527
3.7055,0.18643838
3.706,0.35290834
3.7065,0.37427559
3.707,0.28353376
3.7075,0.35762113
3.708,0.22725529
3.7085,0.19157408
3.709,0.15442346
3.7095,0.16023558
3.71,0.20530634
3.7105,0.22807717
3.711,0.20032721
3.7115,0.21227384
3.712,0.30335945
3.7125,0.30089036
3.713,0.47249737
3.7135,0.55041046
3.714,0.66398689
3.7145,0.43187751
3.715,0.24696666
3.7155,0.18599953
3.716,-0.06583088
3.7165,-0.10693611
3.717,-0.17088627
3.7175,-0.18547993
3.718,-0.27088859
3.7185,-0.30429758
3.719,-0.31885298
3.7195,-0.26831162
3.72,-0.33474276
3.7205,-0.16311451
3.721,-0.10105339
3.7215,0.02270685
3.722,-0.1415687
3.7225,-0.18517809
3.723,-0.30579056
3.7235,-0.50689822
3.724,-0.46532752
3.7245,-0.49990358
3.725,-0.45804833
3.7255,-0.34524592
3.726,-0.29810289
3.7265,-0.22970226
3.727,-0.19773089
3.7275,-0.07893777
3.728,0.0507115
3.7285,0.21030078
3.729,0.33786474
3.7295,0.42326008
3.73,0.36040759
3.7305,0.25701999
3.731,0.17103271
3.7315,0.12740963
3.732,0.08095161
3.7325,0.1521348
3.733,0.19887381
3.7335,0.20459329
3.734,0.30811621
3.7345,0.26647628
3.735,0.3368038
3.7355,0.4598724
3.736,0.43703039
3.7365,0.4611615
3.737,0.49318814
3.7375,0.3200531
3.738,0.26695726
3.7385,-0.01776212
3.739,-0.06746335
3.7395,-0.17913217
3.74,-0.34868241
3.7405,-0.28623104
3.741,-0.25987369
3.7415,-0.2113847
3.742,-0.23814142
3.7425,-0.26933967
3.743,-0.19890503
3.7435,-0.17357265
3.744,-0.11422907
3.7445,-0.02748787
3.745,-0.18309026
3.7455,-0.18463556
3.746,-0.32175087
3.7465,-0.46526147
3.747,-0.53983806
3.7475,-0.57611812
3.748,-0.48573612
3.7485,-0.29947631
3.749,-0.22475288
3.7495,-0.14426376
3.75,-0.05179623
3.7505,0.01431182
3.751,0.20966591
3.7515,0.20337354
3.752,0.35446339
3.7525,0.38163842
3.753,0.39086095
3.7535,0.2221813
3.754,0.18011694
3.7545,0.08557806
3.755,0.06396796
3.7555,0.08266513
3.756,0.15988789
3.7565,0.29951407
3.757,0.34939235
3.7575,0.36546889
3.758,0.36417365
3.7585,0.43233614
3.759,0.38744447
3.7595,0.52195771
3.76,0.37887343
3.7605,0.30572426
3.761,0.26526757
3.7615,0.0204638
3.762,-0.10077738
3.7625,-0.2758874
3.763,-0.41711134
3.7635,-0.33560028
3.764,-0.27571043
3.7645,-0.19286062
3.765,-0.20002787
3.7655,-0.12941365
3.766,-0.16927932
3.7665,-0.14538426
3.767,-0.15264535
3.7675,-0.11582686
3.768,-0.14555697
3.7685,-0.23477297
3.769,-0.34447522
3.7695,-0.4883939
3.77,-0.50796396
3.7705,-0.59680982
3.771,-0.52113934
3.7715,-0.31545783
3.772,-0.15776235
3.7725,0.00078979
3.773,0.05451686
3.7735,0.10461177
3.774,0.16650169
3.7745,0.26373492
3.775,0.23596153
3.7755,0.35376364
3.776,0.3716772
3.7765,0.28698908
3.777,0.23972706
3.7775,0.10040797
3.778,0.0067319
3.7785,-0.02168396
3.779,0.14391207
3.7795,0.27105735
3.78,0.39256814
3.7805,0.52062165
3.781,0.44625571
3.7815,0.427412
3.782,0.37131236
3.7825,0.32195456
3.783,0.29224017
3.7835,0.26691615
3.784,0.15588294
3.7845,-0.0158847
3.785,-0.12301277
3.7855,-0.34013242
3.786,-0.33641708
3.7865,-0.33719012
3.787,-0.32367748
3.7875,-0.25088281
3.788,-0.15635345
3.7885,-0.0981167
3.789,-0.12499659
3.7895,-0.20041276
3.79,-0.2355483
3.7905,-0.20766827
3.791,-0.23664554
3.7915,-0.29465126
3.792,-0.32715845
3.7925,-0.41655868
3.793,-0.53024195
3.7935,-0.51966838
3.794,-0.41299747
3.7945,-0.33119007
3.795,-0.06904764
3.7955,0.0291143
3.796,0.20905572
3.7965,0.24359525
3.797,0.16583667
3.7975,0.2536019
3.798,0.28663943
3.7985,0.27280586
3.799,0.26569289
3.7995,0.29580738
3.8,0.26393298
3.8005,0.05781121
3.801,0.03097589
3.8015,0.11977928
3.802,0.08969568
3.8025,0.28064823
3.803,0.3614314
3.8035,0.45615918
3.804,0.53935704
3.8045,0.50701397
3.805,0.3887437
3.8055,0.31992704
3.806,0.2127497
3.8065,0.15458694
3.807,0.08887534
3.8075,-0.0338537
3.808,-0.18247367
3.8085,-0.32701878
3.809,-0.36317555
3.8095,-0.33894057
3.81,-0.34616261
3.8105,-0.20800356
3.811,-0.1350259
3.8115,0.0219212
3.812,-0.11381909
3.8125,-0.15104125
3.813,-0.29118727
3.8135,-0.3352969
3.814,-0.34419215
3.8145,-0.36217124
3.815,-0.37692902
3.8155,-0.41717953
3.816,-0.50971222
3.8165,-0.38925125
3.817,-0.40181488
3.8175,-0.31609686
3.818,-0.09998834
3.8185,0.05311859
3.819,0.19166264
3.8195,0.29495496
3.82,0.34149974
3.8205,0.24143105
3.821,0.26556542
3.8215,0.22164345
3.822,0.19216782
3.8225,0.24067546
3.823,0.20239527
3.8235,0.14197977
3.824,0.11642099
3.8245,0.08939767
3.825,0.12886215
3.8255,0.2353641
3.826,0.40069143
3.8265,0.47637453
3.827,0.56645011
3.8275,0.60432801
3.828,0.35178681
3.8285,0.26502728
3.829,0.08724019
3.8295,-0.00228381
3.83,-0.05735785
3.8305,-0.04091081
3.831,-0.17288883
3.8315,-0.30996807
3.832,-0.30102202
3.8325,-0.31201089
3.833,-0.29543438
3.8335,-0.20822361
3.834,-0.12462309
3.8345,-0.08380195
3.835,-0.0614561
3.8355,-0.13961491
3.836,-0.27038186
3.8365,-0.31099352
3.837,-0.40712137
3.8375,-0.37444427
3.838,-0.40279367
3.8385,-0.36726733
3.839,-0.38543108
3.8395,-0.38863078
3.84,-0.35067211
3.8405,-0.27957681
3.841,-0.06293198
3.8415,0.09618772
3.842,0.21138682
3.8425,0.31949683
3.843,0.3789061
3.8435,0.29663179
3.844,0.26994201
3.8445,0.21927277
3.845,0.17837711
3.8455,0.12762151
3.846,0.15486658
3.8465,0.23613107
3.847,0.21471302
3.8475,0.17576946
3.848,0.13391736
3.8485,0.35775247
3.849,0.38380334
3.8495,0.46529887
3.85,0.57480735
3.8505,0.58193692
3.851,0.39477814
3.8515,0.26584307
3.852,0.05863677
3.8525,-0.05356382
3.853,-0.12246102
3.8535,-0.15507673
3.854,-0.1833338
3.8545,-0.25141596
3.855,-0.32924069
3.8555,-0.29646685
3.856,-0.26058574
3.8565,-0.27851164
3.857,-0.16858171
3.8575,-0.07483042
3.858,-0.0086251
3.8585,-0.09457169
3.859,-0.25541156
3.8595,-0.36820527
3.86,-0.46556321
3.8605,-0.50832489
3.861,-0.4942619
3.8615,-0.40478273
3.862,-0.35287
3.8625,-0.32047758
3.863,-0.21308421
3.8635,-0.15660356
3.864,-0.04069974
3.8645,0.07184484
3.865,0.26541523
3.8655,0.4250864
3.866,0.36207901
3.8665,0.38816869
3.867,0.29775965
3.8675,0.17479904
3.868,0.13351749
3.8685,0.10980238
3.869,0.14334672
3.8695,0.15379147
3.87,0.26866172
3.8705,0.30334098
3.871,0.32749254
3.8715,0.29884384
3.872,0.40433538
3.8725,0.4145641
3.873,0.47624526
3.8735,0.45474768
3.874,0.43607834
3.8745,0.20078908
3.875,0.10264133
3.8755,-0.11559318
3.876,-0.1711479
3.8765,-0.29942813
3.877,-0.21377564
3.8775,-0.25818339
3.878,-0.23501667
3.8785,-0.18816115
3.879,-0.28366736
3.8795,-0.25254767
3.88,-0.18758304
3.8805,-0.11027953
3.881,-0.07255402
3.8815,-0.11871746
3.882,-0.19080961
3.8825,-0.3743171
3.883,-0.41799971
3.8835,-0.55225185
3.884,-0.57828415
3.8845,-0.50729851
3.885,-0.25958411
3.8855,-0.18706972
3.886,-0.10315901
3.8865,-0.07723215
3.887,0.03103094
3.8875,0.16636744
3.888,0.23151251
3.8885,0.36070765
3.889,0.3902947
3.8895,0.41501742
3.89,0.28864712
3.8905,0.14717545
3.891,0.09221609
3.8915,0.03846572
3.892,0.07817744
3.8925,0.16155406
3.893,0.31277895
3.8935,0.2963998
3.894,0.45013666
3.8945,0.40352728
3.895,0.41463211
3.8955,0.4522924
3.896,0.40682476
3.8965,0.40565138
3.897,0.34240186
3.8975,0.19302633
3.898,-0.00157569
3.8985,-0.14201237
3.899,-0.25967893
3.8995,-0.36695971
3.9,-0.32078227
3.9005,-0.23337341
3.901,-0.234021
3.9015,-0.1928081
3.902,-0.22551685
3.9025,-0.17967638
3.903,-0.16727173
3.9035,-0.17805246
3.904,-0.168132
3.9045,-0.18647751
3.905,-0.2515748
3.9055,-0.39304399
3.906,-0.52335191
3.9065,-0.5540691
3.907,-0.55273829
3.9075,-0.49052425
3.908,-0.28987791
3.9085,-0.18743052
3.909,-0.12464061
3.9095,0.10795442
3.91,0.12917937
3.9105,0.21213262
3.911,0.26461695
3.9115,0.31829394
3.912,0.30136319
3.9125,0.30274345
3.913,0.27954996
3.9135,0.21651247
3.914,0.1281924
3.9145,0.0111462
3.915,0.07140567
3.9155,0.20171841
3.916,0.25997791
3.9165,0.40935992
3.917,0.47558106
3.9175,0.56331634
3.918,0.4693326
3.9185,0.42244482
3.919,0.32262644
3.9195,0.29554411
3.92,0.27140796
3.9205,0.11132579
3.921,-0.01709934
3.9215,-0.16241315
3.922,-0.34740928
3.9225,-0.38591573
3.923,-0.422237
3.9235,-0.34222432
3.924,-0.17662214
3.9245,-0.17208987
3.925,-0.07885717
3.9255,-0.15291484
3.926,-0.24369215
3.9265,-0.15930962
3.927,-0.20670465
3.9275,-0.23729502
3.928,-0.25741567
3.9285,-0.34534151
3.929,-0.41132728
3.9295,-0.50179202
3.93,-0.55993434
3.9305,-0.456469
3.931,-0.28181666
3.9315,-0.09396721
3.932,0.09066568
3.9325,0.22333332
3.933,0.24161787
3.9335,0.24523888
3.934,0.20313633
3.9345,0.25686059
3.935,0.278987
3.9355,0.21762025
3.936,0.25700153
3.9365,0.21873887
3.937,0.08328086
3.9375,0.05909591
3.938,0.06553653
3.9385,0.19941268
3.939,0.29048768
3.9395,0.34207239
3.94,0.47429794
3.9405,0.46092364
3.941,0.43206935
3.9415,0.40133549
3.942,0.33108354
3.9425,0.24469756
3.943,0.15175631
3.9435,0.02980553
3.944,-0.11725246
3.9445,-0.19927908
3.945,-0.26444866
3.9455,-0.32283928
3.946,-0.37679419
3.9465,-0.306317
3.947,-0.22638315
3.9475,-0.07619186
3.948,-0.06589673
3.9485,-0.13216855
3.949,-0.17314337
3.9495,-0.24728108
3.95,-0.25493335
3.9505,-0.34089316
3.951,-0.37072861
3.9515,-0.37227536
3.952,-0.39872299
3.9525,-0.48567238
3.953,-0.53078583
3.9535,-0.37940103
3.954,-0.29730554
3.9545,-0.16361757
3.955,0.13903475
3.9555,0.2662424
3.956,0.37366836
3.9565,0.32042302
3.957,0.29949634
3.9575,0.23403245
3.958,0.20697866
3.9585,0.22598885
3.959,0.18340037
3.9595,0.22145051
3.96,0.17527692
3.9605,0.08718038
3.961,0.16799761
3.9615,0.26758123
3.962,0.29772125
3.9625,0.38960892
3.963,0.55661613
3.9635,0.54227235
3.964,0.55155104
3.9645,0.46907534
3.965,0.17835193
3.9655,0.17697288
3.966,0.01250111
3.9665,-0.08097467
3.967,-0.06645672
3.9675,-0.10890268
3.968,-0.19087211
3.9685,-0.28561728
3.969,-0.38710483
3.9695,-0.26632423
3.97,-0.20102799
3.9705,-0.19463439
3.971,-0.04971226
3.9715,-0.09106598
3.972,-0.07244548
3.9725,-0.24872087
3.973,-0.3717879
3.9735,-0.44603878
3.974,-0.40311743
3.9745,-0.42451368
3.975,-0.41583601
3.9755,-0.44376869
3.976,-0.41995067
3.9765,-0.28365696
3.977,-0.22530652
3.9775,-0.03576459
3.978,0.09797867
3.9785,0.27658806
3.979,0.32725723
3.9795,0.37392356
3.98,0.27610882
3.9805,0.23085049
3.981,0.10485648
3.9815,0.14232012
3.982,0.13066052
3.9825,0.20073986
3.983,0.23970289
3.9835,0.17656834
3.984,0.16689828
3.9845,0.25552752
3.985,0.31583127
3.9855,0.48173357
3.986,0.42779804
3.9865,0.5286058
3.987,0.47439209
3.9875,0.43176151
3.988,0.22351277
3.9885,0.03022964
3.989,-0.06387329
3.9895,-0.19685195
3.99,-0.18276086
3.9905,-0.16503035
3.991,-0.25637788
3.9915,-0.33742725
3.992,-0.31892205
3.9925,-0.32149066
3.993,-0.27602654
3.9935,-0.16646798
3.994,-0.03498751
3.9945,-0.05207371
3.995,-0.18879572
3.9955,-0.24714525
3.996,-0.36400394
3.9965,-0.45588926
3.997,-0.50332498
3.9975,-0.48050182
3.998,-0.42157952
3.9985,-0.38651902
3.999,-0.25734193
3.9995,-0.20244154
