time,voltage
0.0,0.23095206
0.0005,0.07428827
0.001,0.09546692
0.0015,0.12419066
0.002,0.10959777
0.0025,0.11597996
0.003,0.11092699
0.0035,0.06264934
0.004,0.05311377
0.0045,0.12781338
0.005,0.2442266
0.0055,0.21758718
0.006,0.19199168
0.0065,0.00111286
0.007,-0.08945099
0.0075,-0.32083857
0.008,-0.40393136
0.0085,-0.45477732
0.009,-0.47636979
0.0095,-0.49175159
0.01,-0.49099561
0.0105,-0.47762059
0.011,-0.49728413
0.0115,-0.44356129
0.012,-0.27991122
0.0125,-0.13013931
0.013,0.07068609
0.0135,0.0341572
0.014,0.04980298
0.0145,-0.04613775
0.015,-0.16286919
0.0155,-0.10492617
0.016,-0.13982844
0.0165,-0.12086588
0.017,-0.05474653
0.0175,-0.04039877
0.018,-0.03373475
0.0185,0.08200598
0.019,0.0073628
0.0195,0.32677689
0.02,0.43651575
0.0205,0.52989874
0.021,0.62695445
0.0215,0.57865116
0.022,0.40845715
0.0225,0.3651551
0.023,0.3511892
0.0235,0.33169794
0.024,0.29084364
0.0245,0.2510827
0.025,0.05606426
0.0255,-0.02018985
0.026,-0.11693222
0.0265,-0.08156286
0.027,0.03126576
0.0275,0.09198196
0.028,0.13999645
0.0285,0.19139319
0.029,0.12164567
0.0295,-0.00472086
0.03,-0.06993826
0.0305,-0.21394804
0.031,-0.20296647
0.0315,-0.18863391
0.032,-0.29925185
0.0325,-0.49906215
0.033,-0.65512737
0.0335,-0.65596259
0.034,-0.58075674
0.0345,-0.51143022
0.035,-0.22528432
0.0355,-0.15425993
0.036,-0.11767738
0.0365,-0.08477846
0.037,-0.02593527
0.0375,-0.03242757
0.038,0.03699583
0.0385,0.13330695
0.039,0.03819411
0.0395,0.06674359
0.04,-0.01965358
0.0405,-0.13544932
0.041,-0.13775915
0.0415,-0.08899436
0.042,0.09383346
0.0425,0.2541923
0.043,0.33482972
0.0435,0.42923736
0.044,0.45794507
0.0445,0.46976187
0.045,0.47967308
0.0455,0.51776896
0.046,0.53492308
0.0465,0.4680955
0.047,0.42352252
0.0475,0.14652865
0.048,0.02538162
0.0485,-0.0589729
0.049,-0.09347826
0.0495,-0.04160079
0.05,0.04237207
0.0505,0.05521279
0.051,0.03455481
0.0515,-0.11428086
0.052,-0.17001506
0.0525,-0.04776279
0.053,0.04005395
0.0535,-0.01758048
0.054,-0.12990814
0.0545,-0.15957042
0.055,-0.30581105
0.0555,-0.42353576
0.056,-0.55333914
0.0565,-0.62160707
0.057,-0.53135137
0.0575,-0.43668793
0.058,-0.3961404
0.0585,-0.31490398
0.059,-0.30796302
0.0595,-0.19178807
0.06,-0.11854198
0.0605,0.09488952
0.061,0.21256717
0.0615,0.2164079
0.062,0.27558463
0.0625,0.14348996
0.063,0.0068969
0.0635,-0.03210832
0.064,0.00775782
0.0645,0.09196381
0.065,0.09759802
0.0655,0.20394967
0.066,0.21377769
0.0665,0.16865029
0.067,0.25697401
0.0675,0.39481603
0.068,0.50439507
0.0685,0.5719882
0.069,0.62650656
0.0695,0.56142716
0.07,0.41119901
0.0705,0.17710505
0.071,0.07297267
0.0715,0.05202215
0.072,0.02616062
0.0725,-0.04768512
0.073,-0.1009644
0.0735,-0.17207186
0.074,-0.31144838
0.0745,-0.30146313
0.075,-0.21196831
0.0755,-0.1124185
0.076,0.08699783
0.0765,0.02367323
0.077,-0.07927562
0.0775,-0.1983899
0.078,-0.2945789
0.0785,-0.38283542
0.079,-0.37335279
0.0795,-0.43950322
0.08,-0.34509946
0.0805,-0.42740196
0.081,-0.49274915
0.0815,-0.5677403
0.082,-0.46847341
0.0825,-0.3038724
0.083,-0.06103268
0.0835,0.14202438
0.084,0.17535077
0.0845,0.18116233
0.085,0.10256143
0.0855,0.11488351
0.086,0.17133741
0.0865,0.21730636
0.087,0.2442925
0.0875,0.21401057
0.088,0.17244432
0.0885,0.07988366
0.089,0.08544358
0.0895,0.10870607
0.09,0.21389493
0.0905,0.34283126
0.091,0.51256995
0.0915,0.57002972
0.092,0.52686063
0.0925,0.4028729
0.093,0.30045332
0.0935,0.27355905
0.094,0.35394356
0.0945,0.27674482
0.095,0.15586094
0.0955,-0.02686149
0.096,-0.24087906
0.0965,-0.370034
0.097,-0.38432307
0.0975,-0.2832658
0.098,-0.23147104
0.0985,-0.20864084
0.099,-0.14781536
0.0995,-0.19961891
0.1,-0.14700943
0.1005,-0.15556553
0.101,-0.13696286
0.1015,-0.20611834
0.102,-0.1762606
0.1025,-0.27267529
0.103,-0.36931087
0.1035,-0.56589438
0.104,-0.56412098
0.1045,-0.52086931
0.105,-0.44847455
0.1055,-0.21286574
0.106,-0.12107265
0.1065,-0.09123593
0.107,0.04798924
0.1075,0.10233652
0.108,0.16478077
0.1085,0.27542027
0.109,0.38086079
0.1095,0.41203684
0.11,0.34477948
0.1105,0.25446217
0.111,0.15254368
0.1115,0.08139701
0.112,0.05532843
0.1125,0.14886133
0.113,0.22042482
0.1135,0.23855136
0.114,0.35894578
0.1145,0.31990573
0.115,0.29690846
0.1155,0.37337945
0.116,0.45531728
0.1165,0.53700809
0.117,0.49239973
0.1175,0.34883048
0.118,0.22258898
0.1185,-0.051681
0.119,-0.19791963
0.1195,-0.22862218
0.12,-0.30041343
0.1205,-0.22520945
0.121,-0.29849624
0.1215,-0.37254922
0.122,-0.37012086
0.1225,-0.4118161
0.123,-0.27463801
0.1235,-0.12025423
0.124,-0.08323285
0.1245,-0.03249955
0.125,-0.12655618
0.1255,-0.23871866
0.126,-0.37359092
0.1265,-0.44052344
0.127,-0.42142611
0.1275,-0.39955189
0.128,-0.36138047
0.1285,-0.31700345
0.129,-0.31888119
0.1295,-0.30281944
0.13,-0.19788811
0.1305,-0.00169617
0.131,0.11276582
0.1315,0.31783424
0.132,0.40958417
0.1325,0.39712565
0.133,0.37238961
0.1335,0.32446228
0.134,0.31603763
0.1345,0.30979307
0.135,0.27041164
0.1355,0.234738
0.136,0.1456527
0.1365,0.14090456
0.137,0.06598239
0.1375,0.12182422
0.138,0.24733457
0.1385,0.26460372
0.139,0.44353217
0.1395,0.49704742
0.14,0.39799074
0.1405,0.25975619
0.141,0.06162155
0.1415,0.03691679
0.142,0.01827779
0.1425,-0.0552149
0.143,-0.12831755
0.1435,-0.26681052
0.144,-0.4232609
0.1445,-0.44025544
0.145,-0.53688684
0.1455,-0.36123374
0.146,-0.31082143
0.1465,-0.2097569
0.147,-0.12259457
0.1475,-0.14746178
0.148,-0.25427431
0.1485,-0.24390764
0.149,-0.27969353
0.1495,-0.21579435
0.15,-0.16736758
0.1505,-0.25766081
0.151,-0.36648368
0.1515,-0.41831942
0.152,-0.46904402
0.1525,-0.32533317
0.153,-0.24780886
0.1535,-0.01070337
0.154,0.20805165
0.1545,0.26453797
0.155,0.30909015
0.1555,0.32692281
0.156,0.33396873
0.1565,0.47609973
0.157,0.46310908
0.1575,0.48010881
0.158,0.39028076
0.1585,0.29305572
0.159,0.19113428
0.1595,0.04573964
0.16,0.06724103
0.1605,0.11046074
0.161,0.27420493
0.1615,0.30972907
0.162,0.29730323
0.1625,0.32479997
0.163,0.24113656
0.1635,0.16344318
0.164,0.20629677
0.1645,0.25685534
0.165,0.22889893
0.1655,0.01799509
0.166,-0.09775867
0.1665,-0.37459334
0.167,-0.45252505
0.1675,-0.50039773
0.168,-0.46821135
0.1685,-0.36357108
0.169,-0.33996231
0.1695,-0.33174628
0.17,-0.33368645
0.1705,-0.31101528
0.171,-0.28761326
0.1715,-0.12801329
0.172,-0.05953721
0.1725,-8.482e-05
0.173,-0.0561584
0.1735,-0.17535896
0.174,-0.17732514
0.1745,-0.38654225
0.175,-0.29362713
0.1755,-0.19608438
0.176,-0.14345492
0.1765,-0.09378356
0.177,-0.01654111
0.1775,-0.03330548
0.178,0.12896565
0.1785,0.20697157
0.179,0.4427278
0.1795,0.61607137
0.18,0.59454365
0.1805,0.50629759
0.181,0.45089146
0.1815,0.29131496
0.182,0.20705732
0.1825,0.25401529
0.183,0.19975761
0.1835,0.20031542
0.184,0.19525628
0.1845,0.14029608
0.185,0.0467752
0.1855,0.04292035
0.186,0.06666495
0.1865,0.21264551
0.187,0.3386318
0.1875,0.26151013
0.188,0.17041336
0.1885,-0.02729419
0.189,-0.16251653
0.1895,-0.28293629
0.19,-0.28906431
0.1905,-0.31644439
0.191,-0.35577109
0.1915,-0.43660753
0.192,-0.45484615
0.1925,-0.58449926
0.193,-0.51461952
0.1935,-0.45718108
0.194,-0.29112795
0.1945,-0.10190139
0.195,-0.04980299
0.1955,-0.04378169
0.196,-0.07079361
0.1965,-0.07979786
0.197,-0.10183118
0.1975,-0.07187024
0.198,-0.09032248
0.1985,-0.07313198
0.199,-0.10854184
0.1995,-0.18112692
0.2,-0.21835751
0.2005,-0.11043494
0.201,0.0698472
0.2015,0.29612843
0.202,0.42541321
0.2025,0.55948758
0.203,0.54163788
0.2035,0.42404146
0.204,0.40595979
0.2045,0.42146452
0.205,0.49173843
0.2055,0.46067876
0.206,0.32494358
0.2065,0.19767213
0.207,0.0294848
0.2075,-0.0406098
0.208,-0.11794784
0.2085,-0.00884499
0.209,0.10823526
0.2095,0.22707529
0.21,0.20112167
0.2105,0.08915805
0.211,0.01694089
0.2115,-0.0263418
0.212,-0.0495052
0.2125,-0.00201706
0.213,-0.15134819
0.2135,-0.23598351
0.214,-0.29006177
0.2145,-0.52745883
0.215,-0.58057316
0.2155,-0.6405383
0.216,-0.54066059
0.2165,-0.43830102
0.217,-0.33986953
0.2175,-0.26290381
0.218,-0.2298609
0.2185,-0.21411833
0.219,-0.10819554
0.2195,-0.07847587
0.22,0.08362216
0.2205,0.14766135
0.221,0.13986719
0.2215,0.03170027
0.222,-0.15211112
0.2225,-0.19255456
0.223,-0.19100757
0.2235,-0.00187948
0.224,0.06783693
0.2245,0.20126082
0.225,0.24985326
0.2255,0.32884855
0.226,0.43297306
0.2265,0.34595689
0.227,0.56184318
0.2275,0.60516848
0.228,0.58329534
0.2285,0.52829292
0.229,0.36584019
0.2295,0.15017571
0.23,0.10541831
0.2305,0.02194554
0.231,0.07613559
0.2315,0.02267937
0.232,0.0326634
0.2325,-0.02924113
0.233,-0.05756828
0.2335,-0.09333469
0.234,-0.0506628
0.2345,0.05910433
0.235,0.12602733
0.2355,0.10030762
0.236,0.00973903
0.2365,-0.21454341
0.237,-0.38769269
0.2375,-0.49714455
0.238,-0.49255584
0.2385,-0.49793607
0.239,-0.42859994
0.2395,-0.41755727
0.24,-0.4841052
0.2405,-0.49703355
0.241,-0.43171806
0.2415,-0.25113854
0.242,-0.05388273
0.2425,0.05813015
0.243,0.14702555
0.2435,0.14894536
0.244,0.1549544
0.2445,0.08579791
0.245,-0.06752217
0.2455,0.01792406
0.246,0.09327376
0.2465,0.04262491
0.247,0.06204446
0.2475,0.07669634
0.248,0.01562481
0.2485,0.09238939
0.249,0.18155215
0.2495,0.40267111
0.25,0.47935858
0.2505,0.61612122
0.251,0.60977664
0.2515,0.42012843
0.252,0.33997577
0.2525,0.27912376
0.253,0.21124263
0.2535,0.1973637
0.254,0.09769737
0.2545,-0.02570522
0.255,-0.14906851
0.2555,-0.25520494
0.256,-0.29731175
0.2565,-0.15168467
0.257,-0.06407862
0.2575,-0.02348011
0.258,0.05840148
0.2585,0.03405323
0.259,-0.11499763
0.2595,-0.16480597
0.26,-0.22775595
0.2605,-0.21676831
0.261,-0.3119936
0.2615,-0.28927877
0.262,-0.40293147
0.2625,-0.47865659
0.263,-0.59131323
0.2635,-0.58139741
0.264,-0.45218748
0.2645,-0.26742912
0.265,-0.14920478
0.2655,0.0207741
0.266,0.08179538
0.2665,0.07645746
0.267,0.16960549
0.2675,0.10201673
0.268,0.23541694
0.2685,0.28486101
0.269,0.30217191
0.2695,0.16009629
0.27,0.06747365
0.2705,0.00872586
0.271,0.01183756
0.2715,0.10498139
0.272,0.19772583
0.2725,0.36422124
0.273,0.41851323
0.2735,0.44981276
0.274,0.40261027
0.2745,0.44555194
0.275,0.40150162
0.2755,0.49505393
0.276,0.44536062
0.2765,0.36887694
0.277,0.18874677
0.2775,-0.00098327
0.278,-0.16053037
0.2785,-0.3075847
0.279,-0.24648411
0.2795,-0.14277739
0.28,-0.23795718
0.2805,-0.12949123
0.281,-0.25043249
0.2815,-0.17716462
0.282,-0.21596467
0.2825,-0.15231235
0.283,-0.09749382
0.2835,0.01506908
0.284,-0.0688257
0.2845,-0.28356252
0.285,-0.43878253
0.2855,-0.50025773
0.286,-0.55885372
0.2865,-0.45197604
0.287,-0.38398789
0.2875,-0.2648476
0.288,-0.27957461
0.2885,-0.2419146
0.289,-0.12778787
0.2895,-0.0931978
0.29,0.08981495
0.2905,0.25054142
0.291,0.39258947
0.2915,0.40071154
0.292,0.28168292
0.2925,0.18565689
0.293,0.06598271
0.2935,0.15038522
0.294,0.14125712
0.2945,0.26376525
0.295,0.28619493
0.2955,0.17933523
0.296,0.17624851
0.2965,0.25319328
0.297,0.2959906
0.2975,0.41868967
0.298,0.50056494
0.2985,0.57723586
0.299,0.43560001
0.2995,0.43986943
0.3,0.13042875
0.3005,0.03586381
0.301,-0.09543951
0.3015,-0.10340583
0.302,-0.15221681
0.3025,-0.18162539
0.303,-0.34987171
0.3035,-0.38206229
0.304,-0.37977283
0.3045,-0.38935944
0.305,-0.21458897
0.3055,-0.11486684
0.306,-0.05014501
0.3065,-0.0478587
0.307,-0.16983248
0.3075,-0.25305269
0.308,-0.35352697
0.3085,-0.35078075
0.309,-0.28448445
0.3095,-0.3176788
0.31,-0.33866381
0.3105,-0.4551529
0.311,-0.41360045
0.3115,-0.38074339
0.312,-0.20203172
0.3125,-0.03345151
0.313,0.13055102
0.3135,0.33223265
0.314,0.34433307
0.3145,0.36142047
0.315,0.32896141
0.3155,0.32621227
0.316,0.30119444
0.3165,0.33360704
0.317,0.31415386
0.3175,0.27215431
0.318,0.15044313
0.3185,0.10246132
0.319,0.08427284
0.3195,0.14146857
0.32,0.23273237
0.3205,0.39650028
0.321,0.47427016
0.3215,0.40479962
0.322,0.37290093
0.3225,0.22446301
0.323,0.28477038
0.3235,0.17569573
0.324,0.13158728
0.3245,0.01735291
0.325,-0.08991874
0.3255,-0.2787543
0.326,-0.41735063
0.3265,-0.46803117
0.327,-0.50647918
0.3275,-0.3954891
0.328,-0.16863152
0.3285,-0.17880986
0.329,-0.24676971
0.3295,-0.25683545
0.33,-0.17675043
0.3305,-0.2310375
0.331,-0.15908997
0.3315,-0.07198812
0.332,-0.1422986
0.3325,-0.22263239
0.333,-0.39973549
0.3335,-0.42626487
0.334,-0.46478862
0.3345,-0.35872506
0.335,-0.20218502
0.3355,-0.00923704
0.336,0.08103281
0.3365,0.15466181
0.337,0.16887754
0.3375,0.23427512
0.338,0.37888964
0.3385,0.39290414
0.339,0.53649611
0.3395,0.4717518
0.34,0.41956043
0.3405,0.29801343
0.341,0.12688835
0.3415,0.12210382
0.342,0.13882784
0.3425,0.12620619
0.343,0.20179545
0.3435,0.2294292
0.344,0.15487293
0.3445,0.26047656
0.345,0.16279507
0.3455,0.29148644
0.346,0.3350282
0.3465,0.37548752
0.347,0.27018144
0.3475,0.08188151
0.348,-0.0359111
0.3485,-0.25449747
0.349,-0.4121587
0.3495,-0.45131589
0.35,-0.38975694
0.3505,-0.47884488
0.351,-0.36679978
0.3515,-0.46026075
0.352,-0.4581418
0.3525,-0.33700158
0.353,-0.27509578
0.3535,-0.11280606
0.354,-0.03776237
0.3545,-0.06307761
0.355,-0.14540699
0.3555,-0.27946154
0.356,-0.33924931
0.3565,-0.28654878
0.357,-0.2532592
0.3575,-0.1574034
0.358,-0.18991826
0.3585,-0.20700567
0.359,-0.11083735
0.3595,0.00419604
0.36,0.05872664
0.3605,0.17090191
0.361,0.42190064
0.3615,0.5549191
0.362,0.59505456
0.3625,0.49124875
0.363,0.4548029
0.3635,0.33780793
0.364,0.28906323
0.3645,0.31270429
0.365,0.34250763
0.3655,0.27550071
0.366,0.15046048
0.3665,0.0376821
0.367,0.00425744
0.3675,0.03865679
0.368,0.15642516
0.3685,0.25881137
0.369,0.35416283
0.3695,0.28604712
0.37,0.1625157
0.3705,0.07941617
0.371,-0.05385901
0.3715,-0.12638516
0.372,-0.16534578
0.3725,-0.22186213
0.373,-0.36382126
0.3735,-0.46799438
0.374,-0.53756594
0.3745,-0.59976465
0.375,-0.62434943
0.3755,-0.42109954
0.376,-0.22497561
0.3765,-0.18076197
0.377,-0.16099701
0.3775,-0.17167851
0.378,-0.11500979
0.3785,-0.11319151
0.379,-0.10937891
0.3795,-0.00211535
0.38,0.01892946
0.3805,-0.14756299
0.381,-0.2097941
0.3815,-0.19754711
0.382,-0.24128042
0.3825,-0.10121754
0.383,0.06841317
0.3835,0.19816977
0.384,0.3258357
0.3845,0.38753943
0.385,0.44885239
0.3855,0.4080052
0.386,0.46086149
0.3865,0.51077573
0.387,0.50422229
0.3875,0.48382338
0.388,0.36835566
0.3885,0.17789458
0.389,0.07321701
0.3895,-0.04717081
0.39,-0.04886329
0.3905,0.05040059
0.391,0.13982203
0.3915,0.13159769
0.392,0.06864799
0.3925,0.01484423
0.393,0.08113574
0.3935,0.00448148
0.394,0.06791289
0.3945,0.0528416
0.395,0.01736863
0.3955,-0.14422906
0.396,-0.34406408
0.3965,-0.60071246
0.397,-0.56532073
0.3975,-0.59732816
0.398,-0.49101012
0.3985,-0.42695172
0.399,-0.41474357
0.3995,-0.38379215
0.4,-0.36421915
0.4005,-0.24068121
0.401,-0.11698142
0.4015,-0.00126849
0.402,0.10852413
0.4025,0.13255016
0.403,0.00976224
0.4035,-0.05443308
0.404,-0.18083116
0.4045,-0.16328417
0.405,-0.13002519
0.4055,-0.0537513
0.406,0.10915043
0.4065,0.06186223
0.407,0.14121648
0.4075,0.16135973
0.408,0.29999129
0.4085,0.40379597
0.409,0.48825109
0.4095,0.65269894
0.41,0.59810533
0.4105,0.46469553
0.411,0.38246872
0.4115,0.17288766
0.412,0.16464627
0.4125,0.09099856
0.413,0.07046284
0.4135,0.08391669
0.414,0.04797128
0.4145,-0.0587368
0.415,-0.13073258
0.4155,-0.09928682
0.416,0.00874129
0.4165,0.07752025
0.417,0.13331718
0.4175,0.12885719
0.418,0.00644856
0.4185,-0.13132786
0.419,-0.23812826
0.4195,-0.34299485
0.42,-0.41917811
0.4205,-0.43924924
0.421,-0.48537486
0.4215,-0.52920674
0.422,-0.55727159
0.4225,-0.52037016
0.423,-0.45848014
0.4235,-0.31334292
0.424,-0.07941225
0.4245,0.03005616
0.425,0.09839695
0.4255,0.06388642
0.426,-0.04985758
0.4265,-0.02505263
0.427,0.04147521
0.4275,0.11734742
0.428,0.15212552
0.4285,0.09999067
0.429,0.04137297
0.4295,-0.02560422
0.43,-0.0142338
0.4305,0.11172925
0.431,0.20487688
0.4315,0.44952129
0.432,0.58717851
0.4325,0.5835386
0.433,0.45961566
0.4335,0.47237815
0.434,0.45685998
0.4345,0.37487548
0.435,0.41565082
0.4355,0.3450309
0.436,0.25753122
0.4365,0.04011453
0.437,-0.14818206
0.4375,-0.18208555
0.438,-0.15601846
0.4385,-0.11848783
0.439,-0.03318349
0.4395,0.03355048
0.44,0.01195371
0.4405,-0.06559417
0.441,-0.08384513
0.4415,-0.10807784
0.442,-0.13623242
0.4425,-0.11138886
0.443,-0.23523326
0.4435,-0.30985279
0.444,-0.48513216
0.4445,-0.64521214
0.445,-0.66387168
0.4455,-0.59833176
0.446,-0.39273386
0.4465,-0.28103935
0.447,-0.17329563
0.4475,-0.15984764
0.448,-0.0769376
0.4485,-0.03298037
0.449,0.07667869
0.4495,0.20011922
0.45,0.299285
0.4505,0.31100113
0.451,0.22953315
0.4515,0.12364305
0.452,-0.0091779
0.4525,0.05786139
0.453,0.03295623
0.4535,0.13867771
0.454,0.16009497
0.4545,0.27949684
0.455,0.31720307
0.4555,0.29755032
0.456,0.36946194
0.4565,0.36975592
0.457,0.39940877
0.4575,0.56819035
0.458,0.47905854
0.4585,0.37611758
0.459,0.15319086
0.4595,0.02481297
0.46,-0.06558484
0.4605,-0.13541786
0.461,-0.21019307
0.4615,-0.1538644
0.462,-0.12648515
0.4625,-0.18408505
0.463,-0.25711434
0.4635,-0.2088026
0.464,-0.14409497
0.4645,0.0002166
0.465,0.01042349
0.4655,0.00615016
0.466,-0.16924472
0.4665,-0.35077191
0.467,-0.4100828
0.4675,-0.53125995
0.468,-0.46824765
0.4685,-0.438042
0.469,-0.43693119
0.4695,-0.39401228
0.47,-0.41873816
0.4705,-0.33336318
0.471,-0.28404691
0.4715,-0.04401173
0.472,0.1159233
0.4725,0.27125239
0.473,0.31751792
0.4735,0.35197809
0.474,0.2445954
0.4745,0.16989812
0.475,0.16643548
0.4755,0.14953238
0.476,0.18710087
0.4765,0.21789651
0.477,0.16226371
0.4775,0.12195523
0.478,0.11991436
0.4785,0.15442241
0.479,0.33016531
0.4795,0.46513581
0.48,0.55755549
0.4805,0.52780487
0.481,0.44621005
0.4815,0.34168743
0.482,0.24622042
0.4825,0.15546311
0.483,0.0825312
0.4835,0.04114167
0.484,-0.05773821
0.4845,-0.15493984
0.485,-0.29154094
0.4855,-0.4341344
0.486,-0.38671448
0.4865,-0.29112018
0.487,-0.22992721
0.4875,-0.08065028
0.488,-0.05540169
0.4885,-0.23432621
0.489,-0.19142197
0.4895,-0.23549157
0.49,-0.32809429
0.4905,-0.16938486
0.491,-0.26598206
0.4915,-0.31525748
0.492,-0.42576225
0.4925,-0.53305771
0.493,-0.55354913
0.4935,-0.44439691
0.494,-0.24960498
0.4945,-0.02801124
0.495,0.03014239
0.4955,0.20525579
0.496,0.20521723
0.4965,0.21816454
0.497,0.26837371
0.4975,0.36825211
0.498,0.40643698
0.4985,0.3953818
0.499,0.34332636
0.4995,0.21024544
0.5,0.07870404
0.5005,0.13267002
0.501,0.1178506
0.5015,0.14028858
0.502,0.32867476
0.5025,0.31674404
0.503,0.32207224
0.5035,0.35992511
0.504,0.33534441
0.5045,0.30165946
0.505,0.34181661
0.5055,0.30892548
0.506,0.32765658
0.5065,0.05595585
0.507,-0.14831058
0.5075,-0.31090652
0.508,-0.39310375
0.5085,-0.39696478
0.509,-0.35557863
0.5095,-0.33409262
0.51,-0.29624356
0.5105,-0.32869939
0.511,-0.32217289
0.5115,-0.27509553
0.512,-0.2575789
0.5125,-0.12087042
0.513,-0.01921253
0.5135,-0.06647314
0.514,-0.1738242
0.5145,-0.25257986
0.515,-0.40323562
0.5155,-0.4746652
0.516,-0.39885737
0.5165,-0.30383214
0.517,-0.17291939
0.5175,-0.15375317
0.518,-0.07994174
0.5185,-0.09965274
0.519,0.03096295
0.5195,0.17872092
0.52,0.45995047
0.5205,0.48511041
0.521,0.53203352
0.5215,0.46072964
0.522,0.38111825
0.5225,0.2583434
0.523,0.22430969
0.5235,0.18301798
0.524,0.18606738
0.5245,0.27836094
0.525,0.24504593
0.5255,0.19396964
0.526,0.09246451
0.5265,0.15681683
0.527,0.25722325
0.5275,0.3815548
0.528,0.43177775
0.5285,0.3947742
0.529,0.2449965
0.5295,0.03251875
0.53,-0.05030113
0.5305,-0.14411992
0.531,-0.21968331
0.5315,-0.22246788
0.532,-0.33621058
0.5325,-0.41444983
0.533,-0.52364362
0.5335,-0.52679391
0.534,-0.47350749
0.5345,-0.33391983
0.535,-0.18257515
0.5355,-0.10308783
0.536,-0.08161453
0.5365,-0.14441408
0.537,-0.16040142
0.5375,-0.22129705
0.538,-0.2205647
0.5385,-0.21432785
0.539,-0.11702778
0.5395,-0.14303426
0.54,-0.21869397
0.5405,-0.30194191
0.541,-0.25627506
0.5415,-0.19629437
0.542,0.0006292
0.5425,0.17145257
0.543,0.37599777
0.5435,0.4194182
0.544,0.4578904
0.5445,0.35355186
0.545,0.46893942
0.5455,0.34867185
0.546,0.4287209
0.5465,0.3887097
0.547,0.32411324
0.5475,0.1316147
0.548,0.08251858
0.5485,-0.05754997
0.549,0.05508789
0.5495,0.14846304
0.55,0.24445741
0.5505,0.28312694
0.551,0.29112945
0.5515,0.21162822
0.552,0.19299072
0.5525,0.1090564
0.553,0.08279166
0.5535,0.06251195
0.554,0.01220401
0.5545,-0.2446251
0.555,-0.32571542
0.5555,-0.50450151
0.556,-0.57803268
0.5565,-0.62036983
0.557,-0.50584558
0.5575,-0.40344503
0.558,-0.23223884
0.5585,-0.27549979
0.559,-0.23846031
0.5595,-0.19962627
0.56,-0.24009933
0.5605,-0.07322435
0.561,-0.04778033
0.5615,-0.05175573
0.562,-0.02468665
0.5625,-0.16052476
0.563,-0.19856029
0.5635,-0.32592362
0.564,-0.19249675
0.5645,-0.10619687
0.565,0.01214844
0.5655,0.14888485
0.566,0.26433955
0.5665,0.26533764
0.567,0.26905101
0.5675,0.38559395
0.568,0.52204795
0.5685,0.63635
0.569,0.60442287
0.5695,0.55076972
0.57,0.39036376
0.5705,0.18517648
0.571,0.08420957
0.5715,0.04117633
0.572,0.09931189
0.5725,0.1270616
0.573,0.1881292
0.5735,0.13620079
0.574,0.01349394
0.5745,-0.02141259
0.575,0.1227912
0.5755,0.12585447
0.576,0.18053279
0.5765,0.17021736
0.577,0.05739577
0.5775,-0.18981725
0.578,-0.25984051
0.5785,-0.42937413
0.579,-0.45887825
0.5795,-0.50702692
0.58,-0.4598187
0.5805,-0.43778818
0.581,-0.47567223
0.5815,-0.43693417
0.582,-0.44028144
0.5825,-0.31370643
0.583,-0.08249957
0.5835,-0.00970799
0.584,0.0813412
0.5845,0.03367176
0.585,-0.08539876
0.5855,-0.11259558
0.586,-0.09270441
0.5865,-0.12560745
0.587,-0.04818228
0.5875,-0.03749296
0.588,-0.04707849
0.5885,-0.00599547
0.589,0.00790845
0.5895,0.10876179
0.59,0.21843886
0.5905,0.44244155
0.591,0.55306481
0.5915,0.54114845
0.592,0.58304154
0.5925,0.50173301
0.593,0.31355181
0.5935,0.28236603
0.594,0.33379332
0.5945,0.25673681
0.595,0.19002674
0.5955,0.07713246
0.596,0.04837542
0.5965,-0.09627022
0.597,-0.12666073
0.5975,0.00388249
0.598,0.043726
0.5985,0.14594135
0.599,0.13690206
0.5995,0.08384755
0.6,-0.05558351
0.6005,-0.17091241
0.601,-0.16076406
0.6015,-0.22903025
0.602,-0.27433072
0.6025,-0.36881554
0.603,-0.49332054
0.6035,-0.54503852
0.604,-0.65504579
0.6045,-0.61946922
0.605,-0.43487591
0.6055,-0.27970919
0.606,-0.21029055
0.6065,-0.07792096
0.607,-0.0316565
0.6075,-0.00195529
0.608,-0.02982366
0.6085,0.00731207
0.609,0.04638057
0.6095,0.12779795
0.61,0.07810457
0.6105,0.01847811
0.611,-0.1242037
0.6115,-0.15086906
0.612,-0.02626506
0.6125,0.04087116
0.613,0.31980231
0.6135,0.35370066
0.614,0.48451831
0.6145,0.43693213
0.615,0.50704139
0.6155,0.47279411
0.616,0.4825052
0.6165,0.46440974
0.617,0.52846265
0.6175,0.45278219
0.618,0.19602295
0.6185,0.02510774
0.619,-0.12062546
0.6195,-0.17222383
0.62,-0.05656939
0.6205,-0.10619952
0.621,-0.0165565
0.6215,-0.06001816
0.622,-0.033234
0.6225,-0.17701178
0.623,-0.11466139
0.6235,-0.02352245
0.624,-0.00262146
0.6245,0.01172593
0.625,-0.23284247
0.6255,-0.35818063
0.626,-0.48455699
0.6265,-0.6111407
0.627,-0.57922006
0.6275,-0.50165828
0.628,-0.47051901
0.6285,-0.38316803
0.629,-0.26892545
0.6295,-0.28782393
0.63,-0.1920465
0.6305,-0.11381848
0.631,0.0584386
0.6315,0.217343
0.632,0.24240999
0.6325,0.23312683
0.633,0.18882916
0.6335,0.04307302
0.634,0.01224138
0.6345,0.0525344
0.635,0.10845622
0.6355,0.10323669
0.636,0.18590615
0.6365,0.22313256
0.637,0.20060848
0.6375,0.12368158
0.638,0.34587786
0.6385,0.49836592
0.639,0.6119177
0.6395,0.59423166
0.64,0.48333938
0.6405,0.3304189
0.641,0.18114235
0.6415,0.07857693
0.642,0.02206837
0.6425,-0.01874534
0.643,-0.00346745
0.6435,-0.1135062
0.644,-0.179642
0.6445,-0.24920465
0.645,-0.26807046
0.6455,-0.26236625
0.646,-0.10071692
0.6465,0.04024874
0.647,-0.03850391
0.6475,-0.08495727
0.648,-0.16107793
0.6485,-0.21445434
0.649,-0.38022703
0.6495,-0.34456767
0.65,-0.35602134
0.6505,-0.41475225
0.651,-0.44261623
0.6515,-0.45831879
0.652,-0.55416443
0.6525,-0.43703945
0.653,-0.25654356
0.6535,-0.11593611
0.654,0.05866969
0.6545,0.16956198
0.655,0.23194421
0.6555,0.144672
0.656,0.19096345
0.6565,0.20410764
0.657,0.23519173
0.6575,0.21153068
0.658,0.25304208
0.6585,0.17231536
0.659,0.1098784
0.6595,0.06232539
0.66,0.10632413
0.6605,0.17254644
0.661,0.33851592
0.6615,0.48643641
0.662,0.49153673
0.6625,0.45922965
0.663,0.39892702
0.6635,0.31680712
0.664,0.31556395
0.6645,0.3698336
0.665,0.25377126
0.6655,0.16173705
0.666,-0.10377685
0.6665,-0.21640764
0.667,-0.32165386
0.6675,-0.32943988
0.668,-0.31276536
0.6685,-0.2280196
0.669,-0.17066962
0.6695,-0.13421896
0.67,-0.17883712
0.6705,-0.29352285
0.671,-0.2358366
0.6715,-0.21319825
0.672,-0.15042766
0.6725,-0.21077494
0.673,-0.19688824
0.6735,-0.32172115
0.674,-0.50591973
0.6745,-0.45607988
0.675,-0.48431306
0.6755,-0.41257374
0.676,-0.28384841
0.6765,-0.15195151
0.677,-0.03507337
0.6775,0.02668833
0.678,0.04406296
0.6785,0.19646255
0.679,0.29164675
0.6795,0.36861839
0.68,0.41811647
0.6805,0.37480971
0.681,0.26912635
0.6815,0.17693446
0.682,0.12097932
0.6825,0.04435177
0.683,0.16931557
0.6835,0.24478311
0.684,0.26490077
0.6845,0.28445284
0.685,0.28072268
0.6855,0.30847855
0.686,0.32132708
0.6865,0.41423261
0.687,0.42823106
0.6875,0.46021148
0.688,0.34164205
0.6885,0.16680039
0.689,-0.08196813
0.6895,-0.2130499
0.69,-0.22402081
0.6905,-0.2789041
0.691,-0.27327688
0.6915,-0.34191996
0.692,-0.35202181
0.6925,-0.41647169
0.693,-0.34182042
0.6935,-0.38249513
0.694,-0.2007729
0.6945,-0.1400454
0.695,-0.04549822
0.6955,-0.07497875
0.696,-0.2528929
0.6965,-0.2567831
0.697,-0.35938676
0.6975,-0.43227859
0.698,-0.32483625
0.6985,-0.34226051
0.699,-0.29690048
0.6995,-0.25174738
0.7,-0.22075006
0.7005,-0.15056676
0.701,0.00868241
0.7015,0.17682301
0.702,0.3065752
0.7025,0.51244684
0.703,0.47003041
0.7035,0.39331683
0.704,0.34335722
0.7045,0.29352179
0.705,0.31031395
0.7055,0.19488436
0.706,0.24464253
0.7065,0.1944566
0.707,0.20478499
0.7075,0.11081652
0.708,0.0941822
0.7085,0.19615914
0.709,0.33484453
0.7095,0.45523004
0.71,0.38028425
0.7105,0.31812554
0.711,0.22173413
0.7115,0.15215518
0.712,0.05660018
0.7125,0.0017695
0.713,-0.05895817
0.7135,-0.12078368
0.714,-0.26012589
0.7145,-0.40859985
0.715,-0.54769068
0.7155,-0.52991746
0.716,-0.47826858
0.7165,-0.326492
0.717,-0.1621632
0.7175,-0.17085023
0.718,-0.1379525
0.7185,-0.22197017
0.719,-0.22444054
0.7195,-0.19415086
0.72,-0.18517866
0.7205,-0.10717945
0.721,-0.16160336
0.7215,-0.23981344
0.722,-0.33515146
0.7225,-0.37314842
0.723,-0.38905892
0.7235,-0.20786729
0.724,0.01462255
0.7245,0.14210968
0.725,0.25559409
0.7255,0.3610508
0.726,0.3683948
0.7265,0.34948209
0.727,0.45431133
0.7275,0.47390997
0.728,0.46540505
0.7285,0.48653302
0.729,0.35456301
0.7295,0.12395693
0.73,0.12303637
0.7305,0.02080752
0.731,0.09016448
0.7315,0.09604499
0.732,0.208787
0.7325,0.22237854
0.733,0.22993368
0.7335,0.15676135
0.734,0.16650405
0.7345,0.17991279
0.735,0.18762712
0.7355,0.17501913
0.736,0.06179147
0.7365,-0.10341304
0.737,-0.32336706
0.7375,-0.44163748
0.738,-0.56815634
0.7385,-0.4468753
0.739,-0.52296646
0.7395,-0.3857249
0.74,-0.32898351
0.7405,-0.39604745
0.741,-0.33971671
0.7415,-0.30543245
0.742,-0.14933627
0.7425,-0.04309834
0.743,-0.02076881
0.7435,0.03949566
0.744,-0.11749277
0.7445,-0.20372829
0.745,-0.33215362
0.7455,-0.27651752
0.746,-0.19237838
0.7465,-0.10373893
0.747,-0.06313022
0.7475,0.01953388
0.748,0.10175477
0.7485,0.08527932
0.749,0.24343612
0.7495,0.34473511
0.75,0.57212057
0.7505,0.58819896
0.751,0.56828142
0.7515,0.45825958
0.752,0.34011475
0.7525,0.16797872
0.753,0.23977316
0.7535,0.20572713
0.754,0.16387437
0.7545,0.20588203
0.755,0.06253965
0.7555,0.02700312
0.756,0.03202789
0.7565,0.08183567
0.757,0.21968732
0.7575,0.19964326
0.758,0.27935277
0.7585,0.2307052
0.759,0.08903979
0.7595,-0.14843573
0.76,-0.24033428
0.7605,-0.3423792
0.761,-0.31477276
0.7615,-0.3503091
0.762,-0.41419595
0.7625,-0.54860866
0.763,-0.58443405
0.7635,-0.55664007
0.764,-0.50802689
0.7645,-0.24391038
0.765,-0.14273305
0.7655,0.02969359
0.766,-0.0334999
0.7665,-0.09878884
0.767,-0.12632854
0.7675,-0.0929877
0.768,-0.09974218
0.7685,-0.05615699
0.769,-0.01110205
0.7695,-0.03223264
0.77,-0.09927801
0.7705,-0.07942951
0.771,-0.09284373
0.7715,0.07491551
0.772,0.26688863
0.7725,0.36856817
0.773,0.45435413
0.7735,0.51884579
0.774,0.47032489
0.7745,0.42896413
0.775,0.42507086
0.7755,0.41660644
0.776,0.40573647
0.7765,0.33578969
0.777,0.21975422
0.7775,0.08713886
0.778,-0.09051321
0.7785,-0.1329311
0.779,-0.13488004
0.7795,-0.00571402
0.78,0.08544575
0.7805,0.13441665
0.781,0.11839394
0.7815,0.08140495
0.782,-0.03061527
0.7825,-0.07221655
0.783,-0.05205933
0.7835,-0.07390339
0.784,-0.16690445
0.7845,-0.28432777
0.785,-0.53589645
0.7855,-0.59546652
0.786,-0.64373957
0.7865,-0.58343829
0.787,-0.42068732
0.7875,-0.2689243
0.788,-0.22919948
0.7885,-0.16992876
0.789,-0.19558686
0.7895,-0.07989533
0.79,-0.02071424
0.7905,0.04755133
0.791,0.17635989
0.7915,0.0935348
0.792,0.06096636
0.7925,-0.05042232
0.793,-0.12766721
0.7935,-0.08156073
0.794,-0.01263331
0.7945,0.06653882
0.795,0.24320743
0.7955,0.26682247
0.796,0.32750395
0.7965,0.33460206
0.797,0.39823106
0.7975,0.50814793
0.798,0.53711336
0.7985,0.51803641
0.799,0.48219693
0.7995,0.32430609
0.8,0.24276323
0.8005,0.04746084
0.801,-0.02737426
0.8015,-0.02525073
0.802,-0.05792708
0.8025,-0.00623557
0.803,-0.0168095
0.8035,-0.06856133
0.804,-0.10279647
0.8045,-0.08285492
0.805,-0.01167632
0.8055,0.04025518
0.806,0.08564919
0.8065,0.00193222
0.807,-0.16978311
0.8075,-0.2325585
0.808,-0.43941706
0.8085,-0.54259839
0.809,-0.44819216
0.8095,-0.48092277
0.81,-0.47833847
0.8105,-0.37628532
0.811,-0.45607505
0.8115,-0.4480788
0.812,-0.24905485
0.8125,-0.06859073
0.813,0.0143097
0.8135,0.14770202
0.814,0.22879442
0.8145,0.14286075
0.815,0.14201511
0.8155,0.05933251
0.816,0.03038112
0.8165,0.08879007
0.817,0.12146075
0.8175,0.17184118
0.818,0.06087886
0.8185,0.06766523
0.819,0.09657749
0.8195,0.21427557
0.82,0.32615657
0.8205,0.4681557
0.821,0.59874204
0.8215,0.52588804
0.822,0.51151559
0.8225,0.38021979
0.823,0.28772541
0.8235,0.20691035
0.824,0.11334421
0.8245,0.11074281
0.825,0.04449125
0.8255,-0.18204235
0.826,-0.21945057
0.8265,-0.34311703
0.827,-0.23911218
0.8275,-0.10521234
0.828,-0.0247555
0.8285,0.04131158
0.829,-0.01342422
0.8295,-0.12189764
0.83,-0.22049202
0.8305,-0.21470488
0.831,-0.20945705
0.8315,-0.29077395
0.832,-0.32176993
0.8325,-0.3911175
0.833,-0.50017809
0.8335,-0.52655346
0.834,-0.55561874
0.8345,-0.37011837
0.835,-0.31333083
0.8355,-0.13155119
0.836,-0.0574612
0.8365,0.1052254
0.837,0.09241872
0.8375,0.07090888
0.838,0.20390201
0.8385,0.19877421
0.839,0.29792797
0.8395,0.27493806
0.84,0.18750623
0.8405,0.09446056
0.841,0.07814808
0.8415,0.02542409
0.842,0.09306148
0.8425,0.19219647
0.843,0.36968761
0.8435,0.3642604
0.844,0.39482233
0.8445,0.3765733
0.845,0.39074706
0.8455,0.40343634
0.846,0.43479182
0.8465,0.42355167
0.847,0.2995255
0.8475,0.14824927
0.848,-0.038879
0.8485,-0.21579152
0.849,-0.29195824
0.8495,-0.26646447
0.85,-0.27198932
0.8505,-0.23301054
0.851,-0.2282827
0.8515,-0.21760463
0.852,-0.19090682
0.8525,-0.24066478
0.853,-0.14504966
0.8535,-0.05279242
0.854,-0.1365674
0.8545,-0.09948642
0.855,-0.22083267
0.8555,-0.42734012
0.856,-0.52273441
0.8565,-0.55684297
0.857,-0.51966098
0.8575,-0.4413504
0.858,-0.23591505
0.8585,-0.20452277
0.859,-0.11492704
0.8595,-0.08220823
0.86,-0.00729763
0.8605,0.14978179
0.861,0.32793674
0.8615,0.35591929
0.862,0.40174782
0.8625,0.27788081
0.863,0.23001832
0.8635,0.10627275
0.864,0.08081735
0.8645,0.14631723
0.865,0.16175825
0.8655,0.17782307
0.866,0.21867425
0.8665,0.16325452
0.867,0.16452762
0.8675,0.28610572
0.868,0.41890486
0.8685,0.44984047
0.869,0.50262945
0.8695,0.49473339
0.87,0.30294303
0.8705,0.16087972
0.871,0.03904456
0.8715,-0.02365459
0.872,-0.07744443
0.8725,-0.2645098
0.873,-0.28220845
0.8735,-0.31362462
0.874,-0.4258875
0.8745,-0.46827782
0.875,-0.38216616
0.8755,-0.24887272
0.876,-0.08635775
0.8765,-0.03821916
0.877,-0.1420448
0.8775,-0.09713607
0.878,-0.21843606
0.8785,-0.35947359
0.879,-0.34180903
0.8795,-0.29403296
0.88,-0.31538427
0.8805,-0.30891455
0.881,-0.35239228
0.8815,-0.2737353
0.882,-0.31252599
0.8825,-0.19175458
0.883,-0.04080053
0.8835,0.13726144
0.884,0.3416608
0.8845,0.34496565
0.885,0.30637122
0.8855,0.27914245
0.886,0.27190376
0.8865,0.28283408
0.887,0.34999095
0.8875,0.32143787
0.888,0.2746228
0.8885,0.20969928
0.889,0.10785897
0.8895,0.05820241
0.89,0.04219674
0.8905,0.15721544
0.891,0.36193861
0.8915,0.46422749
0.892,0.42199394
0.8925,0.2982036
0.893,0.25286966
0.8935,0.13572079
0.894,0.13442022
0.8945,0.14554874
0.895,0.0451495
0.8955,-0.08468585
0.896,-0.23906048
0.8965,-0.48846928
0.897,-0.54294092
0.8975,-0.55682581
0.898,-0.38954548
0.8985,-0.269382
0.899,-0.26767182
0.8995,-0.21766915
0.9,-0.20139609
0.9005,-0.21267077
0.901,-0.23606334
0.9015,-0.16030743
0.902,-0.05651723
0.9025,-0.04232584
0.903,-0.206885
0.9035,-0.32068001
0.904,-0.38075864
0.9045,-0.32181518
0.905,-0.29819954
0.9055,-0.19418295
0.906,-0.02490111
0.9065,0.06315881
0.907,0.05971548
0.9075,0.18519973
0.908,0.24982213
0.9085,0.37377649
0.909,0.49254325
0.9095,0.54676848
0.91,0.60676021
0.9105,0.40871603
0.911,0.24080506
0.9115,0.17571147
0.912,0.0795641
0.9125,0.02247245
0.913,0.18193
0.9135,0.17814299
0.914,0.17867277
0.9145,0.13946701
0.915,0.20643291
0.9155,0.17603109
0.916,0.19614176
0.9165,0.27054377
0.917,0.25995744
0.9175,0.18247692
0.918,0.08610059
0.9185,-0.08541931
0.919,-0.2548009
0.9195,-0.41448727
0.92,-0.39117726
0.9205,-0.39986711
0.921,-0.47270042
0.9215,-0.41991327
0.922,-0.42007431
0.9225,-0.47723332
0.923,-0.35237884
0.9235,-0.26929254
0.924,-0.09320474
0.9245,-0.07756024
0.925,-0.07433459
0.9255,-0.11340669
0.926,-0.15950641
0.9265,-0.17632777
0.927,-0.26857074
0.9275,-0.25770221
0.928,-0.1538066
0.9285,-0.15447057
0.929,-0.07244063
0.9295,-0.07658943
0.93,-0.06473834
0.9305,0.08602285
0.931,0.20597136
0.9315,0.43748781
0.932,0.52069258
0.9325,0.58593087
0.933,0.45803321
0.9335,0.41911627
0.934,0.35921976
0.9345,0.33385995
0.935,0.30186291
0.9355,0.3283184
0.936,0.25563621
0.9365,0.13156703
0.937,-0.02257598
0.9375,-0.0022106
0.938,0.02455855
0.9385,0.12528555
0.939,0.19641557
0.9395,0.23014535
0.94,0.23785116
0.9405,0.15561117
0.941,0.04225596
0.9415,-0.05996507
0.942,-0.24332919
0.9425,-0.12289586
0.943,-0.22241373
0.9435,-0.30191731
0.944,-0.46934902
0.9445,-0.5607572
0.945,-0.63528506
0.9455,-0.5539368
0.946,-0.35014063
0.9465,-0.25633528
0.947,-0.16296493
0.9475,-0.05153594
0.948,-0.11752193
0.9485,-0.13524344
0.949,-0.06726891
0.9495,-0.06719216
0.95,0.04472014
0.9505,0.0225001
0.951,-0.09859651
0.9515,-0.12343751
0.952,-0.1920603
0.9525,-0.1968072
0.953,-0.10474847
0.9535,0.00476068
0.954,0.21836186
0.9545,0.31095776
0.955,0.40687704
0.9555,0.48462098
0.956,0.43766067
0.9565,0.42581026
0.957,0.49460169
0.9575,0.51128238
0.958,0.44181044
0.9585,0.37377472
0.959,0.17524358
0.9595,0.08952358
0.96,-0.04351281
0.9605,-0.11027527
0.961,-0.02721732
0.9615,0.04894313
0.962,0.10158468
0.9625,0.06372007
0.963,0.04191328
0.9635,0.05297025
0.964,0.05083433
0.9645,0.06046587
0.965,0.00560897
0.9655,-0.01383533
0.966,-0.15592563
0.9665,-0.26773293
0.967,-0.42001792
0.9675,-0.63925987
0.968,-0.56297716
0.9685,-0.50897309
0.969,-0.4246355
0.9695,-0.36088018
0.97,-0.31323656
0.9705,-0.26180326
0.971,-0.20588899
0.9715,-0.10691087
0.972,0.01422156
0.9725,0.08953315
0.973,0.14656155
0.9735,0.1123123
0.974,-0.0597017
0.9745,-0.12380017
0.975,-0.13108605
0.9755,-0.08566826
0.976,0.0183055
0.9765,0.05137689
0.977,0.13697927
0.9775,0.09727551
0.978,0.17316878
0.9785,0.25304953
0.979,0.33577067
0.9795,0.54862688
0.98,0.54127384
0.9805,0.62852919
0.981,0.48656128
0.9815,0.42142481
0.982,0.19908533
0.9825,0.15643005
0.983,0.09354266
0.9835,0.08636154
0.984,0.08269747
0.9845,-0.02469816
0.985,-0.09160488
0.9855,-0.17063807
0.986,-0.17506013
0.9865,0.00302255
0.987,0.01532768
0.9875,0.12011268
0.988,0.07126139
0.9885,0.00117325
0.989,-0.16329834
0.9895,-0.23231672
0.99,-0.32358322
0.9905,-0.43642649
0.991,-0.46038244
0.9915,-0.3858154
0.992,-0.46802861
0.9925,-0.52853426
0.993,-0.4768237
0.9935,-0.4775012
0.994,-0.33955618
0.9945,-0.1162005
0.995,0.07057184
0.9955,0.1205457
0.996,0.10208415
0.9965,0.07541106
0.997,0.0350085
0.9975,0.04412556
0.998,0.0410555
0.9985,0.14046379
0.999,0.14508287
0.9995,0.1081039
1.0,0.04108458
1.0005,-0.02499384
1.001,0.09498542
1.0015,0.23036119
1.002,0.30175771
1.0025,0.46567599
1.003,0.53062424
1.0035,0.57694099
1.004,0.41658328
1.0045,0.38795473
1.005,0.34647314
1.0055,0.37098217
1.006,0.31370122
1.0065,0.1395069
1.007,0.04777738
1.0075,-0.13255071
1.008,-0.27889228
1.0085,-0.28192677
1.009,-0.20142919
1.0095,-0.100268
1.01,-0.05332773
1.0105,-0.03849869
1.011,-0.07854496
1.0115,-0.11038929
1.012,-0.08861406
1.0125,-0.13401258
1.013,-0.14997618
1.0135,-0.20700454
1.014,-0.26131646
1.0145,-0.40461622
1.015,-0.5377524
1.0155,-0.55857672
1.016,-0.55444744
1.0165,-0.41659299
1.017,-0.2870617
1.0175,-0.18861875
1.018,-0.06889848
1.0185,-0.09840251
1.019,0.02670908
1.0195,0.08422125
1.02,0.24025337
1.0205,0.24785193
1.021,0.36618699
1.0215,0.22292786
1.022,0.10106941
1.0225,0.09330163
1.023,-0.02241787
1.0235,0.05433521
1.024,0.18007304
1.0245,0.26087624
1.025,0.30859944
1.0255,0.30105582
1.026,0.29046713
1.0265,0.36187327
1.027,0.37276765
1.0275,0.48297231
1.028,0.49121828
1.0285,0.55945639
1.029,0.37280724
1.0295,0.13568055
1.03,-0.01990482
1.0305,-0.13336433
1.031,-0.21500472
1.0315,-0.21409948
1.032,-0.16501748
1.0325,-0.19313837
1.033,-0.20694827
1.0335,-0.25917224
1.034,-0.28761579
1.0345,-0.19426348
1.035,-0.17015581
1.0355,-0.02147436
1.036,-0.02805797
1.0365,-0.17479612
1.037,-0.22070785
1.0375,-0.3317132
1.038,-0.44301734
1.0385,-0.50423295
1.039,-0.42874288
1.0395,-0.29903725
1.04,-0.34866861
1.0405,-0.34744077
1.041,-0.34127023
1.0415,-0.24765112
1.042,-0.06388186
1.0425,0.14874816
1.043,0.28122143
1.0435,0.35301933
1.044,0.34295199
1.0445,0.31832519
1.045,0.23934725
1.0455,0.18090331
1.046,0.17975206
1.0465,0.23076883
1.047,0.24054635
1.0475,0.17881748
1.048,0.15432385
1.0485,0.11277084
1.049,0.16535898
1.0495,0.24864088
1.05,0.44689262
1.0505,0.42379082
1.051,0.52081662
1.0515,0.39467285
1.052,0.29899023
1.0525,0.20875464
1.053,0.10390909
1.0535,0.01166632
1.054,-0.06783043
1.0545,-0.05671006
1.055,-0.15461695
1.0555,-0.37213696
1.056,-0.42477998
1.0565,-0.45263302
1.057,-0.36247146
1.0575,-0.19567913
1.058,-0.11438236
1.0585,-0.0944269
1.059,-0.15105095
1.0595,-0.16897337
1.06,-0.18210103
1.0605,-0.28008694
1.061,-0.1225441
1.0615,-0.26024544
1.062,-0.25205063
1.0625,-0.36022541
1.063,-0.45665184
1.0635,-0.50618665
1.064,-0.32251896
1.0645,-0.21024544
1.065,-0.09633023
1.0655,0.11111854
1.066,0.09435675
1.0665,0.25630968
1.067,0.25368644
1.0675,0.25942541
1.068,0.32491466
1.0685,0.45458988
1.069,0.41568235
1.0695,0.36220003
1.07,0.2325641
1.0705,0.14822279
1.071,0.01345785
1.0715,0.01927617
1.072,0.13791807
1.0725,0.21637121
1.073,0.40412693
1.0735,0.40418552
1.074,0.36913818
1.0745,0.2522818
1.075,0.38853683
1.0755,0.32153374
1.076,0.3159443
1.0765,0.18642089
1.077,0.10743917
1.0775,-0.06847941
1.078,-0.25592698
1.0785,-0.38788158
1.079,-0.41988964
1.0795,-0.40067775
1.08,-0.33442813
1.0805,-0.29062109
1.081,-0.29419795
1.0815,-0.3485874
1.082,-0.39024123
1.0825,-0.23381362
1.083,-0.13928831
1.0835,-0.06203679
1.084,-0.06205409
1.0845,-0.15951981
1.085,-0.16082494
1.0855,-0.31128778
1.086,-0.33853617
1.0865,-0.39459277
1.087,-0.28142557
1.0875,-0.19818594
1.088,-0.07013611
1.0885,-0.03307381
1.089,0.01326288
1.0895,0.02396701
1.09,0.14065262
1.0905,0.39084848
1.091,0.48723573
1.0915,0.48611618
1.092,0.46909192
1.0925,0.33325386
1.093,0.31987506
1.0935,0.14912055
1.094,0.15773769
1.0945,0.23789403
1.095,0.25529303
1.0955,0.15838707
1.096,0.14713866
1.0965,0.10418827
1.097,0.12714557
1.0975,0.21315805
1.098,0.31131978
1.0985,0.34087989
1.099,0.33099345
1.0995,0.27043592
1.1,0.06706994
1.1005,-0.06656717
1.101,-0.15163482
1.1015,-0.20848345
1.102,-0.26357446
1.1025,-0.30355463
1.103,-0.32794631
1.1035,-0.44356673
1.104,-0.46449617
1.1045,-0.47046224
1.105,-0.36447976
1.1055,-0.21398426
1.106,-0.12378363
1.1065,-0.08890908
1.107,-0.04256707
1.1075,-0.07290766
1.108,-0.18742334
1.1085,-0.30420694
1.109,-0.14465629
1.1095,-0.14646593
1.11,-0.13469111
1.1105,-0.15954923
1.111,-0.19561182
1.1115,-0.19473332
1.112,-0.20048908
1.1125,-0.03589507
1.113,0.24610545
1.1135,0.34664631
1.114,0.45200652
1.1145,0.45123586
1.115,0.38927361
1.1155,0.33766177
1.116,0.35505785
1.1165,0.37891943
1.117,0.37303661
1.1175,0.29264687
1.118,0.25725524
1.1185,0.08988528
1.119,-0.04090864
1.1195,0.02299607
1.12,0.09578416
1.1205,0.18912458
1.121,0.2801415
1.1215,0.28341259
1.122,0.21970526
1.1225,0.09831768
1.123,0.02767594
1.1235,0.02905346
1.124,0.03014767
1.1245,-0.06848163
1.125,-0.18317791
1.1255,-0.32510807
1.126,-0.45336037
1.1265,-0.58447148
1.127,-0.53786156
1.1275,-0.4748571
1.128,-0.36669789
1.1285,-0.2245116
1.129,-0.2693791
1.1295,-0.19112158
1.13,-0.22258253
1.1305,-0.15892638
1.131,-0.10468382
1.1315,-0.01586627
1.132,0.02549013
1.1325,0.00641039
1.133,-0.05837568
1.1335,-0.16060744
1.134,-0.25348028
1.1345,-0.22353727
1.135,-0.06879207
1.1355,-0.00540922
1.136,0.19444857
1.1365,0.18293956
1.137,0.23001994
1.1375,0.34621485
1.138,0.42538823
1.1385,0.45726391
1.139,0.59151989
1.1395,0.6465983
1.14,0.46554524
1.1405,0.35654743
1.141,0.22880958
1.1415,0.09008793
1.142,-0.001443
1.1425,0.09052389
1.143,0.07662122
1.1435,0.13620469
1.144,0.04727091
1.1445,0.06289749
1.145,-0.01103643
1.1455,-0.02648392
1.146,0.05494978
1.1465,0.16996599
1.147,0.13937933
1.1475,0.05666536
1.148,-0.12823712
1.1485,-0.30839935
1.149,-0.47567247
1.1495,-0.46680452
1.15,-0.50301007
1.1505,-0.48740966
1.151,-0.42644997
1.1515,-0.45479536
1.152,-0.49139214
1.1525,-0.47908054
1.153,-0.23392343
1.1535,-0.18422491
1.154,0.00138243
1.1545,0.10247077
1.155,0.10177842
1.1555,-0.04197228
1.156,-0.03298486
1.1565,-0.08873127
1.157,-0.08251625
1.1575,-0.0420777
1.158,0.02667604
1.1585,-0.01127553
1.159,-0.02221742
1.1595,0.03447503
1.16,0.03687524
1.1605,0.19714483
1.161,0.39521382
1.1615,0.53253626
1.162,0.56752521
1.1625,0.54194016
1.163,0.52413168
1.1635,0.4022438
1.164,0.30432548
1.1645,0.32958703
1.165,0.18186518
1.1655,0.17415396
1.166,0.12729188
1.1665,-0.05801689
1.167,-0.14550183
1.1675,-0.08698612
1.168,-0.1115783
1.1685,0.05952465
1.169,0.06008375
1.1695,0.13619725
1.17,0.05252589
1.1705,-0.02896173
1.171,-0.0939868
1.1715,-0.25057299
1.172,-0.18164349
1.1725,-0.31352124
1.173,-0.28625859
1.1735,-0.3373216
1.174,-0.51288791
1.1745,-0.54033731
1.175,-0.5889592
1.1755,-0.42043641
1.176,-0.27477805
1.1765,-0.15808564
1.177,-0.03400537
1.1775,-0.01895729
1.178,0.01245979
1.1785,0.02035271
1.179,0.06395893
1.1795,0.1125338
1.18,0.10198132
1.1805,0.20395952
1.181,0.10436477
1.1815,-0.05320311
1.182,-0.08515735
1.1825,-0.01530715
1.183,0.09358441
1.1835,0.23037639
1.184,0.31349645
1.1845,0.37087636
1.185,0.43611032
1.1855,0.42617908
1.186,0.42610416
1.1865,0.40679496
1.187,0.5381248
1.1875,0.4668797
1.188,0.403281
1.1885,0.16799241
1.189,0.04956635
1.1895,-0.12563768
1.19,-0.19856054
1.1905,-0.2331842
1.191,-0.04919822
1.1915,-0.10730519
1.192,-0.07410506
1.1925,-0.04360606
1.193,-0.12294128
1.1935,-0.09314866
1.194,-0.01749867
1.1945,-0.02920676
1.195,-0.02363825
1.1955,-0.08352948
1.196,-0.23629485
1.1965,-0.44124317
1.197,-0.54659414
1.1975,-0.58296896
1.198,-0.46547427
1.1985,-0.39202867
1.199,-0.29666252
1.1995,-0.23983978
1.2,-0.16633235
1.2005,-0.2473252
1.201,-0.10469613
1.2015,0.08165887
1.202,0.19805558
1.2025,0.23815574
1.203,0.29443007
1.2035,0.20390571
1.204,0.05955178
1.2045,0.02898721
1.205,0.10985246
1.2055,0.0588634
1.206,0.16035168
1.2065,0.23901299
1.207,0.1968125
1.2075,0.17314434
1.208,0.26631358
1.2085,0.29554026
1.209,0.46304676
1.2095,0.53847346
1.21,0.59692246
1.2105,0.45699164
1.211,0.30932997
1.2115,0.20346498
1.212,0.13362943
1.2125,-0.02927856
1.213,-0.00286482
1.2135,-0.07227253
1.214,-0.1531562
1.2145,-0.20152817
1.215,-0.20919255
1.2155,-0.33078746
1.216,-0.27524168
1.2165,-0.12465619
1.217,-0.05443536
1.2175,-0.08118811
1.218,-0.05307844
1.2185,-0.20686448
1.219,-0.22363378
1.2195,-0.39806532
1.22,-0.35068706
1.2205,-0.38931686
1.221,-0.43189818
1.2215,-0.41321773
1.222,-0.38966637
1.2225,-0.44593283
1.223,-0.35727907
1.2235,-0.28733797
1.224,-0.06691697
1.2245,0.04484536
1.225,0.24508642
1.2255,0.23344699
1.226,0.22768018
1.2265,0.18213454
1.227,0.18812621
1.2275,0.22079409
1.228,0.20913289
1.2285,0.20947998
1.229,0.19218065
1.2295,0.21392891
1.23,-0.00521074
1.2305,0.05266168
1.231,0.1285176
1.2315,0.26041451
1.232,0.46400435
1.2325,0.45630314
1.233,0.44781705
1.2335,0.40437556
1.234,0.3407836
1.2345,0.2689438
1.235,0.22182641
1.2355,0.19491548
1.236,0.14180892
1.2365,-0.02469348
1.237,-0.19818419
1.2375,-0.38384424
1.238,-0.42640988
1.2385,-0.33497509
1.239,-0.21537891
1.2395,-0.20112613
1.24,-0.16475946
1.2405,-0.16871645
1.241,-0.20889235
1.2415,-0.19837912
1.242,-0.16774939
1.2425,-0.13944605
1.243,-0.20968503
1.2435,-0.16630291
1.244,-0.19823352
1.2445,-0.38220431
1.245,-0.44434643
1.2455,-0.49561256
1.246,-0.37357802
1.2465,-0.21324777
1.247,-0.13485376
1.2475,-0.05143244
1.248,0.0559333
1.2485,0.11631722
1.249,0.17057955
1.2495,0.25394337
1.25,0.36690395
1.2505,0.41925426
1.251,0.3966414
1.2515,0.38133437
1.252,0.17942778
1.2525,0.05257378
1.253,0.10617556
1.2535,0.17267858
1.254,0.18506247
1.2545,0.3218288
1.255,0.28018001
1.2555,0.26249294
1.256,0.2221145
1.2565,0.23708031
1.257,0.28790852
1.2575,0.3151428
1.258,0.38409625
1.2585,0.31343058
1.259,0.1168335
1.2595,-0.00336333
1.26,-0.26140823
1.2605,-0.28366254
1.261,-0.30867399
1.2615,-0.28423489
1.262,-0.30334975
1.2625,-0.37649443
1.263,-0.42965007
1.2635,-0.36870612
1.264,-0.33799845
1.2645,-0.24997062
1.265,-0.12324594
1.2655,-0.04536113
1.266,-0.06684399
1.2665,-0.22032162
1.267,-0.28167782
1.2675,-0.27530561
1.268,-0.43316873
1.2685,-0.3136388
1.269,-0.26102838
1.2695,-0.24246746
1.27,-0.19072662
1.2705,-0.15223384
1.271,-0.11705318
1.2715,0.0160511
1.272,0.12491959
1.2725,0.44466291
1.273,0.48544092
1.2735,0.4570153
1.274,0.33572526
1.2745,0.33120782
1.275,0.2718535
1.2755,0.27926105
1.276,0.32100505
1.2765,0.29638443
1.277,0.24664654
1.2775,0.16242327
1.278,0.06077656
1.2785,0.06928779
1.279,0.08944068
1.2795,0.28128263
1.28,0.27424769
1.2805,0.39181066
1.281,0.35266644
1.2815,0.2022989
1.282,0.01848486
1.2825,-0.01814358
1.283,-0.03314659
1.2835,-0.09436083
1.284,-0.1665944
1.2845,-0.25227675
1.285,-0.40081304
1.2855,-0.45993305
1.286,-0.50414206
1.2865,-0.52024646
1.287,-0.31360638
1.2875,-0.23125778
1.288,-0.20408344
1.2885,-0.10723914
1.289,-0.15417504
1.2895,-0.21949073
1.29,-0.12301954
1.2905,-0.13690504
1.291,-0.10249015
1.2915,-0.12023117
1.292,-0.21783168
1.2925,-0.26470288
1.293,-0.30596223
1.2935,-0.2966966
1.294,-0.16086392
1.2945,0.01774708
1.295,0.16521989
1.2955,0.25027531
1.296,0.32557137
1.2965,0.30274887
1.297,0.34277321
1.2975,0.37479799
1.298,0.41766759
1.2985,0.53154219
1.299,0.38842181
1.2995,0.34244443
1.3,0.12553945
1.3005,0.08716617
1.301,-0.04110536
1.3015,0.08928814
1.302,0.10898458
1.3025,0.17473508
1.303,0.25120303
1.3035,0.22868163
1.304,0.14149459
1.3045,0.12033838
1.305,0.16665519
1.3055,0.2040502
1.306,0.12368111
1.3065,0.10185013
1.307,-0.14737269
1.3075,-0.29584286
1.308,-0.45824307
1.3085,-0.51521623
1.309,-0.48342719
1.3095,-0.41505889
1.31,-0.35691188
1.3105,-0.33924314
1.311,-0.40542741
1.3115,-0.33487092
1.312,-0.20965025
1.3125,-0.19224488
1.313,-0.07345867
1.3135,0.09259144
1.314,-0.0333861
1.3145,-0.05917393
1.315,-0.13399909
1.3155,-0.1979346
1.316,-0.25117065
1.3165,-0.14941967
1.317,-0.04198782
1.3175,1.239e-05
1.318,0.04028964
1.3185,0.02554888
1.319,0.08955642
1.3195,0.28774333
1.32,0.41915172
1.3205,0.56208674
1.321,0.64329778
1.3215,0.52515627
1.322,0.44549485
1.3225,0.39719676
1.323,0.23955018
1.3235,0.19896414
1.324,0.1565028
1.3245,0.09843905
1.325,0.15346919
1.3255,0.08900553
1.326,-0.00635147
1.3265,0.00465789
1.327,0.00829636
1.3275,0.10259908
1.328,0.17546076
1.3285,0.29024547
1.329,0.12636548
1.3295,-0.02575851
1.33,-0.13182296
1.3305,-0.17321655
1.331,-0.33037342
1.3315,-0.34561234
1.332,-0.41774214
1.3325,-0.37113468
1.333,-0.47053895
1.3335,-0.51607519
1.334,-0.54429306
1.3345,-0.41008435
1.335,-0.28130225
1.3355,-0.18040122
1.336,0.0571384
1.3365,0.00281179
1.337,-0.01014277
1.3375,-0.03811555
1.338,-0.08373059
1.3385,-0.05230268
1.339,-0.04793769
1.3395,-0.01527089
1.34,-0.07498659
1.3405,-0.05196926
1.341,-0.06008292
1.3415,-0.05228666
1.342,0.02457483
1.3425,0.24652679
1.343,0.38865069
1.3435,0.42333254
1.344,0.56508679
1.3445,0.53301167
1.345,0.43261064
1.3455,0.40647754
1.346,0.38943426
1.3465,0.41211903
1.347,0.26706213
1.3475,0.25795196
1.348,0.04114174
1.3485,-0.10053558
1.349,-0.13478298
1.3495,-0.12949631
1.35,0.00752165
1.3505,0.03561572
1.351,0.05050919
1.3515,0.00985007
1.352,-0.00902433
1.3525,-0.09120877
1.353,-0.11888959
1.3535,-0.04140782
1.354,-0.11447339
1.3545,-0.22084771
1.355,-0.21783387
1.3555,-0.45001423
1.356,-0.55234352
1.3565,-0.62308167
1.357,-0.45803113
1.3575,-0.40158996
1.358,-0.2909724
1.3585,-0.17341976
1.359,-0.19634999
1.3595,-0.14804001
1.36,-0.07082866
1.3605,-0.00577618
1.361,0.08113342
1.3615,0.16260147
1.362,0.12780593
1.3625,0.12213636
1.363,-0.01648836
1.3635,-0.11499025
1.364,-0.0677
1.3645,-0.01637049
1.365,0.103883
1.3655,0.19488914
1.366,0.2907587
1.3665,0.30426363
1.367,0.25504507
1.3675,0.31843347
1.368,0.49785234
1.3685,0.47189779
1.369,0.52853292
1.3695,0.515751
1.37,0.34071097
1.3705,0.2129982
1.371,0.02197107
1.3715,-0.06699214
1.372,-0.06307743
1.3725,-0.05191349
1.373,-0.04392717
1.3735,-0.07360489
1.374,-0.09743214
1.3745,-0.13920507
1.375,-0.19834667
1.3755,-0.06465373
1.376,0.03871151
1.3765,0.089502
1.377,0.04730772
1.3775,-0.12837951
1.378,-0.28766605
1.3785,-0.40607277
1.379,-0.51540591
1.3795,-0.43870373
1.38,-0.42116464
1.3805,-0.36478086
1.381,-0.3822884
1.3815,-0.38889472
1.382,-0.32436555
1.3825,-0.27934514
1.383,-0.07597409
1.3835,0.04768569
1.384,0.14868785
1.3845,0.26695208
1.385,0.11104947
1.3855,0.11135353
1.386,0.06671147
1.3865,0.04920436
1.387,0.19641756
1.3875,0.16550148
1.388,0.15367717
1.3885,0.07875217
1.389,0.09476517
1.3895,0.18211695
1.39,0.2107797
1.3905,0.28620493
1.391,0.48407917
1.3915,0.6365177
1.392,0.54853634
1.3925,0.43744284
1.393,0.2781639
1.3935,0.17604504
1.394,0.13537418
1.3945,0.14365307
1.395,0.10006455
1.3955,-0.05138862
1.396,-0.1042662
1.3965,-0.20955675
1.397,-0.26717578
1.3975,-0.23247344
1.398,-0.23078629
1.3985,-0.07784544
1.399,-0.04398242
1.3995,-0.01010415
1.4,-0.08363976
1.4005,-0.15260724
1.401,-0.24032831
1.4015,-0.20574934
1.402,-0.20238115
1.4025,-0.26693724
1.403,-0.35703265
1.4035,-0.45568367
1.404,-0.59043322
1.4045,-0.49342929
1.405,-0.45693756
1.4055,-0.28060676
1.406,-0.06128317
1.4065,0.03901803
1.407,0.10206576
1.4075,0.11064014
1.408,0.12897739
1.4085,0.13682701
1.409,0.24171434
1.4095,0.31671366
1.41,0.33523813
1.4105,0.26480464
1.411,0.15542665
1.4115,0.08331401
1.412,0.05060837
1.4125,0.0934542
1.413,0.22903619
1.4135,0.3043953
1.414,0.36430356
1.4145,0.34499105
1.415,0.35035838
1.4155,0.42866104
1.416,0.35209858
1.4165,0.31766106
1.417,0.40920377
1.4175,0.31745215
1.418,0.14846404
1.4185,-0.00594228
1.419,-0.23377619
1.4195,-0.26882952
1.42,-0.32036103
1.4205,-0.30236349
1.421,-0.2037277
1.4215,-0.22277241
1.422,-0.22136707
1.4225,-0.22832866
1.423,-0.24931986
1.4235,-0.18308178
1.424,-0.0646367
1.4245,-0.09452198
1.425,-0.15419326
1.4255,-0.19203533
1.426,-0.35438433
1.4265,-0.45848634
1.427,-0.44636109
1.4275,-0.46759146
1.428,-0.38245859
1.4285,-0.20794591
1.429,-0.17771938
1.4295,-0.16871079
1.43,-0.06461785
1.4305,0.01904552
1.431,0.11945816
1.4315,0.32557393
1.432,0.42760805
1.4325,0.39460766
1.433,0.34499891
1.4335,0.32204776
1.434,0.16092575
1.4345,0.09847404
1.435,0.09596642
1.4355,0.22791089
1.436,0.14478099
1.4365,0.25097736
1.437,0.21052649
1.4375,0.15916268
1.438,0.18783736
1.4385,0.28602998
1.439,0.39672142
1.4395,0.46374948
1.44,0.49063434
1.4405,0.2936657
1.441,0.13487619
1.4415,0.06690665
1.442,-0.10481208
1.4425,-0.1964915
1.443,-0.24810181
1.4435,-0.27591221
1.444,-0.3230049
1.4445,-0.39663491
1.445,-0.43978441
1.4455,-0.41933477
1.446,-0.30875896
1.4465,-0.15058439
1.447,-0.03811785
1.4475,-0.02840997
1.448,-0.07864352
1.4485,-0.21228467
1.449,-0.2974476
1.4495,-0.24575521
1.45,-0.23744102
1.4505,-0.31681628
1.451,-0.35323882
1.4515,-0.33943997
1.452,-0.33302704
1.4525,-0.28654119
1.453,-0.23830824
1.4535,0.03746424
1.454,0.10927863
1.4545,0.28409707
1.455,0.36649776
1.4555,0.3853703
1.456,0.29924269
1.4565,0.35139667
1.457,0.33643984
1.4575,0.32934353
1.458,0.35480299
1.4585,0.21997272
1.459,0.2008696
1.4595,0.04202075
1.46,0.09293853
1.4605,0.05253701
1.461,0.18193719
1.4615,0.27583851
1.462,0.30135227
1.4625,0.35739346
1.463,0.25018595
1.4635,0.18068024
1.464,0.11363728
1.4645,0.13377221
1.465,0.13528734
1.4655,-0.03184273
1.466,-0.12456179
1.4665,-0.19591532
1.467,-0.4376207
1.4675,-0.50775209
1.468,-0.48811305
1.4685,-0.43289889
1.469,-0.36277381
1.4695,-0.2050038
1.47,-0.21881857
1.4705,-0.21510903
1.471,-0.24745159
1.4715,-0.08274304
1.472,-0.12009531
1.4725,-0.08920424
1.473,-0.08055952
1.4735,-0.07814348
1.474,-0.26645367
1.4745,-0.28542939
1.475,-0.36468555
1.4755,-0.2885842
1.476,-0.10647145
1.4765,-0.02636167
1.477,0.06333565
1.4775,0.17300691
1.478,0.24078586
1.4785,0.2089963
1.479,0.33888854
1.4795,0.427295
1.48,0.48827861
1.4805,0.48207947
1.481,0.39551798
1.4815,0.2827809
1.482,0.16442495
1.4825,0.12638915
1.483,0.08518917
1.4835,0.1363987
1.484,0.11111725
1.4845,0.17006408
1.485,0.17173439
1.4855,0.09694847
1.486,0.0327742
1.4865,0.21513349
1.487,0.23731828
1.4875,0.20552279
1.488,0.19435291
1.4885,0.0669427
1.489,-0.04400393
1.4895,-0.33880897
1.49,-0.3446915
1.4905,-0.32060917
1.491,-0.31455666
1.4915,-0.3954664
1.492,-0.37587432
1.4925,-0.39202531
1.493,-0.4622717
1.4935,-0.37420477
1.494,-0.2936018
1.4945,-0.10767852
1.495,-0.02412765
1.4955,-0.02530829
1.496,0.03043888
1.4965,-0.09059756
1.497,-0.11037022
1.4975,-0.21950254
1.498,-0.13813516
1.4985,-0.12618999
1.499,-0.08178239
1.4995,-0.11262944
1.5,-0.12321226
1.5005,-0.03306928
1.501,0.11612621
1.5015,0.1818322
1.502,0.36579786
1.5025,0.46779609
1.503,0.50377938
1.5035,0.53287816
1.504,0.45128383
1.5045,0.36448245
1.505,0.24769561
1.5055,0.22560461
1.506,0.17642933
1.5065,0.18053456
1.507,0.09241666
1.5075,0.00609512
1.508,-0.03524444
1.5085,-0.0275168
1.509,0.07478769
1.5095,0.16857696
1.51,0.19728636
1.5105,0.23351784
1.511,0.16122605
1.5115,-0.04566198
1.512,-0.05891517
1.5125,-0.19412544
1.513,-0.21887302
1.5135,-0.24239026
1.514,-0.33092263
1.5145,-0.37275539
1.515,-0.49669476
1.5155,-0.61984451
1.516,-0.5536891
1.5165,-0.40749206
1.517,-0.27811727
1.5175,-0.17754975
1.518,-0.01690748
1.5185,-0.07831061
1.519,-0.10355173
1.5195,-0.03853519
1.52,0.04111838
1.5205,0.01344625
1.521,0.01453284
1.5215,-0.01810842
1.522,-0.11464085
1.5225,-0.1652507
1.523,-0.12547631
1.5235,-0.16147228
1.524,0.04235471
1.5245,0.22872993
1.525,0.28257849
1.5255,0.35021381
1.526,0.33272026
1.5265,0.2912022
1.527,0.42574901
1.5275,0.54132834
1.528,0.49133223
1.5285,0.4879994
1.529,0.36776509
1.5295,0.23481338
1.53,0.05152156
1.5305,-0.06123279
1.531,-0.02626491
1.5315,-0.05288358
1.532,-0.06866112
1.5325,0.0741609
1.533,-0.00120059
1.5335,-0.02403109
1.534,-0.03793388
1.5345,-0.02783919
1.535,-0.01461281
1.5355,0.01956933
1.536,-0.01274909
1.5365,-0.19131688
1.537,-0.29870209
1.5375,-0.45705902
1.538,-0.55636574
1.5385,-0.49029503
1.539,-0.49180068
1.5395,-0.399943
1.54,-0.32991907
1.5405,-0.3220017
1.541,-0.24292656
1.5415,-0.2337232
1.542,-0.09427564
1.5425,-0.07958806
1.543,0.11401195
1.5435,0.18654373
1.544,0.11544156
1.5445,0.0170415
1.545,-0.02421733
1.5455,-0.06499729
1.546,-0.03248313
1.5465,-0.00111019
1.547,0.07384379
1.5475,0.17868694
1.548,0.1385392
1.5485,0.1777283
1.549,0.27681627
1.5495,0.33521719
1.55,0.39167993
1.5505,0.54548578
1.551,0.58366058
1.5515,0.50730442
1.552,0.34035504
1.5525,0.22869432
1.553,0.08723398
1.5535,0.12318116
1.554,0.02605762
1.5545,0.02851255
1.555,-0.03168747
1.5555,-0.1172082
1.556,-0.15383732
1.5565,-0.17870245
1.557,-0.08539482
1.5575,0.00095759
1.558,0.05669574
1.5585,0.0439978
1.559,-0.08391071
1.5595,-0.16800939
1.56,-0.25866393
1.5605,-0.34778193
1.561,-0.35343167
1.5615,-0.32945907
1.562,-0.42263972
1.5625,-0.40399906
1.563,-0.46311362
1.5635,-0.4928413
1.564,-0.4595642
1.5645,-0.2611704
1.565,-0.08433847
1.5655,0.05462461
1.566,0.15546059
1.5665,0.17833403
1.567,0.13952495
1.5675,0.03994056
1.568,0.07863491
1.5685,0.08301815
1.569,0.16474348
1.5695,0.11763727
1.57,0.12420842
1.5705,0.04144628
1.571,-0.05675277
1.5715,0.03694511
1.572,0.18796273
1.5725,0.39142992
1.573,0.45593264
1.5735,0.53464998
1.574,0.48552096
1.5745,0.41277012
1.575,0.33634469
1.5755,0.32785127
1.576,0.3401126
1.5765,0.24907883
1.577,0.20841926
1.5775,-0.03508813
1.578,-0.13520266
1.5785,-0.26387026
1.579,-0.23497268
1.5795,-0.2329073
1.58,-0.15066161
1.5805,-0.05080334
1.581,0.01523228
1.5815,-0.09640872
1.582,-0.08039891
1.5825,-0.1938977
1.583,-0.17386854
1.5835,-0.15438517
1.584,-0.15132988
1.5845,-0.20115436
1.585,-0.28074975
1.5855,-0.43582585
1.586,-0.52483852
1.5865,-0.53508967
1.587,-0.4342148
1.5875,-0.31650735
1.588,-0.1686591
1.5885,-0.06341468
1.589,-0.05982282
1.5895,0.00619915
1.59,0.09543123
1.5905,0.1843171
1.591,0.32320548
1.5915,0.34083004
1.592,0.32751565
1.5925,0.16899316
1.593,0.03683666
1.5935,0.04670037
1.594,0.0436852
1.5945,0.13330578
1.595,0.21925876
1.5955,0.257175
1.596,0.31871644
1.5965,0.2876418
1.597,0.27173967
1.5975,0.32295591
1.598,0.37672705
1.5985,0.43931084
1.599,0.38522075
1.5995,0.31042965
1.6,0.15982269
1.6005,-0.04458812
1.601,-0.06949904
1.6015,-0.22923463
1.602,-0.21683261
1.6025,-0.11328656
1.603,-0.25327067
1.6035,-0.26578777
1.604,-0.30735207
1.6045,-0.23598862
1.605,-0.18802949
1.6055,-0.15672241
1.606,0.02630386
1.6065,-0.06609943
1.607,-0.11742104
1.6075,-0.28223108
1.608,-0.33958013
1.6085,-0.43432382
1.609,-0.45993816
1.6095,-0.39618413
1.61,-0.30882185
1.6105,-0.26483416
1.611,-0.22934898
1.6115,-0.23175741
1.612,-0.21775508
1.6125,-0.07817475
1.613,0.14935125
1.6135,0.26541212
1.614,0.42169027
1.6145,0.34776692
1.615,0.34865682
1.6155,0.23228609
1.616,0.18947976
1.6165,0.19227958
1.617,0.16058804
1.6175,0.20193857
1.618,0.16274535
1.6185,0.15457188
1.619,0.12048057
1.6195,0.13417808
1.62,0.24319972
1.6205,0.36942614
1.621,0.50425414
1.6215,0.49331892
1.622,0.40043199
1.6225,0.28786025
1.623,0.18326046
1.6235,0.11797315
1.624,0.0273747
1.6245,0.03399882
1.625,-0.12097445
1.6255,-0.18829655
1.626,-0.3338294
1.6265,-0.38380078
1.627,-0.43336956
1.6275,-0.35335019
1.628,-0.28874362
1.6285,-0.13306345
1.629,-0.13825354
1.6295,-0.15255014
1.63,-0.17675645
1.6305,-0.24140154
1.631,-0.248055
1.6315,-0.20005576
1.632,-0.19063022
1.6325,-0.16723918
1.633,-0.29197199
1.6335,-0.39154835
1.634,-0.35483102
1.6345,-0.34654823
1.635,-0.20665833
1.6355,-0.08414968
1.636,0.07727702
1.6365,0.20336348
1.637,0.2323143
1.6375,0.2720818
1.638,0.3062075
1.6385,0.30964469
1.639,0.40419739
1.6395,0.41911232
1.64,0.42117357
1.6405,0.28899853
1.641,0.16207872
1.6415,0.07756344
1.642,0.02065589
1.6425,0.0944752
1.643,0.2304003
1.6435,0.27682388
1.644,0.25363356
1.6445,0.26413249
1.645,0.22670126
1.6455,0.22622649
1.646,0.21523302
1.6465,0.26097324
1.647,0.20940447
1.6475,0.09564097
1.648,-0.0792231
1.6485,-0.3121295
1.649,-0.35956031
1.6495,-0.46956923
1.65,-0.3531018
1.6505,-0.34322112
1.651,-0.27231314
1.6515,-0.29924268
1.652,-0.32814442
1.6525,-0.24510265
1.653,-0.21188247
1.6535,-0.14212605
1.654,-0.06093275
1.6545,-0.1178413
1.655,-0.09592908
1.6555,-0.13211042
1.656,-0.26953303
1.6565,-0.30309159
1.657,-0.32339464
1.6575,-0.25015018
1.658,-0.19312219
1.6585,-0.03990615
1.659,0.00625005
1.6595,0.01835409
1.66,0.09669958
1.6605,0.1841216
1.661,0.32384358
1.6615,0.45896236
1.662,0.4698314
1.6625,0.47440359
1.663,0.40009928
1.6635,0.2837154
1.664,0.15235938
1.6645,0.18574244
1.665,0.14786797
1.6655,0.17726758
1.666,0.12660525
1.6665,0.14676443
1.667,0.08032335
1.6675,0.16928326
1.668,0.08628509
1.6685,0.22908532
1.669,0.30118337
1.6695,0.35246449
1.67,0.23651596
1.6705,0.11995914
1.671,-0.12533186
1.6715,-0.16588021
1.672,-0.22002414
1.6725,-0.24234365
1.673,-0.28755229
1.6735,-0.31644026
1.674,-0.48742114
1.6745,-0.42725884
1.675,-0.51424114
1.6755,-0.38839783
1.676,-0.20935847
1.6765,-0.11850922
1.677,-0.03504697
1.6775,0.00499816
1.678,-0.09988687
1.6785,-0.21139851
1.679,-0.15741316
1.6795,-0.12022309
1.68,-0.10557216
1.6805,-0.08108793
1.681,-0.12341744
1.6815,-0.15230176
1.682,-0.15789119
1.6825,-0.1201493
1.683,-0.06192458
1.6835,0.20668637
1.684,0.34257272
1.6845,0.45238373
1.685,0.43125753
1.6855,0.38923944
1.686,0.37397566
1.6865,0.4016957
1.687,0.36116978
1.6875,0.35984947
1.688,0.3177579
1.6885,0.22264424
1.689,0.08374702
1.6895,0.00501315
1.69,-0.0085019
1.6905,-0.02335269
1.691,0.05313358
1.6915,0.18544933
1.692,0.20758888
1.6925,0.14889238
1.693,0.05786943
1.6935,0.03295957
1.694,0.01458416
1.6945,-0.07051884
1.695,-0.0550021
1.6955,-0.1347701
1.696,-0.28348368
1.6965,-0.41118682
1.697,-0.53936738
1.6975,-0.52251602
1.698,-0.50234853
1.6985,-0.37511724
1.699,-0.27226453
1.6995,-0.23647305
1.7,-0.23938034
1.7005,-0.20825238
1.701,-0.18249947
1.7015,-0.05539309
1.702,-0.05955496
1.7025,0.02538371
1.703,0.00846711
1.7035,-0.05493406
1.704,-0.15742105
1.7045,-0.23881837
1.705,-0.17336828
1.7055,-0.05530759
1.706,0.06588388
1.7065,0.2117644
1.707,0.17078857
1.7075,0.23696596
1.708,0.30177603
1.7085,0.33670638
1.709,0.38792666
1.7095,0.47900769
1.71,0.56867997
1.7105,0.54343256
1.711,0.3915098
1.7115,0.20873529
1.712,0.04360697
1.7125,0.05953531
1.713,0.02024035
1.7135,0.09351074
1.714,0.07800571
1.7145,0.00789729
1.715,-0.0238728
1.7155,-0.00637142
1.716,-0.03569566
1.7165,0.01037359
1.717,0.10555504
1.7175,0.05351029
1.718,-0.02545212
1.7185,-0.11421896
1.719,-0.33355235
1.7195,-0.38013682
1.72,-0.46307623
1.7205,-0.45830266
1.721,-0.46796667
1.7215,-0.42842291
1.722,-0.37838915
1.7225,-0.35351048
1.723,-0.36673984
1.7235,-0.20680294
1.724,-0.11036566
1.7245,-0.03113771
1.725,0.13799787
1.7255,0.12907505
1.726,0.12544775
1.7265,-0.01903363
1.727,-0.09134295
1.7275,-0.01841245
1.728,-0.00090131
1.7285,0.00269283
1.729,0.06783426
1.7295,0.01091065
1.73,0.07317057
1.7305,0.0642583
1.731,0.20085027
1.7315,0.398931
1.732,0.46548284
1.7325,0.54189505
1.733,0.56934364
1.7335,0.41926102
1.734,0.36164792
1.7345,0.20358887
1.735,0.24747848
1.7355,0.21929126
1.736,0.15809528
1.7365,0.10603209
1.737,0.02032496
1.7375,-0.12870898
1.738,-0.14134979
1.7385,-0.1764316
1.739,-0.08859098
1.7395,-0.035991
1.74,0.06254206
1.7405,0.06104959
1.741,-0.03248146
1.7415,-0.09851272
1.742,-0.19268242
1.7425,-0.25701654
1.743,-0.23838071
1.7435,-0.29082902
1.744,-0.42022146
1.7445,-0.47367337
1.745,-0.55337622
1.7455,-0.51167066
1.746,-0.51819521
1.7465,-0.31504016
1.747,-0.19154109
1.7475,-0.01622397
1.748,0.0100113
1.7485,0.00494756
1.749,0.0477779
1.7495,0.08320631
1.75,0.15119161
1.7505,0.13351555
1.751,0.16799573
1.7515,0.0646395
1.752,0.01639053
1.7525,0.00081431
1.753,-0.08553266
1.7535,0.10443564
1.754,0.21033348
1.7545,0.30436817
1.755,0.4154036
1.7555,0.42320982
1.756,0.3358423
1.7565,0.37569256
1.757,0.4119756
1.7575,0.4604394
1.758,0.42726821
1.7585,0.36575913
1.759,0.20813748
1.7595,-0.08499565
1.76,-0.12004447
1.7605,-0.1619518
1.761,-0.13788807
1.7615,-0.13000119
1.762,-0.06737257
1.7625,-0.12371453
1.763,-0.11973479
1.7635,-0.12586161
1.764,-0.16906009
1.7645,-0.1276688
1.765,-0.11707152
1.7655,-0.09843094
1.766,-0.08467973
1.7665,-0.21689162
1.767,-0.39851069
1.7675,-0.4241324
1.768,-0.60036023
1.7685,-0.51927064
1.769,-0.42741926
1.7695,-0.28326046
1.77,-0.19290143
1.7705,-0.24680923
1.771,-0.12643396
1.7715,-0.0725845
1.772,0.00116279
1.7725,0.19437754
1.773,0.30863799
1.7735,0.31762528
1.774,0.24490815
1.7745,0.08625897
1.775,0.03710149
1.7755,0.04553817
1.776,0.08440436
1.7765,0.23816122
1.777,0.17245272
1.7775,0.22174951
1.778,0.20648448
1.7785,0.15420629
1.779,0.19271757
1.7795,0.31140757
1.78,0.43875124
1.7805,0.57543237
1.781,0.53536637
1.7815,0.35826966
1.782,0.12030933
1.7825,0.0653645
1.783,-0.00994181
1.7835,-0.07221449
1.784,-0.05145436
1.7845,-0.0991833
1.785,-0.21630424
1.7855,-0.33583176
1.786,-0.31978934
1.7865,-0.25627488
1.787,-0.13800858
1.7875,-0.07637685
1.788,0.03556641
1.7885,0.00093944
1.789,-0.15277862
1.7895,-0.2125874
1.79,-0.27243509
1.7905,-0.34002403
1.791,-0.33827588
1.7915,-0.29181809
1.792,-0.35370472
1.7925,-0.31920362
1.793,-0.36204725
1.7935,-0.3610561
1.794,-0.19081307
1.7945,-0.05644087
1.795,0.03956426
1.7955,0.2352833
1.796,0.2409995
1.7965,0.33586546
1.797,0.25678594
1.7975,0.25122658
1.798,0.2117575
1.7985,0.19467156
1.799,0.23346387
1.7995,0.23897705
1.8,0.13094145
1.8005,0.00675331
1.801,0.06385401
1.8015,0.09674297
1.802,0.16080767
1.8025,0.35314968
1.803,0.3807449
1.8035,0.44621442
1.804,0.36395444
1.8045,0.32989858
1.805,0.21483207
1.8055,0.21805049
1.806,0.20850101
1.8065,0.07479243
1.807,-0.0408557
1.8075,-0.19077876
1.808,-0.30869546
1.8085,-0.37832954
1.809,-0.34856302
1.8095,-0.30160047
1.81,-0.22993842
1.8105,-0.16490278
1.811,-0.14048075
1.8115,-0.14765028
1.812,-0.23788468
1.8125,-0.27540933
1.813,-0.15813132
1.8135,-0.09850766
1.814,-0.10946843
1.8145,-0.23795814
1.815,-0.3001917
1.8155,-0.45091539
1.816,-0.38588486
1.8165,-0.26830767
1.817,-0.23734361
1.8175,-0.11308128
1.818,0.00779136
1.8185,0.07147809
1.819,0.091426
1.8195,0.22791144
1.82,0.31406817
1.8205,0.39350819
1.821,0.44065137
1.8215,0.36152509
1.822,0.30755036
1.8225,0.15937738
1.823,0.11521073
1.8235,0.06156094
1.824,0.11641394
1.8245,0.17353661
1.825,0.17928384
1.8255,0.23142584
1.826,0.24033871
1.8265,0.19764223
1.827,0.18660847
1.8275,0.26140535
1.828,0.32312758
1.8285,0.37552615
1.829,0.22280141
1.8295,0.10428245
1.83,-0.03893408
1.8305,-0.18323974
1.831,-0.29650924
1.8315,-0.38463455
1.832,-0.31937965
1.8325,-0.27992918
1.833,-0.34590611
1.8335,-0.39693383
1.834,-0.39207996
1.8345,-0.25417131
1.835,-0.16190786
1.8355,-0.13339034
1.836,-0.08473439
1.8365,0.00206129
1.837,-0.06253544
1.8375,-0.24002898
1.838,-0.33841044
1.8385,-0.2678871
1.839,-0.23692324
1.8395,-0.20638928
1.84,-0.1185136
1.8405,-0.14357838
1.841,-0.09802756
1.8415,-0.16553316
1.842,0.00391806
1.8425,0.15303504
1.843,0.34241155
1.8435,0.44386647
1.844,0.46662881
1.8445,0.44470792
1.845,0.40147658
1.8455,0.27494365
1.846,0.24862728
1.8465,0.31709174
1.847,0.22338421
1.8475,0.17702729
1.848,0.11539156
1.8485,0.03333016
1.849,0.06594738
1.8495,0.04302593
1.85,0.17801887
1.8505,0.29922989
1.851,0.33095852
1.8515,0.32962355
1.852,0.18275064
1.8525,0.11844474
1.853,0.0644286
1.8535,-0.1331661
1.854,-0.13115991
1.8545,-0.13415215
1.855,-0.20935988
1.8555,-0.4030245
1.856,-0.46447553
1.8565,-0.47437977
1.857,-0.50384115
1.8575,-0.39112617
1.858,-0.2222924
1.8585,-0.18097595
1.859,-0.11708675
1.8595,-0.14831454
1.86,-0.17035629
1.8605,-0.14399931
1.861,-0.14250898
1.8615,-0.03312971
1.862,-0.09503977
1.8625,-0.19276767
1.863,-0.14871903
1.8635,-0.22954025
1.864,-0.25086776
1.8645,-0.18726532
1.865,-0.0709199
1.8655,0.11827758
1.866,0.29361467
1.8665,0.28080287
1.867,0.39886564
1.8675,0.32214681
1.868,0.40265965
1.8685,0.4579324
1.869,0.43945183
1.8695,0.44333518
1.87,0.33636057
1.8705,0.21347364
1.871,0.06500137
1.8715,0.05781117
1.872,0.07457252
1.8725,0.04349881
1.873,0.15422573
1.8735,0.13984945
1.874,0.1298436
1.8745,0.1502227
1.875,0.14181574
1.8755,0.07444438
1.876,0.11828017
1.8765,0.07563741
1.877,-0.03211988
1.8775,-0.10821034
1.878,-0.32384002
1.8785,-0.33786253
1.879,-0.4995808
1.8795,-0.43663722
1.88,-0.46168533
1.8805,-0.40288403
1.881,-0.34616593
1.8815,-0.30574502
1.882,-0.31737529
1.8825,-0.2398164
1.883,-0.17697206
1.8835,-0.06168078
1.884,0.02299032
1.8845,0.01666117
1.885,-0.02519766
1.8855,-0.13096186
1.886,-0.23637106
1.8865,-0.25291549
1.887,-0.12881727
1.8875,-0.0784989
1.888,-0.02238725
1.8885,0.06267219
1.889,0.07658651
1.8895,0.1135368
1.89,0.24833308
1.8905,0.35079845
1.891,0.45947533
1.8915,0.56237472
1.892,0.55920722
1.8925,0.50711975
1.893,0.29205046
1.8935,0.21289053
1.894,0.21123929
1.8945,0.16826184
1.895,0.14152015
1.8955,0.04145732
1.896,-0.01451211
1.8965,0.01296826
1.897,0.00277221
1.8975,-0.01768057
1.898,0.0707459
1.8985,0.102302
1.899,0.1113304
1.8995,0.20581024
1.9,0.06494696
1.9005,-0.15508446
1.901,-0.26581877
1.9015,-0.31608531
1.902,-0.35314245
1.9025,-0.40319155
1.903,-0.38287759
1.9035,-0.44887261
1.904,-0.51492942
1.9045,-0.48967971
1.905,-0.44571619
1.9055,-0.29756347
1.906,-0.08071119
1.9065,-0.0239597
1.907,0.12671493
1.9075,0.0178822
1.908,-0.0211034
1.9085,0.02153723
1.909,-0.02018295
1.9095,0.01450502
1.91,0.0805416
1.9105,0.01181338
1.911,0.01342673
1.9115,-0.07195857
1.912,-0.08859768
1.9125,0.07320719
1.913,0.22566038
1.9135,0.30362127
1.914,0.39967544
1.9145,0.46955205
1.915,0.46207469
1.9155,0.42308196
1.916,0.35001899
1.9165,0.35948802
1.917,0.34609707
1.9175,0.28642621
1.918,0.2251479
1.9185,0.05709107
1.919,-0.03284234
1.9195,-0.142157
1.92,-0.16499879
1.9205,-0.08933896
1.921,0.02309745
1.9215,0.01740129
1.922,0.0479328
1.9225,-0.02075193
1.923,-0.05069021
1.9235,-0.14704805
1.924,-0.10877351
1.9245,-0.11590742
1.925,-0.17641551
1.9255,-0.24857642
1.926,-0.38880613
1.9265,-0.51897119
1.927,-0.55682684
1.9275,-0.52679635
1.928,-0.38093291
1.9285,-0.28042757
1.929,-0.22149468
1.9295,-0.1793129
1.93,-0.15882945
1.9305,-0.04834133
1.931,-0.0028245
1.9315,0.08170484
1.932,0.21317274
1.9325,0.17578599
1.933,0.15587253
1.9335,0.05286382
1.934,-0.02886482
1.9345,-0.10185263
1.935,-0.04783329
1.9355,0.09277424
1.936,0.2152704
1.9365,0.25803149
1.937,0.27021393
1.9375,0.28561208
1.938,0.32776734
1.9385,0.42990128
1.939,0.48535119
1.9395,0.54744443
1.94,0.49799173
1.9405,0.34989896
1.941,0.23042238
1.9415,0.00845076
1.942,-0.08040666
1.9425,-0.10430544
1.943,-0.11683464
1.9435,-0.09918111
1.944,-0.08823132
1.9445,-0.0998283
1.945,-0.17712777
1.9455,-0.16405868
1.946,-0.12561986
1.9465,-0.07485397
1.947,-0.01513909
1.9475,-0.02451332
1.948,-0.14149241
1.9485,-0.20289623
1.949,-0.38150818
1.9495,-0.38930782
1.95,-0.41730522
1.9505,-0.44742805
1.951,-0.37831957
1.9515,-0.34283913
1.952,-0.26048747
1.9525,-0.30601409
1.953,-0.27959988
1.9535,-0.1356004
1.954,0.05697603
1.9545,0.21208532
1.955,0.30270347
1.9555,0.22622274
1.956,0.15830568
1.9565,0.0609217
1.957,0.05825059
1.9575,0.19880762
1.958,0.12184174
1.9585,0.21395532
1.959,0.08885573
1.9595,0.0857839
1.96,0.06957841
1.9605,0.21076061
1.961,0.2936827
1.9615,0.40865382
1.962,0.52382944
1.9625,0.4773986
1.963,0.43589115
1.9635,0.33207311
1.964,0.29004688
1.9645,0.10701244
1.965,0.14995626
1.9655,0.03578542
1.966,0.00452423
1.9665,-0.10032939
1.967,-0.18091459
1.9675,-0.34248205
1.968,-0.32828162
1.9685,-0.20291755
1.969,-0.14920175
1.9695,-0.06733356
1.97,-0.11687521
1.9705,-0.07937797
1.971,-0.07412658
1.9715,-0.23628899
1.972,-0.18409815
1.9725,-0.24422298
1.973,-0.27930984
1.9735,-0.22456501
1.974,-0.35448566
1.9745,-0.50811544
1.975,-0.46607092
1.9755,-0.33683897
1.976,-0.20985221
1.9765,-0.09892315
1.977,0.10530404
1.9775,0.20749019
1.978,0.1641762
1.9785,0.1920885
1.979,0.19999294
1.9795,0.18361081
1.98,0.32397344
1.9805,0.29946681
1.981,0.23497156
1.9815,0.11597981
1.982,0.15570874
1.9825,0.05434178
1.983,0.06000605
1.9835,0.24281721
1.984,0.24294643
1.9845,0.39298278
1.985,0.33542256
1.9855,0.34210618
1.986,0.35755137
1.9865,0.32499417
1.987,0.30964734
1.9875,0.32091611
1.988,0.22610681
1.9885,0.14129015
1.989,0.00275993
1.9895,-0.18570229
1.99,-0.26014911
1.9905,-0.28599704
1.991,-0.27569154
1.9915,-0.26425609
1.992,-0.20000288
1.9925,-0.21985697
1.993,-0.29298255
1.9935,-0.21235319
1.994,-0.18577648
1.9945,-0.10597357
1.995,-0.08139249
1.9955,-0.06016265
1.996,-0.16871281
1.9965,-0.26714818
1.997,-0.30743142
1.9975,-0.39383387
1.998,-0.36695316
1.9985,-0.27492961
1.999,-0.22395429
1.9995,-0.21999495
2.0,-0.08623697
2.0005,-0.09870659
2.001,0.05756469
2.0015,0.20174283
2.002,0.25981263
2.0025,0.34177169
2.003,0.47479933
2.0035,0.37088932
2.004,0.28357043
2.0045,0.25262245
2.005,0.15730721
2.0055,0.09130602
2.006,0.12735666
2.0065,0.22545211
2.007,0.18468788
2.0075,0.1160822
2.008,0.12567677
2.0085,0.13844704
2.009,0.29859989
2.0095,0.35082593
2.01,0.38818466
2.0105,0.36330426
2.011,0.27457416
2.0115,0.16273776
2.012,-0.00139295
2.0125,-0.09012737
2.013,-0.11956424
2.0135,-0.21527864
2.014,-0.21884153
2.0145,-0.32100186
2.015,-0.41762152
2.0155,-0.4173902
2.016,-0.398395
2.0165,-0.31585859
2.017,-0.18554303
2.0175,-0.07598745
2.018,-0.05790386
2.0185,-0.10247337
2.019,-0.09168357
2.0195,-0.20196902
2.02,-0.24481316
2.0205,-0.21726843
2.021,-0.1978024
2.0215,-0.2270048
2.022,-0.29675834
2.0225,-0.25898733
2.023,-0.25459692
2.0235,-0.14293588
2.024,-0.0230955
2.0245,0.16806126
2.025,0.30128754
2.0255,0.34104615
2.026,0.46048213
2.0265,0.37024362
2.027,0.28688631
2.0275,0.37427931
2.028,0.35154622
2.0285,0.32518729
2.029,0.29634671
2.0295,0.20600721
2.03,0.11032862
2.0305,0.02611099
2.031,0.04585207
2.0315,0.14298601
2.032,0.27571087
2.0325,0.27990178
2.033,0.33255428
2.0335,0.31086492
2.034,0.20319281
2.0345,0.11848766
2.035,0.07821178
2.0355,0.1177941
2.036,-0.04821739
2.0365,-0.06561123
2.037,-0.24789495
2.0375,-0.43393172
2.038,-0.45942589
2.0385,-0.49221234
2.039,-0.41720385
2.0395,-0.33851239
2.04,-0.23460008
2.0405,-0.18365787
2.041,-0.19381744
2.0415,-0.20010694
2.042,-0.13361965
2.0425,-0.11354506
2.043,-0.02199612
2.0435,-0.08819126
2.044,-0.11783844
2.0445,-0.12834499
2.045,-0.26041011
2.0455,-0.34004936
2.046,-0.23475191
2.0465,-0.1295811
2.047,-0.0035442
2.0475,0.06469103
2.048,0.16127753
2.0485,0.21431842
2.049,0.20749952
2.0495,0.29542999
2.05,0.38505859
2.0505,0.52623671
2.051,0.51922419
2.0515,0.46500548
2.052,0.35201706
2.0525,0.16782782
2.053,0.13445031
2.0535,0.08104174
2.054,0.13318065
2.0545,0.14579286
2.055,0.1516942
2.0555,0.14146419
2.056,0.08114642
2.0565,0.0458237
2.057,0.14390853
2.0575,0.17291751
2.058,0.22708638
2.0585,0.18650252
2.059,0.0767427
2.0595,-0.06390133
2.06,-0.22750986
2.0605,-0.33573838
2.061,-0.46014316
2.0615,-0.42034846
2.062,-0.41231943
2.0625,-0.43535486
2.063,-0.39339845
2.0635,-0.36608126
2.064,-0.30399871
2.0645,-0.27264843
2.065,-0.08925007
2.0655,-0.0012952
2.066,0.07588023
2.0665,0.01131639
2.067,-0.06120233
2.0675,-0.08083141
2.068,-0.11266031
2.0685,-0.18888862
2.069,-0.14125629
2.0695,-0.03713879
2.07,-0.06139
2.0705,0.03372084
2.071,-0.01408316
2.0715,0.08381688
2.072,0.18323028
2.0725,0.33042885
2.073,0.42318912
2.0735,0.55235408
2.074,0.45756334
2.0745,0.36151527
2.075,0.28085722
2.0755,0.31039494
2.076,0.24513104
2.0765,0.21715021
2.077,0.18215149
2.0775,0.10789419
2.078,-0.03872149
2.0785,-0.06767741
2.079,-0.1348788
2.0795,0.00076812
2.08,0.07137978
2.0805,0.17870052
2.081,0.18566668
2.0815,0.09545476
2.082,0.01811629
2.0825,-0.06281742
2.083,-0.18108915
2.0835,-0.17095655
2.084,-0.22092723
2.0845,-0.24723455
2.085,-0.33955912
2.0855,-0.5345679
2.086,-0.45936107
2.0865,-0.51525609
2.087,-0.42532785
2.0875,-0.29191623
2.088,-0.10668564
2.0885,-0.08215171
2.089,-0.08365683
2.0895,-0.0303611
2.09,-0.07039011
2.0905,-0.02949169
2.091,0.03785015
2.0915,0.02982436
2.092,0.07015736
2.0925,-0.02243965
2.093,-0.06809771
2.0935,-0.16205948
2.094,-0.07142482
2.0945,0.01399258
2.095,0.18261771
2.0955,0.2540337
2.096,0.33903761
2.0965,0.45171009
2.097,0.37765286
2.0975,0.45088791
2.098,0.44123419
2.0985,0.47003595
2.099,0.47487051
2.0995,0.3356751
2.1,0.11576729
2.1005,0.02202155
2.101,-0.06080583
2.1015,-0.12514898
2.102,-0.11319347
2.1025,-0.07152304
2.103,0.0417135
2.1035,0.05931957
2.104,-0.04667792
2.1045,-0.01598947
2.105,-0.10170064
2.1055,-0.0600503
2.106,-0.02164291
2.1065,-0.01633329
2.107,-0.17159236
2.1075,-0.24305761
2.108,-0.37841606
2.1085,-0.52392934
2.109,-0.54392825
2.1095,-0.42224424
2.11,-0.36509638
2.1105,-0.3682669
2.111,-0.24178493
2.1115,-0.27364864
2.112,-0.25541218
2.1125,-0.10962432
2.113,0.01282297
2.1135,0.11526312
2.114,0.19159611
2.1145,0.14729246
2.115,0.04815592
2.1155,0.00614825
2.116,-0.00777507
2.1165,-0.0425512
2.117,0.0569638
2.1175,0.09476093
2.118,0.15369978
2.1185,0.14251551
2.119,0.20037187
2.1195,0.22855674
2.12,0.2777296
2.1205,0.40186865
2.121,0.51346032
2.1215,0.52195785
2.122,0.48483559
2.1225,0.37296979
2.123,0.23107745
2.1235,0.05970126
2.124,0.05411789
2.1245,0.00014762
2.125,-0.06226022
2.1255,-0.09572786
2.126,-0.16896299
2.1265,-0.15568206
2.127,-0.16099838
2.1275,-0.14067479
2.128,-0.05038879
2.1285,-0.00907895
2.129,0.01835262
2.1295,0.01145299
2.13,-0.11742196
2.1305,-0.31517272
2.131,-0.31168968
2.1315,-0.34632695
2.132,-0.29136253
2.1325,-0.35119124
2.133,-0.39827519
2.1335,-0.43544814
2.134,-0.41501889
2.1345,-0.43172032
2.135,-0.39534523
2.1355,-0.12960928
2.136,0.05489729
2.1365,0.13535347
2.137,0.1573898
2.1375,0.1388585
2.138,0.17769648
2.1385,0.09436083
2.139,0.10995965
2.1395,0.12015785
2.14,0.16871155
2.1405,0.11627206
2.141,0.13217112
2.1415,0.05947067
2.142,-0.01142791
2.1425,0.12676238
2.143,0.3655084
2.1435,0.4156644
2.144,0.40472512
2.1445,0.4332483
2.145,0.40888038
2.1455,0.31442063
2.146,0.26528855
2.1465,0.26425786
2.147,0.20601586
2.1475,0.18791903
2.148,0.00577203
2.1485,-0.17110646
2.149,-0.23076868
2.1495,-0.23303887
2.15,-0.2486345
2.1505,-0.11071692
2.151,-0.08416393
2.1515,-0.11510469
2.152,-0.11346525
2.1525,-0.10500538
2.153,-0.19415372
2.1535,-0.11305696
2.154,-0.12155689
2.1545,-0.14935328
2.155,-0.21381711
2.1555,-0.32239203
2.156,-0.4261722
2.1565,-0.52043747
2.157,-0.50505642
2.1575,-0.41767451
2.158,-0.35199136
2.1585,-0.14849002
2.159,-0.05315983
2.1595,-0.04622531
2.16,0.05718826
2.1605,0.09873115
2.161,0.16853985
2.1615,0.27067453
2.162,0.31636957
2.1625,0.2958828
2.163,0.19919253
2.1635,0.12464514
2.164,0.07759877
2.1645,0.05387787
2.165,0.12003281
2.1655,0.21603147
2.166,0.22274756
2.1665,0.29365265
2.167,0.33149876
2.1675,0.24924184
2.168,0.24473959
2.1685,0.39034883
2.169,0.454429
2.1695,0.4484474
2.17,0.35059399
2.1705,0.14343517
2.171,-0.00936673
2.1715,-0.13655982
2.172,-0.21701221
2.1725,-0.25475588
2.173,-0.19629436
2.1735,-0.22707785
2.174,-0.27092143
2.1745,-0.29046282
2.175,-0.25717399
2.1755,-0.25557194
2.176,-0.16296342
2.1765,-0.07789421
2.177,-0.05476051
2.1775,-0.08867669
2.178,-0.19601937
2.1785,-0.29822142
2.179,-0.35783848
2.1795,-0.39392865
2.18,-0.29447995
2.1805,-0.28883815
2.181,-0.27819737
2.1815,-0.21791257
2.182,-0.21811599
2.1825,-0.20725227
2.183,-0.03298358
2.1835,0.10620024
2.184,0.29389965
2.1845,0.3628639
2.185,0.32229103
2.1855,0.34593936
2.186,0.27194004
2.1865,0.23747799
2.187,0.24299235
2.1875,0.19635379
2.188,0.25375707
2.1885,0.19392853
2.189,0.15747794
2.1895,0.11276448
2.19,0.13185454
2.1905,0.21533357
2.191,0.30816663
2.1915,0.33753183
2.192,0.43750038
2.1925,0.40752129
2.193,0.29443399
2.1935,0.09782591
2.194,0.06752624
2.1945,0.0054386
2.195,-0.09247998
2.1955,-0.11141268
2.196,-0.17243616
2.1965,-0.36884904
2.197,-0.42322942
2.1975,-0.42485073
2.198,-0.438206
2.1985,-0.2146359
2.199,-0.16921848
2.1995,-0.06252076
2.2,-0.14738603
2.2005,-0.11980978
2.201,-0.26390602
2.2015,-0.20518162
2.202,-0.13787544
2.2025,-0.16075802
2.203,-0.17009105
2.2035,-0.24215451
2.204,-0.31845417
2.2045,-0.37195943
2.205,-0.30080253
2.2055,-0.20793395
2.206,-0.03579783
2.2065,0.13387202
2.207,0.1721058
2.2075,0.29105951
2.208,0.24842892
2.2085,0.27221624
2.209,0.26263973
2.2095,0.38887974
2.21,0.40215521
2.2105,0.30999376
2.211,0.28688632
2.2115,0.21789729
2.212,-0.0031984
2.2125,0.05441689
2.213,0.12289422
2.2135,0.18649463
2.214,0.22622817
2.2145,0.2439699
2.215,0.24820285
2.2155,0.22571002
2.216,0.27507956
2.2165,0.21905489
2.217,0.19788953
2.2175,0.14208597
2.218,0.14346504
2.2185,-0.09752577
2.219,-0.26124107
2.2195,-0.33189
2.22,-0.47218848
2.2205,-0.39567876
2.221,-0.25266688
2.2215,-0.31239351
2.222,-0.23767306
2.2225,-0.25447898
2.223,-0.26383752
2.2235,-0.25983731
2.224,-0.18838633
2.2245,-0.11785298
2.225,-0.02337263
2.2255,-0.03623729
2.226,-0.15368185
2.2265,-0.31520601
2.227,-0.30025254
2.2275,-0.31233045
2.228,-0.25244158
2.2285,-0.16788428
2.229,-0.05950792
2.2295,-0.06230693
2.23,0.01373143
2.2305,0.08175135
2.231,0.14878135
2.2315,0.28519901
2.232,0.43470428
2.2325,0.48200668
2.233,0.49245143
2.2335,0.44755242
2.234,0.26901718
2.2345,0.22347505
2.235,0.14013718
2.2355,0.1360602
2.236,0.21001766
2.2365,0.17627649
2.237,0.08926978
2.2375,0.0676679
2.238,0.05261908
2.2385,0.07634
2.239,0.19404781
2.2395,0.28717496
2.24,0.29258313
2.2405,0.22019451
2.241,0.12353963
2.2415,-0.10359707
2.242,-0.18810419
2.2425,-0.22371876
2.243,-0.30381921
2.2435,-0.23132511
2.244,-0.31328206
2.2445,-0.44954594
2.245,-0.43495034
2.2455,-0.49665358
2.246,-0.42883012
2.2465,-0.26098467
2.247,-0.11201763
2.2475,-0.08070427
2.248,0.00206738
2.2485,-0.03539836
2.249,-0.11599704
2.2495,-0.13412968
2.25,-0.10374813
2.2505,-0.08771989
2.251,-0.14018346
2.2515,-0.12489821
2.252,-0.08977317
2.2525,-0.13592309
2.253,-0.06834322
2.2535,0.02658578
2.254,0.19304756
2.2545,0.30167865
2.255,0.42537597
2.2555,0.49981453
2.256,0.42682195
2.2565,0.37023266
2.257,0.33486167
2.2575,0.36381152
2.258,0.38834926
2.2585,0.34122966
2.259,0.22403384
2.2595,0.05565322
2.26,0.01511508
2.2605,-0.06145351
2.261,-0.0101779
2.2615,0.1052268
2.262,0.10443936
2.2625,0.17468587
2.263,0.1429697
2.2635,0.07847318
2.264,-0.01154558
2.2645,-0.04809256
2.265,-0.03146026
2.2655,-0.1655841
2.266,-0.1156403
2.2665,-0.2769635
2.267,-0.33186578
2.2675,-0.54958864
2.268,-0.57381863
2.2685,-0.46132889
2.269,-0.44707954
2.2695,-0.2553453
2.27,-0.19160162
2.2705,-0.15539044
2.271,-0.18690294
2.2715,-0.09319699
2.272,-0.11476045
2.2725,0.04336889
2.273,0.03909318
2.2735,0.0740459
2.274,-0.00128493
2.2745,-0.0838001
2.275,-0.11124019
2.2755,-0.15939667
2.276,-0.03681548
2.2765,0.07131414
2.277,0.17983915
2.2775,0.24910104
2.278,0.21721633
2.2785,0.32648734
2.279,0.34587632
2.2795,0.37736306
2.28,0.50799999
2.2805,0.48224988
2.281,0.45695023
2.2815,0.38973554
2.282,0.17608698
2.2825,0.1014052
2.283,-0.05515749
2.2835,-0.0293463
2.284,0.01478677
2.2845,0.14088334
2.285,0.00136508
2.2855,-0.0305844
2.286,-0.0414053
2.2865,-0.00784862
2.287,-0.0050978
2.2875,0.05366193
2.288,0.08291613
2.2885,-0.00332541
2.289,-0.05700764
2.2895,-0.3253416
2.29,-0.36625532
2.2905,-0.38653241
2.291,-0.47735005
2.2915,-0.4114893
2.292,-0.38314246
2.2925,-0.41458451
2.293,-0.42043511
2.2935,-0.36203981
2.294,-0.27545881
2.2945,-0.18589549
2.295,0.02311428
2.2955,0.09651574
2.296,0.18920443
2.2965,0.0667208
2.297,0.04329511
2.2975,-0.04969635
2.298,-0.04866096
2.2985,-0.00865822
2.299,0.03931937
2.2995,0.08407268
2.3,0.01952482
2.3005,0.0844872
2.301,0.05381029
2.3015,0.23273484
2.302,0.32222367
2.3025,0.45325474
2.303,0.56641505
2.3035,0.5645802
2.304,0.43472219
2.3045,0.37317737
2.305,0.25519561
2.3055,0.19402254
2.306,0.20622892
2.3065,0.09507093
2.307,0.01049471
2.3075,-0.01049478
2.308,-0.18499029
2.3085,-0.24782083
2.309,-0.122811
2.3095,-0.09292799
2.31,0.01946634
2.3105,0.03714114
2.311,0.01123927
2.3115,-0.1710349
2.312,-0.17102994
2.3125,-0.25016016
2.313,-0.24065957
2.3135,-0.22305837
2.314,-0.30894294
2.3145,-0.36200087
2.315,-0.4257247
2.3155,-0.4909964
2.316,-0.43616601
2.3165,-0.43414157
2.317,-0.30273592
2.3175,-0.11631439
2.318,-0.0514078
2.3185,0.05918936
2.319,0.02423548
2.3195,0.15308742
2.32,0.09649378
2.3205,0.13197857
2.321,0.23973476
2.3215,0.26663077
2.322,0.14849004
2.3225,0.00591389
2.323,0.04513643
2.3235,0.01196005
2.324,0.06446927
2.3245,0.23214444
2.325,0.287787
2.3255,0.35629908
2.326,0.36342481
2.3265,0.35972844
2.327,0.3828833
2.3275,0.36823491
2.328,0.4398742
2.3285,0.37660502
2.329,0.28932487
2.3295,0.16410454
2.33,0.00819773
2.3305,-0.13984412
2.331,-0.25891559
2.3315,-0.23966955
2.332,-0.10758944
2.3325,-0.09030542
2.333,-0.10466463
2.3335,-0.16008193
2.334,-0.18433335
2.3345,-0.16925039
2.335,-0.18162604
2.3355,-0.13487186
2.336,-0.07118044
2.3365,-0.18219451
2.337,-0.17666831
2.3375,-0.28566958
2.338,-0.41927979
2.3385,-0.48994214
2.339,-0.46338908
2.3395,-0.32150857
2.34,-0.31634897
2.3405,-0.22293498
2.341,-0.15297525
2.3415,-0.13480371
2.342,-0.02579401
2.3425,0.13374759
2.343,0.1577302
2.3435,0.3829582
2.344,0.33263439
2.3445,0.29536921
2.345,0.18633619
2.3455,0.06074717
2.346,0.08731996
2.3465,0.15715942
2.347,0.16105912
2.3475,0.1839922
2.348,0.232188
2.3485,0.20027863
2.349,0.18984587
2.3495,0.24599988
2.35,0.32510935
2.3505,0.45597273
2.351,0.48248861
2.3515,0.46062866
2.352,0.33354876
2.3525,0.20313075
2.353,-0.05103934
2.3535,0.0093388
2.354,-0.05639378
2.3545,-0.1400087
2.355,-0.17305393
2.3555,-0.25400207
2.356,-0.27461731
2.3565,-0.37199966
2.357,-0.28917978
2.3575,-0.28824191
2.358,-0.06081208
2.3585,-0.00383548
2.359,-0.05734774
2.3595,-0.14514145
2.36,-0.21530921
2.3605,-0.248653
2.361,-0.26188839
2.3615,-0.28612773
2.362,-0.25205291
2.3625,-0.35202106
2.363,-0.37711865
2.3635,-0.35044276
2.364,-0.29851455
2.3645,-0.20919462
2.365,-0.15538539
2.3655,0.06759914
2.366,0.20587374
2.3665,0.29203492
2.367,0.23796271
2.3675,0.26076207
2.368,0.22089968
2.3685,0.25255235
2.369,0.24345645
2.3695,0.29743014
2.37,0.24049405
2.3705,0.0914352
2.371,0.03719805
2.3715,0.05460032
2.372,0.073065
2.3725,0.15374953
2.373,0.29005291
2.3735,0.41703164
2.374,0.44207495
2.3745,0.35907475
2.375,0.23552418
2.3755,0.20406133
2.376,0.16280251
2.3765,0.15214803
2.377,0.1060811
2.3775,-0.06802741
2.378,-0.24872951
2.3785,-0.34224807
2.379,-0.36951293
2.3795,-0.40558621
2.38,-0.37369984
2.3805,-0.14328819
2.381,-0.19929996
2.3815,-0.16455973
2.382,-0.2123738
2.3825,-0.14954062
2.383,-0.23259055
2.3835,-0.10869453
2.384,-0.16317947
2.3845,-0.12336687
2.385,-0.30692329
2.3855,-0.23325905
2.386,-0.38063177
2.3865,-0.42155273
2.387,-0.33139776
2.3875,-0.18831142
2.388,-0.13782405
2.3885,-0.03293175
2.389,0.02743415
2.3895,0.1309288
2.39,0.14061451
2.3905,0.23098866
2.391,0.3304964
2.3915,0.455226
2.392,0.41315548
2.3925,0.40924971
2.393,0.22571748
2.3935,0.16852722
2.394,0.06426776
2.3945,0.03912267
2.395,0.17894717
2.3955,0.21651562
2.396,0.21389165
2.3965,0.17191616
2.397,0.13785427
2.3975,0.24902557
2.398,0.20809111
2.3985,0.33445434
2.399,0.30233036
2.3995,0.23630463
2.4,0.10983649
2.4005,0.04229465
2.401,-0.18387881
2.4015,-0.25365235
2.402,-0.32618915
2.4025,-0.41221706
2.403,-0.38123053
2.4035,-0.31352014
2.404,-0.38145888
2.4045,-0.30756241
2.405,-0.31085399
2.4055,-0.26342694
2.406,-0.09594897
2.4065,-0.05088002
2.407,-0.0263866
2.4075,-0.02440369
2.408,-0.15209555
2.4085,-0.23991437
2.409,-0.35980494
2.4095,-0.25694321
2.41,-0.14097038
2.4105,-0.17605471
2.411,-0.16454994
2.4115,-0.09687829
2.412,-0.09606919
2.4125,-0.04286754
2.413,0.18783873
2.4135,0.31956686
2.414,0.48892503
2.4145,0.47338285
2.415,0.47293995
2.4155,0.34606322
2.416,0.30582965
2.4165,0.25576248
2.417,0.23829136
2.4175,0.2141695
2.418,0.16329579
2.4185,0.14837023
2.419,0.02596591
2.4195,0.09570795
2.42,0.04673362
2.4205,0.08133875
2.421,0.22864282
2.4215,0.33611681
2.422,0.2011538
2.4225,0.18847093
2.423,0.07525996
2.4235,-0.03325236
2.424,-0.04202673
2.4245,-0.16897736
2.425,-0.2695655
2.4255,-0.21966617
2.426,-0.39655864
2.4265,-0.4708182
2.427,-0.54026042
2.4275,-0.50164924
2.428,-0.43871625
2.4285,-0.23614964
2.429,-0.17468301
2.4295,-0.14633289
2.43,-0.10380426
2.4305,-0.19316293
2.431,-0.12098114
2.4315,-0.09355828
2.432,-0.12587829
2.4325,0.02461464
2.433,-0.04332919
2.4335,-0.11522221
2.434,-0.21958187
2.4345,-0.20543208
2.435,-0.11025939
2.4355,-0.07231741
2.436,0.1195339
2.4365,0.27156249
2.437,0.43913142
2.4375,0.32810266
2.438,0.3952459
2.4385,0.40515104
2.439,0.43871265
2.4395,0.45169421
2.44,0.36062663
2.4405,0.33010571
2.441,0.2655683
2.4415,0.0690555
2.442,-0.00393081
2.4425,-0.01047085
2.443,0.03752911
2.4435,0.10598257
2.444,0.17295025
2.4445,0.04568657
2.445,0.11878652
2.4455,0.0548364
2.446,0.04781028
2.4465,0.06509747
2.447,0.04326514
2.4475,8.147e-05
2.448,-0.12997144
2.4485,-0.29942689
2.449,-0.4713897
2.4495,-0.489731
2.45,-0.55805624
2.4505,-0.45114703
2.451,-0.3945839
2.4515,-0.3373152
2.452,-0.30753197
2.4525,-0.25512658
2.453,-0.24288703
2.4535,-0.11072928
2.454,-0.05719117
2.4545,0.0330658
2.455,0.09228099
2.4555,0.04506385
2.456,0.01423837
2.4565,-0.13050728
2.457,-0.15978932
2.4575,-0.13196407
2.458,-0.07176312
2.4585,0.06639895
2.459,0.13133242
2.4595,0.11693016
2.46,0.16399543
2.4605,0.28120831
2.461,0.27158068
2.4615,0.42054967
2.462,0.55132971
2.4625,0.46585716
2.463,0.44844319
2.4635,0.31061739
2.464,0.19753643
2.4645,0.09795847
2.465,0.08694668
2.4655,0.1206443
2.466,0.00309944
2.4665,0.06691205
2.467,-0.03238414
2.4675,-0.03374258
2.468,-0.09515165
2.4685,-0.00902354
2.469,0.08736205
2.4695,0.09346793
2.47,0.13897464
2.4705,0.04757405
2.471,-0.09061978
2.4715,-0.29636484
2.472,-0.34971398
2.4725,-0.33330638
2.473,-0.28429102
2.4735,-0.34165882
2.474,-0.41199491
2.4745,-0.4612354
2.475,-0.60339906
2.4755,-0.46061451
2.476,-0.25988861
2.4765,-0.12851164
2.477,0.04998926
2.4775,0.05344099
2.478,0.04239628
2.4785,0.00448819
2.479,0.00828903
2.4795,-0.03303664
2.48,0.05269496
2.4805,0.08631583
2.481,0.08196094
2.4815,0.04381252
2.482,0.0440694
2.4825,-0.00976064
2.483,-0.04368622
2.4835,0.18659418
2.484,0.34363228
2.4845,0.4398
2.485,0.4803009
2.4855,0.48538671
2.486,0.43658544
2.4865,0.35902333
2.487,0.31779191
2.4875,0.32664705
2.488,0.29070244
2.4885,0.15177988
2.489,0.03627091
2.4895,-0.03121091
2.49,-0.1775573
2.4905,-0.25047378
2.491,-0.07439206
2.4915,-0.03898373
2.492,0.01465865
2.4925,-0.04783035
2.493,-0.02992106
2.4935,-0.05189581
2.494,-0.09066548
2.4945,-0.12097645
2.495,-0.18874621
2.4955,-0.15040568
2.496,-0.27510898
2.4965,-0.3827717
2.497,-0.46043578
2.4975,-0.4933082
2.498,-0.52601393
2.4985,-0.3929318
2.499,-0.23636982
2.4995,-0.18864732
2.5,-0.1058135
2.5005,-0.11773271
2.501,-0.04965535
2.5015,-0.00859665
2.502,0.15538307
2.5025,0.21330912
2.503,0.17848983
2.5035,0.19502471
2.504,0.05199132
2.5045,-0.05298185
2.505,-0.02576693
2.5055,-0.06002392
2.506,0.18424931
2.5065,0.19963521
2.507,0.28217984
2.5075,0.23734643
2.508,0.26042359
2.5085,0.30475097
2.509,0.38140762
2.5095,0.4190238
2.51,0.50774822
2.5105,0.48934111
2.511,0.34817062
2.5115,0.18879427
2.512,0.09151838
2.5125,-0.1177198
2.513,-0.09536098
2.5135,-0.08341715
2.514,-0.12635061
2.5145,-0.13957512
2.515,-0.18202655
2.5155,-0.11625262
2.516,-0.2487466
2.5165,-0.12422656
2.517,-0.11900368
2.5175,-0.03081357
2.518,0.03526901
2.5185,-0.13552398
2.519,-0.23675323
2.5195,-0.30999353
2.52,-0.42340699
2.5205,-0.43791994
2.521,-0.40100944
2.5215,-0.38721996
2.522,-0.3177272
2.5225,-0.30528841
2.523,-0.35403155
2.5235,-0.25680169
2.524,-0.06520548
2.5245,0.05844943
2.525,0.18889948
2.5255,0.25130528
2.526,0.21687043
2.5265,0.23680167
2.527,0.10336599
2.5275,0.08545406
2.528,0.18245413
2.5285,0.11615388
2.529,0.2018829
2.5295,0.16307978
2.53,0.11247406
2.5305,0.12192989
2.531,0.15058821
2.5315,0.24011803
2.532,0.35574665
2.5325,0.50435193
2.533,0.4568161
2.5335,0.43208071
2.534,0.40799818
2.5345,0.22110484
2.535,0.15774798
2.5355,0.04019612
2.536,0.06142451
2.5365,-0.02972687
2.537,-0.25837407
2.5375,-0.20896935
2.538,-0.3279095
2.5385,-0.30616244
2.539,-0.3336634
2.5395,-0.18762539
2.54,-0.12336334
2.5405,-0.05524701
2.541,-0.11706483
2.5415,-0.21951597
2.542,-0.16243185
2.5425,-0.2219483
2.543,-0.22818574
2.5435,-0.22667999
2.544,-0.2332779
2.5445,-0.3406607
2.545,-0.45327075
2.5455,-0.47060093
2.546,-0.35542689
2.5465,-0.21463507
2.547,-0.15558777
2.5475,0.10450299
2.548,0.13794107
2.5485,0.24039043
2.549,0.21589165
2.5495,0.19620548
2.55,0.24942104
2.5505,0.35014418
2.551,0.33149342
2.5515,0.31826538
2.552,0.19226599
2.5525,0.04822479
2.553,0.04000228
2.5535,0.09439742
2.554,0.12890374
2.5545,0.22416046
2.555,0.31906386
2.5555,0.32198215
2.556,0.38506315
2.5565,0.3349201
2.557,0.31226542
2.5575,0.36893707
2.558,0.37698824
2.5585,0.22520818
2.559,0.10065277
2.5595,-0.00196678
2.56,-0.19003251
2.5605,-0.28404997
2.561,-0.37292161
2.5615,-0.35153738
2.562,-0.26869013
2.5625,-0.25413066
2.563,-0.261529
2.5635,-0.23987421
2.564,-0.25901481
2.5645,-0.19390264
2.565,-0.10940978
2.5655,-0.11183442
2.566,-0.07398812
2.5665,-0.08777452
2.567,-0.18244482
2.5675,-0.2943627
2.568,-0.43287643
2.5685,-0.39581348
2.569,-0.31969459
2.5695,-0.19435556
2.57,-0.1930163
2.5705,-0.08972062
2.571,-0.01704667
2.5715,0.01160907
2.572,0.11873929
2.5725,0.23501119
2.573,0.41601048
2.5735,0.45821794
2.574,0.50264181
2.5745,0.34619767
2.575,0.24474116
2.5755,0.10849461
2.576,0.18683849
2.5765,0.16013365
2.577,0.16121852
2.5775,0.24232494
2.578,0.10285249
2.5785,0.17089613
2.579,0.11853026
2.5795,0.25352705
2.58,0.27791269
2.5805,0.36784904
2.581,0.3259138
2.5815,0.27668004
2.582,0.21739752
2.5825,-0.04895418
2.583,-0.20401389
2.5835,-0.17375855
2.584,-0.23768672
2.5845,-0.19574066
2.585,-0.32316758
2.5855,-0.37636814
2.586,-0.44897596
2.5865,-0.37767638
2.587,-0.40252903
2.5875,-0.1977823
2.588,-0.07520104
2.5885,0.00779011
2.589,-0.08613266
2.5895,-0.1292709
2.59,-0.20704904
2.5905,-0.21584624
2.591,-0.14784032
2.5915,-0.16417448
2.592,-0.20395242
2.5925,-0.30887114
2.593,-0.22289463
2.5935,-0.24202038
2.594,-0.18455334
2.5945,-0.06026909
2.595,0.11087101
2.5955,0.34179691
2.596,0.39498274
2.5965,0.40892818
2.597,0.39101697
2.5975,0.36017029
2.598,0.30876091
2.5985,0.31195653
2.599,0.33711163
2.5995,0.30495793
2.6,0.16562956
2.6005,0.08553969
2.601,0.02023226
2.6015,0.03875058
2.602,0.11688845
2.6025,0.19540015
2.603,0.26655648
2.6035,0.33520709
2.604,0.21459073
2.6045,0.20423657
2.605,0.15118792
2.6055,0.0682847
2.606,0.03141725
2.6065,0.00511476
2.607,-0.13386864
2.6075,-0.27993438
2.608,-0.39819118
2.6085,-0.52873673
2.609,-0.47913198
2.6095,-0.43992791
2.61,-0.3408528
2.6105,-0.27044235
2.611,-0.25443029
2.6115,-0.17600392
2.612,-0.17954879
2.6125,-0.11372323
2.613,-0.08449153
2.6135,-0.01338227
2.614,-0.00373855
2.6145,-0.00553443
2.615,-0.06253245
2.6155,-0.19768993
2.616,-0.27041034
2.6165,-0.223106
2.617,-0.10546063
2.6175,0.02035119
2.618,0.1109504
2.6185,0.13206469
2.619,0.23357442
2.6195,0.33398134
2.62,0.27093821
2.6205,0.40380548
2.621,0.48723772
2.6215,0.49412167
2.622,0.41843613
2.6225,0.25845477
2.623,0.19681668
2.6235,0.10606515
2.624,-0.00606884
2.6245,0.04701436
2.625,0.07604856
2.6255,0.11428999
2.626,0.14958121
2.6265,0.09502221
2.627,0.02389115
2.6275,0.07696023
2.628,0.11806523
2.6285,0.14599743
2.629,0.12679924
2.6295,0.05629773
2.63,-0.13894945
2.6305,-0.24903813
2.631,-0.38145824
2.6315,-0.39876456
2.632,-0.39824327
2.6325,-0.41599166
2.633,-0.41165765
2.6335,-0.3974402
2.634,-0.45308035
2.6345,-0.38617051
2.635,-0.27766466
2.6355,-0.07615876
2.636,-0.02734821
2.6365,0.04310885
2.637,-0.00628233
2.6375,-0.05953873
2.638,-0.14293686
2.6385,-0.15166542
2.639,-0.22318824
2.6395,-0.07777755
2.64,-0.05188295
2.6405,-0.01436578
2.641,0.03386541
2.6415,0.00898139
2.642,0.04695637
2.6425,0.16227339
2.643,0.38881685
2.6435,0.47810813
2.644,0.53595733
2.6445,0.51334914
2.645,0.4393225
2.6455,0.36040978
2.646,0.2786581
2.6465,0.20686559
2.647,0.20505328
2.6475,0.22354641
2.648,0.16235443
2.6485,-0.06005476
2.649,-0.06816008
2.6495,-0.01041429
2.65,-0.04820907
2.6505,0.06119828
2.651,0.16224133
2.6515,0.17121917
2.652,0.09907104
2.6525,-0.00200116
2.653,-0.04775908
2.6535,-0.18787261
2.654,-0.18481289
2.6545,-0.20298452
2.655,-0.29100586
2.6555,-0.38005679
2.656,-0.41915105
2.6565,-0.52752182
2.657,-0.5368362
2.6575,-0.44449188
2.658,-0.3652398
2.6585,-0.12786544
2.659,-0.09695292
2.6595,-0.02131409
2.66,-0.0018
2.6605,-0.0301554
2.661,-0.0302441
2.6615,0.11792958
2.662,0.11157088
2.6625,0.10336123
2.663,0.04227097
2.6635,-0.10006555
2.664,-0.10327126
2.6645,0.02285676
2.665,0.01686995
2.6655,0.23208017
2.666,0.2881074
2.6665,0.37441582
2.667,0.35659092
2.6675,0.40301584
2.668,0.34998601
2.6685,0.4396585
2.669,0.47299381
2.6695,0.44463479
2.67,0.35743526
2.6705,0.25103289
2.671,0.07209527
2.6715,-0.14695588
2.672,-0.13985262
2.6725,-0.08149297
2.673,-0.05693701
2.6735,0.03489521
2.674,0.00155115
2.6745,-0.07104221
2.675,-0.09213004
2.6755,-0.08860015
2.676,-0.04148555
2.6765,0.00356357
2.677,-0.0391277
2.6775,-0.07464672
2.678,-0.26461893
2.6785,-0.36952389
2.679,-0.46063565
2.6795,-0.51082368
2.68,-0.47773983
2.6805,-0.4665896
2.681,-0.32860163
2.6815,-0.22649854
2.682,-0.25545311
2.6825,-0.17192304
2.683,-0.12604555
2.6835,0.03992929
2.684,0.13516448
2.6845,0.25742463
2.685,0.20865067
2.6855,0.15502108
2.686,0.09426064
2.6865,-0.00363694
2.687,0.01019548
2.6875,0.02264719
2.688,0.11386043
2.6885,0.10847934
2.689,0.16814748
2.6895,0.14792284
2.69,0.2505762
2.6905,0.29137363
2.691,0.42526709
2.6915,0.50826888
2.692,0.57679481
2.6925,0.53517077
2.693,0.34844232
2.6935,0.20560594
2.694,0.08950547
2.6945,0.04142225
2.695,-0.02768558
2.6955,-0.06786887
2.696,-0.07244939
2.6965,-0.10009926
2.697,-0.20133968
2.6975,-0.25648584
2.698,-0.18389179
2.6985,-0.09148343
2.699,0.01506119
2.6995,-0.02058517
2.7,0.02549543
2.7005,-0.14154559
2.701,-0.29279427
2.7015,-0.32135979
2.702,-0.36199103
2.7025,-0.37793436
2.703,-0.30040391
2.7035,-0.43872371
2.704,-0.47045186
2.7045,-0.45051094
2.705,-0.3650112
2.7055,-0.2606828
2.706,-0.13375403
2.7065,-0.02300808
2.707,0.14043922
2.7075,0.18785882
2.708,0.16666579
2.7085,0.14408487
2.709,0.13491441
2.7095,0.21729979
2.71,0.20931914
2.7105,0.21628407
2.711,0.14071408
2.7115,0.06965059
2.712,0.06922069
2.7125,0.08957399
2.713,0.12805499
2.7135,0.28336181
2.714,0.43963378
2.7145,0.44413458
2.715,0.43281976
2.7155,0.39045297
2.716,0.36699093
2.7165,0.33075588
2.717,0.20942249
2.7175,0.19604074
2.718,0.18298707
2.7185,-0.02964757
2.719,-0.15463244
2.7195,-0.30517443
2.72,-0.31769916
2.7205,-0.32777046
2.721,-0.21780082
2.7215,-0.09470091
2.722,-0.0998615
2.7225,-0.13741051
2.723,-0.19948329
2.7235,-0.12809963
2.724,-0.19934068
2.7245,-0.15930421
2.725,-0.11098237
2.7255,-0.21741025
2.726,-0.26700526
2.7265,-0.42943994
2.727,-0.46001238
2.7275,-0.53763249
2.728,-0.41423921
2.7285,-0.29336797
2.729,-0.01609738
2.7295,-0.05814592
2.73,0.04356565
2.7305,0.0677195
2.731,0.10750195
2.7315,0.19200345
2.732,0.35580544
2.7325,0.40476302
2.733,0.30596112
2.7335,0.27446843
2.734,0.13620299
2.7345,0.16640998
2.735,0.03646859
2.7355,0.13799738
2.736,0.20117028
2.7365,0.20367778
2.737,0.25791377
2.7375,0.26872564
2.738,0.26454474
2.7385,0.34278586
2.739,0.38004926
2.7395,0.37419677
2.74,0.33457329
2.7405,0.30162507
2.741,0.1847274
2.7415,0.03211978
2.742,-0.19992801
2.7425,-0.21810395
2.743,-0.26419414
2.7435,-0.2918221
2.744,-0.21781752
2.7445,-0.32268468
2.745,-0.25113281
2.7455,-0.33736895
2.746,-0.26538758
2.7465,-0.21051565
2.747,-0.18488623
2.7475,-0.05060004
2.748,-0.1154195
2.7485,-0.18039038
2.749,-0.24360767
2.7495,-0.35439371
2.75,-0.36995648
2.7505,-0.32603671
2.751,-0.26636826
2.7515,-0.20263936
2.752,-0.20309755
2.7525,-0.25239077
2.753,-0.11407014
2.7535,-0.06017951
2.754,0.07974234
2.7545,0.24482502
2.755,0.36450084
2.7555,0.44898214
2.756,0.41588333
2.7565,0.26569066
2.757,0.27763052
2.7575,0.1922252
2.758,0.25511989
2.7585,0.26082906
2.759,0.22449051
2.7595,0.14665492
2.76,0.11711244
2.7605,0.12025794
2.761,0.17668755
2.7615,0.23127714
2.762,0.32734869
2.7625,0.4027268
2.763,0.38991309
2.7635,0.30987115
2.764,0.14230722
2.7645,0.05724175
2.765,-0.00584161
2.7655,-0.0555238
2.766,-0.10133361
2.7665,-0.23116171
2.767,-0.25977647
2.7675,-0.4781184
2.768,-0.56669101
2.7685,-0.44809975
2.769,-0.39795934
2.7695,-0.20917618
2.77,-0.124542
2.7705,-0.07326002
2.771,-0.13298742
2.7715,-0.12839123
2.772,-0.25813831
2.7725,-0.14353178
2.773,-0.130663
2.7735,-0.14332936
2.774,-0.23860814
2.7745,-0.31221759
2.775,-0.388992
2.7755,-0.32218704
2.776,-0.20773793
2.7765,-0.06447844
2.777,0.12555918
2.7775,0.33713955
2.778,0.28979143
2.7785,0.29819661
2.779,0.40641319
2.7795,0.37053902
2.78,0.43125435
2.7805,0.45946752
2.781,0.39587302
2.7815,0.33457441
2.782,0.16750433
2.7825,4.882e-05
2.783,0.08877376
2.7835,0.10713641
2.784,0.18153088
2.7845,0.14916264
2.785,0.20739679
2.7855,0.22045046
2.786,0.25542084
2.7865,0.15394244
2.787,0.14860255
2.7875,0.17989229
2.788,0.1892379
2.7885,0.08640671
2.789,-0.07308659
2.7895,-0.24084034
2.79,-0.31073414
2.7905,-0.46446136
2.791,-0.46615437
2.7915,-0.3420013
2.792,-0.2753476
2.7925,-0.27507972
2.793,-0.23498553
2.7935,-0.32073578
2.794,-0.26463006
2.7945,-0.13965829
2.795,-0.09893875
2.7955,-0.01115173
2.796,0.03454035
2.7965,-0.10374875
2.797,-0.19583327
2.7975,-0.27938062
2.798,-0.23508179
2.7985,-0.18488825
2.799,-0.09998493
2.7995,-0.04218528
2.8,-0.01763849
2.8005,0.08070857
2.801,0.11163228
2.8015,0.22359806
2.802,0.26104618
2.8025,0.46081195
2.803,0.52750838
2.8035,0.46670116
2.804,0.42982357
2.8045,0.38273996
2.805,0.23616689
2.8055,0.08078248
2.806,0.13999143
2.8065,0.1051589
2.807,0.1123796
2.8075,0.16325312
2.808,0.01940214
2.8085,0.02910111
2.809,0.10640111
2.8095,0.13748864
2.81,0.20177386
2.8105,0.25654959
2.811,0.19315574
2.8115,0.02883999
2.812,-0.09388329
2.8125,-0.2176346
2.813,-0.25897061
2.8135,-0.33459107
2.814,-0.32729318
2.8145,-0.37913712
2.815,-0.3797525
2.8155,-0.53840644
2.816,-0.48602865
2.8165,-0.46801037
2.817,-0.24870419
2.8175,-0.17333272
2.818,-0.02823987
2.8185,0.02855951
2.819,-0.02304089
2.8195,-0.07940816
2.82,-0.16956941
2.8205,-0.11975094
2.821,-0.09624741
2.8215,-0.09790899
2.822,0.0031522
2.8225,-0.08398289
2.823,-0.10322656
2.8235,-0.0814637
2.824,-0.00075763
2.8245,0.20107045
2.825,0.27314472
2.8255,0.48701717
2.826,0.47560369
2.8265,0.49728778
2.827,0.43318646
2.8275,0.39366054
2.828,0.32880115
2.8285,0.34870248
2.829,0.31972171
2.8295,0.26321656
2.83,0.02063489
2.8305,-0.09701374
2.831,-0.08037228
2.8315,-0.03846513
2.832,0.0294506
2.8325,0.05977817
2.833,0.17447097
2.8335,0.12078702
2.834,0.03822061
2.8345,-0.079285
2.835,-0.0528912
2.8355,-0.11016126
2.836,-0.07779716
2.8365,-0.17371324
2.837,-0.23856215
2.8375,-0.49552365
2.838,-0.51324803
2.8385,-0.4609292
2.839,-0.57485126
2.8395,-0.46749889
2.84,-0.30948501
2.8405,-0.1824653
2.841,-0.20126787
2.8415,-0.16388315
2.842,-0.21735841
2.8425,-0.0571996
2.843,0.03618399
2.8435,0.14568926
2.844,0.11918667
2.8445,0.03644184
2.845,-0.03742502
2.8455,-0.08681435
2.846,-0.08459287
2.8465,-0.02707548
2.847,0.1013423
2.8475,0.16394851
2.848,0.25419506
2.8485,0.282469
2.849,0.29995688
2.8495,0.29797258
2.85,0.37562175
2.8505,0.52001798
2.851,0.61069526
2.8515,0.44506147
2.852,0.41572102
2.8525,0.21060445
2.853,0.0752683
2.8535,0.0023585
2.854,-0.08923353
2.8545,0.05176119
2.855,0.00683385
2.8555,-0.08570744
2.856,-0.07744496
2.8565,-0.10466629
2.857,-0.11465296
2.8575,0.01493368
2.858,0.05369095
2.8585,0.05667617
2.859,0.06369378
2.8595,-0.11179095
2.86,-0.24085787
2.8605,-0.39176921
2.861,-0.44554019
2.8615,-0.47011845
2.862,-0.42331808
2.8625,-0.44719675
2.863,-0.4280878
2.8635,-0.3379702
2.864,-0.39483446
2.8645,-0.301965
2.865,-0.1353287
2.8655,-0.01714312
2.866,0.15182416
2.8665,0.15186295
2.867,0.16684788
2.8675,0.07342212
2.868,-0.04520488
2.8685,-0.08122657
2.869,0.00418888
2.8695,0.10310796
2.87,0.17393071
2.8705,0.07636851
2.871,0.02737072
2.8715,0.13276724
2.872,0.20556386
2.8725,0.32983049
2.873,0.52109507
2.8735,0.56123616
2.874,0.56167276
2.8745,0.39929342
2.875,0.34528046
2.8755,0.21067243
2.876,0.18146542
2.8765,0.13365577
2.877,0.12484325
2.8775,0.02823943
2.878,-0.12335076
2.8785,-0.18420098
2.879,-0.28751101
2.8795,-0.20632527
2.88,-0.12395476
2.8805,-0.03448549
2.881,0.01330294
2.8815,0.02693786
2.882,-0.08168164
2.8825,-0.16553635
2.883,-0.19772228
2.8835,-0.26668059
2.884,-0.2933789
2.8845,-0.28688288
2.885,-0.34987101
2.8855,-0.40546862
2.886,-0.51684449
2.8865,-0.52800584
2.887,-0.40078447
2.8875,-0.33746754
2.888,-0.11150881
2.8885,-0.05402552
2.889,0.06856555
2.8895,0.09568873
2.89,0.05939354
2.8905,0.11256084
2.891,0.14865447
2.8915,0.21276672
2.892,0.27005853
2.8925,0.14010136
2.893,0.11273306
2.8935,0.07142606
2.894,0.00351819
2.8945,0.05889919
2.895,0.1308928
2.8955,0.24844806
2.896,0.43288946
2.8965,0.42439496
2.897,0.42761924
2.8975,0.37204322
2.898,0.34131431
2.8985,0.37943775
2.899,0.41231717
2.8995,0.37565364
2.9,0.21738146
2.9005,0.05701427
2.901,-0.10764968
2.9015,-0.23540758
2.902,-0.2760508
2.9025,-0.19051915
2.903,-0.13430463
2.9035,-0.09333488
2.904,-0.10976574
2.9045,-0.20275409
2.905,-0.23430836
2.9055,-0.12391171
2.906,-0.12520202
2.9065,-0.14434687
2.907,-0.04465554
2.9075,-0.14623723
2.908,-0.35038311
2.9085,-0.39951518
2.909,-0.53189629
2.9095,-0.44426117
2.91,-0.4088103
2.9105,-0.27343981
2.911,-0.18604556
2.9115,-0.1497341
2.912,-0.15699544
2.9125,-0.0222194
2.913,0.05748536
2.9135,0.19570395
2.914,0.37375073
2.9145,0.31137035
2.915,0.36707577
2.9155,0.18612111
2.916,0.13661957
2.9165,0.05864404
2.917,0.12741529
2.9175,0.1499811
2.918,0.21455039
2.9185,0.21743391
2.919,0.18931622
2.9195,0.20740396
2.92,0.26749529
2.9205,0.29728034
2.921,0.44502804
2.9215,0.4377663
2.922,0.46246478
2.9225,0.32843584
2.923,0.2047626
2.9235,0.03677574
2.924,-0.06005748
2.9245,-0.07364007
2.925,-0.16980098
2.9255,-0.18666316
2.926,-0.26616612
2.9265,-0.38865426
2.927,-0.41142777
2.9275,-0.38088772
2.928,-0.23728774
2.9285,-0.12826462
2.929,-0.01690983
2.9295,-0.04887581
2.93,-0.11906011
2.9305,-0.23923699
2.931,-0.2495375
2.9315,-0.3200224
2.932,-0.30418535
2.9325,-0.3079299
2.933,-0.23832177
2.9335,-0.30678339
2.934,-0.41636154
2.9345,-0.39208762
2.935,-0.23097333
2.9355,-0.10411703
2.936,0.18999607
2.9365,0.1929895
2.937,0.34583784
2.9375,0.30727993
2.938,0.29835052
2.9385,0.23810124
2.939,0.3494481
2.9395,0.32611578
2.94,0.32312058
2.9405,0.2368388
2.941,0.16935402
2.9415,0.09877887
2.942,0.02038022
2.9425,0.129202
2.943,0.14233542
2.9435,0.33273424
2.944,0.40126171
2.9445,0.40025928
2.945,0.35591462
2.9455,0.26619534
2.946,0.17519274
2.9465,0.20536827
2.947,0.11260191
2.9475,-0.00055531
2.948,-0.05518523
2.9485,-0.20886231
2.949,-0.35845238
2.9495,-0.42647218
2.95,-0.42697525
2.9505,-0.41202798
2.951,-0.22540276
2.9515,-0.20949535
2.952,-0.11311065
2.9525,-0.27425481
2.953,-0.16869401
2.9535,-0.22291044
2.954,-0.16445078
2.9545,-0.08929907
2.955,-0.14227803
2.9555,-0.0739192
2.956,-0.2610296
2.9565,-0.33374107
2.957,-0.38858096
2.9575,-0.31361123
2.958,-0.24523351
2.9585,-0.11177693
2.959,0.00477374
2.9595,0.1571747
2.96,0.17569299
2.9605,0.22601517
2.961,0.2641781
2.9615,0.43109975
2.962,0.47669738
2.9625,0.48086383
2.963,0.37271589
2.9635,0.32542612
2.964,0.16546412
2.9645,0.09299042
2.965,0.06770734
2.9655,0.12857622
2.966,0.13272147
2.9665,0.18425721
2.967,0.22565788
2.9675,0.17868403
2.968,0.23635643
2.9685,0.16685343
2.969,0.23750845
2.9695,0.34722658
2.97,0.24778526
2.9705,0.09094702
2.971,0.02602369
2.9715,-0.2015165
2.972,-0.2491935
2.9725,-0.3690297
2.973,-0.37404484
2.9735,-0.41216402
2.974,-0.35545147
2.9745,-0.38603309
2.975,-0.32334524
2.9755,-0.39155354
2.976,-0.29785753
2.9765,-0.08138127
2.977,-0.05143869
2.9775,-0.00905322
2.978,-0.00954237
2.9785,-0.17499014
2.979,-0.24853893
2.9795,-0.32581669
2.98,-0.26809914
2.9805,-0.17403868
2.981,-0.18555961
2.9815,-0.13690917
2.982,-0.1106679
2.9825,-0.05633584
2.983,0.06118278
2.9835,0.13201161
2.984,0.38033882
2.9845,0.4921491
2.985,0.60860169
2.9855,0.51645125
2.986,0.39808535
2.9865,0.30987136
2.987,0.27255827
2.9875,0.22132906
2.988,0.23059352
2.9885,0.19561969
2.989,0.18346125
2.9895,0.04379513
2.99,-0.0145848
2.9905,-0.01306499
2.991,0.09072223
2.9915,0.16155319
2.992,0.23145885
2.9925,0.26393557
2.993,0.16628639
2.9935,0.12357434
2.994,-0.06358118
2.9945,-0.0846008
2.995,-0.12617719
2.9955,-0.17026179
2.996,-0.31941028
2.9965,-0.37144129
2.997,-0.46514954
2.9975,-0.54311915
2.998,-0.45130258
2.9985,-0.3916623
2.999,-0.19721972
2.9995,-0.2073883
3.0,-0.15736882
3.0005,-0.14775744
3.001,-0.11035408
3.0015,-0.17581429
3.002,-0.11672701
3.0025,-0.02613786
3.003,0.02693084
3.0035,-0.00030491
3.004,-0.08212433
3.0045,-0.17618526
3.005,-0.2215318
3.0055,-0.13803065
3.006,0.04593345
3.0065,0.201982
3.007,0.34562706
3.0075,0.36689733
3.008,0.43619964
3.0085,0.43750295
3.009,0.41224494
3.0095,0.40365537
3.01,0.50023021
3.0105,0.43132647
3.011,0.36499778
3.0115,0.25447211
3.012,0.0583708
3.0125,0.0163475
3.013,-0.05625862
3.0135,0.03583344
3.014,0.05289167
3.0145,0.09487815
3.015,0.11996368
3.0155,0.02036226
3.016,0.07651762
3.0165,0.04222173
3.017,0.044613
3.0175,0.06805396
3.018,-0.01137957
3.0185,-0.10203944
3.019,-0.31812561
3.0195,-0.43059305
3.02,-0.52924114
3.0205,-0.56102982
3.021,-0.46006533
3.0215,-0.33243714
3.022,-0.32606953
3.0225,-0.35888633
3.023,-0.34546092
3.0235,-0.26783371
3.024,-0.24131338
3.0245,0.00479515
3.025,0.07450836
3.0255,0.07999001
3.026,0.04568505
3.0265,-0.01209281
3.027,-0.09554384
3.0275,-0.1099238
3.028,-0.14641757
3.0285,-0.04058034
3.029,-0.02399678
3.0295,0.11222192
3.03,0.10583282
3.0305,0.24820212
3.031,0.2331597
3.0315,0.3730919
3.032,0.4101168
3.0325,0.53059288
3.033,0.57232642
3.0335,0.50468665
3.034,0.41541048
3.0345,0.26400326
3.035,0.18367113
3.0355,0.13117074
3.036,0.058747
3.0365,0.07364022
3.037,0.02063234
3.0375,-0.03266203
3.038,-0.16725564
3.0385,-0.20294575
3.039,-0.07333602
3.0395,0.03007839
3.04,0.13346973
3.0405,0.03015629
3.041,0.06624178
3.0415,-0.05737027
3.042,-0.24976628
3.0425,-0.32720253
3.043,-0.38860291
3.0435,-0.39616765
3.044,-0.45829003
3.0445,-0.4271346
3.045,-0.48655084
3.0455,-0.49174544
3.046,-0.40209945
3.0465,-0.3373041
3.047,-0.11294391
3.0475,0.04802677
3.048,0.03735646
3.0485,0.08097536
3.049,0.05917291
3.0495,0.01312555
3.05,-0.00876007
3.0505,0.07284856
3.051,0.09050613
3.0515,0.06743797
3.052,0.12834843
3.0525,0.04670495
3.053,-0.05007115
3.0535,0.01376776
3.054,0.22208162
3.0545,0.320998
3.055,0.4717991
3.0555,0.5562405
3.056,0.57328347
3.0565,0.42946275
3.057,0.44294998
3.0575,0.27939065
3.058,0.38716431
3.0585,0.30761579
3.059,0.15872073
3.0595,0.06251809
3.06,-0.09386248
3.0605,-0.13641674
3.061,-0.25578764
3.0615,-0.20452604
3.062,-0.12282514
3.0625,-0.04653111
3.063,-0.03448965
3.0635,0.00643519
3.064,-0.11403428
3.0645,-0.1791791
3.065,-0.14634911
3.0655,-0.18645282
3.066,-0.17994496
3.0665,-0.1963454
3.067,-0.30428646
3.0675,-0.48695175
3.068,-0.55691041
3.0685,-0.5553948
3.069,-0.50892266
3.0695,-0.29354824
3.07,-0.20813968
3.0705,-0.10136538
3.071,-0.0699898
3.0715,-0.04979276
3.072,0.08185432
3.0725,0.08698755
3.073,0.26380587
3.0735,0.24613366
3.074,0.1865852
3.0745,0.14343377
3.075,0.05916068
3.0755,-0.05598361
3.076,0.07210961
3.0765,0.04954463
3.077,0.17078715
3.0775,0.32801252
3.078,0.35670386
3.0785,0.29018608
3.079,0.33965425
3.0795,0.42577151
3.08,0.42195127
3.0805,0.49466582
3.081,0.48970275
3.0815,0.39667735
3.082,0.2110656
3.0825,0.0431715
3.083,-0.08492835
3.0835,-0.09565015
3.084,-0.15800776
3.0845,-0.12973793
3.085,-0.1709645
3.0855,-0.19395886
3.086,-0.26334907
3.0865,-0.24636142
3.087,-0.16318207
3.0875,-0.12449904
3.088,0.00680049
3.0885,0.01452854
3.089,-0.0774149
3.0895,-0.1974029
3.09,-0.334354
3.0905,-0.4274559
3.091,-0.48937272
3.0915,-0.42036146
3.092,-0.32712847
3.0925,-0.30124312
3.093,-0.32320236
3.0935,-0.28463667
3.094,-0.22782387
3.0945,-0.18384105
3.095,0.12244915
3.0955,0.24448674
3.096,0.30570629
3.0965,0.33919014
3.097,0.32318237
3.0975,0.2178203
3.098,0.14685871
3.0985,0.12776427
3.099,0.09911992
3.0995,0.27905531
3.1,0.16868993
3.1005,0.14690224
3.101,0.08804554
3.1015,0.15201076
3.102,0.23107074
3.1025,0.33152184
3.103,0.44729253
3.1035,0.52340664
3.104,0.36002757
3.1045,0.38414708
3.105,0.22224083
3.1055,0.10144167
3.106,0.03153535
3.1065,0.02799486
3.107,-0.04059042
3.1075,-0.2268156
3.108,-0.26617854
3.1085,-0.45491272
3.109,-0.41175453
3.1095,-0.29578334
3.11,-0.25472662
3.1105,-0.14893977
3.111,-0.07848567
3.1115,-0.09317194
3.112,-0.17938624
3.1125,-0.20616576
3.113,-0.20365451
3.1135,-0.24833363
3.114,-0.28194863
3.1145,-0.20495126
3.115,-0.33181374
3.1155,-0.44391759
3.116,-0.47829645
3.1165,-0.41777533
3.117,-0.23489908
3.1175,-0.08186911
3.118,0.05865012
3.1185,0.2091082
3.119,0.17134263
3.1195,0.18799604
3.12,0.27630841
3.1205,0.2579968
3.121,0.42005434
3.1215,0.40951992
3.122,0.36581923
3.1225,0.25112493
3.123,0.13591004
3.1235,0.07520109
3.124,0.04493933
3.1245,0.11113676
3.125,0.22957882
3.1255,0.32369257
3.126,0.38724384
3.1265,0.34570809
3.127,0.25731138
3.1275,0.27853972
3.128,0.22855711
3.1285,0.25012906
3.129,0.3156991
3.1295,0.16063322
3.13,-0.01903668
3.1305,-0.16364169
3.131,-0.30554542
3.1315,-0.44900547
3.132,-0.40412315
3.1325,-0.32765501
3.133,-0.23225578
3.1335,-0.30513904
3.134,-0.26853715
3.1345,-0.25799645
3.135,-0.20602889
3.1355,-0.15556882
3.136,-0.08754371
3.1365,-0.02339796
3.137,-0.1488441
3.1375,-0.18664259
3.138,-0.28479208
3.1385,-0.35637571
3.139,-0.42351776
3.1395,-0.40751385
3.14,-0.28346037
3.1405,-0.1685377
3.141,-0.08695068
3.1415,-0.04145873
3.142,0.05711569
3.1425,0.189526
3.143,0.21886995
3.1435,0.40400962
3.144,0.46240999
3.1445,0.53453761
3.145,0.34316304
3.1455,0.22649006
3.146,0.22890543
3.1465,0.1280576
3.147,0.18899486
3.1475,0.13510275
3.148,0.21986891
3.1485,0.17429521
3.149,0.18877682
3.1495,0.17550164
3.15,0.27427562
3.1505,0.26768067
3.151,0.39723307
3.1515,0.38620565
3.152,0.31026982
3.1525,0.11070995
3.153,-0.01723179
3.1535,-0.26887764
3.154,-0.25947721
3.1545,-0.25749845
3.155,-0.27592309
3.1555,-0.39441602
3.156,-0.40383769
3.1565,-0.47139067
3.157,-0.44778522
3.1575,-0.39488198
3.158,-0.28676024
3.1585,-0.11521785
3.159,-0.10023152
3.1595,-0.05848275
3.16,-0.14076665
3.1605,-0.20026417
3.161,-0.27511489
3.1615,-0.18793544
3.162,-0.1934527
3.1625,-0.15929132
3.163,-0.20979181
3.1635,-0.19307773
3.164,-0.20650948
3.1645,-0.14559022
3.165,-0.01623723
3.1655,0.12535902
3.166,0.24784258
3.1665,0.44178154
3.167,0.53148206
3.1675,0.45735851
3.168,0.3717193
3.1685,0.33429732
3.169,0.36382277
3.1695,0.34999648
3.17,0.39397607
3.1705,0.18836216
3.171,0.06722599
3.1715,-0.01391524
3.172,-0.00736424
3.1725,0.04800697
3.173,0.11839899
3.1735,0.3042638
3.174,0.30415964
3.1745,0.17651646
3.175,0.14960726
3.1755,0.11356415
3.176,0.00286862
3.1765,0.04424068
3.177,-0.01210673
3.1775,-0.0886302
3.178,-0.18934685
3.1785,-0.47418803
3.179,-0.57820662
3.1795,-0.59237857
3.18,-0.54723161
3.1805,-0.38937942
3.181,-0.25589913
3.1815,-0.16642515
3.182,-0.18800695
3.1825,-0.22998741
3.183,-0.14641087
3.1835,-0.07267619
3.184,-0.02426697
3.1845,-0.00052188
3.185,0.00140772
3.1855,-0.08747851
3.186,-0.18993699
3.1865,-0.23811297
3.187,-0.18950504
3.1875,-0.1638753
3.188,-0.00263414
3.1885,0.12508869
3.189,0.28409213
3.1895,0.24762944
3.19,0.37437131
3.1905,0.3538184
3.191,0.43737632
3.1915,0.56803684
3.192,0.5538569
3.1925,0.55487325
3.193,0.36966329
3.1935,0.1813309
3.194,0.16314899
3.1945,-0.00190195
3.195,0.07349763
3.1955,0.01091274
3.196,0.07475797
3.1965,0.10046913
3.197,0.13512791
3.1975,0.07706181
3.198,0.05405484
3.1985,0.03747526
3.199,0.06435959
3.1995,0.10218134
3.2,0.08237929
3.2005,-0.07803731
3.201,-0.2546693
3.2015,-0.37045893
3.202,-0.48406753
3.2025,-0.49775523
3.203,-0.45881426
3.2035,-0.41907688
3.204,-0.38018444
3.2045,-0.43869126
3.205,-0.40229434
3.2055,-0.26627726
3.206,-0.16577422
3.2065,-0.06768647
3.207,0.04113181
3.2075,0.08742773
3.208,0.03666463
3.2085,-0.04045832
3.209,-0.10926607
3.2095,-0.1028535
3.21,-0.07829045
3.2105,-0.00318811
3.211,0.00345451
3.2115,0.10684573
3.212,0.03024831
3.2125,0.04040183
3.213,0.22374324
3.2135,0.37579867
3.214,0.49211292
3.2145,0.57688408
3.215,0.59291589
3.2155,0.47778555
3.216,0.36129399
3.2165,0.34727656
3.217,0.25130755
3.2175,0.22007192
3.218,0.16245941
3.2185,0.12836289
3.219,-0.00344893
3.2195,-0.08852339
3.22,-0.17831582
3.2205,-0.06304131
3.221,0.04168329
3.2215,0.08124746
3.222,0.15137725
3.2225,0.14857855
3.223,-0.03972902
3.2235,-0.08248503
3.224,-0.17928508
3.2245,-0.24027073
3.225,-0.19258391
3.2255,-0.29142178
3.226,-0.37001922
3.2265,-0.46066753
3.227,-0.53334141
3.2275,-0.5492565
3.228,-0.55945693
3.2285,-0.34279628
3.229,-0.19507178
3.2295,-0.01182971
3.23,0.08743117
3.2305,-0.06803008
3.231,-0.07825333
3.2315,0.0067352
3.232,0.07151352
3.2325,0.17753204
3.233,0.07404772
3.2335,0.08661548
3.234,-0.00808212
3.2345,-0.07603537
3.235,-0.04485788
3.2355,0.10808858
3.236,0.18508282
3.2365,0.32217099
3.237,0.4055948
3.2375,0.46782247
3.238,0.38790029
3.2385,0.34582294
3.239,0.41444966
3.2395,0.460827
3.24,0.50510272
3.2405,0.39614855
3.241,0.24791202
3.2415,0.03377336
3.242,-0.09237654
3.2425,-0.11600518
3.243,-0.13989142
3.2435,-0.0877066
3.244,-0.0491188
3.2445,-0.05860373
3.245,-0.05539846
3.2455,-0.13617323
3.246,-0.13614691
3.2465,-0.14381293
3.247,-0.04800093
3.2475,-0.0401835
3.248,-0.08102471
3.2485,-0.27013383
3.249,-0.34957225
3.2495,-0.5244711
3.25,-0.60539191
3.2505,-0.50668576
3.251,-0.42490708
3.2515,-0.36065878
3.252,-0.22448236
3.2525,-0.2259621
3.253,-0.2094401
3.2535,-0.06717767
3.254,0.05199272
3.2545,0.14630582
3.255,0.21751654
3.2555,0.24061262
3.256,0.19675652
3.2565,0.04289653
3.257,0.06145003
3.2575,0.03156829
3.258,0.07524015
3.2585,0.16666253
3.259,0.16901552
3.2595,0.20315552
3.26,0.1878713
3.2605,0.20331974
3.261,0.28672688
3.2615,0.38618112
3.262,0.54166505
3.2625,0.58555427
3.263,0.47505698
3.2635,0.38220507
3.264,0.23392231
3.2645,0.11507687
3.265,-0.07885011
3.2655,-0.07070544
3.266,-0.01897699
3.2665,-0.13794343
3.267,-0.20620776
3.2675,-0.2323013
3.268,-0.2962742
3.2685,-0.22265409
3.269,-0.13913469
3.2695,-0.02845527
3.27,0.0480172
3.2705,-0.00303757
3.271,-0.18687186
3.2715,-0.23673087
3.272,-0.39007329
3.2725,-0.34997769
3.273,-0.33585625
3.2735,-0.31983621
3.274,-0.41570471
3.2745,-0.37136264
3.275,-0.45335111
3.2755,-0.51420537
3.276,-0.27825053
3.2765,-0.09759431
3.277,0.03786725
3.2775,0.21395796
3.278,0.26284963
3.2785,0.28234043
3.279,0.19219536
3.2795,0.17844938
3.28,0.21276372
3.2805,0.27309293
3.281,0.32132925
3.2815,0.17621111
3.282,0.08868359
3.2825,0.05863148
3.283,0.03074018
3.2835,0.13560324
3.284,0.27610674
3.2845,0.39072499
3.285,0.46373245
3.2855,0.55173873
3.286,0.3659193
3.2865,0.27910626
3.287,0.26115528
3.2875,0.22618211
3.288,0.20216255
3.2885,0.15738849
3.289,0.03841379
3.2895,-0.15941464
3.29,-0.29790062
3.2905,-0.37383186
3.291,-0.35740759
3.2915,-0.27017698
3.292,-0.1935772
3.2925,-0.18900384
3.293,-0.13153036
3.2935,-0.10836445
3.294,-0.29711597
3.2945,-0.1769505
3.295,-0.18295244
3.2955,-0.2192761
3.296,-0.21700374
3.2965,-0.28065874
3.297,-0.41514513
3.2975,-0.55969372
3.298,-0.53765888
3.2985,-0.45198211
3.299,-0.24649379
3.2995,-0.16921116
3.3,0.06270204
3.3005,0.02601754
3.301,0.07965054
3.3015,0.09290858
3.302,0.27341756
3.3025,0.35800826
3.303,0.47699686
3.3035,0.44833417
3.304,0.3385778
3.3045,0.18529285
3.305,0.10299316
3.3055,0.06282513
3.306,0.09079125
3.3065,0.17123547
3.307,0.24690013
3.3075,0.33041006
3.308,0.2966865
3.3085,0.23276418
3.309,0.26483346
3.3095,0.2878192
3.31,0.3179822
3.3105,0.34167809
3.311,0.36239076
3.3115,0.18245199
3.312,0.04352944
3.3125,-0.13840124
3.313,-0.30667404
3.3135,-0.24540245
3.314,-0.27048369
3.3145,-0.30291914
3.315,-0.2767957
3.3155,-0.42470305
3.316,-0.38032749
3.3165,-0.33607914
3.317,-0.28086099
3.3175,-0.08667246
3.318,-0.0347712
3.3185,-0.02993819
3.319,-0.10299673
3.3195,-0.21853296
3.32,-0.40427411
3.3205,-0.42554143
3.321,-0.41733763
3.3215,-0.2697907
3.322,-0.2305958
3.3225,-0.20769711
3.323,-0.17351375
3.3235,-0.10592343
3.324,-0.05169497
3.3245,0.1339061
3.325,0.28379249
3.3255,0.36352361
3.326,0.44779695
3.3265,0.45763576
3.327,0.34780876
3.3275,0.25114537
3.328,0.26665459
3.3285,0.25802797
3.329,0.25413544
3.3295,0.21874792
3.33,0.14240729
3.3305,0.11720934
3.331,0.08525974
3.3315,0.11730532
3.332,0.24917205
3.3325,0.38781758
3.333,0.40490894
3.3335,0.39769105
3.334,0.25646779
3.3345,0.10947118
3.335,0.04334832
3.3355,-0.00679394
3.336,-0.12792072
3.3365,-0.11960901
3.337,-0.21483793
3.3375,-0.29537912
3.338,-0.49380123
3.3385,-0.52974004
3.339,-0.45734574
3.3395,-0.35001108
3.34,-0.22267314
3.3405,-0.07935346
3.341,-0.07789855
3.3415,-0.12838814
3.342,-0.21617214
3.3425,-0.21147726
3.343,-0.13742906
3.3435,-0.16688567
3.344,-0.16863151
3.3445,-0.20560525
3.345,-0.23676347
3.3455,-0.36373646
3.346,-0.31917432
3.3465,-0.21633703
3.347,-0.03635873
3.3475,0.1372186
3.348,0.27582569
3.3485,0.40145209
3.349,0.38446942
3.3495,0.3282874
3.35,0.37393097
3.3505,0.42065007
3.351,0.48425851
3.3515,0.45267135
3.352,0.33772238
3.3525,0.25688043
3.353,0.12448029
3.3535,0.0822546
3.354,0.06669995
3.3545,0.14361192
3.355,0.20252928
3.3555,0.26370646
3.356,0.30877144
3.3565,0.1504171
3.357,0.1250842
3.3575,0.08939299
3.358,0.11529727
3.3585,0.17342297
3.359,0.10944574
3.3595,-0.10062028
3.36,-0.27917229
3.3605,-0.44699054
3.361,-0.50370183
3.3615,-0.53726856
3.362,-0.43430066
3.3625,-0.41279226
3.363,-0.29810413
3.3635,-0.32307745
3.364,-0.30939008
3.3645,-0.30204573
3.365,-0.18257318
3.3655,-0.09304236
3.366,-0.04155261
3.3665,0.02591721
3.367,-0.02483651
3.3675,-0.15981526
3.368,-0.28477995
3.3685,-0.29400658
3.369,-0.2435711
3.3695,-0.12179501
3.37,0.03498554
3.3705,0.0201994
3.371,0.08229035
3.3715,0.15797587
3.372,0.21858785
3.3725,0.34229234
3.373,0.50100223
3.3735,0.57418133
3.374,0.58556716
3.3745,0.51483561
3.375,0.34160258
3.3755,0.22328085
3.376,0.16282352
3.3765,0.13936794
3.377,0.12921403
3.3775,0.13621305
3.378,0.09932165
3.3785,0.01495556
3.379,-0.05383971
3.3795,-0.03044368
3.38,0.11058229
3.3805,0.09990538
3.381,0.18640237
3.3815,0.18697892
3.382,0.1088484
3.3825,-0.07204785
3.383,-0.24006605
3.3835,-0.33197699
3.384,-0.30608752
3.3845,-0.3938213
3.385,-0.38018433
3.3855,-0.53925981
3.386,-0.47752708
3.3865,-0.46369022
3.387,-0.53026006
3.3875,-0.3799594
3.388,-0.21589917
3.3885,-0.02081049
3.389,0.00369603
3.3895,0.03825918
3.39,0.00655781
3.3905,-0.07150839
3.391,-0.05947928
3.3915,-0.01134055
3.392,-0.05419577
3.3925,0.00201105
3.393,-0.06189688
3.3935,-0.10021936
3.394,-0.06199289
3.3945,0.05464336
3.395,0.15484446
3.3955,0.35448349
3.396,0.43411938
3.3965,0.55265131
3.397,0.50019695
3.3975,0.50266192
3.398,0.41876153
3.3985,0.35941867
3.399,0.37215776
3.3995,0.29644875
3.4,0.27558921
3.4005,0.1229915
3.401,-0.03133332
3.4015,-0.07798882
3.402,-0.12626031
3.4025,-0.09479867
3.403,0.12768992
3.4035,0.09889027
3.404,0.09297066
3.4045,0.0195669
3.405,-0.03156111
3.4055,-0.03312365
3.406,-0.07660254
3.4065,-0.10494942
3.407,-0.16658863
3.4075,-0.27832272
3.408,-0.37520979
3.4085,-0.53581501
3.409,-0.6194502
3.4095,-0.65076635
3.41,-0.45911068
3.4105,-0.36396501
3.411,-0.21881001
3.4115,-0.13189204
3.412,-0.09761816
3.4125,-0.13574254
3.413,-0.00555627
3.4135,0.0109664
3.414,0.11904635
3.4145,0.20730566
3.415,0.13571238
3.4155,-0.00075937
3.416,-0.05841207
3.4165,-0.10026189
3.417,-0.10761393
3.4175,0.13670078
3.418,0.20021638
3.4185,0.2565029
3.419,0.35401382
3.4195,0.3569838
3.42,0.37949044
3.4205,0.41409141
3.421,0.5428717
3.4215,0.49994301
3.422,0.56805876
3.4225,0.46286857
3.423,0.2250637
3.4235,0.06444166
3.424,-0.00296504
3.4245,-0.12266096
3.425,-0.01211589
3.4255,-0.01510818
3.426,-0.0127688
3.4265,-0.08476783
3.427,-0.11193789
3.4275,-0.12532135
3.428,-0.08902518
3.4285,-0.00086287
3.429,0.00129925
3.4295,-0.03276833
3.43,-0.12518961
3.4305,-0.24387417
3.431,-0.40995646
3.4315,-0.43346214
3.432,-0.48230887
3.4325,-0.47417475
3.433,-0.34780107
3.4335,-0.47216312
3.434,-0.42377997
3.4345,-0.44072478
3.435,-0.30809462
3.4355,-0.13056106
3.436,0.00855831
3.4365,0.21253815
3.437,0.22502046
3.4375,0.22512735
3.438,0.1192282
3.4385,0.01429268
3.439,0.04960386
3.4395,0.0276989
3.44,0.1043098
3.4405,0.11595296
3.441,0.14458429
3.4415,0.14445628
3.442,0.1143283
3.4425,0.1329427
3.443,0.38605245
3.4435,0.51990599
3.444,0.54878312
3.4445,0.61556789
3.445,0.47090054
3.4455,0.39197673
3.446,0.2692803
3.4465,0.16265669
3.447,0.13414495
3.4475,0.0368107
3.448,0.05557092
3.4485,-0.10581122
3.449,-0.18242748
3.4495,-0.29934602
3.45,-0.26547599
3.4505,-0.21365032
3.451,-0.07281591
3.4515,-0.0338377
3.452,-0.03927618
3.4525,-0.04421822
3.453,-0.10154416
3.4535,-0.32644951
3.454,-0.24861343
3.4545,-0.27845277
3.455,-0.37142433
3.4555,-0.41740781
3.456,-0.44478547
3.4565,-0.55686393
3.457,-0.56074186
3.4575,-0.49590808
3.458,-0.28724603
3.4585,-0.15735291
3.459,0.00018301
3.4595,0.10176813
3.46,0.08403197
3.4605,0.16007394
3.461,0.19475526
3.4615,0.15670797
3.462,0.23357633
3.4625,0.31868283
3.463,0.22862984
3.4635,0.06894789
3.464,0.08514105
3.4645,0.04009739
3.465,0.04710587
3.4655,0.24444069
3.466,0.27694806
3.4665,0.35052622
3.467,0.49125073
3.4675,0.46084048
3.468,0.36515297
3.4685,0.38044563
3.469,0.32026823
3.4695,0.36457145
3.47,0.32374041
3.4705,0.21612914
3.471,-0.00787271
3.4715,-0.17144977
3.472,-0.28031144
3.4725,-0.26757275
3.473,-0.32219339
3.4735,-0.23859744
3.474,-0.21696174
3.4745,-0.23769065
3.475,-0.17878256
3.4755,-0.23304309
3.476,-0.1779846
3.4765,-0.11997773
3.477,-0.08246804
3.4775,-0.09372235
3.478,-0.14310222
3.4785,-0.30293166
3.479,-0.46449942
3.4795,-0.54433925
3.48,-0.45826296
3.4805,-0.42461417
3.481,-0.28826192
3.4815,-0.14066762
3.482,-0.13451253
3.4825,-0.12036241
3.483,-0.01759211
3.4835,0.06539385
3.484,0.28811956
3.4845,0.39508787
3.485,0.39018017
3.4855,0.36918445
3.486,0.27334308
3.4865,0.1538959
3.487,0.08951751
3.4875,0.16144165
3.488,0.16399329
3.4885,0.27105666
3.489,0.28480469
3.4895,0.24187464
3.49,0.25539648
3.4905,0.21723268
3.491,0.29819596
3.4915,0.3644621
3.492,0.55186911
3.4925,0.49698534
3.493,0.39294296
3.4935,0.19534231
3.494,0.04323652
3.4945,-0.07761428
3.495,-0.19005269
3.4955,-0.16918828
3.496,-0.18838016
3.4965,-0.25903202
3.497,-0.40235173
3.4975,-0.41609113
3.498,-0.35754952
3.4985,-0.29966561
3.499,-0.21279887
3.4995,-0.05751925
3.5,-0.10885717
3.5005,-0.13647807
3.501,-0.20931261
3.5015,-0.32308314
3.502,-0.26139541
3.5025,-0.32602055
3.503,-0.19425833
3.5035,-0.3103999
3.504,-0.35519998
3.5045,-0.3571473
3.505,-0.37134848
3.5055,-0.22351725
3.506,-0.08832056
3.5065,0.12752143
3.507,0.30810433
3.5075,0.47487335
3.508,0.343776
3.5085,0.35188601
3.509,0.32802812
3.5095,0.31409324
3.51,0.2948401
3.5105,0.3553671
3.511,0.33851895
3.5115,0.21967778
3.512,0.14415714
3.5125,0.03741136
3.513,0.05811134
3.5135,0.13515384
3.514,0.28063985
3.5145,0.41387074
3.515,0.39528273
3.5155,0.38492011
3.516,0.29909437
3.5165,0.20799771
3.517,0.13224516
3.5175,0.09973901
3.518,0.07890045
3.5185,-0.00556132
3.519,-0.21346412
3.5195,-0.33272864
3.52,-0.47100278
3.5205,-0.53445862
3.521,-0.48938663
3.5215,-0.36931685
3.522,-0.32442469
3.5225,-0.17708622
3.523,-0.30750584
3.5235,-0.24691182
3.524,-0.18832458
3.5245,-0.16394327
3.525,-0.17810585
3.5255,-0.15331603
3.526,-0.13492826
3.5265,-0.22440746
3.527,-0.33449551
3.5275,-0.32287973
3.528,-0.33659201
3.5285,-0.26354892
3.529,-0.07760646
3.5295,0.11222575
3.53,0.13275591
3.5305,0.19316511
3.531,0.26052014
3.5315,0.31314846
3.532,0.36719667
3.5325,0.47029228
3.533,0.53974429
3.5335,0.46106208
3.534,0.33110285
3.5345,0.22901739
3.535,0.10033402
3.5355,0.08220924
3.536,0.10336616
3.5365,0.21048283
3.537,0.2040255
3.5375,0.21300552
3.538,0.162284
3.5385,0.13888703
3.539,0.16476766
3.5395,0.18419355
3.54,0.32649395
3.5405,0.23171785
3.541,0.1566497
3.5415,-0.05592178
3.542,-0.23783905
3.5425,-0.35313639
3.543,-0.46352887
3.5435,-0.47033281
3.544,-0.38686956
3.5445,-0.42456105
3.545,-0.46831453
3.5455,-0.51486432
3.546,-0.41419974
3.5465,-0.30913788
3.547,-0.1748383
3.5475,-0.0674805
3.548,0.07343166
3.5485,0.00453108
3.549,-0.09321841
3.5495,-0.20643753
3.55,-0.24452436
3.5505,-0.2416846
3.551,-0.13850874
3.5515,-0.10919503
3.552,-0.05151939
3.5525,-0.14800187
3.553,-0.10321499
3.5535,-0.04614231
3.554,0.12972292
3.5545,0.3483588
3.555,0.55483238
3.5555,0.58611293
3.556,0.53822234
3.5565,0.46712553
3.557,0.31380674
3.5575,0.29932262
3.558,0.34465526
3.5585,0.26129776
3.559,0.22416185
3.5595,0.19821891
3.56,0.05071941
3.5605,0.05638685
3.561,-0.00795421
3.5615,0.10964631
3.562,0.09169299
3.5625,0.18177867
3.563,0.25859867
3.5635,0.19426278
3.564,0.03353882
3.5645,-0.03484064
3.565,-0.17421645
3.5655,-0.13484218
3.566,-0.21459113
3.5665,-0.26152094
3.567,-0.48292818
3.5675,-0.60512953
3.568,-0.58018308
3.5685,-0.54463894
3.569,-0.48979164
3.5695,-0.356516
3.57,-0.15500704
3.5705,-0.13026431
3.571,-0.03186516
3.5715,-0.1122559
3.572,-0.08826336
3.5725,-0.08095024
3.573,-0.05327541
3.5735,-0.01768103
3.574,-0.04013361
3.5745,-0.07981962
3.575,-0.19314021
3.5755,-0.22732098
3.576,-0.11469275
3.5765,-0.02116368
3.577,0.15870697
3.5775,0.33690928
3.578,0.40891631
3.5785,0.40811404
3.579,0.47126835
3.5795,0.46299201
3.58,0.49039457
3.5805,0.49899645
3.581,0.49228791
3.5815,0.37954251
3.582,0.32164844
3.5825,0.0570692
3.583,-0.01721921
3.5835,-0.07224173
3.584,-0.04122474
3.5845,0.08650859
3.585,0.02066636
3.5855,0.12669102
3.586,0.03766352
3.5865,0.05560545
3.587,-0.02131526
3.5875,-0.04742273
3.588,0.01880687
3.5885,0.01716455
3.589,-0.08809354
3.5895,-0.21628813
3.59,-0.42377334
3.5905,-0.54879647
3.591,-0.60826165
3.5915,-0.54372138
3.592,-0.42474223
3.5925,-0.39491962
3.593,-0.39399639
3.5935,-0.25573659
3.594,-0.23073083
3.5945,-0.15921808
3.595,0.0043499
3.5955,0.08746761
3.596,0.14819369
3.5965,0.14589533
3.597,0.04008535
3.5975,-0.08732389
3.598,-0.15465825
3.5985,-0.14173858
3.599,-0.04205973
3.5995,0.08275404
3.6,0.11922293
3.6005,0.2000998
3.601,0.22346589
3.6015,0.23685134
3.602,0.32186679
3.6025,0.49652602
3.603,0.57265435
3.6035,0.63300362
3.604,0.57566278
3.6045,0.40683423
3.605,0.27487756
3.6055,0.17507239
3.606,0.14051942
3.6065,0.07970612
3.607,0.07854199
3.6075,0.01097484
3.608,-0.04490447
3.6085,-0.1284372
3.609,-0.14901767
3.6095,-0.13697265
3.61,-0.0177264
3.6105,0.09550434
3.611,0.03247976
3.6115,0.02565007
3.612,-0.10085889
3.6125,-0.26661132
3.613,-0.42562438
3.6135,-0.35457746
3.614,-0.38698322
3.6145,-0.44369384
3.615,-0.49887828
3.6155,-0.48415362
3.616,-0.5578371
3.6165,-0.52946985
3.617,-0.27967042
3.6175,-0.11468372
3.618,-0.0390897
3.6185,0.10135525
3.619,0.11753416
3.6195,0.13975357
3.62,0.03682486
3.6205,-0.00900557
3.621,0.08907181
3.6215,0.0947855
3.622,0.13483628
3.6225,0.04764048
3.623,0.04557254
3.6235,-0.01969464
3.624,0.09299791
3.6245,0.18481044
3.625,0.32897037
3.6255,0.41823963
3.626,0.54153281
3.6265,0.56869341
3.627,0.474348
3.6275,0.32237244
3.628,0.40191426
3.6285,0.31289307
3.629,0.25118228
3.6295,0.27473235
3.63,0.00876602
3.6305,-0.15142854
3.631,-0.30334872
3.6315,-0.25232572
3.632,-0.25119714
3.6325,-0.19454066
3.633,-0.13269641
3.6335,0.05015353
3.634,-0.08169549
3.6345,-0.13399206
3.635,-0.19736563
3.6355,-0.14327246
3.636,-0.11626962
3.6365,-0.14123984
3.637,-0.25308714
3.6375,-0.37089393
3.638,-0.49837744
3.6385,-0.62659737
3.639,-0.67471455
3.6395,-0.4715773
3.64,-0.27731151
3.6405,-0.21909231
3.641,-0.11022403
3.6415,-0.07034899
3.642,-0.03948792
3.6425,0.14416166
3.643,0.1348734
3.6435,0.23450773
3.644,0.36455581
3.6445,0.31185292
3.645,0.22198781
3.6455,0.04778134
3.646,0.04135848
3.6465,0.02568341
3.647,0.09491786
3.6475,0.20595894
3.648,0.2269543
3.6485,0.37163994
3.649,0.34016092
3.6495,0.27461012
3.65,0.43736324
3.6505,0.43819707
3.651,0.46648749
3.6515,0.41026024
3.652,0.48748246
3.6525,0.23042024
3.653,0.06621024
3.6535,-0.08116793
3.654,-0.21970738
3.6545,-0.21645068
3.655,-0.20526988
3.6555,-0.22878449
3.656,-0.23805542
3.6565,-0.32744483
3.657,-0.27497587
3.6575,-0.25380052
3.658,-0.17011278
3.6585,-0.13493716
3.659,-0.02543357
3.6595,-0.08588263
3.66,-0.27933168
3.6605,-0.3276273
3.661,-0.44931054
3.6615,-0.43768787
3.662,-0.4650328
3.6625,-0.36846171
3.663,-0.33053333
3.6635,-0.35900617
3.664,-0.24673628
3.6645,-0.26613973
3.665,-0.12035351
3.6655,0.04928532
3.666,0.23194729
3.6665,0.38960121
3.667,0.35146964
3.6675,0.34650857
3.668,0.25787785
3.6685,0.13724346
3.669,0.13268281
3.6695,0.17871789
3.67,0.24575476
3.6705,0.14784052
3.671,0.22490436
3.6715,0.06999811
3.672,0.12767828
3.6725,0.18900515
3.673,0.43949485
3.6735,0.48071107
3.674,0.52473616
3.6745,0.46363822
3.675,0.32986391
3.6755,0.22606715
3.676,0.1263193
3.6765,0.00415817
3.677,-0.00727369
3.6775,-0.06296136
3.678,-0.24291699
3.6785,-0.34447436
3.679,-0.37879059
3.6795,-0.44282646
3.68,-0.4222481
3.6805,-0.26843556
3.681,-0.2046337
3.6815,-0.06829169
3.682,-0.05553294
3.6825,-0.13598974
3.683,-0.21736766
3.6835,-0.3097144
3.684,-0.28767323
3.6845,-0.25528224
3.685,-0.23162474
3.6855,-0.33927903
3.686,-0.37444185
3.6865,-0.47104209
3.687,-0.42042211
3.6875,-0.2568954
3.688,-0.09889234
3.6885,0.1238885
3.689,0.1982199
3.6895,0.33551913
3.69,0.31835996
3.6905,0.29596659
3.691,0.3595196
3.6915,0.40297834
3.692,0.37422603
3.6925,0.38647297
3.693,0.3078259
3.6935,0.20106986
3.694,0.09088725
3.6945,0.08750064
3.695,0.08214215
3.6955,0.22502751
3.696,0.3315908
3.6965,0.28260429
3.697,0.34426174
3.6975,0.32314257
3.698,0.24200716
3.6985,0.30380215
3.699,0.27940037
3.6995,0.31571459
3.7,0.14265753
3.7005,0.04075647
3.701,-0.21266417
3.7015,-0.41811777
3.702,-0.44219032
3.7025,-0.4117908
3.703,-0.33461627
3.7035,-0.34476229
3.704,-0.21989792
3.7045,-0.27436176
3.705,-0.28000283
3.7055,-0.29513084
3.706,-0.23627847
3.7065,-0.13054885
3.707,-0.07418892
3.7075,-0.04781179
3.708,-0.19186864
3.7085,-0.25000173
3.709,-0.35975068
3.7095,-0.35965168
3.71,-0.35288818
3.7105,-0.21541489
3.711,-0.09395693
3.7115,-0.03930671
3.712,-0.01670203
3.7125,0.04921472
3.713,0.21764965
3.7135,0.255448
3.714,0.43888142
3.7145,0.53100473
3.715,0.55140308
3.7155,0.45556497
3.716,0.34333331
3.7165,0.19277396
3.717,0.13391298
3.7175,0.2538676
3.718,0.17908561
3.7185,0.23107465
3.719,0.19122253
3.7195,0.08544458
3.72,0.14193881
3.7205,0.14577348
3.721,0.24722985
3.7215,0.32163638
3.722,0.36581072
3.7225,0.22185066
3.723,0.16196374
3.7235,-0.03155387
3.724,-0.16958177
3.7245,-0.25266147
3.725,-0.27073711
3.7255,-0.34687689
3.726,-0.36202261
3.7265,-0.45033135
3.727,-0.51608883
3.7275,-0.54090532
3.728,-0.46627496
3.7285,-0.34773002
3.729,-0.152707
3.7295,-0.01392634
3.73,-0.0137705
3.7305,-0.10188557
3.731,-0.23346501
3.7315,-0.1896839
3.732,-0.19420653
3.7325,-0.20526715
3.733,-0.17146155
3.7335,-0.11994944
3.734,-0.21250501
3.7345,-0.14335555
3.735,-0.15299316
3.7355,-0.05081348
3.736,0.161359
3.7365,0.38213417
3.737,0.46204099
3.7375,0.55218401
3.738,0.47108277
3.7385,0.38236901
3.739,0.35514975
3.7395,0.40609524
3.74,0.41242502
3.7405,0.36579125
3.741,0.31541788
3.7415,0.15628758
3.742,0.00109464
3.7425,-0.00730861
3.743,0.02684126
3.7435,0.13433028
3.744,0.17707567
3.7445,0.22164917
3.745,0.19845024
3.7455,0.09014644
3.746,0.05039925
3.7465,-0.00374306
3.747,0.01536946
3.7475,-0.11613534
3.748,-0.11648049
3.7485,-0.27797929
3.749,-0.42455709
3.7495,-0.59947692
3.75,-0.63136678
3.7505,-0.5942843
3.751,-0.4639711
3.7515,-0.29616604
3.752,-0.27342981
3.7525,-0.22854738
3.753,-0.22363841
3.7535,-0.08789369
3.754,-0.083601
3.7545,-0.05188916
3.755,0.00663667
3.7555,0.01965401
3.756,-0.05267975
3.7565,-0.14706096
3.757,-0.1923722
3.7575,-0.21493961
3.758,-0.18934374
3.7585,-0.02289913
3.759,0.14939233
3.7595,0.2099922
3.76,0.25947759
3.7605,0.34630064
3.761,0.35539542
3.7615,0.47086468
3.762,0.57145165
3.7625,0.57760812
3.763,0.49550324
3.7635,0.39517868
3.764,0.23910589
3.7645,0.12549333
3.765,0.03062307
3.7655,-0.03477359
3.766,0.00706145
3.7665,0.11815065
3.767,0.10717687
3.7675,-0.00474972
3.768,-0.01124222
3.7685,-0.05904399
3.769,0.02241791
3.7695,0.10166657
3.77,0.17791066
3.7705,0.04298016
3.771,-0.07317209
3.7715,-0.29028218
3.772,-0.43788506
3.7725,-0.49060832
3.773,-0.49742132
3.7735,-0.40602361
3.774,-0.40292374
3.7745,-0.40067437
3.775,-0.4261724
3.7755,-0.37794241
3.776,-0.37682858
3.7765,-0.209395
3.777,-0.01593813
3.7775,0.12679944
3.778,0.1097988
3.7785,0.05813274
3.779,-0.01479095
3.7795,-0.13653478
3.78,-0.14116318
3.7805,-0.02887912
3.781,-0.01538375
3.7815,0.06605341
3.782,0.00750443
3.7825,0.03746563
3.783,0.11576408
3.7835,0.18783501
3.784,0.33726302
3.7845,0.52104424
3.785,0.62883117
3.7855,0.5662365
3.786,0.48890796
3.7865,0.44046449
3.787,0.36431802
3.7875,0.1893097
3.788,0.18873471
3.7885,0.16588977
3.789,0.06311253
3.7895,-0.0424299
3.79,-0.12967803
3.7905,-0.20198504
3.791,-0.17533279
3.7915,-0.04255136
3.792,-0.03596159
3.7925,0.16386486
3.793,0.08374428
3.7935,-0.0655904
3.794,-0.10687449
3.7945,-0.20459938
3.795,-0.24122779
3.7955,-0.28332966
3.796,-0.34703355
3.7965,-0.38632569
3.797,-0.45876748
3.7975,-0.61465865
3.798,-0.57532847
3.7985,-0.54301843
3.799,-0.34063075
3.7995,-0.21951179
3.8,-0.03456056
3.8005,0.0492468
3.801,0.06395509
3.8015,-0.0232381
3.802,0.04699552
3.8025,0.07653387
3.803,0.12065264
3.8035,0.1676224
3.804,0.13499836
3.8045,0.05724139
3.805,-0.03696588
3.8055,-0.01275462
3.806,0.0708551
3.8065,0.06949701
3.807,0.28780116
3.8075,0.48149961
3.808,0.49262224
3.8085,0.39188343
3.809,0.42466542
3.8095,0.37918829
3.81,0.47717353
3.8105,0.49237369
3.811,0.44551907
3.8115,0.25907334
3.812,0.09504037
3.8125,-0.07284485
3.813,-0.16289892
3.8135,-0.1863317
3.814,-0.18693194
3.8145,-0.10322472
3.815,-0.02214792
3.8155,-0.02152006
3.816,-0.12533803
3.8165,-0.12968138
3.817,-0.11697429
3.8175,-0.09420104
3.818,-0.05154243
3.8185,-0.11086379
3.819,-0.3018026
3.8195,-0.35950853
3.82,-0.58490703
3.8205,-0.58782461
3.821,-0.58755489
3.8215,-0.4741253
3.822,-0.37983968
3.8225,-0.27963593
3.823,-0.27117152
3.8235,-0.23950601
3.824,-0.11716733
3.8245,0.01721805
3.825,0.13263309
3.8255,0.30059899
3.826,0.30591663
3.8265,0.2907332
3.827,0.22306087
3.8275,0.09430555
3.828,-0.0029498
3.8285,0.07655315
3.829,0.1506509
3.8295,0.1809991
3.83,0.19633736
3.8305,0.28247485
3.831,0.21416134
3.8315,0.26318159
3.832,0.36319768
3.8325,0.47958171
3.833,0.56218002
3.8335,0.53964095
3.834,0.41552825
3.8345,0.30206623
3.835,0.14704355
3.8355,0.01646199
3.836,-0.01797584
3.8365,-0.13051165
3.837,-0.17916713
3.8375,-0.23618803
3.838,-0.2955682
3.8385,-0.3431393
3.839,-0.29218029
3.8395,-0.21002942
3.84,-0.12192406
3.8405,-0.00087959
3.841,0.04888146
3.8415,-0.11788515
3.842,-0.2328793
3.8425,-0.34011303
3.843,-0.38033368
3.8435,-0.41877855
3.844,-0.3803406
3.8445,-0.43823359
3.845,-0.52373954
3.8455,-0.50845856
3.846,-0.39466909
3.8465,-0.3340448
3.847,-0.17256401
3.8475,0.09709277
3.848,0.2536626
3.8485,0.29875902
3.849,0.32952108
3.8495,0.21167047
3.85,0.17032057
3.8505,0.23926452
3.851,0.27846089
3.8515,0.19334417
3.852,0.28127713
3.8525,0.20396518
3.853,0.0943749
3.8535,0.07934148
3.854,0.16069229
3.8545,0.22011826
3.855,0.43595932
3.8555,0.49520168
3.856,0.52042965
3.8565,0.45012206
3.857,0.36772342
3.8575,0.28974666
3.858,0.29639262
3.8585,0.19947188
3.859,0.13305543
3.8595,0.03139396
3.86,-0.13584813
3.8605,-0.3788177
3.861,-0.44317448
3.8615,-0.41238304
3.862,-0.34079092
3.8625,-0.26457253
3.863,-0.14938599
3.8635,-0.18048722
3.864,-0.17125062
3.8645,-0.27639227
3.865,-0.19004399
3.8655,-0.16322947
3.866,-0.15593009
3.8665,-0.12903172
3.867,-0.20995899
3.8675,-0.36899297
3.868,-0.53951434
3.8685,-0.51062959
3.869,-0.44365224
3.8695,-0.31682096
3.87,-0.12809646
3.8705,0.02642683
3.871,0.03931964
3.8715,0.13830214
3.872,0.13067858
3.8725,0.23625286
3.873,0.37541834
3.8735,0.42018582
3.874,0.45455153
3.8745,0.42511137
3.875,0.25993895
3.8755,0.1008577
3.876,0.05530974
3.8765,0.09137394
3.877,0.19941736
3.8775,0.24782395
3.878,0.33354077
3.8785,0.32073196
3.879,0.26128972
3.8795,0.31517823
3.88,0.32926025
3.8805,0.32044384
3.881,0.38781999
3.8815,0.37280692
3.882,0.21556811
3.8825,0.02927587
3.883,-0.20888236
3.8835,-0.31926903
3.884,-0.38629724
3.8845,-0.35359926
3.885,-0.32503929
3.8855,-0.29449704
3.886,-0.36918844
3.8865,-0.41882798
3.887,-0.32986561
3.8875,-0.25950924
3.888,-0.19307561
3.8885,-0.16564502
3.889,-0.09832922
3.8895,-0.1329214
3.89,-0.23209143
3.8905,-0.43397868
3.891,-0.37567055
3.8915,-0.33608211
3.892,-0.24791825
3.8925,-0.23430118
3.893,-0.18566272
3.8935,-0.11453773
3.894,-0.05830704
3.8945,-0.05675573
3.895,0.18329918
3.8955,0.31588068
3.896,0.46118739
3.8965,0.5939825
3.897,0.4737555
3.8975,0.37236554
3.898,0.29527826
3.8985,0.31217456
3.899,0.25282167
3.8995,0.29844231
3.9,0.2592581
3.9005,0.17383534
3.901,0.06283589
3.9015,0.04971918
3.902,0.07151231
3.9025,0.13679962
3.903,0.3074825
3.9035,0.3594865
3.904,0.39797508
3.9045,0.31290329
3.905,0.14787
3.9055,0.01411609
3.906,-0.08851818
3.9065,-0.15293372
3.907,-0.19797903
3.9075,-0.24962017
3.908,-0.3444291
3.9085,-0.50163024
3.909,-0.58915634
3.9095,-0.52974057
3.91,-0.43233487
3.9105,-0.25813861
3.911,-0.16536336
3.9115,-0.10809398
3.912,-0.15121731
3.9125,-0.19597244
3.913,-0.20629781
3.9135,-0.19717725
3.914,-0.1361446
3.9145,-0.16074919
3.915,-0.12478047
3.9155,-0.21552649
3.916,-0.30885765
3.9165,-0.29887664
3.917,-0.21099448
3.9175,-0.02296651
3.918,0.11873284
3.9185,0.28030471
3.919,0.36692606
3.9195,0.34687068
3.92,0.42923187
3.9205,0.36729435
3.921,0.44103867
3.9215,0.53419769
3.922,0.53575363
3.9225,0.43236138
3.923,0.29912573
3.9235,0.15204973
3.924,0.03642122
3.9245,0.00451446
3.925,0.07170199
3.9255,0.19094782
3.926,0.26843096
3.9265,0.24260611
3.927,0.16280712
3.9275,0.16647913
3.928,0.14428704
3.9285,0.09964997
3.929,0.12924403
3.9295,-0.02729687
3.93,-0.11354152
3.9305,-0.27836824
3.931,-0.40442645
3.9315,-0.61409314
3.932,-0.61513439
3.9325,-0.4861689
3.933,-0.40374083
3.9335,-0.39659393
3.934,-0.28854941
3.9345,-0.32225026
3.935,-0.30798652
3.9355,-0.23621103
3.936,-0.03978078
3.9365,-0.00516674
3.937,0.00918885
3.9375,-0.04617453
3.938,-0.10794901
3.9385,-0.22142153
3.939,-0.21569701
3.9395,-0.19326699
3.94,-0.04704947
3.9405,0.06096515
3.941,0.03580939
3.9415,0.15857685
3.942,0.19263241
3.9425,0.2803939
3.943,0.37496919
3.9435,0.53103527
3.944,0.55320465
3.9445,0.67423868
3.945,0.59398231
3.9455,0.45860098
3.946,0.30487139
3.9465,0.08826749
3.947,0.11998317
3.9475,0.12557808
3.948,0.11964049
3.9485,0.12368926
3.949,0.02425147
3.9495,-0.03238381
3.95,0.02039539
3.9505,-0.00064728
3.951,0.14571867
3.9515,0.22863911
3.952,0.20297245
3.9525,0.11000546
3.953,-0.13932614
3.9535,-0.25329989
3.954,-0.37532434
3.9545,-0.41208427
3.955,-0.36909133
3.9555,-0.41526137
3.956,-0.50796161
3.9565,-0.54597626
3.957,-0.58881152
3.9575,-0.51535198
3.958,-0.32843996
3.9585,-0.1569712
3.959,-0.05497753
3.9595,0.09677356
3.96,0.0350886
3.9605,-0.01825562
3.961,-0.11223776
3.9615,-0.02366453
3.962,-0.02149629
3.9625,0.00735701
3.963,0.09646849
3.9635,-0.00833697
3.964,-0.04770676
3.9645,-0.06546401
3.965,-0.00871643
3.9655,0.1801382
3.966,0.31920456
3.9665,0.4952358
3.967,0.56535377
3.9675,0.6150589
3.968,0.45256972
3.9685,0.46259202
3.969,0.40470248
3.9695,0.38565028
3.97,0.34074194
3.9705,0.26638556
3.971,0.12231596
3.9715,-0.04219663
3.972,-0.18176009
3.9725,-0.18876043
3.973,-0.123654
3.9735,-0.03954461
3.974,0.09020711
3.9745,0.14471551
3.975,0.03510956
3.9755,-0.02422628
3.976,-0.14636337
3.9765,-0.14163591
3.977,-0.09473012
3.9775,-0.20475998
3.978,-0.26118297
3.9785,-0.40842766
3.979,-0.5765168
3.9795,-0.59256195
3.98,-0.69843833
3.9805,-0.56279633
3.981,-0.3570374
3.9815,-0.30214031
3.982,-0.12812592
3.9825,-0.10948718
3.983,-0.10444669
3.9835,-0.05672984
3.984,0.07793474
3.9845,0.10644686
3.985,0.1822702
3.9855,0.19971594
3.986,0.11168783
3.9865,-0.04228829
3.987,-0.04628136
3.9875,-0.04841725
3.988,0.1326865
3.9885,0.18226597
3.989,0.29140963
3.9895,0.35262717
3.99,0.37876403
3.9905,0.37467802
3.991,0.51050045
3.9915,0.5519582
3.992,0.59655936
3.9925,0.57625679
3.993,0.45061518
3.9935,0.25670177
3.994,0.12812456
3.9945,-0.06846398
3.995,-0.11158511
3.9955,-0.17315427
3.996,-0.00492998
3.9965,-0.10162904
3.997,-0.16910745
3.9975,-0.20223881
3.998,-0.19746142
3.9985,-0.17201506
3.999,-0.05793892
3.9995,-0.00190879
