time,voltage
0.0,-0.61020358
0.0005,-0.65263814
0.001,-0.5955739
0.0015,-0.45873153
0.002,-0.2944579
0.0025,-0.18186008
0.003,-0.16230191
0.0035,-0.0970341
0.004,-0.01569812
0.0045,0.02989798
0.005,0.09807596
0.0055,0.16061456
0.006,0.08290346
0.0065,0.1022566
0.007,-0.04494554
0.0075,-0.0732649
0.008,-0.06318675
0.0085,0.05141556
0.009,0.26634379
0.0095,0.34298521
0.01,0.47333996
0.0105,0.52012529
0.011,0.54947694
0.0115,0.51073271
0.012,0.59044619
0.0125,0.59296703
0.013,0.5007047
0.0135,0.33009229
0.014,0.18113798
0.0145,0.08747133
0.015,-0.1431608
0.0155,-0.126233
0.016,-0.13106714
0.0165,-0.04723582
0.017,-0.0624417
0.0175,-0.07931397
0.018,-0.08186363
0.0185,-0.11270781
0.019,-0.10731251
0.0195,-0.15892185
0.02,-0.13359582
0.0205,-0.1013109
0.021,-0.30262682
0.0215,-0.38496533
0.022,-0.57867134
0.0225,-0.65705618
0.023,-0.64904301
0.0235,-0.53100083
0.024,-0.46719262
0.0245,-0.36723756
0.025,-0.25567712
0.0255,-0.18915544
0.026,-0.13173875
0.0265,-0.02144835
0.027,0.07873381
0.0275,0.14439266
0.028,0.24145299
0.0285,0.21277026
0.029,0.08146945
0.0295,-0.01812226
0.03,-0.00233997
0.0305,-0.0525027
0.031,0.15384572
0.0315,0.28956572
0.032,0.37183934
0.0325,0.38578814
0.033,0.422569
0.0335,0.50066651
0.034,0.46802638
0.0345,0.5413503
0.035,0.60412597
0.0355,0.60831383
0.036,0.43648082
0.0365,0.22110432
0.037,0.1488353
0.0375,-0.17736802
0.038,-0.1961374
0.0385,-0.14285323
0.039,-0.08960478
0.0395,-0.13986824
0.04,-0.14047931
0.0405,-0.20899895
0.041,-0.18722877
0.0415,-0.13751628
0.042,-0.09497294
0.0425,-0.0621763
0.043,-0.10577031
0.0435,-0.30880549
0.044,-0.38997649
0.0445,-0.52045862
0.045,-0.62152365
0.0455,-0.52338052
0.046,-0.53419345
0.0465,-0.40820424
0.047,-0.39549383
0.0475,-0.3160531
0.048,-0.15728472
0.0485,-0.13568352
0.049,0.02566676
0.0495,0.23937986
0.05,0.32415367
0.0505,0.3637563
0.051,0.28972925
0.0515,0.17353751
0.052,0.0958248
0.0525,0.06041871
0.053,0.07440233
0.0535,0.22087001
0.054,0.24351085
0.0545,0.21563526
0.055,0.33983374
0.0555,0.34261124
0.056,0.41904713
0.0565,0.5336619
0.057,0.53866999
0.0575,0.57627673
0.058,0.454745
0.0585,0.32617922
0.059,0.24300578
0.0595,0.04172681
0.06,-0.06844046
0.0605,-0.10845985
0.061,-0.16637122
0.0615,-0.18890394
0.062,-0.2436464
0.0625,-0.25665679
0.063,-0.29591149
0.0635,-0.30600006
0.064,-0.15234683
0.0645,-0.16218161
0.065,-0.08991032
0.0655,-0.16680124
0.066,-0.20528919
0.0665,-0.36301302
0.067,-0.44992138
0.0675,-0.55699725
0.068,-0.51907872
0.0685,-0.43499966
0.069,-0.36206551
0.0695,-0.4193793
0.07,-0.37894598
0.0705,-0.26407117
0.071,-0.10511021
0.0715,-0.00462196
0.072,0.18383596
0.0725,0.34531498
0.073,0.32662748
0.0735,0.31790486
0.074,0.25363774
0.0745,0.21897575
0.075,0.15052118
0.0755,0.18660098
0.076,0.2178614
0.0765,0.19458834
0.077,0.23337589
0.0775,0.22633143
0.078,0.25535503
0.0785,0.2987902
0.079,0.50078384
0.0795,0.57533726
0.08,0.60802144
0.0805,0.47457123
0.081,0.40110032
0.0815,0.14455657
0.082,0.06688082
0.0825,-0.0530246
0.083,-0.11126212
0.0835,-0.21592697
0.084,-0.2585326
0.0845,-0.37902651
0.085,-0.37169726
0.0855,-0.39332254
0.086,-0.35158955
0.0865,-0.23260695
0.087,-0.19266665
0.0875,-0.02354857
0.088,-0.19234855
0.0885,-0.19857497
0.089,-0.33748038
0.0895,-0.46584589
0.09,-0.45660182
0.0905,-0.39593208
0.091,-0.34542575
0.0915,-0.42639363
0.092,-0.39910802
0.0925,-0.37268752
0.093,-0.23925221
0.0935,-0.12152441
0.094,0.13777438
0.0945,0.24726226
0.095,0.40786368
0.0955,0.40510696
0.096,0.4452726
0.0965,0.30137353
0.097,0.35411169
0.0975,0.20270838
0.098,0.32108312
0.0985,0.37404103
0.099,0.23282704
0.0995,0.22945474
0.1,0.2457345
0.1005,0.2212658
0.101,0.27202339
0.1015,0.45195519
0.102,0.48633231
0.1025,0.54749745
0.103,0.43970689
0.1035,0.35081007
0.104,0.16686777
0.1045,0.08082502
0.105,0.03753136
0.1055,-0.09810387
0.106,-0.13204932
0.1065,-0.31964704
0.107,-0.43266337
0.1075,-0.48673214
0.108,-0.52423235
0.1085,-0.50382268
0.109,-0.38036992
0.1095,-0.17873103
0.11,-0.16655806
0.1105,-0.20761124
0.111,-0.26683159
0.1115,-0.32420105
0.112,-0.35608735
0.1125,-0.32208593
0.113,-0.23874836
0.1135,-0.31761498
0.114,-0.42165146
0.1145,-0.39613726
0.115,-0.30815681
0.1155,-0.23962994
0.116,-0.08148407
0.1165,0.07821925
0.117,0.2505315
0.1175,0.38306637
0.118,0.38816509
0.1185,0.38241083
0.119,0.35454432
0.1195,0.31921882
0.12,0.40163973
0.1205,0.36074978
0.121,0.32354735
0.1215,0.27634407
0.122,0.2061207
0.1225,0.13128213
0.123,0.13809887
0.1235,0.23780996
0.124,0.35239082
0.1245,0.4531942
0.125,0.48463515
0.1255,0.3126558
0.126,0.29179577
0.1265,0.20808024
0.127,0.07893152
0.1275,0.03884945
0.128,-0.01693511
0.1285,-0.17940154
0.129,-0.40108106
0.1295,-0.4222132
0.13,-0.54576081
0.1305,-0.57260834
0.131,-0.46273737
0.1315,-0.38844638
0.132,-0.31083738
0.1325,-0.23703032
0.133,-0.22601228
0.1335,-0.21611913
0.134,-0.24048003
0.1345,-0.20037029
0.135,-0.25219781
0.1355,-0.20535709
0.136,-0.32777259
0.1365,-0.31656015
0.137,-0.390998
0.1375,-0.38103852
0.138,-0.21459742
0.1385,-0.15381357
0.139,0.08824644
0.1395,0.17337022
0.14,0.30686476
0.1405,0.38335593
0.141,0.50551321
0.1415,0.45310933
0.142,0.51399295
0.1425,0.51216561
0.143,0.50355262
0.1435,0.34541895
0.144,0.25936882
0.1445,0.16462227
0.145,0.10902936
0.1455,0.09235015
0.146,0.26573793
0.1465,0.31278267
0.147,0.33440881
0.1475,0.34151768
0.148,0.29990735
0.1485,0.22400045
0.149,0.18905776
0.1495,0.10439393
0.15,0.09916317
0.1505,-0.04751657
0.151,-0.22817722
0.1515,-0.40194366
0.152,-0.49333314
0.1525,-0.54524448
0.153,-0.54367238
0.1535,-0.51776449
0.154,-0.43493796
0.1545,-0.33298821
0.155,-0.26516559
0.1555,-0.28468495
0.156,-0.30964481
0.1565,-0.28679952
0.157,-0.18581781
0.1575,-0.16532964
0.158,-0.09018249
0.1585,-0.23872705
0.159,-0.26687531
0.1595,-0.32264805
0.16,-0.36656964
0.1605,-0.2506945
0.161,-0.11487129
0.1615,0.06300499
0.162,0.2347068
0.1625,0.33646357
0.163,0.37080153
0.1635,0.35849248
0.164,0.49680857
0.1645,0.57184307
0.165,0.53711903
0.1655,0.54400739
0.166,0.37499748
0.1665,0.31127278
0.167,0.11929459
0.1675,0.11580539
0.168,0.09874771
0.1685,0.15989771
0.169,0.19661183
0.1695,0.29453795
0.17,0.25513205
0.1705,0.15445632
0.171,0.10220622
0.1715,0.12129299
0.172,0.14597758
0.1725,0.10008764
0.173,0.00323457
0.1735,-0.26820492
0.174,-0.38348514
0.1745,-0.52956238
0.175,-0.62088028
0.1755,-0.57422289
0.176,-0.57609794
0.1765,-0.45190639
0.177,-0.35216057
0.1775,-0.38686428
0.178,-0.24768255
0.1785,-0.28183417
0.179,-0.2303095
0.1795,-0.10387321
0.18,0.00698134
0.1805,-0.01899491
0.181,-0.07310028
0.1815,-0.18990818
0.182,-0.28481275
0.1825,-0.30469775
0.183,-0.13169165
0.1835,-0.07759393
0.184,0.07268072
0.1845,0.19721913
0.185,0.24053362
0.1855,0.27956547
0.186,0.37547262
0.1865,0.57468276
0.187,0.6168442
0.1875,0.66482464
0.188,0.54052341
0.1885,0.44035556
0.189,0.33661752
0.1895,0.12401842
0.19,0.10202589
0.1905,0.06035087
0.191,0.1065737
0.1915,0.11967536
0.192,0.12451354
0.1925,0.11454222
0.193,0.07756581
0.1935,0.09544452
0.194,0.14629645
0.1945,0.1465317
0.195,0.06909114
0.1955,-0.01362451
0.196,-0.19841333
0.1965,-0.37095154
0.197,-0.53928202
0.1975,-0.55520171
0.198,-0.56366999
0.1985,-0.522977
0.199,-0.54165093
0.1995,-0.46794338
0.2,-0.45381086
0.2005,-0.34818577
0.201,-0.3138897
0.2015,-0.20619709
0.202,-0.05888218
0.2025,0.00589103
0.203,-0.02614614
0.2035,-0.06168379
0.204,-0.11630006
0.2045,-0.18650257
0.205,-0.18093701
0.2055,-0.13317198
0.206,0.02102969
0.2065,0.06438961
0.207,0.20022194
0.2075,0.20214772
0.208,0.31071136
0.2085,0.39042433
0.209,0.54740536
0.2095,0.64682145
0.21,0.66406014
0.2105,0.6328171
0.211,0.49270892
0.2115,0.33989141
0.212,0.24689212
0.2125,0.2026644
0.213,0.10568316
0.2135,0.09527742
0.214,0.03158114
0.2145,-0.01201273
0.215,-0.03665719
0.2155,-0.05105208
0.216,-0.03614263
0.2165,0.05375744
0.217,0.06786921
0.2175,0.07419458
0.218,0.01442347
0.2185,-0.19610195
0.219,-0.30850463
0.2195,-0.45781507
0.22,-0.59434136
0.2205,-0.55161914
0.221,-0.54976986
0.2215,-0.57016334
0.222,-0.53998366
0.2225,-0.49943943
0.223,-0.38706762
0.2235,-0.32538686
0.224,-0.14242042
0.2245,-0.03982773
0.225,0.13068056
0.2255,0.11688084
0.226,0.06001602
0.2265,-0.05059666
0.227,-0.03170886
0.2275,0.00139586
0.228,0.01196298
0.2285,0.11721288
0.229,0.06504233
0.2295,0.09035364
0.23,0.14420607
0.2305,0.26179775
0.231,0.41621514
0.2315,0.49150418
0.232,0.66444936
0.2325,0.67153212
0.233,0.65817029
0.2335,0.47114911
0.234,0.38633744
0.2345,0.26411478
0.235,0.15378908
0.2355,0.19403277
0.236,0.06987492
0.2365,-0.04203802
0.237,-0.06936525
0.2375,-0.11377692
0.238,-0.13616282
0.2385,-0.12099327
0.239,0.05379558
0.2395,-0.04917848
0.24,-0.02167916
0.2405,-0.0188039
0.241,-0.18838444
0.2415,-0.3444156
0.242,-0.4128992
0.2425,-0.52830102
0.243,-0.4791322
0.2435,-0.53649137
0.244,-0.57300314
0.2445,-0.5461837
0.245,-0.52548263
0.2455,-0.45518343
0.246,-0.33928754
0.2465,-0.10725873
0.247,0.03136502
0.2475,0.14714299
0.248,0.1588646
0.2485,0.10322122
0.249,0.13239717
0.2495,0.0471367
0.25,0.08873804
0.2505,0.10233831
0.251,0.12113767
0.2515,0.13517003
0.252,0.06732479
0.2525,0.13793739
0.253,0.16947771
0.2535,0.38655704
0.254,0.50179279
0.2545,0.64478363
0.255,0.73326261
0.2555,0.61861851
0.256,0.45748229
0.2565,0.39047399
0.257,0.29100459
0.2575,0.25796582
0.258,0.1398317
0.2585,0.01644502
0.259,-0.08024643
0.2595,-0.17926842
0.26,-0.23585788
0.2605,-0.21951794
0.261,-0.15928136
0.2615,-0.11504713
0.262,-0.05205889
0.2625,0.00176109
0.263,-0.11291876
0.2635,-0.19952657
0.264,-0.27695736
0.2645,-0.36424496
0.265,-0.40886248
0.2655,-0.39853947
0.266,-0.4848511
0.2665,-0.51767972
0.267,-0.64790201
0.2675,-0.5946971
0.268,-0.47432779
0.2685,-0.33139673
0.269,-0.07948326
0.2695,0.10519587
0.27,0.15237594
0.2705,0.1810124
0.271,0.19035441
0.2715,0.26618592
0.272,0.25478266
0.2725,0.18909942
0.273,0.21555678
0.2735,0.20348697
0.274,0.10144162
0.2745,0.13373824
0.275,0.13877514
0.2755,0.21733318
0.276,0.32489657
0.2765,0.46708035
0.277,0.62093423
0.2775,0.54796279
0.278,0.64016339
0.2785,0.47235899
0.279,0.44386978
0.2795,0.3518456
0.28,0.29314503
0.2805,0.17677394
0.281,0.00247198
0.2815,-0.14884633
0.282,-0.33436326
0.2825,-0.34127927
0.283,-0.38601503
0.2835,-0.31782015
0.284,-0.20095115
0.2845,-0.10979741
0.285,-0.11765823
0.2855,-0.17806348
0.286,-0.19659633
0.2865,-0.26801659
0.287,-0.25700342
0.2875,-0.29406201
0.288,-0.33226386
0.2885,-0.43612424
0.289,-0.49972122
0.2895,-0.59218107
0.29,-0.5918692
0.2905,-0.43328444
0.291,-0.33139367
0.2915,-0.13507133
0.292,0.09849361
0.2925,0.07060033
0.293,0.10162988
0.2935,0.22052998
0.294,0.2727886
0.2945,0.2972297
0.295,0.37284725
0.2955,0.36206468
0.296,0.28614283
0.2965,0.18251982
0.297,0.10717659
0.2975,0.12312559
0.298,0.22230769
0.2985,0.3085614
0.299,0.39382809
0.2995,0.56171987
0.3,0.49344881
0.3005,0.50985198
0.301,0.37962687
0.3015,0.38942513
0.302,0.41853109
0.3025,0.34231786
0.303,0.19960201
0.3035,0.02366386
0.304,-0.11472403
0.3045,-0.25426819
0.305,-0.38109956
0.3055,-0.41999611
0.306,-0.26657821
0.3065,-0.21294587
0.307,-0.22640037
0.3075,-0.18406085
0.308,-0.26133477
0.3085,-0.28446893
0.309,-0.22774376
0.3095,-0.23265226
0.31,-0.20061195
0.3105,-0.26110484
0.311,-0.42647416
0.3115,-0.52059022
0.312,-0.55468378
0.3125,-0.55402768
0.313,-0.46645396
0.3135,-0.30268635
0.314,-0.11008355
0.3145,-0.03687569
0.315,0.08706925
0.3155,0.202232
0.316,0.21118389
0.3165,0.33578754
0.317,0.45439034
0.3175,0.45622636
0.318,0.44917379
0.3185,0.38593179
0.319,0.28369134
0.3195,0.11994812
0.32,0.07734097
0.3205,0.20303601
0.321,0.27358805
0.3215,0.40156069
0.322,0.42658538
0.3225,0.44158123
0.323,0.42522711
0.3235,0.43400974
0.324,0.40381424
0.3245,0.39006017
0.325,0.32825707
0.3255,0.19955057
0.326,0.01668307
0.3265,-0.17811148
0.327,-0.37000857
0.3275,-0.37949412
0.328,-0.45322929
0.3285,-0.37679968
0.329,-0.29206124
0.3295,-0.32202267
0.33,-0.33380311
0.3305,-0.3543212
0.331,-0.21709008
0.3315,-0.21729802
0.332,-0.2617073
0.3325,-0.21162133
0.333,-0.22096074
0.3335,-0.31156687
0.334,-0.47418008
0.3345,-0.479984
0.335,-0.46270943
0.3355,-0.4788782
0.336,-0.26906674
0.3365,-0.06717009
0.337,-0.00113345
0.3375,0.03395967
0.338,0.16074868
0.3385,0.28812048
0.339,0.36337473
0.3395,0.52420586
0.34,0.56531573
0.3405,0.47150577
0.341,0.46268786
0.3415,0.31988712
0.342,0.1811464
0.3425,0.23830726
0.343,0.18168302
0.3435,0.36775502
0.344,0.32004405
0.3445,0.30497949
0.345,0.30735351
0.3455,0.31166326
0.346,0.281775
0.3465,0.39109343
0.347,0.41352957
0.3475,0.32583652
0.348,0.18886816
0.3485,0.10223863
0.349,-0.14541879
0.3495,-0.33310219
0.35,-0.46200172
0.3505,-0.36738178
0.351,-0.4000271
0.3515,-0.41130615
0.352,-0.44568049
0.3525,-0.41691594
0.353,-0.43583016
0.3535,-0.36731224
0.354,-0.20931625
0.3545,-0.10807108
0.355,-0.15232785
0.3555,-0.1733374
0.356,-0.28117297
0.3565,-0.40985405
0.357,-0.47192832
0.3575,-0.3425584
0.358,-0.28956719
0.3585,-0.2432788
0.359,-0.1039748
0.3595,-0.01006077
0.36,0.05878192
0.3605,0.13118923
0.361,0.25937574
0.3615,0.46769939
0.362,0.60599217
0.3625,0.63998414
0.363,0.49822599
0.3635,0.44972342
0.364,0.31553572
0.3645,0.27032416
0.365,0.24872472
0.3655,0.24700587
0.366,0.23497709
0.3665,0.20519732
0.367,0.13542057
0.3675,0.13024338
0.368,0.25103817
0.3685,0.26849348
0.369,0.41667352
0.3695,0.44863069
0.37,0.28852416
0.3705,0.18841843
0.371,0.01923861
0.3715,-0.18970516
0.372,-0.36083565
0.3725,-0.39707957
0.373,-0.45544591
0.3735,-0.45376403
0.374,-0.46151398
0.3745,-0.51227288
0.375,-0.5105184
0.3755,-0.49227618
0.376,-0.3392548
0.3765,-0.19278749
0.377,-0.07991027
0.3775,-0.08240715
0.378,-0.0189298
0.3785,-0.20666176
0.379,-0.23078994
0.3795,-0.2628232
0.38,-0.228029
0.3805,-0.22535331
0.381,-0.17510121
0.3815,-0.08317546
0.382,-0.11042958
0.3825,-0.0050375
0.383,0.14651598
0.3835,0.30285828
0.384,0.46516628
0.3845,0.60279058
0.385,0.63437744
0.3855,0.61868262
0.386,0.5239441
0.3865,0.43610932
0.387,0.28994786
0.3875,0.29546244
0.388,0.22767241
0.3885,0.17481194
0.389,0.20394749
0.3895,0.08006234
0.39,0.08588412
0.3905,0.10290887
0.391,0.22831017
0.3915,0.20887402
0.392,0.26112175
0.3925,0.23418961
0.393,0.08121904
0.3935,0.00507803
0.394,-0.16937427
0.3945,-0.26953821
0.395,-0.35744699
0.3955,-0.44974212
0.396,-0.48463333
0.3965,-0.53372009
0.397,-0.66280123
0.3975,-0.62516436
0.398,-0.50994035
0.3985,-0.41626369
0.399,-0.20689448
0.3995,-0.08230637
0.4,-0.09157099
0.4005,-0.08245686
0.401,-0.15552521
0.4015,-0.1766997
0.402,-0.13293338
0.4025,-0.15065077
0.403,-0.1470504
0.4035,-0.11253074
0.404,-0.17657795
0.4045,-0.06491941
0.405,-0.07003529
0.4055,0.0513953
0.406,0.25228381
0.4065,0.49920611
0.407,0.61580002
0.4075,0.65825311
0.408,0.62622663
0.4085,0.51776078
0.409,0.45752244
0.4095,0.41485534
0.41,0.37700219
0.4105,0.29079183
0.411,0.21318596
0.4115,0.0642694
0.412,-0.00387694
0.4125,0.03406679
0.413,0.05814253
0.4135,0.13827009
0.414,0.14681507
0.4145,0.26566485
0.415,0.20751317
0.4155,0.05452156
0.416,-0.04927847
0.4165,-0.14055428
0.417,-0.21205513
0.4175,-0.28571592
0.418,-0.4204506
0.4185,-0.51930695
0.419,-0.54994459
0.4195,-0.61122746
0.42,-0.67780631
0.4205,-0.52235538
0.421,-0.39457842
0.4215,-0.30270797
0.422,-0.13462039
0.4225,-0.09970045
0.423,-0.05503183
0.4235,-0.12320791
0.424,-0.08556389
0.4245,-0.0177586
0.425,-0.01326935
0.4255,-0.02235246
0.426,-0.03030977
0.4265,-0.09037253
0.427,-0.09514923
0.4275,-0.08104033
0.428,0.11717247
0.4285,0.25251735
0.429,0.44451158
0.4295,0.55661734
0.43,0.64641109
0.4305,0.56139053
0.431,0.51908951
0.4315,0.42384019
0.432,0.48693302
0.4325,0.39248851
0.433,0.36947675
0.4335,0.24429028
0.434,0.07469315
0.4345,-0.04513918
0.435,-0.06367942
0.4355,-0.05417097
0.436,0.06005008
0.4365,0.10485805
0.437,0.07950683
0.4375,0.08746165
0.438,0.02734296
0.4385,-0.07268873
0.439,-0.20762923
0.4395,-0.10727312
0.44,-0.25676863
0.4405,-0.29137734
0.441,-0.50688378
0.4415,-0.69724151
0.442,-0.73242826
0.4425,-0.70233611
0.443,-0.61719903
0.4435,-0.45308966
0.444,-0.25184151
0.4445,-0.14378558
0.445,-0.13315491
0.4455,-0.07858629
0.446,-0.05577172
0.4465,0.03154706
0.447,0.10537022
0.4475,0.08261056
0.448,0.13526428
0.4485,-0.01667232
0.449,-0.04705258
0.4495,-0.0515384
0.45,-0.0684669
0.4505,0.13037589
0.451,0.29900003
0.4515,0.3973296
0.452,0.58098763
0.4525,0.56017953
0.453,0.54650718
0.4535,0.55320895
0.454,0.60092067
0.4545,0.57697189
0.455,0.51853646
0.4555,0.43066019
0.456,0.18910173
0.4565,-0.03016342
0.457,-0.09549618
0.4575,-0.10789564
0.458,-0.09620199
0.4585,0.0437407
0.459,-0.02778591
0.4595,0.01938538
0.46,-0.0334906
0.4605,-0.06368145
0.461,-0.15378924
0.4615,-0.16881289
0.462,-0.19347209
0.4625,-0.24967592
0.463,-0.31375729
0.4635,-0.50881403
0.464,-0.63210746
0.4645,-0.67755312
0.465,-0.65323329
0.4655,-0.55957095
0.466,-0.4413316
0.4665,-0.31971074
0.467,-0.18961382
0.4675,-0.14399496
0.468,-0.09120106
0.4685,0.03744026
0.469,0.12538741
0.4695,0.19747313
0.47,0.21157555
0.4705,0.13870987
0.471,0.0665825
0.4715,0.05357159
0.472,-0.01225588
0.4725,0.02935484
0.473,0.09051628
0.4735,0.31908108
0.474,0.41640399
0.4745,0.44131232
0.475,0.43955595
0.4755,0.46947817
0.476,0.5214948
0.4765,0.63083793
0.477,0.55988561
0.4775,0.51324454
0.478,0.31572311
0.4785,0.26245928
0.479,0.00522687
0.4795,-0.08537363
0.48,-0.17043774
0.4805,-0.11240064
0.481,-0.10466909
0.4815,-0.11504517
0.482,-0.10957265
0.4825,-0.16232621
0.483,-0.13394582
0.4835,-0.09168526
0.484,-0.12693904
0.4845,-0.17946584
0.485,-0.1367783
0.4855,-0.29758549
0.486,-0.45948603
0.4865,-0.62469316
0.487,-0.71888341
0.4875,-0.62985944
0.488,-0.55407464
0.4885,-0.46589059
0.489,-0.26985585
0.4895,-0.24738838
0.49,-0.17740087
0.4905,-0.06491967
0.491,0.07443067
0.4915,0.21512876
0.492,0.21795608
0.4925,0.3070182
0.493,0.2050253
0.4935,0.17218339
0.494,0.06686382
0.4945,0.02958351
0.495,0.06069055
0.4955,0.22284371
0.496,0.33835585
0.4965,0.33798252
0.497,0.39400365
0.4975,0.46097481
0.498,0.43161896
0.4985,0.51649754
0.499,0.63590615
0.4995,0.65728082
0.5,0.55172012
0.5005,0.38492263
0.501,0.2165399
0.5015,0.03185376
0.502,-0.06119138
0.5025,-0.15769705
0.503,-0.18161617
0.5035,-0.09507905
0.504,-0.2191966
0.5045,-0.27020026
0.505,-0.19535517
0.5055,-0.24412077
0.506,-0.24702382
0.5065,-0.17709972
0.507,-0.09857788
0.5075,-0.21664397
0.508,-0.28684149
0.5085,-0.46282068
0.509,-0.53495135
0.5095,-0.55363461
0.51,-0.61615039
0.5105,-0.52480163
0.511,-0.40790806
0.5115,-0.42657788
0.512,-0.32998084
0.5125,-0.20078991
0.513,-0.11503649
0.5135,0.10681391
0.514,0.18906931
0.5145,0.32322081
0.515,0.36778027
0.5155,0.33229866
0.516,0.23744302
0.5165,0.15888136
0.517,0.14140982
0.5175,0.15962973
0.518,0.22691592
0.5185,0.25853779
0.519,0.256805
0.5195,0.23590568
0.52,0.35634644
0.5205,0.44053561
0.521,0.53514304
0.5215,0.63800914
0.522,0.6076628
0.5225,0.5039542
0.523,0.41964256
0.5235,0.22167206
0.524,0.07498947
0.5245,-0.09098556
0.525,-0.17020629
0.5255,-0.21039407
0.526,-0.25539138
0.5265,-0.29001167
0.527,-0.36383674
0.5275,-0.40320553
0.528,-0.38385854
0.5285,-0.28140649
0.529,-0.16341302
0.5295,-0.148555
0.53,-0.22264104
0.5305,-0.30265171
0.531,-0.36313978
0.5315,-0.45063317
0.532,-0.52120864
0.5325,-0.53006478
0.533,-0.46109021
0.5335,-0.40960015
0.534,-0.37758042
0.5345,-0.35168795
0.535,-0.25977211
0.5355,-0.10768994
0.536,0.11038128
0.5365,0.2803146
0.537,0.36473941
0.5375,0.45707896
0.538,0.33977545
0.5385,0.3625488
0.539,0.23603334
0.5395,0.2186886
0.54,0.32154463
0.5405,0.25448281
0.541,0.27663172
0.5415,0.25351619
0.542,0.29783036
0.5425,0.28671107
0.543,0.27652097
0.5435,0.44406641
0.544,0.5422169
0.5445,0.54171304
0.545,0.50978325
0.5455,0.3060736
0.546,0.16869297
0.5465,0.01925961
0.547,-0.0490062
0.5475,-0.1139027
0.548,-0.24797566
0.5485,-0.37215981
0.549,-0.37988051
0.5495,-0.48150277
0.55,-0.46404236
0.5505,-0.42440319
0.551,-0.20001192
0.5515,-0.15664217
0.552,-0.14991066
0.5525,-0.15333327
0.553,-0.24900342
0.5535,-0.29507343
0.554,-0.46256171
0.5545,-0.47913829
0.555,-0.3988335
0.5555,-0.36978358
0.556,-0.40198478
0.5565,-0.41722923
0.557,-0.32139378
0.5575,-0.27630818
0.558,-0.07938106
0.5585,0.1235142
0.559,0.25074144
0.5595,0.41561805
0.56,0.50523618
0.5605,0.45869157
0.561,0.43301934
0.5615,0.35682387
0.562,0.39841753
0.5625,0.39560978
0.563,0.29826271
0.5635,0.23560398
0.564,0.20203898
0.5645,0.15035481
0.565,0.18137973
0.5655,0.28844783
0.566,0.32021983
0.5665,0.52008717
0.567,0.53700044
0.5675,0.47438617
0.568,0.31362705
0.5685,0.14655054
0.569,0.02100925
0.5695,-0.04761083
0.57,-0.10652986
0.5705,-0.21303724
0.571,-0.34826844
0.5715,-0.52529918
0.572,-0.53623144
0.5725,-0.52016434
0.573,-0.50438778
0.5735,-0.42847746
0.574,-0.17766092
0.5745,-0.21595403
0.575,-0.21280426
0.5755,-0.24126927
0.576,-0.29036008
0.5765,-0.32130134
0.577,-0.27548875
0.5775,-0.28767686
0.578,-0.2850241
0.5785,-0.42092521
0.579,-0.36744022
0.5795,-0.34286724
0.58,-0.27432531
0.5805,-0.09876799
0.581,0.13076394
0.5815,0.33941159
0.582,0.36620072
0.5825,0.41403017
0.583,0.44558801
0.5835,0.49881895
0.584,0.40118927
0.5845,0.42665529
0.585,0.447813
0.5855,0.38230747
0.586,0.36208068
0.5865,0.18528215
0.587,0.09227724
0.5875,0.14383078
0.588,0.16118705
0.5885,0.36925146
0.589,0.43665394
0.5895,0.42459166
0.59,0.3583988
0.5905,0.29250249
0.591,0.18959755
0.5915,0.08870058
0.592,0.01615472
0.5925,-0.05427542
0.593,-0.25269638
0.5935,-0.35831025
0.594,-0.53904924
0.5945,-0.6131782
0.595,-0.58426299
0.5955,-0.54794555
0.596,-0.42082444
0.5965,-0.2510783
0.597,-0.20084777
0.5975,-0.25592901
0.598,-0.26523112
0.5985,-0.30235743
0.599,-0.20091907
0.5995,-0.14436357
0.6,-0.18373364
0.6005,-0.26133901
0.601,-0.29594971
0.6015,-0.29662651
0.602,-0.31292224
0.6025,-0.2283611
0.603,-0.03278904
0.6035,0.15168888
0.604,0.30452722
0.6045,0.35517487
0.605,0.41335446
0.6055,0.43454415
0.606,0.45584595
0.6065,0.56578704
0.607,0.62835819
0.6075,0.4770485
0.608,0.39426552
0.6085,0.278896
0.609,0.20341366
0.6095,0.01947517
0.61,0.14179617
0.6105,0.15633107
0.611,0.19540283
0.6115,0.25380254
0.612,0.26850829
0.6125,0.24325341
0.613,0.17019587
0.6135,0.11248835
0.614,0.12993642
0.6145,0.02898441
0.615,-0.04346243
0.6155,-0.25173797
0.616,-0.42444673
0.6165,-0.50837018
0.617,-0.61760365
0.6175,-0.63657932
0.618,-0.55995193
0.6185,-0.47670546
0.619,-0.3736821
0.6195,-0.3365793
0.62,-0.2889663
0.6205,-0.27892854
0.621,-0.17880679
0.6215,-0.07548669
0.622,-0.03201458
0.6225,-0.03584044
0.623,-0.17889569
0.6235,-0.21376865
0.624,-0.29949413
0.6245,-0.2729561
0.625,-0.18836534
0.6255,0.01065297
0.626,0.14396571
0.6265,0.29699524
0.627,0.36803665
0.6275,0.41204849
0.628,0.45765848
0.6285,0.53425445
0.629,0.62372904
0.6295,0.6178257
0.63,0.60886868
0.6305,0.43212967
0.631,0.29882637
0.6315,0.11622858
0.632,0.04082608
0.6325,0.06907096
0.633,0.14781944
0.6335,0.15680659
0.634,0.20106354
0.6345,0.1392578
0.635,0.11447637
0.6355,0.08051335
0.636,0.13141274
0.6365,0.04285734
0.637,0.10000836
0.6375,-0.08292932
0.638,-0.19542076
0.6385,-0.39310028
0.639,-0.57552749
0.6395,-0.62677369
0.64,-0.63105011
0.6405,-0.56980605
0.641,-0.52409335
0.6415,-0.44333661
0.642,-0.42051851
0.6425,-0.26071424
0.643,-0.227118
0.6435,-0.16193292
0.644,-0.04164152
0.6445,0.06430658
0.645,0.0516131
0.6455,-0.0850147
0.646,-0.08730061
0.6465,-0.24983918
0.647,-0.1721142
0.6475,-0.08945894
0.648,0.00618463
0.6485,0.12394135
0.649,0.17109518
0.6495,0.37963037
0.65,0.36825051
0.6505,0.45497965
0.651,0.55643171
0.6515,0.65779476
0.652,0.73190788
0.6525,0.63266133
0.653,0.52099321
0.6535,0.27228122
0.654,0.14492841
0.6545,0.08599236
0.655,0.04634217
0.6555,0.11848991
0.656,0.01174484
0.6565,0.02495513
0.657,-0.02346194
0.6575,-0.03625402
0.658,-0.03738852
0.6585,0.08244983
0.659,0.15507427
0.6595,0.00517602
0.66,-0.0611081
0.6605,-0.27923713
0.661,-0.43012274
0.6615,-0.55449046
0.662,-0.61246661
0.6625,-0.65643553
0.663,-0.5317185
0.6635,-0.47925755
0.664,-0.54561222
0.6645,-0.51232785
0.665,-0.42707918
0.6655,-0.28658282
0.666,-0.08911804
0.6665,-0.02002957
0.667,0.10685492
0.6675,0.09712338
0.668,0.00832841
0.6685,0.02078061
0.669,-0.04074849
0.6695,-0.08381156
0.67,-0.04486256
0.6705,0.08947793
0.671,0.13505005
0.6715,0.18820098
0.672,0.28802217
0.6725,0.31157316
0.673,0.41645181
0.6735,0.63478355
0.674,0.69003279
0.6745,0.70976245
0.675,0.67655891
0.6755,0.54350575
0.676,0.32421197
0.6765,0.21165934
0.677,0.1507238
0.6775,0.11386874
0.678,0.01524485
0.6785,-0.00074343
0.679,-0.05479518
0.6795,-0.10533947
0.68,-0.16156603
0.6805,-0.09863795
0.681,0.04138755
0.6815,0.04307735
0.682,0.05408266
0.6825,-0.08610529
0.683,-0.19285362
0.6835,-0.40410599
0.684,-0.46697012
0.6845,-0.57679744
0.685,-0.53883662
0.6855,-0.57705089
0.686,-0.54962636
0.6865,-0.60721238
0.687,-0.59015685
0.6875,-0.41153578
0.688,-0.29751815
0.6885,-0.10350815
0.689,0.05077537
0.6895,0.09290273
0.69,0.1351108
0.6905,0.04864513
0.691,0.04945295
0.6915,0.11010755
0.692,-0.00380034
0.6925,0.11682817
0.693,0.0787076
0.6935,0.13224937
0.694,0.08914446
0.6945,0.23769823
0.695,0.23747416
0.6955,0.5189027
0.696,0.59673717
0.6965,0.68525489
0.697,0.70746397
0.6975,0.66407583
0.698,0.50985736
0.6985,0.32853116
0.699,0.29629296
0.6995,0.13789962
0.7,0.10206888
0.7005,0.07573841
0.701,-0.15083428
0.7015,-0.20496497
0.702,-0.25170515
0.7025,-0.20272395
0.703,-0.12089903
0.7035,-0.08424159
0.704,0.02906033
0.7045,-0.02682262
0.705,-0.16130756
0.7055,-0.20872724
0.706,-0.35121726
0.7065,-0.41834148
0.707,-0.45698932
0.7075,-0.50951191
0.708,-0.51166511
0.7085,-0.55915808
0.709,-0.61828123
0.7095,-0.5546339
0.71,-0.49303764
0.7105,-0.27039006
0.711,-0.09494806
0.7115,0.11181814
0.712,0.15488223
0.7125,0.178692
0.713,0.19208128
0.7135,0.1555519
0.714,0.17144165
0.7145,0.13185277
0.715,0.1667513
0.7155,0.21932006
0.716,0.17969623
0.7165,0.09031036
0.717,0.15481854
0.7175,0.26651234
0.718,0.49626876
0.7185,0.54534654
0.719,0.68563952
0.7195,0.63245104
0.72,0.6371017
0.7205,0.48335107
0.721,0.37913346
0.7215,0.35010848
0.722,0.25282889
0.7225,0.09860903
0.723,0.00728227
0.7235,-0.09928474
0.724,-0.24755847
0.7245,-0.38262478
0.725,-0.32047316
0.7255,-0.21370039
0.726,-0.15546148
0.7265,-0.08081328
0.727,-0.08545765
0.7275,-0.12515373
0.728,-0.24611627
0.7285,-0.29946545
0.729,-0.39388051
0.7295,-0.37846654
0.73,-0.48089238
0.7305,-0.48308292
0.731,-0.64050897
0.7315,-0.64901668
0.732,-0.59220936
0.7325,-0.46778862
0.733,-0.29398505
0.7335,-0.02423355
0.734,0.07809277
0.7345,0.18827854
0.735,0.19152498
0.7355,0.26346242
0.736,0.26052101
0.7365,0.22913091
0.737,0.23967043
0.7375,0.29121525
0.738,0.18772388
0.7385,0.18732157
0.739,0.16073803
0.7395,0.11728603
0.74,0.20035553
0.7405,0.33531983
0.741,0.45502251
0.7415,0.60194023
0.742,0.61924905
0.7425,0.53992861
0.743,0.43339441
0.7435,0.4386031
0.744,0.31653167
0.7445,0.22151558
0.745,0.1747093
0.7455,0.00724297
0.746,-0.18396978
0.7465,-0.36049911
0.747,-0.42452354
0.7475,-0.40053708
0.748,-0.30318788
0.7485,-0.23784112
0.749,-0.23014761
0.7495,-0.23789419
0.75,-0.17349795
0.7505,-0.22574488
0.751,-0.22826862
0.7515,-0.3274535
0.752,-0.29276597
0.7525,-0.28887351
0.753,-0.46310925
0.7535,-0.53871038
0.754,-0.5824639
0.7545,-0.60676198
0.755,-0.36999697
0.7555,-0.26015384
0.756,-0.06680819
0.7565,0.05261287
0.757,0.2040571
0.7575,0.19178493
0.758,0.26653615
0.7585,0.35292343
0.759,0.36174123
0.7595,0.44469339
0.76,0.36716888
0.7605,0.26951643
0.761,0.20458135
0.7615,0.15387866
0.762,0.12204322
0.7625,0.2003478
0.763,0.35092322
0.7635,0.36123847
0.764,0.46719534
0.7645,0.49200375
0.765,0.4589742
0.7655,0.45803455
0.766,0.40577446
0.7665,0.36730052
0.767,0.27496327
0.7675,0.18992313
0.768,-0.05036652
0.7685,-0.22277052
0.769,-0.42672243
0.7695,-0.4318181
0.77,-0.44873247
0.7705,-0.37024036
0.771,-0.3612146
0.7715,-0.26705763
0.772,-0.32400897
0.7725,-0.35483847
0.773,-0.25998714
0.7735,-0.25962894
0.774,-0.24707478
0.7745,-0.23778157
0.775,-0.25889866
0.7755,-0.36072891
0.776,-0.48254549
0.7765,-0.52011373
0.777,-0.54546547
0.7775,-0.38738152
0.778,-0.20732428
0.7785,-0.12486105
0.779,0.03237151
0.7795,0.14317756
0.78,0.20843139
0.7805,0.27802638
0.781,0.40681527
0.7815,0.46320584
0.782,0.4578286
0.7825,0.47320222
0.783,0.402993
0.7835,0.2377772
0.784,0.16201767
0.7845,0.15538572
0.785,0.23833524
0.7855,0.21058595
0.786,0.36117806
0.7865,0.38643506
0.787,0.42705914
0.7875,0.36883257
0.788,0.42448907
0.7885,0.40199053
0.789,0.39509577
0.7895,0.28428083
0.79,0.13093716
0.7905,-0.04799899
0.791,-0.19000114
0.7915,-0.38032384
0.792,-0.4903119
0.7925,-0.47120886
0.793,-0.38509051
0.7935,-0.38287906
0.794,-0.35485638
0.7945,-0.34532229
0.795,-0.3951449
0.7955,-0.30276658
0.796,-0.29595426
0.7965,-0.15192334
0.797,-0.09745716
0.7975,-0.20184458
0.798,-0.29064112
0.7985,-0.42301002
0.799,-0.48981732
0.7995,-0.45303798
0.8,-0.35388487
0.8005,-0.23528606
0.801,-0.12290218
0.8015,-0.08148933
0.802,0.04796142
0.8025,0.13186546
0.803,0.28192012
0.8035,0.46777762
0.804,0.59715285
0.8045,0.60399611
0.805,0.53934761
0.8055,0.42710239
0.806,0.34170731
0.8065,0.2388612
0.807,0.21176615
0.8075,0.19061044
0.808,0.28148728
0.8085,0.28963041
0.809,0.23171956
0.8095,0.23122671
0.81,0.28031059
0.8105,0.31329131
0.811,0.37697333
0.8115,0.36374123
0.812,0.30903448
0.8125,0.26687768
0.813,-0.05658011
0.8135,-0.26444906
0.814,-0.40031417
0.8145,-0.47063459
0.815,-0.48865443
0.8155,-0.42968209
0.816,-0.53549945
0.8165,-0.56238034
0.817,-0.51779496
0.8175,-0.40439513
0.818,-0.34099563
0.8185,-0.20203639
0.819,-0.12637245
0.8195,-0.0522743
0.82,-0.13360931
0.8205,-0.23230563
0.821,-0.34639291
0.8215,-0.39656862
0.822,-0.31917529
0.8225,-0.27808184
0.823,-0.15002943
0.8235,-0.16331316
0.824,-0.05349399
0.8245,0.03764823
0.825,0.11625611
0.8255,0.32867862
0.826,0.54292802
0.8265,0.66040686
0.827,0.68738316
0.8275,0.57316512
0.828,0.46044153
0.8285,0.31424666
0.829,0.23346322
0.8295,0.2577572
0.83,0.25489951
0.8305,0.21453659
0.831,0.17780745
0.8315,0.13763757
0.832,0.0725785
0.8325,0.21622223
0.833,0.26812303
0.8335,0.33141685
0.834,0.33010234
0.8345,0.25226542
0.835,0.14174557
0.8355,-0.07797523
0.836,-0.23071224
0.8365,-0.35963197
0.837,-0.40295696
0.8375,-0.46880701
0.838,-0.54869488
0.8385,-0.56202805
0.839,-0.60889365
0.8395,-0.55052149
0.84,-0.49072812
0.8405,-0.37517049
0.841,-0.22104644
0.8415,-0.10919559
0.842,-0.09890772
0.8425,-0.15026151
0.843,-0.1623763
0.8435,-0.27027996
0.844,-0.22067616
0.8445,-0.20892373
0.845,-0.21291953
0.8455,-0.11890266
0.846,-0.08790936
0.8465,-0.10378389
0.847,0.00997495
0.8475,0.08585073
0.848,0.34664092
0.8485,0.52329368
0.849,0.65284707
0.8495,0.61745589
0.85,0.69449134
0.8505,0.52690746
0.851,0.40485827
0.8515,0.36892494
0.852,0.34701707
0.8525,0.21763104
0.853,0.18425307
0.8535,0.14449399
0.854,-0.0006832
0.8545,-0.02205532
0.855,0.14277509
0.8555,0.14703717
0.856,0.24505827
0.8565,0.22140124
0.857,0.17855026
0.8575,0.05264689
0.858,-0.06783064
0.8585,-0.26239398
0.859,-0.29263921
0.8595,-0.34301734
0.86,-0.45169014
0.8605,-0.56790422
0.861,-0.59967479
0.8615,-0.6159555
0.862,-0.64645444
0.8625,-0.49342905
0.863,-0.38597055
0.8635,-0.24341904
0.864,-0.08664038
0.8645,-0.07065766
0.865,-0.02440624
0.8655,-0.10230746
0.866,-0.17855465
0.8665,-0.15231677
0.867,-0.09104247
0.8675,-0.03584898
0.868,-0.10544741
0.8685,-0.11302152
0.869,-0.10401444
0.8695,-0.00956275
0.87,0.16325653
0.8705,0.42819605
0.871,0.55667134
0.8715,0.64832838
0.872,0.57683811
0.8725,0.64733096
0.873,0.56145873
0.8735,0.51724459
0.874,0.44370426
0.8745,0.40353729
0.875,0.33601381
0.8755,0.19408295
0.876,0.05531061
0.8765,-0.03040504
0.877,-0.05823525
0.8775,-0.0538176
0.878,0.09921574
0.8785,0.16769742
0.879,0.16891549
0.8795,0.11616181
0.88,-0.00996788
0.8805,-0.07159599
0.881,-0.24537388
0.8815,-0.23930733
0.882,-0.3217412
0.8825,-0.38496986
0.883,-0.56175007
0.8835,-0.70891657
0.884,-0.72194638
0.8845,-0.63981715
0.885,-0.543295
0.8855,-0.42930265
0.886,-0.25228603
0.8865,-0.09762327
0.887,-0.09419269
0.8875,-0.06489975
0.888,-0.08813782
0.8885,-0.06038592
0.889,-0.018858
0.8895,0.05528082
0.89,-0.00251673
0.8905,-0.01141099
0.891,-0.06382511
0.8915,-0.05384752
0.892,-0.01387506
0.8925,0.12317407
0.893,0.35249873
0.8935,0.48778995
0.894,0.59446391
0.8945,0.57764542
0.895,0.66617792
0.8955,0.53959879
0.896,0.54481515
0.8965,0.53750812
0.897,0.45577684
0.8975,0.33764959
0.898,0.15272652
0.8985,0.05844404
0.899,-0.12629484
0.8995,-0.11882661
0.9,-0.15589079
0.9005,-0.03236933
0.901,0.07407833
0.9015,0.02470636
0.902,0.02830314
0.9025,-0.04004979
0.903,-0.1300433
0.9035,-0.13818394
0.904,-0.20132165
0.9045,-0.30164096
0.905,-0.37047503
0.9055,-0.50302224
0.906,-0.58058108
0.9065,-0.71301864
0.907,-0.72691064
0.9075,-0.5055798
0.908,-0.43245974
0.9085,-0.34153051
0.909,-0.19123216
0.9095,-0.10718424
0.91,0.01164765
0.9105,0.02729174
0.911,0.08038154
0.9115,0.12745291
0.912,0.0927828
0.9125,0.14016277
0.913,0.0469206
0.9135,0.03292441
0.914,-0.04064427
0.9145,-0.0082056
0.915,0.17387448
0.9155,0.38722671
0.916,0.48780134
0.9165,0.46584846
0.917,0.53949155
0.9175,0.53818306
0.918,0.58386949
0.9185,0.58442452
0.919,0.58724107
0.9195,0.5338642
0.92,0.3356934
0.9205,0.19699628
0.921,-0.02228535
0.9215,-0.13554418
0.922,-0.19445437
0.9225,-0.11258647
0.923,-0.07686095
0.9235,-0.06686235
0.924,-0.06003623
0.9245,-0.14510971
0.925,-0.15897491
0.9255,-0.14756944
0.926,-0.17805267
0.9265,-0.11231432
0.927,-0.2413455
0.9275,-0.37664741
0.928,-0.47167632
0.9285,-0.67299823
0.929,-0.66889093
0.9295,-0.62377936
0.93,-0.56996187
0.9305,-0.49329291
0.931,-0.31605884
0.9315,-0.30861756
0.932,-0.14755167
0.9325,-0.07804911
0.933,0.04478568
0.9335,0.17241083
0.934,0.23038539
0.9345,0.26527555
0.935,0.26774672
0.9355,0.13759332
0.936,0.02705245
0.9365,0.03696045
0.937,0.08984792
0.9375,0.22340195
0.938,0.34494862
0.9385,0.32871871
0.939,0.48780442
0.9395,0.45136251
0.94,0.41834462
0.9405,0.54300859
0.941,0.5051537
0.9415,0.64317036
0.942,0.54024546
0.9425,0.34770655
0.943,0.19306887
0.9435,-0.03017995
0.944,-0.1505734
0.9445,-0.22053389
0.945,-0.15659314
0.9455,-0.11957653
0.946,-0.20731845
0.9465,-0.19852248
0.947,-0.22705788
0.9475,-0.2327013
0.948,-0.17477831
0.9485,-0.16382714
0.949,-0.06456422
0.9495,-0.21179188
0.95,-0.38482956
0.9505,-0.43739254
0.951,-0.57960929
0.9515,-0.63956157
0.952,-0.63129157
0.9525,-0.49570083
0.953,-0.47103965
0.9535,-0.35262348
0.954,-0.26645416
0.9545,-0.19798731
0.955,-0.05459327
0.9555,0.09510339
0.956,0.20567742
0.9565,0.35788757
0.957,0.34481769
0.9575,0.32280786
0.958,0.27333982
0.9585,0.13878602
0.959,0.09205321
0.9595,0.10855276
0.96,0.25714106
0.9605,0.33335212
0.961,0.35466283
0.9615,0.39442536
0.962,0.36803822
0.9625,0.38443235
0.963,0.54263612
0.9635,0.60212617
0.964,0.57861374
0.9645,0.44955737
0.965,0.35446717
0.9655,0.17721728
0.966,0.00135747
0.9665,-0.13835775
0.967,-0.30307513
0.9675,-0.3389158
0.968,-0.28801034
0.9685,-0.29348145
0.969,-0.32610821
0.9695,-0.34107064
0.97,-0.23028588
0.9705,-0.25990653
0.971,-0.12112494
0.9715,-0.13656902
0.972,-0.17064404
0.9725,-0.2567872
0.973,-0.42341527
0.9735,-0.54322216
0.974,-0.55943631
0.9745,-0.60012611
0.975,-0.49444928
0.9755,-0.42732897
0.976,-0.44408245
0.9765,-0.29064057
0.977,-0.17985295
0.9775,-0.08393784
0.978,0.10143105
0.9785,0.27241815
0.979,0.41570516
0.9795,0.43597625
0.98,0.37582227
0.9805,0.27955791
0.981,0.2054293
0.9815,0.17987191
0.982,0.22889626
0.9825,0.23574834
0.983,0.29289224
0.9835,0.22614667
0.984,0.25512018
0.9845,0.33627267
0.985,0.38248289
0.9855,0.52768747
0.986,0.58258689
0.9865,0.63661173
0.987,0.49662916
0.9875,0.37330238
0.988,0.22711593
0.9885,0.02233235
0.989,-0.09252162
0.9895,-0.20548284
0.99,-0.29821884
0.9905,-0.32549766
0.991,-0.38535763
0.9915,-0.39055867
0.992,-0.50508708
0.9925,-0.40857977
0.993,-0.30384251
0.9935,-0.16101415
0.994,-0.11944254
0.9945,-0.17394423
0.995,-0.25540965
0.9955,-0.38827683
0.996,-0.44968246
0.9965,-0.4588719
0.997,-0.43294746
0.9975,-0.30639458
0.998,-0.38751438
0.9985,-0.41600653
0.999,-0.35685535
0.9995,-0.23892522
1.0,-0.02970728
1.0005,0.16349841
1.001,0.33566054
1.0015,0.4052316
1.002,0.41813467
1.0025,0.4236691
1.003,0.3316593
1.0035,0.23031358
1.004,0.25471913
1.0045,0.32316998
1.005,0.35753522
1.0055,0.31748938
1.006,0.15850955
1.0065,0.13721906
1.007,0.21873919
1.0075,0.28365855
1.008,0.39631023
1.0085,0.52754686
1.009,0.56426173
1.0095,0.41324528
1.01,0.2706901
1.0105,0.15107491
1.011,0.06673906
1.0115,-0.08542024
1.012,-0.11249481
1.0125,-0.27192951
1.013,-0.41319697
1.0135,-0.45252213
1.014,-0.52915664
1.0145,-0.51218097
1.015,-0.38364056
1.0155,-0.32397799
1.016,-0.21033428
1.0165,-0.12906372
1.017,-0.19015639
1.0175,-0.25721094
1.018,-0.31723604
1.0185,-0.29258922
1.019,-0.33256405
1.0195,-0.32738409
1.02,-0.39300915
1.0205,-0.32214228
1.021,-0.36088071
1.0215,-0.33434629
1.022,-0.23631642
1.0225,-0.07341186
1.023,0.1777138
1.0235,0.40506218
1.024,0.49424512
1.0245,0.46027632
1.025,0.46164327
1.0255,0.3616942
1.026,0.3517304
1.0265,0.42731437
1.027,0.42257614
1.0275,0.30291571
1.028,0.25891601
1.0285,0.21411087
1.029,0.08400598
1.0295,0.24489016
1.03,0.26398392
1.0305,0.29147894
1.031,0.4195097
1.0315,0.49265385
1.032,0.36581699
1.0325,0.2597277
1.033,0.14058445
1.0335,0.00883682
1.034,-0.0081509
1.0345,-0.12913775
1.035,-0.21188481
1.0355,-0.42209388
1.036,-0.57566854
1.0365,-0.6014449
1.037,-0.62144363
1.0375,-0.48213433
1.038,-0.34849934
1.0385,-0.32794432
1.039,-0.1970045
1.0395,-0.17847215
1.04,-0.21687908
1.0405,-0.26045718
1.041,-0.21202917
1.0415,-0.24525808
1.042,-0.19841061
1.0425,-0.26712357
1.043,-0.31881749
1.0435,-0.39123481
1.044,-0.27984687
1.0445,-0.19667766
1.045,-0.08189858
1.0455,0.19280884
1.046,0.29393248
1.0465,0.46989795
1.047,0.50248413
1.0475,0.42269869
1.048,0.50266093
1.0485,0.54995788
1.049,0.53650358
1.0495,0.43065759
1.05,0.45052261
1.0505,0.23931679
1.051,0.16914531
1.0515,0.12948552
1.052,0.05727479
1.0525,0.19674384
1.053,0.29506045
1.0535,0.30383352
1.054,0.3391318
1.0545,0.26181096
1.055,0.20145749
1.0555,0.14160586
1.056,0.02603724
1.0565,0.01102995
1.057,-0.1636414
1.0575,-0.19092143
1.058,-0.49298158
1.0585,-0.59490048
1.059,-0.70520738
1.0595,-0.68777319
1.06,-0.55569748
1.0605,-0.44690722
1.061,-0.35372009
1.0615,-0.27635315
1.062,-0.23969842
1.0625,-0.18213552
1.063,-0.19425686
1.0635,-0.16712122
1.064,-0.14694692
1.0645,-0.11651683
1.065,-0.15542793
1.0655,-0.30976071
1.066,-0.27810891
1.0665,-0.29626531
1.067,-0.19615652
1.0675,0.00400088
1.068,0.18264188
1.0685,0.2777235
1.069,0.4249201
1.0695,0.49011846
1.07,0.45019183
1.0705,0.55915111
1.071,0.61916094
1.0715,0.6737656
1.072,0.50144632
1.0725,0.45500969
1.073,0.35764253
1.0735,0.14378565
1.074,0.06243139
1.0745,0.09991383
1.075,0.17638692
1.0755,0.14012076
1.076,0.20346223
1.0765,0.177459
1.077,0.17810146
1.0775,0.13363669
1.078,0.06623424
1.0785,0.14396022
1.079,0.02181421
1.0795,-0.0710258
1.08,-0.30959143
1.0805,-0.46626803
1.081,-0.60428083
1.0815,-0.65585086
1.082,-0.65992821
1.0825,-0.58627396
1.083,-0.54843554
1.0835,-0.35211728
1.084,-0.34329833
1.0845,-0.34171791
1.085,-0.14677518
1.0855,-0.15651293
1.086,-0.14513915
1.0865,-0.03484374
1.087,-0.04881714
1.0875,-0.08287468
1.088,-0.17669338
1.0885,-0.16092134
1.089,-0.22759034
1.0895,-0.1849658
1.09,0.04798696
1.0905,0.16540415
1.091,0.23615749
1.0915,0.33604388
1.092,0.40554262
1.0925,0.53479209
1.093,0.55098943
1.0935,0.66317944
1.094,0.64318813
1.0945,0.60588245
1.095,0.46278936
1.0955,0.28436582
1.096,0.14277371
1.0965,0.08488484
1.097,0.05348116
1.0975,0.0776621
1.098,0.11276073
1.0985,0.1622675
1.099,0.02666693
1.0995,0.0548554
1.1,0.00290535
1.1005,0.12519602
1.101,0.03205354
1.1015,0.07463446
1.102,-0.04734945
1.1025,-0.14898619
1.103,-0.42821923
1.1035,-0.64591507
1.104,-0.57847309
1.1045,-0.54032196
1.105,-0.62868732
1.1055,-0.49813145
1.106,-0.49562211
1.1065,-0.43721823
1.107,-0.38766747
1.1075,-0.24507243
1.108,-0.15618427
1.1085,0.0365622
1.109,0.07178706
1.1095,0.05100467
1.11,0.02717458
1.1105,-0.0328788
1.111,-0.07304119
1.1115,-0.03951042
1.112,-0.00064894
1.1125,0.05009964
1.113,0.15145509
1.1135,0.19270867
1.114,0.29851935
1.1145,0.35943754
1.115,0.50465334
1.1155,0.63172262
1.116,0.67625499
1.1165,0.72237464
1.117,0.68394161
1.1175,0.44561335
1.118,0.35927973
1.1185,0.13641795
1.119,0.03587369
1.1195,0.03284091
1.12,0.08279609
1.1205,-0.04242327
1.121,-0.05193035
1.1215,-0.04635523
1.122,-0.04934313
1.1225,-0.07505175
1.123,0.02015101
1.1235,0.02299215
1.124,0.02643652
1.1245,-0.03709048
1.125,-0.27969847
1.1255,-0.45209988
1.126,-0.49360862
1.1265,-0.62663582
1.127,-0.60281654
1.1275,-0.58749005
1.128,-0.55953894
1.1285,-0.54155321
1.129,-0.53238995
1.1295,-0.3947833
1.13,-0.21747862
1.1305,-0.05280711
1.131,0.10718759
1.1315,0.12873937
1.132,0.14536854
1.1325,0.1111459
1.133,0.0476061
1.1335,-0.04751984
1.134,0.00975077
1.1345,0.05305891
1.135,0.05278238
1.1355,0.108825
1.136,0.15930681
1.1365,0.22208013
1.137,0.37498117
1.1375,0.44763751
1.138,0.51406299
1.1385,0.67920157
1.139,0.71572106
1.1395,0.59312846
1.14,0.44366059
1.1405,0.36406591
1.141,0.32916435
1.1415,0.15423998
1.142,0.11172487
1.1425,0.03713652
1.143,-0.0954348
1.1435,-0.13111881
1.144,-0.19445256
1.1445,-0.23900677
1.145,-0.11658853
1.1455,-0.05045727
1.146,-0.02022907
1.1465,-0.03351857
1.147,-0.08655126
1.1475,-0.23584282
1.148,-0.39746931
1.1485,-0.48898799
1.149,-0.52658827
1.1495,-0.55964296
1.15,-0.55870607
1.1505,-0.60980653
1.151,-0.5932539
1.1515,-0.54512543
1.152,-0.43885786
1.1525,-0.28354654
1.153,-0.0903639
1.1535,0.12232665
1.154,0.14919143
1.1545,0.09147906
1.155,0.18150281
1.1555,0.13887316
1.156,0.0534326
1.1565,0.09724855
1.157,0.19990824
1.1575,0.18448281
1.158,0.20652379
1.1585,0.12344928
1.159,0.20046248
1.1595,0.24923941
1.16,0.34583556
1.1605,0.57134685
1.161,0.59686272
1.1615,0.67578552
1.162,0.58324352
1.1625,0.53206315
1.163,0.29785716
1.1635,0.28744352
1.164,0.14045096
1.1645,0.07713201
1.165,-0.03444324
1.1655,-0.11109029
1.166,-0.17387946
1.1665,-0.33038211
1.167,-0.29553848
1.1675,-0.20936347
1.168,-0.09291281
1.1685,-0.10732479
1.169,-0.0413552
1.1695,-0.1468839
1.17,-0.24189233
1.1705,-0.37031084
1.171,-0.42044789
1.1715,-0.44972954
1.172,-0.45303012
1.1725,-0.51532563
1.173,-0.55482996
1.1735,-0.62830159
1.174,-0.57898845
1.1745,-0.475399
1.175,-0.25491491
1.1755,-0.05928515
1.176,0.06018322
1.1765,0.1972507
1.177,0.2587095
1.1775,0.14565199
1.178,0.25448001
1.1785,0.21194206
1.179,0.24623836
1.1795,0.27715832
1.18,0.23307023
1.1805,0.17208053
1.181,0.10640086
1.1815,0.14674256
1.182,0.20218868
1.1825,0.43200126
1.183,0.4570853
1.1835,0.5418362
1.184,0.61768693
1.1845,0.53043907
1.185,0.45692901
1.1855,0.33263851
1.186,0.32002227
1.1865,0.2366277
1.187,0.14134556
1.1875,-0.03788794
1.188,-0.17632898
1.1885,-0.32391174
1.189,-0.43301327
1.1895,-0.38122117
1.19,-0.29400621
1.1905,-0.22754256
1.191,-0.19153637
1.1915,-0.11682639
1.192,-0.25573901
1.1925,-0.28973067
1.193,-0.27276231
1.1935,-0.27980329
1.194,-0.37723901
1.1945,-0.40876676
1.195,-0.48298114
1.1955,-0.57854685
1.196,-0.61267606
1.1965,-0.55828905
1.197,-0.44650046
1.1975,-0.2978635
1.198,-0.07641134
1.1985,0.14638059
1.199,0.22951683
1.1995,0.29750913
1.2,0.34332061
1.2005,0.35835569
1.201,0.26183177
1.2015,0.43072083
1.202,0.31593765
1.2025,0.27747528
1.203,0.17887524
1.2035,0.12269735
1.204,0.11248604
1.2045,0.23845445
1.205,0.32532989
1.2055,0.43163393
1.206,0.50718038
1.2065,0.52202568
1.207,0.54546617
1.2075,0.41678508
1.208,0.39255376
1.2085,0.28329044
1.209,0.27930566
1.2095,0.13680882
1.21,-0.08417025
1.2105,-0.23623807
1.211,-0.3465379
1.2115,-0.48773561
1.212,-0.37474045
1.2125,-0.35764121
1.213,-0.23072368
1.2135,-0.17916103
1.214,-0.20902163
1.2145,-0.23108549
1.215,-0.24284374
1.2155,-0.241617
1.216,-0.21570694
1.2165,-0.22751568
1.217,-0.30471138
1.2175,-0.3881367
1.218,-0.53542397
1.2185,-0.57767503
1.219,-0.57135478
1.2195,-0.3740102
1.22,-0.23298538
1.2205,-0.03091857
1.221,0.13098568
1.2215,0.16289226
1.222,0.22382597
1.2225,0.31072081
1.223,0.34149806
1.2235,0.42510111
1.224,0.52094863
1.2245,0.39340542
1.225,0.37622363
1.2255,0.14542748
1.226,0.11750423
1.2265,0.11879326
1.227,0.2184875
1.2275,0.26783988
1.228,0.37024667
1.2285,0.35578208
1.229,0.3366014
1.2295,0.39479988
1.23,0.40051281
1.2305,0.33824409
1.231,0.31609596
1.2315,0.24811624
1.232,0.21050062
1.2325,-0.0897279
1.233,-0.28939637
1.2335,-0.46860796
1.234,-0.46530105
1.2345,-0.44916112
1.235,-0.42494161
1.2355,-0.38283648
1.236,-0.37109246
1.2365,-0.37142533
1.237,-0.31350705
1.2375,-0.26708265
1.238,-0.24128057
1.2385,-0.14509772
1.239,-0.10041286
1.2395,-0.18354073
1.24,-0.38846806
1.2405,-0.44292984
1.241,-0.53177973
1.2415,-0.51563626
1.242,-0.38512936
1.2425,-0.25249147
1.243,-0.12482343
1.2435,-0.02993144
1.244,0.1233991
1.2445,0.22924039
1.245,0.36173462
1.2455,0.48713915
1.246,0.52771312
1.2465,0.52088233
1.247,0.52732183
1.2475,0.34667852
1.248,0.21825612
1.2485,0.16768757
1.249,0.2314523
1.2495,0.2285035
1.25,0.31079606
1.2505,0.33679285
1.251,0.35847799
1.2515,0.33388381
1.252,0.29485551
1.2525,0.30263122
1.253,0.34557608
1.2535,0.29538753
1.254,0.28806691
1.2545,0.05967121
1.255,-0.06702752
1.2555,-0.29711978
1.256,-0.46299472
1.2565,-0.43586088
1.257,-0.46100016
1.2575,-0.38432856
1.258,-0.45133181
1.2585,-0.44940925
1.259,-0.46389694
1.2595,-0.38061288
1.26,-0.36631504
1.2605,-0.16808646
1.261,-0.15650058
1.2615,-0.11273989
1.262,-0.19807311
1.2625,-0.24106355
1.263,-0.36969512
1.2635,-0.39349515
1.264,-0.41128264
1.2645,-0.3218016
1.265,-0.16015121
1.2655,-0.04654002
1.266,-0.03830934
1.2665,0.10096809
1.267,0.2855825
1.2675,0.38026273
1.268,0.48158151
1.2685,0.61180847
1.269,0.65050206
1.2695,0.50783753
1.27,0.46532272
1.2705,0.3179566
1.271,0.17349366
1.2715,0.28896839
1.272,0.17179003
1.2725,0.23875851
1.273,0.2079711
1.2735,0.22427501
1.274,0.12689697
1.2745,0.21992255
1.275,0.27947515
1.2755,0.30726865
1.276,0.2931581
1.2765,0.33694678
1.277,0.16093497
1.2775,-0.10221881
1.278,-0.27407898
1.2785,-0.35267804
1.279,-0.47673461
1.2795,-0.489155
1.28,-0.50387467
1.2805,-0.52084981
1.281,-0.55213528
1.2815,-0.50840869
1.282,-0.43777641
1.2825,-0.36507482
1.283,-0.19647428
1.2835,-0.14063475
1.284,-0.06045404
1.2845,-0.12846365
1.285,-0.22422547
1.2855,-0.24411723
1.286,-0.33697119
1.2865,-0.29646199
1.287,-0.16644661
1.2875,-0.14967171
1.288,-0.12161175
1.2885,0.06193454
1.289,0.05319673
1.2895,0.13698827
1.29,0.37837774
1.2905,0.60055036
1.291,0.63937043
1.2915,0.64086466
1.292,0.61451839
1.2925,0.5695248
1.293,0.36874114
1.2935,0.26501141
1.294,0.29861745
1.2945,0.22669391
1.295,0.19387249
1.2955,0.13547349
1.296,0.06302125
1.2965,0.0485697
1.297,0.14376928
1.2975,0.18341817
1.298,0.21324268
1.2985,0.29704361
1.299,0.15644195
1.2995,0.06736978
1.3,-0.0538277
1.3005,-0.24047968
1.301,-0.39381827
1.3015,-0.44828612
1.302,-0.48230327
1.3025,-0.54926641
1.303,-0.618254
1.3035,-0.59972786
1.304,-0.62586648
1.3045,-0.51349653
1.305,-0.39117622
1.3055,-0.25540926
1.306,-0.04593408
1.3065,-0.02011518
1.307,-0.07847225
1.3075,-0.0867043
1.308,-0.14985029
1.3085,-0.0819
1.309,-0.19188043
1.3095,-0.08832344
1.31,-0.00567983
1.3105,-0.06134134
1.311,-0.03458087
1.3115,0.0336742
1.312,0.17452468
1.3125,0.40192724
1.313,0.49855178
1.3135,0.66690578
1.314,0.6490617
1.3145,0.62362397
1.315,0.48494518
1.3155,0.4337658
1.316,0.38837172
1.3165,0.40096103
1.317,0.25011527
1.3175,0.21481428
1.318,0.09253676
1.3185,0.001157
1.319,-0.12383958
1.3195,-0.01118939
1.32,0.04927558
1.3205,0.19020282
1.321,0.15965131
1.3215,0.09932774
1.322,0.00125399
1.3225,-0.06619214
1.323,-0.1647252
1.3235,-0.27007178
1.324,-0.37943895
1.3245,-0.38762391
1.325,-0.56240928
1.3255,-0.65441585
1.326,-0.65072014
1.3265,-0.70285422
1.327,-0.54504921
1.3275,-0.35280894
1.328,-0.16694019
1.3285,-0.11168273
1.329,-0.02579351
1.3295,-0.02995772
1.33,-0.04492691
1.3305,0.00623776
1.331,-0.00830251
1.3315,-0.00496987
1.332,0.02976005
1.3325,-0.0684913
1.333,-0.02513447
1.3335,-0.0248495
1.334,0.02707064
1.3345,0.20274433
1.335,0.37927577
1.3355,0.48698719
1.336,0.64128289
1.3365,0.62999546
1.337,0.65853911
1.3375,0.50329234
1.338,0.52301587
1.3385,0.48072895
1.339,0.37344644
1.3395,0.30366616
1.34,0.19051094
1.3405,0.04473843
1.341,-0.10208356
1.3415,-0.13546691
1.342,-0.02241953
1.3425,-0.02312506
1.343,0.09699577
1.3435,0.12932782
1.344,0.09259747
1.3445,-0.04097836
1.345,-0.07954009
1.3455,-0.15104582
1.346,-0.22379621
1.3465,-0.35350138
1.347,-0.42059315
1.3475,-0.55073046
1.348,-0.70816714
1.3485,-0.67015502
1.349,-0.62095915
1.3495,-0.54738583
1.35,-0.41880694
1.3505,-0.22167046
1.351,-0.09730877
1.3515,-0.11423661
1.352,-0.04590568
1.3525,0.01571594
1.353,0.0459346
1.3535,0.12974879
1.354,0.11422996
1.3545,0.04929387
1.355,0.00289595
1.3555,0.01443314
1.356,-0.0726633
1.3565,0.00079884
1.357,0.24851899
1.3575,0.35454614
1.358,0.44787161
1.3585,0.49040622
1.359,0.61382189
1.3595,0.59182857
1.36,0.48485063
1.3605,0.58165826
1.361,0.52432269
1.3615,0.4647844
1.362,0.30885696
1.3625,0.17536894
1.363,-0.02920687
1.3635,-0.11313252
1.364,-0.18470464
1.3645,-0.10649169
1.365,-0.13314327
1.3655,-0.01460405
1.366,-0.01284804
1.3665,-0.06296788
1.367,-0.15299803
1.3675,-0.13085511
1.368,-0.15204963
1.3685,-0.19702886
1.369,-0.27892425
1.3695,-0.32474576
1.37,-0.49725758
1.3705,-0.660819
1.371,-0.70642325
1.3715,-0.62205281
1.372,-0.55816793
1.3725,-0.402754
1.373,-0.22453356
1.3735,-0.16879803
1.374,-0.01765078
1.3745,-0.02356525
1.375,0.04844789
1.3755,0.09800504
1.376,0.26761178
1.3765,0.2594214
1.377,0.13648459
1.3775,0.07254324
1.378,0.0448098
1.3785,0.0432826
1.379,0.04293829
1.3795,0.23995519
1.38,0.29880454
1.3805,0.42767294
1.381,0.50499041
1.3815,0.55511498
1.382,0.52258383
1.3825,0.52178631
1.383,0.56329245
1.3835,0.54391892
1.384,0.53746613
1.3845,0.29785539
1.385,0.13088115
1.3855,-0.07524069
1.386,-0.18705261
1.3865,-0.23590401
1.387,-0.15399318
1.3875,-0.11877654
1.388,-0.12954594
1.3885,-0.1623472
1.389,-0.17499627
1.3895,-0.22862219
1.39,-0.13913753
1.3905,-0.16296532
1.391,-0.14295165
1.3915,-0.17341007
1.392,-0.31473082
1.3925,-0.47888697
1.393,-0.6071353
1.3935,-0.73404118
1.394,-0.6283275
1.3945,-0.47664236
1.395,-0.44701294
1.3955,-0.27571976
1.396,-0.10434462
1.3965,-0.08546175
1.397,-0.01238633
1.3975,0.01843932
1.398,0.25209997
1.3985,0.26637318
1.399,0.30556514
1.3995,0.25051871
1.4,0.23465912
1.4005,0.14866084
1.401,0.07646401
1.4015,0.09408769
1.402,0.22786642
1.4025,0.3185496
1.403,0.40164123
1.4035,0.35781675
1.404,0.38518326
1.4045,0.4632698
1.405,0.52355382
1.4055,0.59986983
1.406,0.58657593
1.4065,0.51418304
1.407,0.35221034
1.4075,0.07544247
1.408,-0.03565511
1.4085,-0.15881058
1.409,-0.31401155
1.4095,-0.28653895
1.41,-0.17675034
1.4105,-0.2225492
1.411,-0.25286277
1.4115,-0.23549684
1.412,-0.26743224
1.4125,-0.17221536
1.413,-0.15963869
1.4135,-0.09764528
1.414,-0.14637597
1.4145,-0.28804002
1.415,-0.47906286
1.4155,-0.48218494
1.416,-0.55726579
1.4165,-0.57950734
1.417,-0.49384398
1.4175,-0.38807758
1.418,-0.32943506
1.4185,-0.24665911
1.419,-0.19290068
1.4195,-0.06273982
1.42,0.10757837
1.4205,0.27225268
1.421,0.41393119
1.4215,0.40734858
1.422,0.39794104
1.4225,0.27327263
1.423,0.17004867
1.4235,0.17440427
1.424,0.18364677
1.4245,0.19230581
1.425,0.31152972
1.4255,0.31826014
1.426,0.28764628
1.4265,0.33278411
1.427,0.39626702
1.4275,0.51667162
1.428,0.60013245
1.4285,0.61392752
1.429,0.49287908
1.4295,0.30759621
1.43,0.0984003
1.4305,-0.05972905
1.431,-0.19894499
1.4315,-0.18217353
1.432,-0.28083853
1.4325,-0.32072371
1.433,-0.34550853
1.4335,-0.39432214
1.434,-0.40479962
1.4345,-0.3788735
1.435,-0.21774896
1.4355,-0.13847972
1.436,-0.16167043
1.4365,-0.23140176
1.437,-0.2494758
1.4375,-0.41180441
1.438,-0.47923622
1.4385,-0.50660536
1.439,-0.4802526
1.4395,-0.42824436
1.44,-0.33417668
1.4405,-0.31750775
1.441,-0.35586614
1.4415,-0.14132828
1.442,-0.07549129
1.4425,0.20482653
1.443,0.3472963
1.4435,0.46994859
1.444,0.42140532
1.4445,0.39396704
1.445,0.26867067
1.4455,0.24413778
1.446,0.25689532
1.4465,0.26655169
1.447,0.29957042
1.4475,0.28446844
1.448,0.22051331
1.4485,0.26935494
1.449,0.18689854
1.4495,0.33743118
1.45,0.42076274
1.4505,0.5052013
1.451,0.5219996
1.4515,0.46497269
1.452,0.26075941
1.4525,0.14860112
1.453,-0.03285961
1.4535,-0.16970369
1.454,-0.19810139
1.4545,-0.28063313
1.455,-0.40235115
1.4555,-0.48901277
1.456,-0.52408137
1.4565,-0.48513118
1.457,-0.44771084
1.4575,-0.31244678
1.458,-0.14669607
1.4585,-0.13849889
1.459,-0.17791401
1.4595,-0.21222712
1.46,-0.39365871
1.4605,-0.39622447
1.461,-0.36452208
1.4615,-0.38106813
1.462,-0.3753817
1.4625,-0.34494915
1.463,-0.37102655
1.4635,-0.25770673
1.464,-0.20463389
1.4645,0.02361441
1.465,0.23219623
1.4655,0.32511321
1.466,0.44387456
1.4665,0.48650758
1.467,0.4262939
1.4675,0.41335739
1.468,0.40316623
1.4685,0.3631099
1.469,0.36217491
1.4695,0.29171155
1.47,0.26211445
1.4705,0.16841661
1.471,0.21409188
1.4715,0.15849495
1.472,0.29320107
1.4725,0.35744482
1.473,0.47355632
1.4735,0.37962486
1.474,0.47972601
1.4745,0.203211
1.475,0.12179954
1.4755,0.0542767
1.476,-0.04955859
1.4765,-0.17157031
1.477,-0.24129861
1.4775,-0.39469147
1.478,-0.57012853
1.4785,-0.68327041
1.479,-0.50691509
1.4795,-0.50729509
1.48,-0.22806913
1.4805,-0.25386504
1.481,-0.18505004
1.4815,-0.12077095
1.482,-0.21678181
1.4825,-0.26619521
1.483,-0.25838323
1.4835,-0.23163547
1.484,-0.22238673
1.4845,-0.31771792
1.485,-0.37093954
1.4855,-0.27362573
1.486,-0.36151705
1.4865,-0.24934925
1.487,-0.04238853
1.4875,0.17725724
1.488,0.37224865
1.4885,0.51900188
1.489,0.4440265
1.4895,0.47765216
1.49,0.53018412
1.4905,0.46202761
1.491,0.46637168
1.4915,0.46510604
1.492,0.34925327
1.4925,0.24555343
1.493,0.11119018
1.4935,0.07831839
1.494,0.05243825
1.4945,0.2177197
1.495,0.30732097
1.4955,0.31660549
1.496,0.43533527
1.4965,0.29851796
1.497,0.19606049
1.4975,0.13052697
1.498,0.07120219
1.4985,0.02409663
1.499,-0.17145938
1.4995,-0.23815977
1.5,-0.41814819
1.5005,-0.53542575
1.501,-0.66237475
1.5015,-0.63480534
1.502,-0.5659932
1.5025,-0.36340425
1.503,-0.27888132
1.5035,-0.21385613
1.504,-0.21713347
1.5045,-0.20339675
1.505,-0.25308081
1.5055,-0.13459437
1.506,-0.14280023
1.5065,-0.17365333
1.507,-0.19881761
1.5075,-0.26545898
1.508,-0.2948565
1.5085,-0.28363231
1.509,-0.18859409
1.5095,0.03531809
1.51,0.2250944
1.5105,0.36480588
1.511,0.48386515
1.5115,0.50219004
1.512,0.56924137
1.5125,0.57884442
1.513,0.52801757
1.5135,0.60038194
1.514,0.58354257
1.5145,0.40907574
1.515,0.25579582
1.5155,0.10024326
1.516,0.08344626
1.5165,0.07021621
1.517,0.10803024
1.5175,0.26921979
1.518,0.24306204
1.5185,0.25314575
1.519,0.15649064
1.5195,0.10607699
1.52,0.10127791
1.5205,0.10857424
1.521,-0.04196672
1.5215,-0.16401713
1.522,-0.31081303
1.5225,-0.51040072
1.523,-0.6189822
1.5235,-0.66016346
1.524,-0.6160613
1.5245,-0.50877986
1.525,-0.41068252
1.5255,-0.37478066
1.526,-0.32279683
1.5265,-0.21516907
1.527,-0.2223302
1.5275,-0.14230127
1.528,-0.15005178
1.5285,0.02677154
1.529,-0.00663248
1.5295,-0.14791568
1.53,-0.17446326
1.5305,-0.24807078
1.531,-0.21158155
1.5315,-0.14789494
1.532,0.02523247
1.5325,0.24360296
1.533,0.29678004
1.5335,0.37073185
1.534,0.50997537
1.5345,0.49437224
1.535,0.55983342
1.5355,0.57081523
1.536,0.56641726
1.5365,0.60962923
1.537,0.42519295
1.5375,0.234857
1.538,0.06225314
1.5385,0.01625637
1.539,-0.00763111
1.5395,0.07607602
1.54,0.10622585
1.5405,0.17338499
1.541,0.07619428
1.5415,0.05302084
1.542,0.03339506
1.5425,0.05077379
1.543,0.02311202
1.5435,-0.0238926
1.544,-0.11671867
1.5445,-0.30708339
1.545,-0.44113
1.5455,-0.5895424
1.546,-0.6751511
1.5465,-0.65544824
1.547,-0.53736828
1.5475,-0.43804024
1.548,-0.41628455
1.5485,-0.32470941
1.549,-0.28388975
1.5495,-0.21140261
1.55,-0.06312904
1.5505,-0.02947487
1.551,0.05392217
1.5515,0.03265927
1.552,0.06229425
1.5525,-0.11026115
1.553,-0.19657539
1.5535,-0.10848031
1.554,-0.06407947
1.5545,0.1042722
1.555,0.13931621
1.5555,0.28535629
1.556,0.39083638
1.5565,0.37124454
1.557,0.50536071
1.5575,0.65441648
1.558,0.7002466
1.5585,0.65173638
1.559,0.59801536
1.5595,0.5248516
1.56,0.27965594
1.5605,0.1061304
1.561,0.07061738
1.5615,0.06204181
1.562,0.04781852
1.5625,-0.01396452
1.563,0.04318178
1.5635,0.0106034
1.564,-0.01229981
1.5645,-0.01139468
1.565,0.02443478
1.5655,0.04657123
1.566,0.01695472
1.5665,-0.13101844
1.567,-0.27885308
1.5675,-0.48696485
1.568,-0.61519532
1.5685,-0.62695948
1.569,-0.56194773
1.5695,-0.4587951
1.57,-0.55400377
1.5705,-0.58612927
1.571,-0.3586185
1.5715,-0.39057642
1.572,-0.18092099
1.5725,-0.05660016
1.573,-0.00743207
1.5735,0.111065
1.574,0.13045765
1.5745,0.05688222
1.575,-0.10225806
1.5755,-0.05739365
1.576,-0.07010651
1.5765,0.00388404
1.577,0.11388537
1.5775,0.17179649
1.578,0.15731674
1.5785,0.3096098
1.579,0.27385944
1.5795,0.47899493
1.58,0.61065108
1.5805,0.65997867
1.581,0.74720225
1.5815,0.7123201
1.582,0.41119607
1.5825,0.30181958
1.583,0.1800597
1.5835,0.04872115
1.584,0.04370807
1.5845,-0.03590158
1.585,-0.08592465
1.5855,-0.108555
1.586,-0.13720188
1.5865,-0.13794102
1.587,-0.13167169
1.5875,0.02020738
1.588,0.01777408
1.5885,-0.05694717
1.589,-0.14790953
1.5895,-0.22545005
1.59,-0.43913279
1.5905,-0.53336671
1.591,-0.56516254
1.5915,-0.5752236
1.592,-0.50408201
1.5925,-0.47690334
1.593,-0.59584302
1.5935,-0.49323388
1.594,-0.36587248
1.5945,-0.23660074
1.595,-0.02236721
1.5955,0.07703525
1.596,0.22738733
1.5965,0.19902141
1.597,0.10529014
1.5975,0.10232948
1.598,-0.00055737
1.5985,0.01515592
1.599,0.08530481
1.5995,0.16345078
1.6,0.15230934
1.6005,0.20823829
1.601,0.20400032
1.6015,0.23067441
1.602,0.39227962
1.6025,0.60558056
1.603,0.68146066
1.6035,0.62898036
1.604,0.58364556
1.6045,0.49341862
1.605,0.34514541
1.6055,0.19134399
1.606,0.12852324
1.6065,0.07737926
1.607,-0.05732123
1.6075,-0.09213369
1.608,-0.22913394
1.6085,-0.27387544
1.609,-0.27554174
1.6095,-0.16712628
1.61,-0.1001216
1.6105,-0.03892144
1.611,-0.00486686
1.6115,-0.13325554
1.612,-0.30063676
1.6125,-0.39571009
1.613,-0.38977356
1.6135,-0.52650331
1.614,-0.52471277
1.6145,-0.51139067
1.615,-0.64703885
1.6155,-0.59354018
1.616,-0.52402194
1.6165,-0.39525386
1.617,-0.17340894
1.6175,0.03276621
1.618,0.16700752
1.6185,0.17434121
1.619,0.19441505
1.6195,0.25160909
1.62,0.19919732
1.6205,0.18454173
1.621,0.15356154
1.6215,0.21789025
1.622,0.12889031
1.6225,0.12412072
1.623,0.13999832
1.6235,0.17404534
1.624,0.28066096
1.6245,0.40960114
1.625,0.55331814
1.6255,0.64530653
1.626,0.61262052
1.6265,0.55421517
1.627,0.42508005
1.6275,0.26971851
1.628,0.18760417
1.6285,0.18535807
1.629,0.04244675
1.6295,-0.08616423
1.63,-0.19410997
1.6305,-0.31284155
1.631,-0.38376179
1.6315,-0.33558712
1.632,-0.2587979
1.6325,-0.13833517
1.633,-0.15425099
1.6335,-0.19065213
1.634,-0.28525786
1.6345,-0.22588278
1.635,-0.32230724
1.6355,-0.30420981
1.636,-0.30645224
1.6365,-0.36730072
1.637,-0.49559761
1.6375,-0.50843108
1.638,-0.63272287
1.6385,-0.51178745
1.639,-0.40055662
1.6395,-0.23292346
1.64,-0.0464661
1.6405,0.11713877
1.641,0.22909144
1.6415,0.23240948
1.642,0.25484897
1.6425,0.29643762
1.643,0.28008901
1.6435,0.31981328
1.644,0.29992016
1.6445,0.2560823
1.645,0.20653836
1.6455,0.13734172
1.646,0.15411731
1.6465,0.25629271
1.647,0.30901147
1.6475,0.48309574
1.648,0.55178343
1.6485,0.539958
1.649,0.44914034
1.6495,0.43878764
1.65,0.33842739
1.6505,0.28915196
1.651,0.21039978
1.6515,0.09391199
1.652,-0.08935812
1.6525,-0.27278697
1.653,-0.31871121
1.6535,-0.43529358
1.654,-0.42135214
1.6545,-0.36120489
1.655,-0.16291818
1.6555,-0.21900055
1.656,-0.22993768
1.6565,-0.27682275
1.657,-0.31706491
1.6575,-0.27288563
1.658,-0.30345466
1.6585,-0.27016355
1.659,-0.28935023
1.6595,-0.41837158
1.66,-0.50587578
1.6605,-0.53863045
1.661,-0.51011329
1.6615,-0.35143169
1.662,-0.20552858
1.6625,-0.03400248
1.663,0.0630547
1.6635,0.20250309
1.664,0.26055927
1.6645,0.25741728
1.665,0.32626487
1.6655,0.43337753
1.666,0.46002443
1.6665,0.44267704
1.667,0.2781939
1.6675,0.22583219
1.668,0.1178221
1.6685,0.12220233
1.669,0.17512907
1.6695,0.35000431
1.67,0.41594703
1.6705,0.42223951
1.671,0.46752356
1.6715,0.43593292
1.672,0.35795949
1.6725,0.32698569
1.673,0.33872929
1.6735,0.27190714
1.674,0.12253937
1.6745,-0.08096522
1.675,-0.32660878
1.6755,-0.45302645
1.676,-0.51469477
1.6765,-0.42724103
1.677,-0.36556551
1.6775,-0.30308426
1.678,-0.27339549
1.6785,-0.25864032
1.679,-0.32061681
1.6795,-0.3095039
1.68,-0.22349649
1.6805,-0.16244557
1.681,-0.18240068
1.6815,-0.25447321
1.682,-0.34544158
1.6825,-0.50146248
1.683,-0.61191137
1.6835,-0.49504725
1.684,-0.28232735
1.6845,-0.18183716
1.685,-0.05439438
1.6855,0.12561068
1.686,0.14314935
1.6865,0.20916354
1.687,0.3654165
1.6875,0.45246359
1.688,0.55164209
1.6885,0.52685114
1.689,0.48046704
1.6895,0.41779582
1.69,0.2527451
1.6905,0.16511139
1.691,0.13768899
1.6915,0.18168989
1.692,0.31178167
1.6925,0.36473068
1.693,0.37298722
1.6935,0.3628451
1.694,0.4019673
1.6945,0.32368155
1.695,0.31401172
1.6955,0.32833738
1.696,0.24213916
1.6965,0.07167962
1.697,-0.18344617
1.6975,-0.24115965
1.698,-0.46828462
1.6985,-0.59046255
1.699,-0.43064686
1.6995,-0.38986424
1.7,-0.37930316
1.7005,-0.35578242
1.701,-0.35952
1.7015,-0.39155951
1.702,-0.29815517
1.7025,-0.16129807
1.703,-0.12405178
1.7035,-0.12206802
1.704,-0.24982261
1.7045,-0.28823563
1.705,-0.39846356
1.7055,-0.44409722
1.706,-0.36390899
1.7065,-0.31363249
1.707,-0.10938817
1.7075,-0.03382222
1.708,-0.00430501
1.7085,0.08758847
1.709,0.22307136
1.7095,0.33594394
1.71,0.55069359
1.7105,0.58461118
1.711,0.55248067
1.7115,0.52971559
1.712,0.45038605
1.7125,0.28456291
1.713,0.22273148
1.7135,0.21246215
1.714,0.20188062
1.7145,0.27294865
1.715,0.30509666
1.7155,0.2315872
1.716,0.26248938
1.7165,0.20978381
1.717,0.23608859
1.7175,0.35209801
1.718,0.34542604
1.7185,0.25792535
1.719,0.04981677
1.7195,-0.15006922
1.72,-0.25890575
1.7205,-0.52343572
1.721,-0.50163008
1.7215,-0.54671491
1.722,-0.4580867
1.7225,-0.49826137
1.723,-0.40593532
1.7235,-0.50800423
1.724,-0.47016809
1.7245,-0.30905252
1.725,-0.18495347
1.7255,-0.06375638
1.726,-0.07721069
1.7265,-0.12207779
1.727,-0.20238452
1.7275,-0.32830964
1.728,-0.34729175
1.7285,-0.32984739
1.729,-0.19313906
1.7295,-0.18288019
1.73,-0.08094034
1.7305,0.04566432
1.731,0.12985991
1.7315,0.22877288
1.732,0.32172223
1.7325,0.48539246
1.733,0.59749861
1.7335,0.70303893
1.734,0.52773911
1.7345,0.45165983
1.735,0.33348418
1.7355,0.23309168
1.736,0.19405556
1.7365,0.22954675
1.737,0.26688284
1.7375,0.17227744
1.738,0.05763207
1.7385,0.13291016
1.739,0.18756615
1.7395,0.20750915
1.74,0.30085202
1.7405,0.31766932
1.741,0.22751348
1.7415,0.11926003
1.742,-0.13267139
1.7425,-0.26061838
1.743,-0.35057759
1.7435,-0.47392728
1.744,-0.50861727
1.7445,-0.50545489
1.745,-0.52023088
1.7455,-0.60135263
1.746,-0.54243314
1.7465,-0.43648543
1.747,-0.31516616
1.7475,-0.18229462
1.748,-0.08539981
1.7485,-0.06750257
1.749,-0.0730345
1.7495,-0.15221109
1.75,-0.25855331
1.7505,-0.22629006
1.751,-0.13321507
1.7515,-0.11278922
1.752,-0.07056076
1.7525,-0.04449355
1.753,0.03946541
1.7535,0.02522369
1.754,0.2241594
1.7545,0.32480491
1.755,0.50870713
1.7555,0.61417586
1.756,0.63105012
1.7565,0.53245649
1.757,0.45289171
1.7575,0.31606033
1.758,0.2937962
1.7585,0.25205714
1.759,0.30552123
1.7595,0.15871765
1.76,0.08243507
1.7605,0.0173623
1.761,-0.02585127
1.7615,0.01442137
1.762,0.13897705
1.7625,0.1870318
1.763,0.17679072
1.7635,0.1598021
1.764,0.022448
1.7645,-0.08121447
1.765,-0.25319513
1.7655,-0.35831656
1.766,-0.38582349
1.7665,-0.46466287
1.767,-0.52029541
1.7675,-0.58157176
1.768,-0.58783402
1.7685,-0.61661374
1.769,-0.48895054
1.7695,-0.27264387
1.77,-0.13868328
1.7705,-0.11157161
1.771,-0.05873285
1.7715,-0.03715383
1.772,-0.0820993
1.7725,-0.08900751
1.773,-0.04367915
1.7735,-0.00684362
1.774,-0.09000923
1.7745,-0.04088116
1.775,-0.03710849
1.7755,-0.02430622
1.776,0.04628116
1.7765,0.11506453
1.777,0.35545369
1.7775,0.55682427
1.778,0.60504654
1.7785,0.59866246
1.779,0.5960707
1.7795,0.54588713
1.78,0.45467179
1.7805,0.42613939
1.781,0.24269279
1.7815,0.26429226
1.782,0.17639619
1.7825,0.04849795
1.783,-0.0844362
1.7835,-0.01184886
1.784,-0.06520307
1.7845,0.06503108
1.785,0.12330876
1.7855,0.18008807
1.786,0.11888668
1.7865,-0.09362526
1.787,-0.13962421
1.7875,-0.24917429
1.788,-0.25645663
1.7885,-0.33327058
1.789,-0.3777218
1.7895,-0.47689309
1.79,-0.57615369
1.7905,-0.66925908
1.791,-0.6542465
1.7915,-0.50477489
1.792,-0.36498221
1.7925,-0.21064215
1.793,0.00170239
1.7935,-0.04723416
1.794,-0.03980254
1.7945,-0.02745002
1.795,-0.02298884
1.7955,0.06267411
1.796,0.08109536
1.7965,0.06112428
1.797,0.02701793
1.7975,0.0105756
1.798,-0.03686829
1.7985,0.0389432
1.799,0.19326784
1.7995,0.4223331
1.8,0.53163729
1.8005,0.6152969
1.801,0.60344189
1.8015,0.58848523
1.802,0.54602199
1.8025,0.53322828
1.803,0.46116211
1.8035,0.4042823
1.804,0.25136399
1.8045,0.15548758
1.805,-0.01259542
1.8055,-0.1693325
1.806,-0.17863471
1.8065,-0.10590837
1.807,-0.10611417
1.8075,0.00695513
1.808,0.03992714
1.8085,0.02487408
1.809,-0.11184591
1.8095,-0.15887233
1.81,-0.20130218
1.8105,-0.28414461
1.811,-0.25467102
1.8115,-0.39091225
1.812,-0.53943904
1.8125,-0.63484021
1.813,-0.62357204
1.8135,-0.63656897
1.814,-0.51082452
1.8145,-0.32893653
1.815,-0.198999
1.8155,-0.11983982
1.816,-0.02622335
1.8165,0.04067962
1.817,0.06025132
1.8175,0.0489549
1.818,0.17601906
1.8185,0.16204064
1.819,0.19603826
1.8195,0.06839253
1.82,0.0016091
1.8205,0.04197687
1.821,0.02933413
1.8215,0.26427712
1.822,0.32060629
1.8225,0.50131375
1.823,0.53843427
1.8235,0.51877395
1.824,0.48991866
1.8245,0.41271029
1.825,0.51911485
1.8255,0.47171572
1.826,0.47515748
1.8265,0.27866105
1.827,0.07550109
1.8275,-0.04706522
1.828,-0.14466235
1.8285,-0.22997411
1.829,-0.17928938
1.8295,-0.14488434
1.83,-0.0956691
1.8305,-0.12116345
1.831,-0.14586659
1.8315,-0.09417198
1.832,-0.18706548
1.8325,-0.16814557
1.833,-0.24849216
1.8335,-0.20777218
1.834,-0.32550193
1.8345,-0.53141051
1.835,-0.62262502
1.8355,-0.63966979
1.836,-0.65831449
1.8365,-0.52753912
1.837,-0.31364859
1.8375,-0.18006203
1.838,-0.15961004
1.8385,-0.09882078
1.839,0.00580426
1.8395,0.06015903
1.84,0.24676881
1.8405,0.22461681
1.841,0.3132097
1.8415,0.26451142
1.842,0.12172221
1.8425,0.03658564
1.843,0.0313772
1.8435,0.1633409
1.844,0.16942331
1.8445,0.30692647
1.845,0.33159511
1.8455,0.45361339
1.846,0.47830657
1.8465,0.49702691
1.847,0.53494612
1.8475,0.5719417
1.848,0.48314438
1.8485,0.4614167
1.849,0.26282948
1.8495,0.04265245
1.85,-0.04981721
1.8505,-0.2615203
1.851,-0.24680822
1.8515,-0.23989996
1.852,-0.22803889
1.8525,-0.22546289
1.853,-0.18908689
1.8535,-0.22292107
1.854,-0.24279857
1.8545,-0.22073299
1.855,-0.21611255
1.8555,-0.20089578
1.856,-0.26402045
1.8565,-0.21997765
1.857,-0.50295004
1.8575,-0.54208915
1.858,-0.58880135
1.8585,-0.54312404
1.859,-0.46109685
1.8595,-0.35349595
1.86,-0.26069382
1.8605,-0.22130667
1.861,-0.08043529
1.8615,0.02392211
1.862,0.12409844
1.8625,0.26777326
1.863,0.38395834
1.8635,0.38325157
1.864,0.30945689
1.8645,0.26593976
1.865,0.16401817
1.8655,0.12016577
1.866,0.1267322
1.8665,0.2749179
1.867,0.25944462
1.8675,0.33911806
1.868,0.33072529
1.8685,0.30990376
1.869,0.38986072
1.8695,0.54604181
1.87,0.56740548
1.8705,0.60669014
1.871,0.47246129
1.8715,0.26658322
1.872,0.08426005
1.8725,-0.0700248
1.873,-0.18302417
1.8735,-0.17895552
1.874,-0.30789458
1.8745,-0.26843912
1.875,-0.32692503
1.8755,-0.35573047
1.876,-0.34809765
1.8765,-0.27046401
1.877,-0.24404497
1.8775,-0.16371951
1.878,-0.14512831
1.8785,-0.19191508
1.879,-0.26014844
1.8795,-0.43365602
1.88,-0.46896533
1.8805,-0.4552955
1.881,-0.49855331
1.8815,-0.33569374
1.882,-0.36245263
1.8825,-0.31311719
1.883,-0.20017767
1.8835,-0.14627758
1.884,0.10354378
1.8845,0.23661015
1.885,0.36575885
1.8855,0.44329998
1.886,0.40950685
1.8865,0.32700269
1.887,0.27756629
1.8875,0.17281061
1.888,0.11559059
1.8885,0.25191647
1.889,0.24030594
1.8895,0.29061174
1.89,0.2104827
1.8905,0.20887211
1.891,0.24398704
1.8915,0.2844138
1.892,0.41839001
1.8925,0.47992437
1.893,0.50148388
1.8935,0.37060071
1.894,0.29474543
1.8945,0.07048219
1.895,-0.06230331
1.8955,-0.16113637
1.896,-0.27499754
1.8965,-0.29148455
1.897,-0.28287536
1.8975,-0.42280252
1.898,-0.48203109
1.8985,-0.44249124
1.899,-0.35639163
1.8995,-0.26556374
1.9,-0.16513006
1.9005,-0.17627128
1.901,-0.15242561
1.9015,-0.31443026
1.902,-0.43407076
1.9025,-0.37987895
1.903,-0.46200861
1.9035,-0.42845694
1.904,-0.35861628
1.9045,-0.28936942
1.905,-0.33759572
1.9055,-0.22658361
1.906,-0.19973568
1.9065,0.0533697
1.907,0.21355661
1.9075,0.39184402
1.908,0.50862263
1.9085,0.45183515
1.909,0.45313188
1.9095,0.3425907
1.91,0.33988703
1.9105,0.30080841
1.911,0.32308547
1.9115,0.24527438
1.912,0.24857231
1.9125,0.16599151
1.913,0.17444476
1.9135,0.15022163
1.914,0.32142366
1.9145,0.38020778
1.915,0.4036015
1.9155,0.48139432
1.916,0.4325139
1.9165,0.23040738
1.917,0.16041067
1.9175,-0.01314812
1.918,-0.07377283
1.9185,-0.14692314
1.919,-0.25189716
1.9195,-0.42610294
1.92,-0.51970108
1.9205,-0.56055178
1.921,-0.59031866
1.9215,-0.43790341
1.922,-0.27927646
1.9225,-0.27192262
1.923,-0.15215075
1.9235,-0.16539171
1.924,-0.23179732
1.9245,-0.26794157
1.925,-0.34314851
1.9255,-0.31240193
1.926,-0.21380184
1.9265,-0.27710571
1.927,-0.29005539
1.9275,-0.37472296
1.928,-0.28169331
1.9285,-0.13614391
1.929,-0.04217681
1.9295,0.21596851
1.93,0.42483113
1.9305,0.50337779
1.931,0.44062584
1.9315,0.51111114
1.932,0.40401419
1.9325,0.43880769
1.933,0.45085169
1.9335,0.37270517
1.934,0.29028007
1.9345,0.23512281
1.935,0.11074205
1.9355,0.11983913
1.936,0.10655306
1.9365,0.21871766
1.937,0.31513625
1.9375,0.34554549
1.938,0.39849169
1.9385,0.28737306
1.939,0.1769057
1.9395,0.09431224
1.94,-0.03909994
1.9405,-0.1187783
1.941,-0.18862373
1.9415,-0.26847066
1.942,-0.46118321
1.9425,-0.58370644
1.943,-0.57084542
1.9435,-0.59517836
1.944,-0.4114957
1.9445,-0.27766108
1.945,-0.23622018
1.9455,-0.1431424
1.946,-0.20483566
1.9465,-0.22041068
1.947,-0.27046182
1.9475,-0.19647123
1.948,-0.11539032
1.9485,-0.178582
1.949,-0.176629
1.9495,-0.22868475
1.95,-0.22741819
1.9505,-0.29357674
1.951,-0.1631823
1.9515,0.0211383
1.952,0.26278069
1.9525,0.35180629
1.953,0.42310376
1.9535,0.49700874
1.954,0.46891329
1.9545,0.44890055
1.955,0.50182152
1.9555,0.51121954
1.956,0.45093202
1.9565,0.37107501
1.957,0.18487352
1.9575,0.12011701
1.958,0.0882474
1.9585,0.06636984
1.959,0.12485738
1.9595,0.22670243
1.96,0.21649505
1.9605,0.23601412
1.961,0.17488132
1.9615,0.07935098
1.962,0.11131617
1.9625,-0.03786795
1.963,-0.03064454
1.9635,-0.20109417
1.964,-0.29637146
1.9645,-0.50726115
1.965,-0.57668039
1.9655,-0.60143243
1.966,-0.60763474
1.9665,-0.43529774
1.967,-0.4309245
1.9675,-0.29685555
1.968,-0.23094996
1.9685,-0.20172954
1.969,-0.13623529
1.9695,-0.07891246
1.97,-0.12932589
1.9705,-0.08703379
1.971,-0.07271481
1.9715,-0.16680698
1.972,-0.14271705
1.9725,-0.26134933
1.973,-0.19201772
1.9735,-0.07605862
1.974,0.00672685
1.9745,0.14895695
1.975,0.38157865
1.9755,0.44571501
1.976,0.40654912
1.9765,0.47389428
1.977,0.58160428
1.9775,0.52001314
1.978,0.60089496
1.9785,0.46028655
1.979,0.37957581
1.9795,0.21552252
1.98,0.12515686
1.9805,0.02464351
1.981,0.01009899
1.9815,0.14132856
1.982,0.16043735
1.9825,0.14827912
1.983,0.14699093
1.9835,0.12908535
1.984,0.07808296
1.9845,0.09174584
1.985,0.00101463
1.9855,0.00497553
1.986,-0.14729657
1.9865,-0.28069304
1.987,-0.45496002
1.9875,-0.65758723
1.988,-0.61848259
1.9885,-0.59366101
1.989,-0.46179319
1.9895,-0.45364787
1.99,-0.36071684
1.9905,-0.38012116
1.991,-0.28538335
1.9915,-0.21597318
1.992,-0.08247485
1.9925,-0.05405939
1.993,0.07046643
1.9935,0.03893235
1.994,-0.08015762
1.9945,-0.13785599
1.995,-0.12621981
1.9955,-0.16627342
1.996,-0.06283827
1.9965,0.1532547
1.997,0.25028446
1.9975,0.32474174
1.998,0.38298629
1.9985,0.38845244
1.999,0.42960423
1.9995,0.56885435
2.0,0.61075778
2.0005,0.6072749
2.001,0.53450579
2.0015,0.38276429
2.002,0.25106617
2.0025,0.1113653
2.003,0.00500681
2.0035,0.06213417
2.004,0.02056208
2.0045,0.04420224
2.005,0.09759933
2.0055,0.04420718
2.006,0.01617753
2.0065,0.02661834
2.007,-0.04748346
2.0075,0.10380987
2.008,-0.01022613
2.0085,-0.13538236
2.009,-0.26316938
2.0095,-0.49500706
2.01,-0.60630612
2.0105,-0.55502717
2.011,-0.63739858
2.0115,-0.54482324
2.012,-0.45773526
2.0125,-0.42375443
2.013,-0.38621904
2.0135,-0.30452333
2.014,-0.16465431
2.0145,-0.12489605
2.015,0.10959267
2.0155,0.12202567
2.016,0.14745933
2.0165,0.06878195
2.017,-0.10860333
2.0175,-0.10986586
2.018,0.00053717
2.0185,-0.01552771
2.019,0.09554087
2.0195,0.16336661
2.02,0.22822485
2.0205,0.29848741
2.021,0.32126425
2.0215,0.48417981
2.022,0.59854367
2.0225,0.6559447
2.023,0.62775221
2.0235,0.59587905
2.024,0.35682759
2.0245,0.26648036
2.025,0.13869243
2.0255,0.0222355
2.026,-0.02771899
2.0265,0.01001823
2.027,-0.04216723
2.0275,-0.0367216
2.028,-0.08998092
2.0285,-0.06865627
2.029,-0.0581474
2.0295,-0.09533115
2.03,0.00260729
2.0305,-0.01602957
2.031,-0.08971249
2.0315,-0.2599239
2.032,-0.45570428
2.0325,-0.53673592
2.033,-0.55785612
2.0335,-0.57113302
2.034,-0.55606549
2.0345,-0.51524498
2.035,-0.44207911
2.0355,-0.41331738
2.036,-0.2854193
2.0365,-0.15467747
2.037,0.0394785
2.0375,0.1263968
2.038,0.15907298
2.0385,0.20721767
2.039,0.05438781
2.0395,-0.02468455
2.04,0.02468467
2.0405,0.0414716
2.041,0.11557864
2.0415,0.15645168
2.042,0.20397907
2.0425,0.17185393
2.043,0.25027132
2.0435,0.30556352
2.044,0.40033365
2.0445,0.55005885
2.045,0.67315893
2.0455,0.6755242
2.046,0.55130919
2.0465,0.4417639
2.047,0.28905953
2.0475,0.18869769
2.048,0.05618115
2.0485,0.04582599
2.049,0.01014061
2.0495,-0.09275678
2.05,-0.17455845
2.0505,-0.24015273
2.051,-0.26052541
2.0515,-0.21467947
2.052,0.05356081
2.0525,-0.00717913
2.053,-0.0628051
2.0535,-0.13187507
2.054,-0.25602273
2.0545,-0.39937971
2.055,-0.52022781
2.0555,-0.46529705
2.056,-0.54085455
2.0565,-0.52532085
2.057,-0.543501
2.0575,-0.49019149
2.058,-0.44991476
2.0585,-0.2597387
2.059,-0.10824233
2.0595,-0.00178947
2.06,0.11600469
2.0605,0.19556581
2.061,0.19861464
2.0615,0.15020868
2.062,0.13282757
2.0625,0.10701573
2.063,0.16486587
2.0635,0.20708869
2.064,0.15655584
2.0645,0.1605094
2.065,0.11232351
2.0655,0.24603107
2.066,0.27698352
2.0665,0.38466341
2.067,0.49204613
2.0675,0.68964335
2.068,0.64059133
2.0685,0.53836625
2.069,0.38008947
2.0695,0.22053602
2.07,0.1407297
2.0705,0.11351852
2.071,0.07783645
2.0715,-0.03498507
2.072,-0.18643365
2.0725,-0.27844116
2.073,-0.26661162
2.0735,-0.30560467
2.074,-0.20644643
2.0745,-0.0671686
2.075,-0.03423401
2.0755,-0.0333755
2.076,-0.16957399
2.0765,-0.30925762
2.077,-0.35010812
2.0775,-0.37593127
2.078,-0.49265447
2.0785,-0.42741337
2.079,-0.48957026
2.0795,-0.53772671
2.08,-0.52462594
2.0805,-0.42657053
2.081,-0.35465721
2.0815,-0.19250136
2.082,0.01669479
2.0825,0.197401
2.083,0.24133498
2.0835,0.24596651
2.084,0.23354745
2.0845,0.22111327
2.085,0.2690146
2.0855,0.25297472
2.086,0.28000962
2.0865,0.19810243
2.087,0.18260897
2.0875,0.0956617
2.088,0.10211849
2.0885,0.23610239
2.089,0.34630677
2.0895,0.43756139
2.09,0.54587769
2.0905,0.54498075
2.091,0.44095178
2.0915,0.39446024
2.092,0.3079518
2.0925,0.23903742
2.093,0.11073705
2.0935,0.01699312
2.094,-0.0432664
2.0945,-0.26942565
2.095,-0.37345561
2.0955,-0.41765451
2.096,-0.39867632
2.0965,-0.27380757
2.097,-0.1405949
2.0975,-0.11950829
2.098,-0.14831961
2.0985,-0.16279137
2.099,-0.24412188
2.0995,-0.27265046
2.1,-0.32348511
2.1005,-0.30563671
2.101,-0.35972252
2.1015,-0.46453991
2.102,-0.49739988
2.1025,-0.53361601
2.103,-0.41089664
2.1035,-0.31492392
2.104,-0.15724183
2.1045,-0.04067473
2.105,0.13968041
2.1055,0.20472371
2.106,0.27384697
2.1065,0.35478159
2.107,0.32359189
2.1075,0.31126197
2.108,0.29362307
2.1085,0.33687012
2.109,0.22514164
2.1095,0.16757541
2.11,0.12685329
2.1105,0.09702283
2.111,0.34813106
2.1115,0.28990225
2.112,0.53040317
2.1125,0.45306802
2.113,0.47571792
2.1135,0.42960737
2.114,0.36956016
2.1145,0.32024378
2.115,0.21910652
2.1155,0.16319582
2.116,0.04226336
2.1165,-0.1293375
2.117,-0.30019863
2.1175,-0.42055673
2.118,-0.47467645
2.1185,-0.43807397
2.119,-0.3428353
2.1195,-0.30210422
2.12,-0.22609302
2.1205,-0.28475929
2.121,-0.2238884
2.1215,-0.24855139
2.122,-0.23678393
2.1225,-0.2250615
2.123,-0.28684865
2.1235,-0.27806155
2.124,-0.40681359
2.1245,-0.49079219
2.125,-0.49353187
2.1255,-0.4609669
2.126,-0.30854157
2.1265,-0.14411818
2.127,-0.01093066
2.1275,0.07869105
2.128,0.19168432
2.1285,0.27341943
2.129,0.3260093
2.1295,0.37564013
2.13,0.42025306
2.1305,0.45507899
2.131,0.45818542
2.1315,0.27017237
2.132,0.19088924
2.1325,0.09963143
2.133,0.12292863
2.1335,0.22693403
2.134,0.34105395
2.1345,0.33002797
2.135,0.43013868
2.1355,0.37076363
2.136,0.25011069
2.1365,0.30531534
2.137,0.35626224
2.1375,0.30794466
2.138,0.18574627
2.1385,0.06392243
2.139,-0.14219112
2.1395,-0.30510655
2.14,-0.44654871
2.1405,-0.49235648
2.141,-0.47317758
2.1415,-0.44234247
2.142,-0.35806831
2.1425,-0.35371456
2.143,-0.29782245
2.1435,-0.32288556
2.144,-0.28178879
2.1445,-0.2038517
2.145,-0.09239751
2.1455,-0.18247119
2.146,-0.28759973
2.1465,-0.29503418
2.147,-0.42594695
2.1475,-0.38199114
2.148,-0.40812746
2.1485,-0.21642689
2.149,-0.16318851
2.1495,-0.04763059
2.15,0.05433145
2.1505,0.23571107
2.151,0.25842576
2.1515,0.33167859
2.152,0.50423433
2.1525,0.52603775
2.153,0.50257192
2.1535,0.43079212
2.154,0.35864567
2.1545,0.22687743
2.155,0.11201198
2.1555,0.13794025
2.156,0.1918394
2.1565,0.26996249
2.157,0.26418584
2.1575,0.34966521
2.158,0.27882461
2.1585,0.24114745
2.159,0.24935639
2.1595,0.28352498
2.16,0.31532339
2.1605,0.22477882
2.161,0.01672274
2.1615,-0.13997142
2.162,-0.33812515
2.1625,-0.42500375
2.163,-0.49829063
2.1635,-0.44484389
2.164,-0.41858576
2.1645,-0.45352172
2.165,-0.4324936
2.1655,-0.41274239
2.166,-0.38518493
2.1665,-0.28475332
2.167,-0.20098816
2.1675,-0.12009731
2.168,-0.08242947
2.1685,-0.08028187
2.169,-0.21341923
2.1695,-0.3010746
2.17,-0.38572496
2.1705,-0.2531934
2.171,-0.19407334
2.1715,-0.08967414
2.172,0.00122535
2.1725,0.1694647
2.173,0.12802894
2.1735,0.28263599
2.174,0.31111259
2.1745,0.49510194
2.175,0.51725144
2.1755,0.61624425
2.176,0.53340814
2.1765,0.42101325
2.177,0.21907148
2.1775,0.25652038
2.178,0.16086543
2.1785,0.19390568
2.179,0.22537403
2.1795,0.18996423
2.18,0.17248203
2.1805,0.06381595
2.181,0.18009521
2.1815,0.26213767
2.182,0.21193764
2.1825,0.23456704
2.183,0.23856995
2.1835,0.04536278
2.184,-0.16004948
2.1845,-0.30474402
2.185,-0.37983628
2.1855,-0.4843642
2.186,-0.50727421
2.1865,-0.55332066
2.187,-0.48438095
2.1875,-0.47487239
2.188,-0.50991031
2.1885,-0.46382267
2.189,-0.34310198
2.1895,-0.14183445
2.19,-0.08956406
2.1905,-0.01848333
2.191,-0.06520831
2.1915,-0.17434886
2.192,-0.24433846
2.1925,-0.29000439
2.193,-0.20086651
2.1935,-0.15203551
2.194,-0.09654667
2.1945,-0.05892822
2.195,-0.05362128
2.1955,0.07666104
2.196,0.21936391
2.1965,0.37668219
2.197,0.55572851
2.1975,0.60116413
2.198,0.58546267
2.1985,0.5681148
2.199,0.42261831
2.1995,0.37997748
2.2,0.25411377
2.2005,0.16051337
2.201,0.1826848
2.2015,0.19276
2.202,0.1660445
2.2025,0.09557742
2.203,0.02019473
2.2035,0.10303619
2.204,0.10531957
2.2045,0.1561821
2.205,0.18326577
2.2055,0.12047899
2.206,0.01742891
2.2065,-0.19970988
2.207,-0.2504322
2.2075,-0.36607722
2.208,-0.43677041
2.2085,-0.44386255
2.209,-0.50226334
2.2095,-0.59511341
2.21,-0.54194556
2.2105,-0.50297338
2.211,-0.42935824
2.2115,-0.25718653
2.212,-0.14007875
2.2125,-0.05216814
2.213,0.02721179
2.2135,-0.01831016
2.214,-0.12253349
2.2145,-0.20496007
2.215,-0.12302075
2.2155,-0.0577521
2.216,-0.08786933
2.2165,0.05169776
2.217,-0.02235157
2.2175,-0.01239352
2.218,0.13409382
2.2185,0.28836247
2.219,0.38152157
2.2195,0.52026265
2.22,0.58657937
2.2205,0.62387384
2.221,0.55951745
2.2215,0.4388377
2.222,0.40120923
2.2225,0.3574086
2.223,0.26562319
2.2235,0.19190378
2.224,0.10992269
2.2245,0.0366823
2.225,-0.10153881
2.2255,-0.03236459
2.226,0.06538521
2.2265,0.025304
2.227,0.17250714
2.2275,0.14821628
2.228,0.04347159
2.2285,-0.04491773
2.229,-0.18356794
2.2295,-0.22559362
2.23,-0.35116225
2.2305,-0.42339248
2.231,-0.43574154
2.2315,-0.45382308
2.232,-0.59349264
2.2325,-0.59032713
2.233,-0.58153823
2.2335,-0.40548862
2.234,-0.329439
2.2345,-0.15745529
2.235,-0.02829423
2.2355,-0.0335022
2.236,-0.08643278
2.2365,-0.04820853
2.237,-0.00137648
2.2375,-0.05867776
2.238,-0.00058919
2.2385,0.07015543
2.239,0.01096613
2.2395,-0.01516743
2.24,-0.03616702
2.2405,0.04462186
2.241,0.18221136
2.2415,0.42850089
2.242,0.53478904
2.2425,0.61868019
2.243,0.56734978
2.2435,0.54293801
2.244,0.49758017
2.2445,0.41744966
2.245,0.39669306
2.2455,0.40260503
2.246,0.23992344
2.2465,0.09609101
2.247,-0.01376773
2.2475,-0.16221383
2.248,-0.102256
2.2485,-0.19659801
2.249,-0.05970826
2.2495,0.03120883
2.25,0.05893988
2.2505,-0.02715977
2.251,-0.04681881
2.2515,-0.10237218
2.252,-0.20464538
2.2525,-0.23718694
2.253,-0.37037959
2.2535,-0.39564825
2.254,-0.53133705
2.2545,-0.59221246
2.255,-0.6305252
2.2555,-0.55280935
2.256,-0.41455348
2.2565,-0.30866859
2.257,-0.1295925
2.2575,-0.09777429
2.258,-0.015675
2.2585,0.03927854
2.259,0.0854942
2.2595,0.10707871
2.26,0.10646146
2.2605,0.14725461
2.261,0.11159297
2.2615,0.05022829
2.262,0.0001132
2.2625,0.02587594
2.263,0.05909689
2.2635,0.24640425
2.264,0.34443977
2.2645,0.45809829
2.265,0.52553474
2.2655,0.53267496
2.266,0.45320344
2.2665,0.4608837
2.267,0.45626028
2.2675,0.46690318
2.268,0.33376321
2.2685,0.19216386
2.269,0.04653997
2.2695,-0.07029909
2.27,-0.13256922
2.2705,-0.14910265
2.271,-0.13111004
2.2715,-0.07179362
2.272,0.02509598
2.2725,-0.08167841
2.273,-0.08788389
2.2735,-0.15259407
2.274,-0.14453471
2.2745,-0.15108914
2.275,-0.22434316
2.2755,-0.26537106
2.276,-0.34035688
2.2765,-0.46811696
2.277,-0.56924183
2.2775,-0.61959985
2.278,-0.55203545
2.2785,-0.46874762
2.279,-0.31850414
2.2795,-0.18726132
2.28,-0.05988662
2.2805,-0.03119541
2.281,0.09576607
2.2815,0.10925526
2.282,0.10619931
2.2825,0.20015815
2.283,0.20785633
2.2835,0.20514163
2.284,0.11580949
2.2845,-0.03304115
2.285,0.04790978
2.2855,0.06276981
2.286,0.19095975
2.2865,0.29619391
2.287,0.36641992
2.2875,0.49338229
2.288,0.42414325
2.2885,0.44329007
2.289,0.50775798
2.2895,0.48514837
2.29,0.44765074
2.2905,0.39655333
2.291,0.24854707
2.2915,0.09674198
2.292,-0.07630429
2.2925,-0.2259056
2.293,-0.21906994
2.2935,-0.20406735
2.294,-0.20319516
2.2945,-0.12594376
2.295,-0.16832377
2.2955,-0.14099047
2.296,-0.20697132
2.2965,-0.22945216
2.297,-0.18858828
2.2975,-0.08670053
2.298,-0.21809643
2.2985,-0.34944487
2.299,-0.48162404
2.2995,-0.57407493
2.3,-0.60605525
2.3005,-0.58263491
2.301,-0.43317468
2.3015,-0.29509887
2.302,-0.20849496
2.3025,-0.13529875
2.303,-0.11354179
2.3035,0.05961762
2.304,0.19171661
2.3045,0.22078775
2.305,0.35062693
2.3055,0.34694338
2.306,0.25144017
2.3065,0.18783751
2.307,0.07521346
2.3075,0.12371547
2.308,0.20204701
2.3085,0.23973417
2.309,0.35683135
2.3095,0.35876802
2.31,0.37027264
2.3105,0.40157408
2.311,0.43062148
2.3115,0.41318942
2.312,0.49649377
2.3125,0.44512041
2.313,0.37095827
2.3135,0.22918517
2.314,0.0192235
2.3145,-0.13838868
2.315,-0.1723297
2.3155,-0.30080291
2.316,-0.23998844
2.3165,-0.2430165
2.317,-0.23033808
2.3175,-0.31616041
2.318,-0.30415452
2.3185,-0.1958906
2.319,-0.17159526
2.3195,-0.14274888
2.32,-0.12003533
2.3205,-0.17084756
2.321,-0.30400101
2.3215,-0.41632534
2.322,-0.46810303
2.3225,-0.49630688
2.323,-0.45281812
2.3235,-0.37261505
2.324,-0.34708628
2.3245,-0.30182936
2.325,-0.18876805
2.3255,-0.08233403
2.326,0.03775142
2.3265,0.1797164
2.327,0.33313203
2.3275,0.42316297
2.328,0.3512833
2.3285,0.34629129
2.329,0.23138653
2.3295,0.14559999
2.33,0.11966131
2.3305,0.17721303
2.331,0.25545141
2.3315,0.29081241
2.332,0.22992904
2.3325,0.32230137
2.333,0.33678382
2.3335,0.36689077
2.334,0.45997798
2.3345,0.5006558
2.335,0.42291892
2.3355,0.34229623
2.336,0.19261034
2.3365,0.03871779
2.337,-0.0843261
2.3375,-0.22303982
2.338,-0.22753108
2.3385,-0.27497949
2.339,-0.33296261
2.3395,-0.33867745
2.34,-0.42024322
2.3405,-0.30843402
2.341,-0.33812054
2.3415,-0.25651796
2.342,-0.13175608
2.3425,-0.13220642
2.343,-0.06574797
2.3435,-0.21927903
2.344,-0.40464236
2.3445,-0.38540681
2.345,-0.40805962
2.3455,-0.40758683
2.346,-0.40224366
2.3465,-0.34446421
2.347,-0.27224887
2.3475,-0.22037772
2.348,-0.14584803
2.3485,0.03109042
2.349,0.15445848
2.3495,0.36952047
2.35,0.41812236
2.3505,0.48753115
2.351,0.43082446
2.3515,0.32160257
2.352,0.2556292
2.3525,0.26596115
2.353,0.27978565
2.3535,0.26201988
2.354,0.26860799
2.3545,0.24222152
2.355,0.21421112
2.3555,0.18862951
2.356,0.29826638
2.3565,0.40167756
2.357,0.40605331
2.3575,0.40526451
2.358,0.39065868
2.3585,0.16776721
2.359,0.0403138
2.3595,-0.08477536
2.36,-0.17801374
2.3605,-0.24980368
2.361,-0.23534512
2.3615,-0.39079136
2.362,-0.42808563
2.3625,-0.48011322
2.363,-0.45508256
2.3635,-0.38888034
2.364,-0.227288
2.3645,-0.12665736
2.365,-0.11897582
2.3655,-0.14557219
2.366,-0.21348882
2.3665,-0.28946751
2.367,-0.42574257
2.3675,-0.30901802
2.368,-0.30252014
2.3685,-0.33055022
2.369,-0.2775668
2.3695,-0.31195397
2.37,-0.18331307
2.3705,-0.17539936
2.371,0.03677612
2.3715,0.22643213
2.372,0.3832972
2.3725,0.45075576
2.373,0.42721986
2.3735,0.38284324
2.374,0.35897024
2.3745,0.32433309
2.375,0.30470716
2.3755,0.33989519
2.376,0.30659844
2.3765,0.23466795
2.377,0.15541512
2.3775,0.066999
2.378,0.17175971
2.3785,0.20460215
2.379,0.31233034
2.3795,0.3964296
2.38,0.3780897
2.3805,0.29674788
2.381,0.17707242
2.3815,0.04834879
2.382,-0.01677474
2.3825,-0.2050163
2.383,-0.21382386
2.3835,-0.27672756
2.384,-0.42395541
2.3845,-0.50956228
2.385,-0.54026659
2.3855,-0.51598803
2.386,-0.44097787
2.3865,-0.20854761
2.387,-0.18198002
2.3875,-0.18686382
2.388,-0.16533779
2.3885,-0.24006012
2.389,-0.23121852
2.3895,-0.22391149
2.39,-0.22137617
2.3905,-0.16309921
2.391,-0.26902827
2.3915,-0.22185808
2.392,-0.24055215
2.3925,-0.2429433
2.393,-0.11719392
2.3935,0.04730474
2.394,0.23957285
2.3945,0.37227881
2.395,0.46930706
2.3955,0.48761987
2.396,0.45371047
2.3965,0.4271198
2.397,0.39343521
2.3975,0.40378693
2.398,0.37439769
2.3985,0.2959214
2.399,0.17047102
2.3995,0.06955717
2.4,0.04787516
2.4005,0.04735524
2.401,0.13848867
2.4015,0.22396141
2.402,0.3080725
2.4025,0.27175466
2.403,0.27367942
2.4035,0.1087912
2.404,0.03261236
2.4045,-0.03379001
2.405,-0.11451653
2.4055,-0.19034184
2.406,-0.37101468
2.4065,-0.46593169
2.407,-0.5519008
2.4075,-0.59836012
2.408,-0.59020338
2.4085,-0.45323977
2.409,-0.29990231
2.4095,-0.21806262
2.41,-0.13017279
2.4105,-0.18737756
2.411,-0.23686804
2.4115,-0.14261598
2.412,-0.08179845
2.4125,-0.07103014
2.413,-0.12525255
2.4135,-0.16735274
2.414,-0.22619656
2.4145,-0.24875619
2.415,-0.19261924
2.4155,-0.07489136
2.416,0.05154295
2.4165,0.25695747
2.417,0.38851086
2.4175,0.48441651
2.418,0.46864051
2.4185,0.49267455
2.419,0.50031821
2.4195,0.48803143
2.42,0.49242714
2.4205,0.46155591
2.421,0.31523919
2.4215,0.20767007
2.422,0.07664349
2.4225,-0.04229962
2.423,-0.0232847
2.4235,0.09266415
2.424,0.18719401
2.4245,0.23139302
2.425,0.166614
2.4255,0.15721917
2.426,0.0411763
2.4265,-0.0042126
2.427,0.01105958
2.4275,-0.00014032
2.428,-0.1530709
2.4285,-0.29301975
2.429,-0.51446916
2.4295,-0.58474507
2.43,-0.66600248
2.4305,-0.52165679
2.431,-0.43241341
2.4315,-0.35410865
2.432,-0.35607738
2.4325,-0.25362198
2.433,-0.20674374
2.4335,-0.15759953
2.434,-0.12000236
2.4345,-0.04044813
2.435,-0.01486148
2.4355,-0.03933185
2.436,-0.11629573
2.4365,-0.17040179
2.437,-0.14994358
2.4375,-0.09276734
2.438,-0.05233418
2.4385,0.0358499
2.439,0.21502423
2.4395,0.34688946
2.44,0.38787239
2.4405,0.41874771
2.441,0.42722278
2.4415,0.50266708
2.442,0.55767084
2.4425,0.50631704
2.443,0.46820963
2.4435,0.3451608
2.444,0.20680837
2.4445,0.06648815
2.445,0.0157193
2.4455,0.03226742
2.446,0.05340143
2.4465,0.0937157
2.447,0.0826264
2.4475,0.03317598
2.448,0.01632645
2.4485,-0.04595015
2.449,-0.01487071
2.4495,0.029858
2.45,-0.04858154
2.4505,-0.14341621
2.451,-0.32885119
2.4515,-0.44941395
2.452,-0.60722322
2.4525,-0.61130075
2.453,-0.65928737
2.4535,-0.47247284
2.454,-0.39400429
2.4545,-0.28919091
2.455,-0.293304
2.4555,-0.27564646
2.456,-0.11133767
2.4565,-0.07120306
2.457,0.04830058
2.4575,0.03581353
2.458,0.0180866
2.4585,-0.02805229
2.459,-0.08355944
2.4595,-0.09856274
2.46,-0.14434001
2.4605,-0.02675295
2.461,0.07097115
2.4615,0.20030715
2.462,0.23956922
2.4625,0.38435888
2.463,0.39657463
2.4635,0.52120127
2.464,0.55509393
2.4645,0.61569752
2.465,0.56017035
2.4655,0.50715978
2.466,0.39139146
2.4665,0.19164073
2.467,0.08341103
2.4675,-0.02791428
2.468,-0.06727974
2.4685,-0.01237309
2.469,0.00783391
2.4695,0.01589631
2.47,-0.09827034
2.4705,-0.06729182
2.471,-0.06738314
2.4715,0.00486569
2.472,0.01467926
2.4725,-0.03135964
2.473,-0.19926525
2.4735,-0.26508577
2.474,-0.41579678
2.4745,-0.53153435
2.475,-0.56105088
2.4755,-0.5445313
2.476,-0.53505653
2.4765,-0.4024335
2.477,-0.40851945
2.4775,-0.34057804
2.478,-0.2651958
2.4785,-0.17559581
2.479,0.01785697
2.4795,0.09041329
2.48,0.12967324
2.4805,0.17433317
2.481,0.07974405
2.4815,-0.03802555
2.482,-0.02125432
2.4825,0.01849626
2.483,0.01854755
2.4835,0.15648435
2.484,0.251048
2.4845,0.23875783
2.485,0.27572929
2.4855,0.29287646
2.486,0.41293772
2.4865,0.62217494
2.487,0.57631314
2.4875,0.56108986
2.488,0.4903946
2.4885,0.31466203
2.489,0.20244283
2.4895,0.12504472
2.49,0.02259058
2.4905,-0.03122776
2.491,-0.08648732
2.4915,-0.17031394
2.492,-0.14537527
2.4925,-0.16685872
2.493,-0.15244959
2.4935,-0.06238913
2.494,-0.05208779
2.4945,0.00569789
2.495,-0.00393111
2.4955,-0.16559989
2.496,-0.3268631
2.4965,-0.43043467
2.497,-0.47596639
2.4975,-0.52672064
2.498,-0.47830738
2.4985,-0.54190342
2.499,-0.49735408
2.4995,-0.46382547
2.5,-0.41722901
2.5005,-0.218084
2.501,-0.10032511
2.5015,0.03577637
2.502,0.14765079
2.5025,0.2486715
2.503,0.26206298
2.5035,0.13950504
2.504,0.12239405
2.5045,0.06072348
2.505,0.15740974
2.5055,0.1260247
2.506,0.15614861
2.5065,0.15042132
2.507,0.20564921
2.5075,0.19110739
2.508,0.3161147
2.5085,0.4449044
2.509,0.57823981
2.5095,0.60820467
2.51,0.61979639
2.5105,0.47760266
2.511,0.37421026
2.5115,0.2357813
2.512,0.11084878
2.5125,0.04469184
2.513,-0.0015087
2.5135,-0.07253034
2.514,-0.20461573
2.5145,-0.32445321
2.515,-0.27265826
2.5155,-0.20328177
2.516,-0.21062903
2.5165,-0.1396731
2.517,-0.04807731
2.5175,-0.11861274
2.518,-0.1032513
2.5185,-0.23795178
2.519,-0.29255612
2.5195,-0.39525159
2.52,-0.404369
2.5205,-0.50694252
2.521,-0.49817495
2.5215,-0.48506617
2.522,-0.48852749
2.5225,-0.42421025
2.523,-0.34101341
2.5235,-0.1302842
2.524,0.07544362
2.5245,0.25841578
2.525,0.25292709
2.5255,0.15359895
2.526,0.25112816
2.5265,0.13175535
2.527,0.13748645
2.5275,0.19623101
2.528,0.20931019
2.5285,0.22043986
2.529,0.14588081
2.5295,0.18398186
2.53,0.13640636
2.5305,0.30676147
2.531,0.45119329
2.5315,0.47037441
2.532,0.5397852
2.5325,0.51484533
2.533,0.43332522
2.5335,0.35379983
2.534,0.18479406
2.5345,0.17506891
2.535,0.10035894
2.5355,-0.01029538
2.536,-0.12453383
2.5365,-0.25745745
2.537,-0.31327423
2.5375,-0.33176302
2.538,-0.32954395
2.5385,-0.17783243
2.539,-0.1776114
2.5395,-0.08347444
2.54,-0.09636438
2.5405,-0.1782503
2.541,-0.20577925
2.5415,-0.26009041
2.542,-0.34444553
2.5425,-0.31000895
2.543,-0.40897268
2.5435,-0.47743915
2.544,-0.47996039
2.5445,-0.45800085
2.545,-0.42033702
2.5455,-0.27734144
2.546,-0.0643185
2.5465,0.01657144
2.547,0.21475315
2.5475,0.26381497
2.548,0.21000312
2.5485,0.29084533
2.549,0.27373984
2.5495,0.33187268
2.55,0.34246133
2.5505,0.31753503
2.551,0.22378062
2.5515,0.11828113
2.552,0.11098687
2.5525,0.14210001
2.553,0.27543694
2.5535,0.30097375
2.554,0.47945783
2.5545,0.47814845
2.555,0.45818182
2.5555,0.4371622
2.556,0.34646554
2.5565,0.25366777
2.557,0.18022398
2.5575,0.03075486
2.558,0.02509672
2.5585,-0.16825866
2.559,-0.30957377
2.5595,-0.40118207
2.56,-0.46303353
2.5605,-0.38505935
2.561,-0.2588757
2.5615,-0.16082444
2.562,-0.15580959
2.5625,-0.14599017
2.563,-0.20855198
2.5635,-0.26291179
2.564,-0.22219823
2.5645,-0.24745221
2.565,-0.28999431
2.5655,-0.25887119
2.566,-0.43716274
2.5665,-0.40859261
2.567,-0.4232574
2.5675,-0.46307157
2.568,-0.24572518
2.5685,-0.07385145
2.569,0.01083649
2.5695,0.2060558
2.57,0.25521222
2.5705,0.27237791
2.571,0.28639363
2.5715,0.35424789
2.572,0.39014562
2.5725,0.41437785
2.573,0.38544449
2.5735,0.33662557
2.574,0.1568339
2.5745,0.12060424
2.575,0.11294329
2.5755,0.20641321
2.576,0.32793498
2.5765,0.34581318
2.577,0.43722474
2.5775,0.36083824
2.578,0.33116693
2.5785,0.33986238
2.579,0.17410862
2.5795,0.23516
2.58,0.11869679
2.5805,0.08942691
2.581,-0.14847709
2.5815,-0.33998142
2.582,-0.406146
2.5825,-0.44468546
2.583,-0.45318257
2.5835,-0.36588181
2.584,-0.29069047
2.5845,-0.30571518
2.585,-0.26748814
2.5855,-0.24571144
2.586,-0.22751579
2.5865,-0.17825364
2.587,-0.18970944
2.5875,-0.1127629
2.588,-0.2355211
2.5885,-0.35505838
2.589,-0.3383992
2.5895,-0.39368094
2.59,-0.32787997
2.5905,-0.21436067
2.591,-0.10066516
2.5915,0.01683644
2.592,0.1519979
2.5925,0.20274243
2.593,0.3488316
2.5935,0.28785569
2.594,0.44674791
2.5945,0.4936175
2.595,0.52673562
2.5955,0.49828511
2.596,0.31537529
2.5965,0.22943571
2.597,0.15239621
2.5975,0.17847226
2.598,0.18717453
2.5985,0.24469406
2.599,0.31623137
2.5995,0.3051371
2.6,0.28824869
2.6005,0.29472108
2.601,0.24213926
2.6015,0.27248045
2.602,0.26160665
2.6025,0.20490202
2.603,0.03445406
2.6035,-0.16614174
2.604,-0.38310703
2.6045,-0.44437358
2.605,-0.48777173
2.6055,-0.44258667
2.606,-0.38539262
2.6065,-0.35110175
2.607,-0.38919312
2.6075,-0.3402119
2.608,-0.27095153
2.6085,-0.20917888
2.609,-0.22025907
2.6095,-0.08255289
2.61,-0.13715476
2.6105,-0.15671523
2.611,-0.24301888
2.6115,-0.33495959
2.612,-0.3748523
2.6125,-0.37778824
2.613,-0.23714091
2.6135,-0.13382951
2.614,-0.0379453
2.6145,0.02831186
2.615,0.12930447
2.6155,0.27988457
2.616,0.34883351
2.6165,0.43675658
2.617,0.56972671
2.6175,0.49140229
2.618,0.45978885
2.6185,0.28283464
2.619,0.21640119
2.6195,0.15599991
2.62,0.15090077
2.6205,0.19224134
2.621,0.18848974
2.6215,0.23143653
2.622,0.20330942
2.6225,0.20401167
2.623,0.21920824
2.6235,0.26603459
2.624,0.25637097
2.6245,0.19631039
2.625,0.15059319
2.6255,0.00195667
2.626,-0.21732697
2.6265,-0.28695378
2.627,-0.40956566
2.6275,-0.4188152
2.628,-0.49772303
2.6285,-0.48625272
2.629,-0.42315632
2.6295,-0.42643978
2.63,-0.36289718
2.6305,-0.36562467
2.631,-0.18714043
2.6315,-0.12620694
2.632,-0.0821245
2.6325,-0.07314956
2.633,-0.13126091
2.6335,-0.20298348
2.634,-0.27317038
2.6345,-0.26502944
2.635,-0.209021
2.6355,-0.15610008
2.636,-0.04456483
2.6365,0.01358377
2.637,0.09238105
2.6375,0.13306373
2.638,0.20826707
2.6385,0.34723417
2.639,0.47973496
2.6395,0.649872
2.64,0.54914824
2.6405,0.56249625
2.641,0.34194712
2.6415,0.23963069
2.642,0.19669662
2.6425,0.17944331
2.643,0.22635577
2.6435,0.11956931
2.644,0.12187813
2.6445,0.09061614
2.645,0.08519304
2.6455,0.06533533
2.646,0.06755184
2.6465,0.18290269
2.647,0.22239454
2.6475,0.15777467
2.648,0.0010814
2.6485,-0.15195168
2.649,-0.35708131
2.6495,-0.44630219
2.65,-0.36608794
2.6505,-0.45044123
2.651,-0.4272703
2.6515,-0.50571271
2.652,-0.49831179
2.6525,-0.4709033
2.653,-0.35752989
2.6535,-0.22949251
2.654,-0.07965486
2.6545,0.00494178
2.655,0.03502055
2.6555,-0.08830382
2.656,-0.16530094
2.6565,-0.18643506
2.657,-0.1528317
2.6575,-0.06941726
2.658,-0.08364802
2.6585,-0.11898006
2.659,-0.07619668
2.6595,0.0732506
2.66,0.12014356
2.6605,0.24523933
2.661,0.46996987
2.6615,0.55472153
2.662,0.61735442
2.6625,0.5475852
2.663,0.56321523
2.6635,0.43766655
2.664,0.36397689
2.6645,0.26080606
2.665,0.20053357
2.6655,0.09395287
2.666,0.05034452
2.6665,0.15679181
2.667,-0.03491991
2.6675,-0.04167264
2.668,0.02525974
2.6685,0.02078133
2.669,0.16159747
2.6695,0.19865499
2.67,0.02615551
2.6705,-0.04074206
2.671,-0.10136434
2.6715,-0.24544653
2.672,-0.33110521
2.6725,-0.38043361
2.673,-0.47022971
2.6735,-0.50776324
2.674,-0.59869147
2.6745,-0.53908883
2.675,-0.55831703
2.6755,-0.3696039
2.676,-0.24888247
2.6765,-0.12172334
2.677,-0.08559309
2.6775,0.03863584
2.678,0.06390558
2.6785,-0.10134109
2.679,-0.05954771
2.6795,-0.05724262
2.68,-0.0632576
2.6805,0.00823388
2.681,0.02830285
2.6815,-0.0026749
2.682,-0.03212665
2.6825,0.08118161
2.683,0.18064641
2.6835,0.39081824
2.684,0.48971505
2.6845,0.55541554
2.685,0.5696877
2.6855,0.49047692
2.686,0.42666002
2.6865,0.38331356
2.687,0.32244817
2.6875,0.27230851
2.688,0.18923659
2.6885,0.09191623
2.689,-0.03224364
2.6895,-0.08089517
2.69,-0.13803899
2.6905,-0.0328778
2.691,-0.00181655
2.6915,0.07328655
2.692,0.10324915
2.6925,0.05583377
2.693,-0.16290685
2.6935,-0.16077469
2.694,-0.20109532
2.6945,-0.22547665
2.695,-0.31814118
2.6955,-0.44426071
2.696,-0.48383224
2.6965,-0.63320155
2.697,-0.56446213
2.6975,-0.53144153
2.698,-0.35780128
2.6985,-0.27515991
2.699,-0.13558053
2.6995,-0.03189988
2.7,0.02623678
2.7005,0.03415597
2.701,-0.05344923
2.7015,0.07229577
2.702,0.0952883
2.7025,0.12209946
2.703,0.04223716
2.7035,0.08698497
2.704,-0.03132452
2.7045,0.0724119
2.705,0.05997885
2.7055,0.21794754
2.706,0.42375228
2.7065,0.54291328
2.707,0.5780438
2.7075,0.51110339
2.708,0.46496206
2.7085,0.43933055
2.709,0.44934939
2.7095,0.30040773
2.71,0.34009024
2.7105,0.24061397
2.711,0.08420329
2.7115,-0.01486298
2.712,-0.20742007
2.7125,-0.1889161
2.713,-0.11244142
2.7135,-0.04727258
2.714,-0.03805065
2.7145,-0.02171111
2.715,-0.08955225
2.7155,-0.07393901
2.716,-0.11214893
2.7165,-0.20647873
2.717,-0.23338417
2.7175,-0.28838027
2.718,-0.34848178
2.7185,-0.52922652
2.719,-0.60359085
2.7195,-0.60148867
2.72,-0.57095325
2.7205,-0.41836958
2.721,-0.25096304
2.7215,-0.13961457
2.722,-0.04423339
2.7225,-0.01197572
2.723,0.0916409
2.7235,0.13665763
2.724,0.16009241
2.7245,0.22611733
2.725,0.18348732
2.7255,0.19450565
2.726,0.02380639
2.7265,-0.00777769
2.727,-0.0255048
2.7275,0.12093828
2.728,0.25618391
2.7285,0.33967127
2.729,0.42407759
2.7295,0.51092199
2.73,0.44957855
2.7305,0.49111719
2.731,0.45996232
2.7315,0.46932797
2.732,0.4467792
2.7325,0.36023849
2.733,0.22237679
2.7335,0.07397141
2.734,-0.10908239
2.7345,-0.19174166
2.735,-0.24877055
2.7355,-0.12436609
2.736,-0.12496165
2.7365,-0.06842513
2.737,-0.10463382
2.7375,-0.12757951
2.738,-0.11392689
2.7385,-0.12780529
2.739,-0.22458739
2.7395,-0.20362315
2.74,-0.18499959
2.7405,-0.33112899
2.741,-0.4270091
2.7415,-0.56120412
2.742,-0.54957238
2.7425,-0.54989867
2.743,-0.47569621
2.7435,-0.30629545
2.744,-0.24305375
2.7445,-0.0792118
2.745,-0.00644116
2.7455,0.01621764
2.746,0.21857948
2.7465,0.252675
2.747,0.32073767
2.7475,0.32580541
2.748,0.23858004
2.7485,0.13028801
2.749,0.12080176
2.7495,0.05688018
2.75,0.09866163
2.7505,0.2021182
2.751,0.32963196
2.7515,0.35777377
2.752,0.3942896
2.7525,0.34311193
2.753,0.37780004
2.7535,0.39321629
2.754,0.47840017
2.7545,0.40809997
2.755,0.30546721
2.7555,0.21583476
2.756,0.02870646
2.7565,-0.16588346
2.757,-0.26097518
2.7575,-0.24523585
2.758,-0.25312795
2.7585,-0.24280574
2.759,-0.20422301
2.7595,-0.27772741
2.76,-0.21730077
2.7605,-0.21593454
2.761,-0.20581697
2.7615,-0.12187823
2.762,-0.15245763
2.7625,-0.17957628
2.763,-0.2947039
2.7635,-0.4217051
2.764,-0.54838071
2.7645,-0.55497611
2.765,-0.50998075
2.7655,-0.32356784
2.766,-0.27891986
2.7665,-0.14201815
2.767,-0.13028078
2.7675,-0.06913554
2.768,0.03681204
2.7685,0.16178911
2.769,0.28359296
2.7695,0.36543015
2.77,0.37260735
2.7705,0.24266553
2.771,0.19876061
2.7715,0.11199313
2.772,0.12823118
2.7725,0.17430002
2.773,0.19250776
2.7735,0.24036534
2.774,0.32038766
2.7745,0.22967777
2.775,0.32360733
2.7755,0.35597792
2.776,0.3914442
2.7765,0.45834174
2.777,0.45958401
2.7775,0.31105
2.778,0.19971436
2.7785,0.05049426
2.779,-0.10858944
2.7795,-0.22103764
2.78,-0.27492957
2.7805,-0.28892123
2.781,-0.26559944
2.7815,-0.23455822
2.782,-0.34158839
2.7825,-0.27783571
2.783,-0.26190066
2.7835,-0.18585076
2.784,-0.08737451
2.7845,-0.07114678
2.785,-0.09691877
2.7855,-0.29876315
2.786,-0.3257724
2.7865,-0.42376701
2.787,-0.49884446
2.7875,-0.41291936
2.788,-0.25079092
2.7885,-0.29849968
2.789,-0.24271989
2.7895,-0.11441607
2.79,-0.11862437
2.7905,0.06722987
2.791,0.21652321
2.7915,0.30687454
2.792,0.46755804
2.7925,0.39662204
2.793,0.38940173
2.7935,0.25258812
2.794,0.22619918
2.7945,0.20624364
2.795,0.17813871
2.7955,0.18883929
2.796,0.24711968
2.7965,0.19045068
2.797,0.20141971
2.7975,0.26101973
2.798,0.29469351
2.7985,0.41272893
2.799,0.45073688
2.7995,0.38710573
2.8,0.33431585
2.8005,0.13492123
2.801,0.0054578
2.8015,-0.17947893
2.802,-0.21153013
2.8025,-0.28450309
2.803,-0.29749307
2.8035,-0.39152497
2.804,-0.43293259
2.8045,-0.40571797
2.805,-0.36860459
2.8055,-0.31279697
2.806,-0.22105343
2.8065,-0.15654008
2.807,-0.11043346
2.8075,-0.17910409
2.808,-0.27220212
2.8085,-0.32312626
2.809,-0.42284929
2.8095,-0.35850833
2.81,-0.35528215
2.8105,-0.31146244
2.811,-0.30098381
2.8115,-0.23268153
2.812,-0.16667796
2.8125,-0.06301297
2.813,0.09282774
2.8135,0.25682015
2.814,0.39108503
2.8145,0.44912037
2.815,0.50067551
2.8155,0.40350519
2.816,0.32803692
2.8165,0.24527213
2.817,0.29142425
2.8175,0.25780212
2.818,0.23073708
2.8185,0.25343485
2.819,0.15570013
2.8195,0.10643099
2.82,0.23144765
2.8205,0.23715335
2.821,0.37136728
2.8215,0.46502874
2.822,0.35601775
2.8225,0.27996446
2.823,0.22115261
2.8235,0.00367679
2.824,-0.10107252
2.8245,-0.16773958
2.825,-0.2564323
2.8255,-0.29700716
2.826,-0.40300926
2.8265,-0.46471107
2.827,-0.52738982
2.8275,-0.54917642
2.828,-0.37881043
2.8285,-0.30086416
2.829,-0.19529692
2.8295,-0.07568967
2.83,-0.08461333
2.8305,-0.21241149
2.831,-0.26850658
2.8315,-0.23246674
2.832,-0.2582403
2.8325,-0.23253085
2.833,-0.209782
2.8335,-0.23632859
2.834,-0.24684661
2.8345,-0.14185177
2.835,-0.03419316
2.8355,0.05695638
2.836,0.24296448
2.8365,0.46567255
2.837,0.50470599
2.8375,0.41316001
2.838,0.46545335
2.8385,0.36807543
2.839,0.32419129
2.8395,0.28118778
2.84,0.32630659
2.8405,0.29194205
2.841,0.21048427
2.8415,0.16481851
2.842,0.14217113
2.8425,0.08378126
2.843,0.23930399
2.8435,0.28362441
2.844,0.3202006
2.8445,0.32151033
2.845,0.22531201
2.8455,0.07059473
2.846,0.04158845
2.8465,-0.03913392
2.847,-0.18423026
2.8475,-0.17512512
2.848,-0.34552565
2.8485,-0.38484909
2.849,-0.5599507
2.8495,-0.58934571
2.85,-0.54492609
2.8505,-0.47491024
2.851,-0.3309006
2.8515,-0.18231818
2.852,-0.1894158
2.8525,-0.13126605
2.853,-0.17697941
2.8535,-0.13198303
2.854,-0.23852263
2.8545,-0.15918244
2.855,-0.16551084
2.8555,-0.20457288
2.856,-0.19037464
2.8565,-0.19832228
2.857,-0.2720928
2.8575,-0.08300443
2.858,0.06227615
2.8585,0.25978865
2.859,0.41279832
2.8595,0.46663533
2.86,0.50235456
2.8605,0.47828176
2.861,0.42657564
2.8615,0.48331786
2.862,0.44442783
2.8625,0.40379333
2.863,0.27455022
2.8635,0.15521
2.864,0.00845563
2.8645,0.00035897
2.865,0.08341519
2.8655,0.06633393
2.866,0.20077766
2.8665,0.20177615
2.867,0.19069383
2.8675,0.18660079
2.868,0.04859375
2.8685,0.01552878
2.869,-0.05773587
2.8695,-0.15307653
2.87,-0.1476172
2.8705,-0.36840486
2.871,-0.49283718
2.8715,-0.61309735
2.872,-0.54546932
2.8725,-0.62241512
2.873,-0.43836139
2.8735,-0.312093
2.874,-0.22137967
2.8745,-0.03271083
2.875,-0.16106613
2.8755,-0.12440233
2.876,-0.10200048
2.8765,-0.02312113
2.877,-0.10014873
2.8775,-0.08189337
2.878,-0.1058312
2.8785,-0.10243451
2.879,-0.16094116
2.8795,-0.11725612
2.88,-0.04201598
2.8805,0.12548061
2.881,0.21689847
2.8815,0.4261587
2.882,0.3938577
2.8825,0.44518245
2.883,0.43324288
2.8835,0.50831067
2.884,0.55394805
2.8845,0.47738241
2.885,0.36318579
2.8855,0.2230092
2.886,0.15091421
2.8865,0.1113864
2.887,0.02184035
2.8875,-0.00061333
2.888,-0.00762537
2.8885,0.13827945
2.889,0.13076301
2.8895,0.05732755
2.89,0.09446566
2.8905,0.07132097
2.891,-0.02471962
2.8915,-0.04241267
2.892,-0.09879338
2.8925,-0.15736033
2.893,-0.32132585
2.8935,-0.49477451
2.894,-0.64132624
2.8945,-0.64687336
2.895,-0.60014544
2.8955,-0.47942611
2.896,-0.34298017
2.8965,-0.30889655
2.897,-0.17270248
2.8975,-0.18605935
2.898,-0.0856169
2.8985,-0.06824424
2.899,0.03941803
2.8995,0.12244231
2.9,0.05603261
2.9005,-0.04652049
2.901,-0.05434248
2.9015,-0.18218033
2.902,-0.0684175
2.9025,0.00562728
2.903,0.13319686
2.9035,0.23492781
2.904,0.26981326
2.9045,0.34160776
2.905,0.36639585
2.9055,0.44727543
2.906,0.591644
2.9065,0.59328284
2.907,0.52779492
2.9075,0.46791662
2.908,0.22641882
2.9085,0.0999046
2.909,0.01050892
2.9095,-0.01078981
2.91,-0.08161995
2.9105,0.00718058
2.911,0.04778384
2.9115,0.03008105
2.912,-0.05458808
2.9125,0.03387116
2.913,-0.05105477
2.9135,-0.02213246
2.914,0.02897603
2.9145,-0.0710106
2.915,-0.08796559
2.9155,-0.27355458
2.916,-0.40144521
2.9165,-0.58729342
2.917,-0.55455395
2.9175,-0.55890695
2.918,-0.46600743
2.9185,-0.39959567
2.919,-0.30327637
2.9195,-0.33641918
2.92,-0.2127722
2.9205,-0.18563994
2.921,0.05328476
2.9215,0.10677999
2.922,0.11383324
2.9225,0.08109944
2.923,-0.0140994
2.9235,-0.07183716
2.924,-0.05997741
2.9245,-0.03427212
2.925,0.03957498
2.9255,0.14915425
2.926,0.15461243
2.9265,0.26996624
2.927,0.36345047
2.9275,0.40415265
2.928,0.41906551
2.9285,0.58029647
2.929,0.57266341
2.9295,0.5970675
2.93,0.42468761
2.9305,0.37974555
2.931,0.28326682
2.9315,0.10007809
2.932,-0.04333542
2.9325,-0.04517015
2.933,-0.10495929
2.9335,-0.11603548
2.934,-0.13937067
2.9345,-0.17169306
2.935,-0.09668766
2.9355,-0.09444504
2.936,-0.01567441
2.9365,0.02021486
2.937,-0.03450498
2.9375,-0.09238353
2.938,-0.33061252
2.9385,-0.40701584
2.939,-0.5570393
2.9395,-0.53913406
2.94,-0.55264731
2.9405,-0.51761723
2.941,-0.41936039
2.9415,-0.38103943
2.942,-0.31947377
2.9425,-0.20883431
2.943,-0.06062007
2.9435,0.01108572
2.944,0.14393833
2.9445,0.1804771
2.945,0.18429611
2.9455,0.14748525
2.946,0.06350871
2.9465,-0.04466147
2.947,0.10287088
2.9475,0.06111986
2.948,0.13607864
2.9485,0.14164741
2.949,0.19927472
2.9495,0.27266649
2.95,0.34941265
2.9505,0.46537579
2.951,0.49625597
2.9515,0.61828678
2.952,0.61804091
2.9525,0.43564336
2.953,0.26839783
2.9535,0.19814741
2.954,0.05291907
2.9545,0.04089718
2.955,0.00389135
2.9555,-0.09402535
2.956,-0.15182996
2.9565,-0.24338286
2.957,-0.22515822
2.9575,-0.18436535
2.958,-0.18029691
2.9585,-0.07378551
2.959,-0.09454762
2.9595,-0.02397736
2.96,-0.20325437
2.9605,-0.27445991
2.961,-0.34745893
2.9615,-0.44106213
2.962,-0.43768647
2.9625,-0.47300173
2.963,-0.4640135
2.9635,-0.54832819
2.964,-0.47755091
2.9645,-0.36300797
2.965,-0.25130593
2.9655,-0.13518028
2.966,0.07645728
2.9665,0.21238053
2.967,0.22462368
2.9675,0.28092356
2.968,0.21883457
2.9685,0.10068989
2.969,0.14091413
2.9695,0.18707242
2.97,0.15686014
2.9705,0.15846792
2.971,0.14626549
2.9715,0.2080821
2.972,0.23286883
2.9725,0.24345306
2.973,0.40701282
2.9735,0.55466465
2.974,0.57459264
2.9745,0.50242259
2.975,0.42394351
2.9755,0.42006932
2.976,0.21503497
2.9765,0.07918278
2.977,0.05463426
2.9775,-0.0299379
2.978,-0.11454471
2.9785,-0.20451399
2.979,-0.29163835
2.9795,-0.2528616
2.98,-0.29085168
2.9805,-0.22469156
2.981,-0.14173387
2.9815,-0.12856763
2.982,-0.1403526
2.9825,-0.15322599
2.983,-0.30869191
2.9835,-0.33878492
2.984,-0.29530096
2.9845,-0.38812397
2.985,-0.38665047
2.9855,-0.39184125
2.986,-0.46353911
2.9865,-0.44024789
2.987,-0.38703806
2.9875,-0.3677579
2.988,-0.05077297
2.9885,0.05413346
2.989,0.16625613
2.9895,0.20912936
2.99,0.18083206
2.9905,0.22333258
2.991,0.19546477
2.9915,0.20024738
2.992,0.2190875
2.9925,0.25891441
2.993,0.2108365
2.9935,0.14976172
2.994,0.10989811
2.9945,0.17728865
2.995,0.20535018
2.9955,0.36290923
2.996,0.45581795
2.9965,0.46277914
2.997,0.52220004
2.9975,0.46052622
2.998,0.26971197
2.9985,0.24157682
2.999,0.1442035
2.9995,0.12527485
3.0,-0.0078129
3.0005,-0.09747908
3.001,-0.24751325
3.0015,-0.33752074
3.002,-0.39557476
3.0025,-0.36371852
3.003,-0.24243847
3.0035,-0.18853604
3.004,-0.18677115
3.0045,-0.14871137
3.005,-0.21703261
3.0055,-0.24701731
3.006,-0.29839014
3.0065,-0.30996809
3.007,-0.29796577
3.0075,-0.31796659
3.008,-0.44390811
3.0085,-0.45613612
3.009,-0.47867874
3.0095,-0.36092872
3.01,-0.22959836
3.0105,-0.11190104
3.011,0.03157023
3.0115,0.23573194
3.012,0.3354054
3.0125,0.30682357
3.013,0.31294245
3.0135,0.34434574
3.014,0.32483162
3.0145,0.31559847
3.015,0.24989891
3.0155,0.15133121
3.016,0.17270336
3.0165,0.08973546
3.017,0.12754184
3.0175,0.20650705
3.018,0.31003905
3.0185,0.40880424
3.019,0.41054288
3.0195,0.43828043
3.02,0.32979919
3.0205,0.2060437
3.021,0.26891124
3.0215,0.15853555
3.022,0.08255833
3.0225,-0.0346016
3.023,-0.1525125
3.0235,-0.34252456
3.024,-0.39391747
3.0245,-0.49770101
3.025,-0.41072593
3.0255,-0.28809983
3.026,-0.27247171
3.0265,-0.22825776
3.027,-0.28465678
3.0275,-0.24402818
3.028,-0.25735837
3.0285,-0.2379021
3.029,-0.16667847
3.0295,-0.23893039
3.03,-0.22840212
3.0305,-0.35106865
3.031,-0.37266167
3.0315,-0.45104426
3.032,-0.38209357
3.0325,-0.24113266
3.033,-0.0595482
3.0335,0.08485166
3.034,0.2214922
3.0345,0.30532148
3.035,0.27642822
3.0355,0.33875547
3.036,0.40812059
3.0365,0.40164654
3.037,0.44907477
3.0375,0.45467845
3.038,0.27548938
3.0385,0.19754762
3.039,0.03238219
3.0395,0.06318861
3.04,0.17582168
3.0405,0.31983759
3.041,0.33753204
3.0415,0.33353472
3.042,0.34547844
3.0425,0.26195158
3.043,0.26953982
3.0435,0.22306307
3.044,0.16686427
3.0445,0.12332963
3.045,-0.05232193
3.0455,-0.23534327
3.046,-0.35176054
3.0465,-0.48956704
3.047,-0.46887107
3.0475,-0.44653963
3.048,-0.37184355
3.0485,-0.34632774
3.049,-0.29384402
3.0495,-0.30543468
3.05,-0.29613208
3.0505,-0.24717908
3.051,-0.20300031
3.0515,-0.08167381
3.052,-0.14429015
3.0525,-0.20306723
3.053,-0.26957613
3.0535,-0.32885607
3.054,-0.36966554
3.0545,-0.23382497
3.055,-0.22916318
3.0555,-0.05852187
3.056,0.00605899
3.0565,0.20917873
3.057,0.1906879
3.0575,0.37468928
3.058,0.3804634
3.0585,0.42570483
3.059,0.51745134
3.0595,0.51663369
3.06,0.41202288
3.0605,0.28022116
3.061,0.2140804
3.0615,0.12964178
3.062,0.14149251
3.0625,0.17141959
3.063,0.22446073
3.0635,0.25070562
3.064,0.22952542
3.0645,0.1731808
3.065,0.20224752
3.0655,0.18748084
3.066,0.21147068
3.0665,0.19926846
3.067,0.14162407
3.0675,-0.02810332
3.068,-0.21841768
3.0685,-0.30102425
3.069,-0.42645315
3.0695,-0.47558544
3.07,-0.45501844
3.0705,-0.46107397
3.071,-0.34927189
3.0715,-0.38923823
3.072,-0.40952502
3.0725,-0.3293871
3.073,-0.17189703
3.0735,-0.13341338
3.074,-0.07397946
3.0745,-0.07874911
3.075,-0.18603351
3.0755,-0.22930944
3.076,-0.29669099
3.0765,-0.22812233
3.077,-0.27875466
3.0775,-0.10401844
3.078,-0.14111679
3.0785,0.0826412
3.079,0.11008456
3.0795,0.15894648
3.08,0.34179749
3.0805,0.32863252
3.081,0.52966984
3.0815,0.55912154
3.082,0.52025462
3.0825,0.4850216
3.083,0.31699425
3.0835,0.2248067
3.084,0.12535736
3.0845,0.18010195
3.085,0.17907651
3.0855,0.21039323
3.086,0.15415267
3.0865,0.0616342
3.087,0.13051691
3.0875,0.07680419
3.088,0.12680832
3.0885,0.24114641
3.089,0.16102443
3.0895,0.11671484
3.09,-0.04529089
3.0905,-0.23267813
3.091,-0.3457943
3.0915,-0.39584503
3.092,-0.4390497
3.0925,-0.4579171
3.093,-0.45878095
3.0935,-0.48532953
3.094,-0.45331125
3.0945,-0.4402239
3.095,-0.30179666
3.0955,-0.2478671
3.096,-0.08948825
3.0965,-0.00068302
3.097,-0.02623314
3.0975,-0.08262472
3.098,-0.16948152
3.0985,-0.21295482
3.099,-0.16695137
3.0995,-0.18650567
3.1,-0.06779915
3.1005,-0.07574935
3.101,0.00650643
3.1015,0.06691866
3.102,0.07797137
3.1025,0.23071573
3.103,0.35709895
3.1035,0.51002922
3.104,0.61516978
3.1045,0.54991991
3.105,0.49536294
3.1055,0.37951167
3.106,0.23356293
3.1065,0.23058852
3.107,0.22709597
3.1075,0.19178315
3.108,0.17764624
3.1085,0.1053303
3.109,-0.04200934
3.1095,0.05363959
3.11,0.06651093
3.1105,0.10059985
3.111,0.20674014
3.1115,0.10829742
3.112,0.13100092
3.1125,-0.06765741
3.113,-0.21173952
3.1135,-0.28921765
3.114,-0.35790873
3.1145,-0.38519541
3.115,-0.47534084
3.1155,-0.51457975
3.116,-0.47846569
3.1165,-0.51265493
3.117,-0.44221696
3.1175,-0.38464738
3.118,-0.16319218
3.1185,-0.12924642
3.119,0.01034458
3.1195,-0.03717672
3.12,-0.00356044
3.1205,-0.08598618
3.121,-0.06277848
3.1215,-0.05737606
3.122,-0.04525684
3.1225,-0.07821054
3.123,-0.02803835
3.1235,-0.04839039
3.124,0.07345927
3.1245,0.1084667
3.125,0.31928456
3.1255,0.36826575
3.126,0.47152291
3.1265,0.55546314
3.127,0.56964949
3.1275,0.45002009
3.128,0.44184221
3.1285,0.2687721
3.129,0.28544276
3.1295,0.23382758
3.13,0.0762221
3.1305,0.09999633
3.131,-0.01544769
3.1315,-0.11327284
3.132,-0.09282156
3.1325,-0.02802708
3.133,0.01039227
3.1335,0.10743589
3.134,0.09728951
3.1345,-0.01758333
3.135,-0.13501137
3.1355,-0.19037159
3.136,-0.30794559
3.1365,-0.26299796
3.137,-0.40882046
3.1375,-0.43547564
3.138,-0.46070013
3.1385,-0.49291816
3.139,-0.57747074
3.1395,-0.49195328
3.14,-0.39650082
3.1405,-0.25413687
3.141,-0.08411325
3.1415,0.01724646
3.142,0.00906944
3.1425,0.05209013
3.143,-0.03739922
3.1435,-0.02820189
3.144,0.12609202
3.1445,0.11105965
3.145,0.02644612
3.1455,0.03945447
3.146,-0.00669737
3.1465,0.06543474
3.147,0.1021649
3.1475,0.25444699
3.148,0.32573413
3.1485,0.52438704
3.149,0.53787225
3.1495,0.65641301
3.15,0.49181974
3.1505,0.44871668
3.151,0.40340644
3.1515,0.308089
3.152,0.25471929
3.1525,0.14605749
3.153,0.07497874
3.1535,-0.06821331
3.154,-0.20100381
3.1545,-0.16740285
3.155,-0.07404305
3.1555,-0.05285318
3.156,-0.03533025
3.1565,0.03280068
3.157,-0.07668604
3.1575,-0.15663493
3.158,-0.21028506
3.1585,-0.16051537
3.159,-0.34344457
3.1595,-0.32152969
3.16,-0.38961775
3.1605,-0.53544487
3.161,-0.53698164
3.1615,-0.56807419
3.162,-0.51607915
3.1625,-0.37597712
3.163,-0.17518497
3.1635,-0.06306617
3.164,-0.05439017
3.1645,0.01959397
3.165,0.01040228
3.1655,0.09259053
3.166,0.10344749
3.1665,0.1315114
3.167,0.11161552
3.1675,0.12681926
3.168,0.0121255
3.1685,0.06055058
3.169,0.04907774
3.1695,0.08732615
3.17,0.22888084
3.1705,0.39211345
3.171,0.44490876
3.1715,0.56333668
3.172,0.53945792
3.1725,0.38617813
3.173,0.45779388
3.1735,0.38442322
3.174,0.44531939
3.1745,0.33453037
3.175,0.16792281
3.1755,0.0046517
3.176,-0.13410867
3.1765,-0.14874729
3.177,-0.16635156
3.1775,-0.17198592
3.178,-0.08322563
3.1785,-0.06953385
3.179,-0.05790052
3.1795,-0.16192916
3.18,-0.16924377
3.1805,-0.20103542
3.181,-0.16986064
3.1815,-0.22627452
3.182,-0.27162094
3.1825,-0.33093334
3.183,-0.49966301
3.1835,-0.59167699
3.184,-0.53065967
3.1845,-0.50380032
3.185,-0.38045059
3.1855,-0.28471529
3.186,-0.10376002
3.1865,-0.0532982
3.187,0.01543959
3.1875,0.10443109
3.188,0.14159424
3.1885,0.21766449
3.189,0.22574979
3.1895,0.21314389
3.19,0.17833982
3.1905,0.14574955
3.191,0.01853162
3.1915,0.00097924
3.192,0.10540982
3.1925,0.2788198
3.193,0.28869337
3.1935,0.43283497
3.194,0.43987691
3.1945,0.4121397
3.195,0.46689378
3.1955,0.38644981
3.196,0.45265128
3.1965,0.39933205
3.197,0.41033163
3.1975,0.18480888
3.198,0.00686679
3.1985,-0.15510925
3.199,-0.24605203
3.1995,-0.29599675
3.2,-0.26963661
3.2005,-0.22342657
3.201,-0.19322022
3.2015,-0.13568473
3.202,-0.21048541
3.2025,-0.23865919
3.203,-0.18590881
3.2035,-0.18803882
3.204,-0.14764576
3.2045,-0.18269914
3.205,-0.38283342
3.2055,-0.42506569
3.206,-0.5378008
3.2065,-0.4221928
3.207,-0.47027561
3.2075,-0.3646587
3.208,-0.26695303
3.2085,-0.13372001
3.209,-0.05852883
3.2095,0.02173888
3.21,0.08622853
3.2105,0.22262251
3.211,0.30411731
3.2115,0.36286716
3.212,0.31614513
3.2125,0.24851831
3.213,0.14147705
3.2135,0.10857626
3.214,0.09121474
3.2145,0.11926677
3.215,0.36119841
3.2155,0.28738464
3.216,0.40000195
3.2165,0.3748955
3.217,0.3313956
3.2175,0.39742752
3.218,0.46506391
3.2185,0.43721429
3.219,0.4009727
3.2195,0.30735731
3.22,0.17535134
3.2205,-0.05681085
3.221,-0.18933078
3.2215,-0.2624017
3.222,-0.24398802
3.2225,-0.30532937
3.223,-0.2711333
3.2235,-0.30709666
3.224,-0.28780591
3.2245,-0.30083567
3.225,-0.21310071
3.2255,-0.18229789
3.226,-0.18350936
3.2265,-0.11447388
3.227,-0.18368357
3.2275,-0.2540307
3.228,-0.40304154
3.2285,-0.45149972
3.229,-0.49329549
3.2295,-0.42813222
3.23,-0.30490958
3.2305,-0.32226832
3.231,-0.23744612
3.2315,-0.10783668
3.232,0.04022973
3.2325,0.10914726
3.233,0.21173121
3.2335,0.40860104
3.234,0.3904723
3.2345,0.40602561
3.235,0.29861877
3.2355,0.23128722
3.236,0.17944767
3.2365,0.16303605
3.237,0.17870512
3.2375,0.2650822
3.238,0.23892153
3.2385,0.26671695
3.239,0.31819759
3.2395,0.38149424
3.24,0.31936557
3.2405,0.40352241
3.241,0.38107302
3.2415,0.38961793
3.242,0.31620223
3.2425,0.16816901
3.243,-0.00631958
3.2435,-0.12503355
3.244,-0.2465485
3.2445,-0.26602758
3.245,-0.26709415
3.2455,-0.33282717
3.246,-0.38049243
3.2465,-0.4127294
3.247,-0.340847
3.2475,-0.34838782
3.248,-0.22112879
3.2485,-0.14714807
3.249,-0.18126075
3.2495,-0.1718294
3.25,-0.32500503
3.2505,-0.40299006
3.251,-0.38431387
3.2515,-0.36110348
3.252,-0.39458216
3.2525,-0.30291709
3.253,-0.24077071
3.2535,-0.23267136
3.254,-0.14463044
3.2545,-0.06041542
3.255,0.09798825
3.2555,0.25159253
3.256,0.35623442
3.2565,0.51910953
3.257,0.48446169
3.2575,0.39923075
3.258,0.41302164
3.2585,0.1691296
3.259,0.23780041
3.2595,0.20174427
3.26,0.16078932
3.2605,0.2241899
3.261,0.17145686
3.2615,0.18364654
3.262,0.26235594
3.2625,0.3701021
3.263,0.43174699
3.2635,0.42527533
3.264,0.42017955
3.2645,0.24448072
3.265,0.14935505
3.2655,-0.1073362
3.266,-0.12577203
3.2665,-0.22206509
3.267,-0.24210413
3.2675,-0.31665396
3.268,-0.46343629
3.2685,-0.43916316
3.269,-0.44721067
3.2695,-0.46955345
3.27,-0.34854221
3.2705,-0.27695905
3.271,-0.19375384
3.2715,-0.10699588
3.272,-0.12344194
3.2725,-0.14723464
3.273,-0.28681119
3.2735,-0.38606109
3.274,-0.32260968
3.2745,-0.26197815
3.275,-0.24800215
3.2755,-0.27202571
3.276,-0.19733214
3.2765,-0.16876628
3.277,-0.01287652
3.2775,0.17988884
3.278,0.25827646
3.2785,0.43645357
3.279,0.49144676
3.2795,0.48727665
3.28,0.41758395
3.2805,0.33311562
3.281,0.27520657
3.2815,0.37369077
3.282,0.28383219
3.2825,0.17744025
3.283,0.22668904
3.2835,0.18593953
3.284,0.08917978
3.2845,0.05855569
3.285,0.17504941
3.2855,0.35682101
3.286,0.32741005
3.2865,0.31423516
3.287,0.21736174
3.2875,0.08791966
3.288,-0.03597684
3.2885,-0.03571978
3.289,-0.19774796
3.2895,-0.19415243
3.29,-0.35328261
3.2905,-0.48968154
3.291,-0.61796429
3.2915,-0.53558403
3.292,-0.48566996
3.2925,-0.38257074
3.293,-0.27771781
3.2935,-0.19695751
3.294,-0.12524673
3.2945,-0.16500972
3.295,-0.18068038
3.2955,-0.21597638
3.296,-0.27026603
3.2965,-0.23867715
3.297,-0.11227163
3.2975,-0.158982
3.298,-0.22490031
3.2985,-0.18126589
3.299,-0.16140343
3.2995,-0.07718136
3.3,0.11792198
3.3005,0.27301417
3.301,0.47680804
3.3015,0.44692577
3.302,0.46202953
3.3025,0.46864647
3.303,0.43573117
3.3035,0.42002227
3.304,0.38318544
3.3045,0.36497592
3.305,0.23945277
3.3055,0.15467777
3.306,0.09464736
3.3065,0.03279601
3.307,0.09227405
3.3075,0.15250582
3.308,0.25105745
3.3085,0.27080496
3.309,0.22899799
3.3095,0.11585459
3.31,0.07212658
3.3105,0.03248979
3.311,-0.10329878
3.3115,-0.11452435
3.312,-0.20802773
3.3125,-0.34412344
3.313,-0.52956046
3.3135,-0.56632612
3.314,-0.59574111
3.3145,-0.50205597
3.315,-0.4515337
3.3155,-0.26306944
3.316,-0.15147045
3.3165,-0.10595559
3.317,-0.17214562
3.3175,-0.13819318
3.318,-0.13581184
3.3185,-0.17720656
3.319,-0.11980109
3.3195,-0.10170596
3.32,-0.14917426
3.3205,-0.15596785
3.321,-0.22453145
3.3215,-0.1781293
3.322,0.00345063
3.3225,0.13354487
3.323,0.26072187
3.3235,0.40328411
3.324,0.45815584
3.3245,0.466575
3.325,0.47564888
3.3255,0.44678408
3.326,0.5161006
3.3265,0.44973458
3.327,0.39532095
3.3275,0.29802941
3.328,0.13069164
3.3285,0.04927578
3.329,0.00372119
3.3295,-0.02712551
3.33,0.14731723
3.3305,0.13321851
3.331,0.16164489
3.3315,0.13402483
3.332,0.14246488
3.3325,0.02787287
3.333,-0.02485067
3.3335,-0.09463377
3.334,-0.07740708
3.3345,-0.20551016
3.335,-0.31320448
3.3355,-0.53267114
3.336,-0.53181039
3.3365,-0.63912173
3.337,-0.56020061
3.3375,-0.4286647
3.338,-0.28253529
3.3385,-0.24300044
3.339,-0.17697775
3.3395,-0.12906539
3.34,-0.07851167
3.3405,-0.03546231
3.341,0.03396061
3.3415,0.05523283
3.342,0.02547706
3.3425,-0.12143259
3.343,-0.11978158
3.3435,-0.16128294
3.344,-0.15988934
3.3445,-0.03215355
3.345,0.12430989
3.3455,0.28807846
3.346,0.32757987
3.3465,0.44184238
3.347,0.47126581
3.3475,0.44771472
3.348,0.56759951
3.3485,0.62522151
3.349,0.5224569
3.3495,0.45315628
3.35,0.29057898
3.3505,0.13043692
3.351,-0.05955819
3.3515,-0.01101679
3.352,0.02871417
3.3525,0.0201549
3.353,0.12291624
3.3535,0.04502336
3.354,0.00851704
3.3545,0.06842476
3.355,-0.02474911
3.3555,0.01755113
3.356,0.00839144
3.3565,-0.10447761
3.357,-0.17970254
3.3575,-0.34901961
3.358,-0.50837991
3.3585,-0.59217706
3.359,-0.58811814
3.3595,-0.58919134
3.36,-0.42530339
3.3605,-0.37008336
3.361,-0.27346311
3.3615,-0.21063914
3.362,-0.21445055
3.3625,-0.13232608
3.363,0.03356265
3.3635,0.11317292
3.364,0.10246461
3.3645,0.11560021
3.365,-0.03971544
3.3655,-0.00011679
3.366,-0.04342075
3.3665,-0.0695004
3.367,-0.0222745
3.3675,0.13318378
3.368,0.20995726
3.3685,0.3594911
3.369,0.29756454
3.3695,0.4044684
3.37,0.52048727
3.3705,0.57540469
3.371,0.55569572
3.3715,0.49531997
3.372,0.48574284
3.3725,0.29053636
3.373,0.11411972
3.3735,0.07258207
3.374,-0.06334638
3.3745,-0.00488841
3.375,-0.02258943
3.3755,0.01367484
3.376,-0.00740606
3.3765,-0.1062047
3.377,-0.13735468
3.3775,-0.03888925
3.378,-0.02231627
3.3785,0.04501937
3.379,-0.0688413
3.3795,-0.16641566
3.38,-0.36965991
3.3805,-0.49582325
3.381,-0.53531734
3.3815,-0.59161587
3.382,-0.53974613
3.3825,-0.50271506
3.383,-0.36926967
3.3835,-0.33847874
3.384,-0.32965176
3.3845,-0.21355537
3.385,-0.11375436
3.3855,0.03594602
3.386,0.16732001
3.3865,0.14082696
3.387,0.1900421
3.3875,0.06269273
3.388,0.00508681
3.3885,-0.01544287
3.389,-0.00206251
3.3895,0.12042094
3.39,0.24768632
3.3905,0.17733517
3.391,0.21103009
3.3915,0.27181404
3.392,0.42969971
3.3925,0.43773964
3.393,0.59511742
3.3935,0.61030367
3.394,0.60802721
3.3945,0.48077621
3.395,0.28833145
3.3955,0.16789195
3.396,0.05033974
3.3965,0.01272924
3.397,-0.02959836
3.3975,-0.13766597
3.398,-0.16918502
3.3985,-0.10994859
3.399,-0.21609759
3.3995,-0.18517777
3.4,-0.06556381
3.4005,-0.14729859
3.401,0.02444148
3.4015,-0.09655375
3.402,-0.21972173
3.4025,-0.2990345
3.403,-0.37712464
3.4035,-0.53046525
3.404,-0.45425535
3.4045,-0.50077568
3.405,-0.49801495
3.4055,-0.45820852
3.406,-0.34642538
3.4065,-0.31316078
3.407,-0.21672432
3.4075,-0.04338282
3.408,0.05552798
3.4085,0.17986069
3.409,0.2216005
3.4095,0.25146934
3.41,0.1828156
3.4105,0.1688156
3.411,0.11877495
3.4115,0.11778922
3.412,0.16213355
3.4125,0.20700615
3.413,0.2289063
3.4135,0.21272726
3.414,0.3006927
3.4145,0.31180873
3.415,0.38636927
3.4155,0.53494922
3.416,0.55236659
3.4165,0.50205146
3.417,0.45546347
3.4175,0.32670844
3.418,0.12865235
3.4185,0.0952622
3.419,-0.02176883
3.4195,-0.06377833
3.42,-0.13426825
3.4205,-0.23820345
3.421,-0.31653797
3.4215,-0.2671458
3.422,-0.28123405
3.4225,-0.22258869
3.423,-0.10220734
3.4235,-0.09791241
3.424,-0.18029273
3.4245,-0.23082225
3.425,-0.31626003
3.4255,-0.39412376
3.426,-0.39203203
3.4265,-0.45515742
3.427,-0.47298064
3.4275,-0.40319864
3.428,-0.46771667
3.4285,-0.47593029
3.429,-0.46922399
3.4295,-0.25565807
3.43,-0.07890152
3.4305,0.05828599
3.431,0.18145057
3.4315,0.33257764
3.432,0.25416712
3.4325,0.2987354
3.433,0.21031974
3.4335,0.21001048
3.434,0.2359927
3.4345,0.2571781
3.435,0.1282655
3.4355,0.22077622
3.436,0.17410306
3.4365,0.19251545
3.437,0.28478498
3.4375,0.45969696
3.438,0.49521419
3.4385,0.52563841
3.439,0.53580317
3.4395,0.4037951
3.44,0.26485528
3.4405,0.29201878
3.441,0.12037358
3.4415,0.0154677
3.442,-0.07190709
3.4425,-0.13316005
3.443,-0.27072722
3.4435,-0.34292743
3.444,-0.45390164
3.4445,-0.32435611
3.445,-0.23066172
3.4455,-0.1251579
3.446,-0.06798971
3.4465,-0.14619407
3.447,-0.2831134
3.4475,-0.27174822
3.448,-0.33032391
3.4485,-0.34180684
3.449,-0.28716899
3.4495,-0.37950575
3.45,-0.37380563
3.4505,-0.41521904
3.451,-0.45754043
3.4515,-0.3516477
3.452,-0.23691235
3.4525,-0.02195327
3.453,0.09098819
3.4535,0.21359128
3.454,0.30442614
3.4545,0.28801475
3.455,0.2872003
3.4555,0.34918243
3.456,0.35694477
3.4565,0.32182246
3.457,0.29683463
3.4575,0.21186842
3.458,0.16193079
3.4585,0.13452113
3.459,0.14647792
3.4595,0.25020991
3.46,0.35019086
3.4605,0.41460214
3.461,0.48242715
3.4615,0.40941505
3.462,0.34942294
3.4625,0.30250616
3.463,0.19730593
3.4635,0.16984479
3.464,0.10643829
3.4645,-0.06176322
3.465,-0.21176963
3.4655,-0.37307165
3.466,-0.44589034
3.4665,-0.45457697
3.467,-0.39992264
3.4675,-0.33290708
3.468,-0.19551103
3.4685,-0.1583356
3.469,-0.20949381
3.4695,-0.22061083
3.47,-0.2356272
3.4705,-0.26528026
3.471,-0.28903297
3.4715,-0.23750318
3.472,-0.2586544
3.4725,-0.40040282
3.473,-0.3992236
3.4735,-0.44448287
3.474,-0.36145754
3.4745,-0.17804661
3.475,-0.09927775
3.4755,0.0674072
3.476,0.18252524
3.4765,0.29947009
3.477,0.2960959
3.4775,0.34212655
3.478,0.4404477
3.4785,0.44709731
3.479,0.44652338
3.4795,0.37837578
3.48,0.28741554
3.4805,0.18956168
3.481,0.11723212
3.4815,0.1367384
3.482,0.18641771
3.4825,0.28025844
3.483,0.35209189
3.4835,0.45661527
3.484,0.33318244
3.4845,0.2990141
3.485,0.22777384
3.4855,0.25161879
3.486,0.18536954
3.4865,0.1094321
3.487,-0.0119839
3.4875,-0.21794707
3.488,-0.39602286
3.4885,-0.44673398
3.489,-0.47991033
3.4895,-0.46561251
3.49,-0.37808025
3.4905,-0.30986566
3.491,-0.26350202
3.4915,-0.2917687
3.492,-0.27142771
3.4925,-0.20826058
3.493,-0.2053751
3.4935,-0.22419718
3.494,-0.15161047
3.4945,-0.27334729
3.495,-0.3264602
3.4955,-0.35556971
3.496,-0.44244593
3.4965,-0.32106001
3.497,-0.24927776
3.4975,-0.03926873
3.498,0.11860939
3.4985,0.22231058
3.499,0.25456531
3.4995,0.32734941
3.5,0.38465211
3.5005,0.48957658
3.501,0.51653785
3.5015,0.4423577
3.502,0.40087237
3.5025,0.32816398
3.503,0.1789327
3.5035,0.09325964
3.504,0.11887781
3.5045,0.16578583
3.505,0.26123473
3.5055,0.20104908
3.506,0.28917097
3.5065,0.25170598
3.507,0.24949819
3.5075,0.27107007
3.508,0.25677703
3.5085,0.16200033
3.509,0.076706
3.5095,0.03450036
3.51,-0.24934598
3.5105,-0.42804899
3.511,-0.4782776
3.5115,-0.52133419
3.512,-0.45114564
3.5125,-0.43405729
3.513,-0.35499799
3.5135,-0.38805431
3.514,-0.35844462
3.5145,-0.35328594
3.515,-0.23016003
3.5155,-0.11437559
3.516,-0.04881986
3.5165,-0.07885852
3.517,-0.07011447
3.5175,-0.21191107
3.518,-0.30662621
3.5185,-0.33104743
3.519,-0.24769575
3.5195,-0.20092766
3.52,-0.0341575
3.5205,0.02387916
3.521,0.09130553
3.5215,0.22709987
3.522,0.24650869
3.5225,0.40597897
3.523,0.51317837
3.5235,0.54818134
3.524,0.52250369
3.5245,0.42594076
3.525,0.32513017
3.5255,0.2667254
3.526,0.17142915
3.5265,0.18364705
3.527,0.15711691
3.5275,0.17689661
3.528,0.16417045
3.5285,0.18531822
3.529,0.09566666
3.5295,0.11511734
3.53,0.15669594
3.5305,0.19549278
3.531,0.17770438
3.5315,0.08395532
3.532,-0.02749287
3.5325,-0.23109514
3.533,-0.37068093
3.5335,-0.46364913
3.534,-0.49279772
3.5345,-0.49147316
3.535,-0.49109977
3.5355,-0.41916966
3.536,-0.46364537
3.5365,-0.40437668
3.537,-0.31824105
3.5375,-0.18580665
3.538,-0.12562797
3.5385,-0.02738352
3.539,0.00353319
3.5395,-0.0850104
3.54,-0.17061943
3.5405,-0.22369321
3.541,-0.21333461
3.5415,-0.16436624
3.542,-0.08675566
3.5425,-0.01859546
3.543,0.14005799
3.5435,0.10430103
3.544,0.17215792
3.5445,0.24978521
3.545,0.49128083
3.5455,0.53874053
3.546,0.67298791
3.5465,0.58191452
3.547,0.53395802
3.5475,0.34617071
3.548,0.23902606
3.5485,0.21686931
3.549,0.10717131
3.5495,0.06890951
3.55,0.12632061
3.5505,0.08769601
3.551,0.08791169
3.5515,0.09133563
3.552,0.06695943
3.5525,0.1276865
3.553,0.15418892
3.5535,0.16570984
3.554,0.06611419
3.5545,0.0159739
3.555,-0.26544362
3.5555,-0.40878276
3.556,-0.462532
3.5565,-0.40519341
3.557,-0.50217328
3.5575,-0.44237644
3.558,-0.5439075
3.5585,-0.49227581
3.559,-0.49548486
3.5595,-0.4023074
3.56,-0.2512081
3.5605,-0.13651654
3.561,0.00250113
3.5615,0.05609698
3.562,-0.0451244
3.5625,-0.1536606
3.563,-0.11661725
3.5635,-0.06999187
3.564,-0.11002469
3.5645,-0.06981125
3.565,0.02094332
3.5655,0.06346532
3.566,0.0720694
3.5665,0.21198073
3.567,0.23100524
3.5675,0.46141193
3.568,0.58961128
3.5685,0.61584289
3.569,0.52284529
3.5695,0.52180566
3.57,0.41569085
3.5705,0.29970627
3.571,0.1756051
3.5715,0.24935119
3.572,0.17008947
3.5725,0.10066849
3.573,-0.02063343
3.5735,-0.01541273
3.574,-0.08045469
3.5745,-0.05011368
3.575,0.07077503
3.5755,0.13126003
3.576,0.19148621
3.5765,0.03879288
3.577,-0.04266248
3.5775,-0.20611841
3.578,-0.30994763
3.5785,-0.39867922
3.579,-0.44737966
3.5795,-0.43685017
3.58,-0.54328995
3.5805,-0.58913062
3.581,-0.52351364
3.5815,-0.56240426
3.582,-0.37868711
3.5825,-0.19731481
3.583,-0.06235407
3.5835,0.06426262
3.584,0.0126326
3.5845,0.03128738
3.585,0.00643487
3.5855,-0.02568713
3.586,-0.0148445
3.5865,0.00651336
3.587,0.04875959
3.5875,-0.04101886
3.588,-0.00492518
3.5885,0.03633209
3.589,0.16961355
3.5895,0.28772729
3.59,0.42783594
3.5905,0.52552509
3.591,0.61630053
3.5915,0.55599946
3.592,0.52543258
3.5925,0.42439737
3.593,0.40944917
3.5935,0.30810599
3.594,0.21222568
3.5945,0.13449852
3.595,0.04853815
3.5955,-0.09356888
3.596,-0.10738511
3.5965,-0.1081518
3.597,-0.0868901
3.5975,0.03518639
3.598,0.02641069
3.5985,0.03121989
3.599,-0.03715626
3.5995,-0.16345704
3.6,-0.21828084
3.6005,-0.28926191
3.601,-0.34136773
3.6015,-0.34442028
3.602,-0.4976989
3.6025,-0.5634259
3.603,-0.56495723
3.6035,-0.59696352
3.604,-0.51790308
3.6045,-0.34024183
3.605,-0.20159402
3.6055,-0.1143177
3.606,0.07895088
3.6065,0.0276454
3.607,0.00562729
3.6075,0.06572942
3.608,0.08677854
3.6085,0.13065295
3.609,0.12362913
3.6095,0.09248921
3.61,0.0528382
3.6105,0.02492188
3.611,0.01568027
3.6115,0.11173195
3.612,0.23784198
3.6125,0.41019394
3.613,0.56011347
3.6135,0.53361998
3.614,0.63882472
3.6145,0.5258244
3.615,0.35140659
3.6155,0.374052
3.616,0.39104829
3.6165,0.21567345
3.617,0.13182652
3.6175,0.02853115
3.618,-0.12443081
3.6185,-0.24266797
3.619,-0.19303525
3.6195,-0.15589183
3.62,-0.13686853
3.6205,-0.02526228
3.621,0.02190715
3.6215,-0.09738445
3.622,-0.17512894
3.6225,-0.15827503
3.623,-0.22130492
3.6235,-0.27156421
3.624,-0.30913571
3.6245,-0.43826125
3.625,-0.5202655
3.6255,-0.6388945
3.626,-0.69344358
3.6265,-0.60220057
3.627,-0.45425714
3.6275,-0.18362507
3.628,-0.12963323
3.6285,-0.00098825
3.629,0.0738874
3.6295,0.13431365
3.63,0.15200733
3.6305,0.18949948
3.631,0.20967213
3.6315,0.24167474
3.632,0.14804407
3.6325,0.16533443
3.633,0.05554392
3.6335,0.03222394
3.634,0.13679551
3.6345,0.23823027
3.635,0.39918216
3.6355,0.43331739
3.636,0.47686785
3.6365,0.52554517
3.637,0.4213933
3.6375,0.45515264
3.638,0.45259402
3.6385,0.35037717
3.639,0.22429181
3.6395,0.16391606
3.64,-0.08177892
3.6405,-0.16814454
3.641,-0.31806567
3.6415,-0.34009417
3.642,-0.21961507
3.6425,-0.12631513
3.643,-0.15886277
3.6435,-0.11159313
3.644,-0.19976352
3.6445,-0.18891673
3.645,-0.20912366
3.6455,-0.21541189
3.646,-0.20761768
3.6465,-0.25941521
3.647,-0.32941027
3.6475,-0.51531347
3.648,-0.57557775
3.6485,-0.59298081
3.649,-0.49650628
3.6495,-0.33830487
3.65,-0.19962181
3.6505,-0.17867032
3.651,-0.01695485
3.6515,0.02048827
3.652,0.20607734
3.6525,0.19448549
3.653,0.35155913
3.6535,0.39851735
3.654,0.32093727
3.6545,0.29157562
3.655,0.16792403
3.6555,0.11115717
3.656,0.1170231
3.6565,0.18921076
3.657,0.2216863
3.6575,0.32132326
3.658,0.37267428
3.6585,0.40758919
3.659,0.4349559
3.6595,0.42732831
3.66,0.4392712
3.6605,0.42915349
3.661,0.41365696
3.6615,0.30201499
3.662,0.11210283
3.6625,-0.01873843
3.663,-0.22003508
3.6635,-0.24698606
3.664,-0.33431369
3.6645,-0.34122231
3.665,-0.22367798
3.6655,-0.23287785
3.666,-0.29746129
3.6665,-0.28565194
3.667,-0.18340951
3.6675,-0.23411944
3.668,-0.14512521
3.6685,-0.12964615
3.669,-0.25202671
3.6695,-0.30024775
3.67,-0.4721192
3.6705,-0.6178475
3.671,-0.5291182
3.6715,-0.42699008
3.672,-0.29556916
3.6725,-0.2688032
3.673,-0.17115266
3.6735,-0.09190607
3.674,0.02228624
3.6745,0.07793098
3.675,0.25861287
3.6755,0.36584674
3.676,0.37778559
3.6765,0.40651607
3.677,0.3201893
3.6775,0.21873006
3.678,0.17495373
3.6785,0.09806385
3.679,0.17269519
3.6795,0.1599163
3.68,0.28504546
3.6805,0.30922101
3.681,0.29921614
3.6815,0.33372704
3.682,0.34899439
3.6825,0.42773348
3.683,0.44665798
3.6835,0.43644593
3.684,0.28561516
3.6845,0.13355693
3.685,-0.04394232
3.6855,-0.19667636
3.686,-0.32707172
3.6865,-0.32195765
3.687,-0.33424711
3.6875,-0.4076504
3.688,-0.30040276
3.6885,-0.34961871
3.689,-0.3403718
3.6895,-0.22414288
3.69,-0.1977317
3.6905,-0.08242931
3.691,-0.15139133
3.6915,-0.16554814
3.692,-0.27242379
3.6925,-0.38693894
3.693,-0.43600608
3.6935,-0.42123036
3.694,-0.32974296
3.6945,-0.3543215
3.695,-0.24196321
3.6955,-0.2260437
3.696,-0.12138488
3.6965,0.04082226
3.697,0.17572368
3.6975,0.24027028
3.698,0.44936855
3.6985,0.43804218
3.699,0.47726171
3.6995,0.40906599
3.7,0.27185413
3.7005,0.24882466
3.701,0.21979973
3.7015,0.21982106
3.702,0.24370598
3.7025,0.21407437
3.703,0.22671339
3.7035,0.22621213
3.704,0.27763046
3.7045,0.34607487
3.705,0.38008604
3.7055,0.43115167
3.706,0.3460195
3.7065,0.2747917
3.707,0.14226045
3.7075,0.01030803
3.708,-0.25873151
3.7085,-0.26112922
3.709,-0.29424942
3.7095,-0.39212579
3.71,-0.36464187
3.7105,-0.46943807
3.711,-0.45465399
3.7115,-0.39192616
3.712,-0.32975457
3.7125,-0.24242245
3.713,-0.12621575
3.7135,-0.11479667
3.714,-0.17385512
3.7145,-0.23722758
3.715,-0.27597437
3.7155,-0.40067854
3.716,-0.3378829
3.7165,-0.31363224
3.717,-0.28431535
3.7175,-0.21364845
3.718,-0.23264909
3.7185,-0.15641989
3.719,-0.0357678
3.7195,0.17435616
3.72,0.31910926
3.7205,0.44729597
3.721,0.52402029
3.7215,0.51035302
3.722,0.42526176
3.7225,0.39737616
3.723,0.31690073
3.7235,0.30223942
3.724,0.26106915
3.7245,0.24387178
3.725,0.18484789
3.7255,0.19736124
3.726,0.08758029
3.7265,0.14838586
3.727,0.27798734
3.7275,0.36052688
3.728,0.39641774
3.7285,0.42137062
3.729,0.27639596
3.7295,0.10561235
3.73,-0.07369834
3.7305,-0.21308142
3.731,-0.21816354
3.7315,-0.36252922
3.732,-0.30458726
3.7325,-0.48809488
3.733,-0.46770031
3.7335,-0.52675903
3.734,-0.43687862
3.7345,-0.38059415
3.735,-0.25352249
3.7355,-0.1219467
3.736,-0.08155404
3.7365,-0.14488365
3.737,-0.21970572
3.7375,-0.23937131
3.738,-0.26099755
3.7385,-0.28833211
3.739,-0.28966157
3.7395,-0.20006101
3.74,-0.25792968
3.7405,-0.25203215
3.741,-0.11065236
3.7415,-0.01068313
3.742,0.12306913
3.7425,0.29422109
3.743,0.45386717
3.7435,0.55172572
3.744,0.51854608
3.7445,0.43434552
3.745,0.45509361
3.7455,0.28512702
3.746,0.37057641
3.7465,0.36528337
3.747,0.26584875
3.7475,0.17984337
3.748,0.14325388
3.7485,0.07433359
3.749,0.09142296
3.7495,0.13435679
3.75,0.26777768
3.7505,0.34914951
3.751,0.24697168
3.7515,0.18958258
3.752,0.0557049
3.7525,-0.05895669
3.753,-0.13213365
3.7535,-0.15522825
3.754,-0.24816575
3.7545,-0.34975522
3.755,-0.48300338
3.7555,-0.60235073
3.756,-0.57932921
3.7565,-0.52752319
3.757,-0.35890735
3.7575,-0.28991531
3.758,-0.17693386
3.7585,-0.14815109
3.759,-0.15834148
3.7595,-0.2104524
3.76,-0.17452901
3.7605,-0.13085757
3.761,-0.12004315
3.7615,-0.08631724
3.762,-0.20068493
3.7625,-0.18998896
3.763,-0.20683007
3.7635,-0.13032916
3.764,-0.00876976
3.7645,0.17861924
3.765,0.3337188
3.7655,0.39765422
3.766,0.60623697
3.7665,0.47210557
3.767,0.54405949
3.7675,0.4858616
3.768,0.4328279
3.7685,0.52445388
3.769,0.31585646
3.7695,0.31118317
3.77,0.13941751
3.7705,0.05398079
3.771,-0.06292536
3.7715,-0.02651311
3.772,0.1097446
3.7725,0.16516767
3.773,0.24837508
3.7735,0.20185604
3.774,0.05917749
3.7745,0.08195769
3.775,-0.01108435
3.7755,-0.15161208
3.776,-0.14574648
3.7765,-0.27321347
3.777,-0.42982575
3.7775,-0.52144363
3.778,-0.68410161
3.7785,-0.60156845
3.779,-0.57192907
3.7795,-0.44542031
3.78,-0.35671281
3.7805,-0.26524988
3.781,-0.16588118
3.7815,-0.14492761
3.782,-0.14451781
3.7825,-0.14063304
3.783,0.00798797
3.7835,-0.01855294
3.784,-0.02527004
3.7845,-0.12575975
3.785,-0.16430746
3.7855,-0.1787984
3.786,-0.11199776
3.7865,-0.0557958
3.787,0.19115024
3.7875,0.23552254
3.788,0.43154327
3.7885,0.39316792
3.789,0.47662625
3.7895,0.53829557
3.79,0.54420983
3.7905,0.49195112
3.791,0.52980462
3.7915,0.34232752
3.792,0.28118642
3.7925,0.13694149
3.793,-0.04138175
3.7935,-0.0327445
3.794,-0.00609284
3.7945,-0.01981248
3.795,0.05360107
3.7955,0.08316111
3.796,0.02390353
3.7965,0.00848199
3.797,-0.06312423
3.7975,-0.06600051
3.798,-0.09197456
3.7985,-0.1560175
3.799,-0.20985029
3.7995,-0.38374876
3.8,-0.50877236
3.8005,-0.64079264
3.801,-0.66272012
3.8015,-0.56151422
3.802,-0.45610533
3.8025,-0.30745982
3.803,-0.29810247
3.8035,-0.23219065
3.804,-0.15965316
3.8045,-0.03295667
3.805,-0.0628789
3.8055,0.09518966
3.806,0.06110263
3.8065,0.04414081
3.807,-0.01806474
3.8075,-0.06671108
3.808,-0.08391322
3.8085,-0.05821259
3.809,0.06583307
3.8095,0.19465198
3.81,0.25951579
3.8105,0.30569455
3.811,0.34914416
3.8115,0.46157582
3.812,0.51489576
3.8125,0.55797871
3.813,0.51502749
3.8135,0.55530013
3.814,0.49515575
3.8145,0.25203405
3.815,0.14097842
3.8155,-0.0129385
3.816,-0.04429084
3.8165,-0.03170504
3.817,-0.02394115
3.8175,0.01508876
3.818,-0.02374555
3.8185,-0.04055782
3.819,-0.09939827
3.8195,-0.0795088
3.82,-0.01614072
3.8205,-0.0406235
3.821,-0.06447118
3.8215,-0.20889196
3.822,-0.37075366
3.8225,-0.52556925
3.823,-0.61927517
3.8235,-0.63961941
3.824,-0.56685934
3.8245,-0.42496443
3.825,-0.37308264
3.8255,-0.34248473
3.826,-0.24771155
3.8265,-0.15191475
3.827,-0.05194194
3.8275,0.06935869
3.828,0.19992492
3.8285,0.16063041
3.829,0.12714883
3.8295,0.08384356
3.83,0.02212672
3.8305,0.01269026
3.831,-0.02868839
3.8315,0.14637595
3.832,0.17179774
3.8325,0.24021778
3.833,0.30686339
3.8335,0.3933935
3.834,0.43396331
3.8345,0.513342
3.835,0.60610354
3.8355,0.62004047
3.836,0.62454059
3.8365,0.39716589
3.837,0.35550899
3.8375,0.12320269
3.838,0.0565209
3.8385,-0.14239064
3.839,-0.08181273
3.8395,-0.07621631
3.84,-0.12735837
3.8405,-0.06865947
3.841,-0.19325517
3.8415,-0.13545459
3.842,-0.11572538
3.8425,-0.07674259
3.843,-0.05134897
3.8435,-0.11842155
3.844,-0.14699228
3.8445,-0.38022921
3.845,-0.48451071
3.8455,-0.57922944
3.846,-0.54885576
3.8465,-0.55021927
3.847,-0.51035347
3.8475,-0.39772607
3.848,-0.36232607
3.8485,-0.38251842
3.849,-0.17813852
3.8495,-0.07175276
3.85,0.13640527
3.8505,0.18199738
3.851,0.19645623
3.8515,0.25782006
3.852,0.17700046
3.8525,0.07889243
3.853,0.04771972
3.8535,0.05606956
3.854,0.14982146
3.8545,0.22745
3.855,0.2285354
3.8555,0.25734977
3.856,0.2568888
3.8565,0.38751417
3.857,0.48880382
3.8575,0.56415413
3.858,0.58989368
3.8585,0.60195137
3.859,0.45600528
3.8595,0.32826089
3.86,0.19040472
3.8605,0.03377873
3.861,-0.05985844
3.8615,-0.05350575
3.862,-0.15531149
3.8625,-0.18539592
3.863,-0.28694883
3.8635,-0.33513358
3.864,-0.20698406
3.8645,-0.1637802
3.865,-0.11498684
3.8655,-0.06401103
3.866,-0.03110908
3.8665,-0.14956077
3.867,-0.40677042
3.8675,-0.45994936
3.868,-0.47278362
3.8685,-0.52691829
3.869,-0.45884194
3.8695,-0.46906527
3.87,-0.43660188
3.8705,-0.4365347
3.871,-0.33246635
3.8715,-0.22611407
3.872,-0.05174366
3.8725,0.12317193
3.873,0.25457942
3.8735,0.31504371
3.874,0.35027578
3.8745,0.23426903
3.875,0.10961688
3.8755,0.13985404
3.876,0.14415841
3.8765,0.26262596
3.877,0.21690652
3.8775,0.19364868
3.878,0.20611729
3.8785,0.16018028
3.879,0.30689586
3.8795,0.46818234
3.88,0.46812439
3.8805,0.53941518
3.881,0.55222475
3.8815,0.47330005
3.882,0.24939906
3.8825,0.1779234
3.883,0.02282362
3.8835,-0.00243326
3.884,-0.01396434
3.8845,-0.17431778
3.885,-0.24827468
3.8855,-0.33955974
3.886,-0.40954596
3.8865,-0.26577568
3.887,-0.19468722
3.8875,-0.13052102
3.888,-0.11928335
3.8885,-0.12168031
3.889,-0.18851613
3.8895,-0.31187231
3.89,-0.40667318
3.8905,-0.4250306
3.891,-0.37885525
3.8915,-0.36976056
3.892,-0.45199729
3.8925,-0.45507192
3.893,-0.41035557
3.8935,-0.39634283
3.894,-0.21800621
3.8945,-0.01910003
3.895,0.08628492
3.8955,0.24214796
3.896,0.3179093
3.8965,0.28536239
3.897,0.31855894
3.8975,0.26199902
3.898,0.28533348
3.8985,0.28514711
3.899,0.22090465
3.8995,0.24346514
3.9,0.2522008
3.9005,0.17014213
3.901,0.1305115
3.9015,0.29118342
3.902,0.40396916
3.9025,0.46151026
3.903,0.53691653
3.9035,0.51322399
3.904,0.36600138
3.9045,0.30106657
3.905,0.14017054
3.9055,0.1136274
3.906,0.03898044
3.9065,-0.10415915
3.907,-0.25337982
3.9075,-0.33693294
3.908,-0.40535758
3.9085,-0.4614034
3.909,-0.42337214
3.9095,-0.28600079
3.91,-0.19195153
3.9105,-0.16121223
3.911,-0.17535667
3.9115,-0.22408154
3.912,-0.26537447
3.9125,-0.38424945
3.913,-0.31803414
3.9135,-0.24497477
3.914,-0.32338507
3.9145,-0.42211255
3.915,-0.44559643
3.9155,-0.4367301
3.916,-0.41424239
3.9165,-0.24516648
3.917,-0.03106159
3.9175,0.15525631
3.918,0.22236415
3.9185,0.36931618
3.919,0.39624967
3.9195,0.33228972
3.92,0.30030403
3.9205,0.36421024
3.921,0.34359358
3.9215,0.38009245
3.922,0.23641499
3.9225,0.16367033
3.923,0.14659398
3.9235,0.08370625
3.924,0.22984256
3.9245,0.30918236
3.925,0.40401671
3.9255,0.47063539
3.926,0.44200708
3.9265,0.36067955
3.927,0.27114125
3.9275,0.22317886
3.928,0.1528646
3.9285,0.06501683
3.929,-0.09694958
3.9295,-0.23441828
3.93,-0.41394377
3.9305,-0.41706403
3.931,-0.49757368
3.9315,-0.47436631
3.932,-0.35673095
3.9325,-0.28500838
3.933,-0.27287594
3.9335,-0.27533411
3.934,-0.18283038
3.9345,-0.24252847
3.935,-0.2192438
3.9355,-0.1881412
3.936,-0.28081865
3.9365,-0.272403
3.937,-0.38706394
3.9375,-0.37980216
3.938,-0.39729221
3.9385,-0.38781701
3.939,-0.22868479
3.9395,-0.04916015
3.94,0.11917897
3.9405,0.20729643
3.941,0.37391567
3.9415,0.38023881
3.942,0.40140289
3.9425,0.48357852
3.943,0.48337746
3.9435,0.44246817
3.944,0.46694097
3.9445,0.29312887
3.945,0.13920058
3.9455,0.10211923
3.946,0.15475319
3.9465,0.18805084
3.947,0.28470675
3.9475,0.41148242
3.948,0.36310981
3.9485,0.27661419
3.949,0.27597328
3.9495,0.25675444
3.95,0.27274155
3.9505,0.17692664
3.951,0.1319632
3.9515,-0.1018328
3.952,-0.29059069
3.9525,-0.40649946
3.953,-0.534061
3.9535,-0.5710335
3.954,-0.47095836
3.9545,-0.42944597
3.955,-0.37209063
3.9555,-0.38085701
3.956,-0.25916466
3.9565,-0.27362681
3.957,-0.20565638
3.9575,-0.1616124
3.958,-0.15064824
3.9585,-0.06413241
3.959,-0.17998163
3.9595,-0.35953364
3.96,-0.33461053
3.9605,-0.37730081
3.961,-0.26395854
3.9615,-0.16191848
3.962,-0.02431771
3.9625,0.04679473
3.963,0.22663993
3.9635,0.25684831
3.964,0.31642526
3.9645,0.5064976
3.965,0.52502798
3.9655,0.55988659
3.966,0.58216634
3.9665,0.50047778
3.967,0.32370653
3.9675,0.18378508
3.968,0.17947546
3.9685,0.17354937
3.969,0.13898412
3.9695,0.21198016
3.97,0.22069304
3.9705,0.22404649
3.971,0.18395118
3.9715,0.26216303
3.972,0.22230968
3.9725,0.23565345
3.973,0.17993692
3.9735,0.08611002
3.974,-0.08234238
3.9745,-0.26722532
3.975,-0.44048897
3.9755,-0.59783096
3.976,-0.47781493
3.9765,-0.5210524
3.977,-0.41977228
3.9775,-0.4154088
3.978,-0.39957757
3.9785,-0.39977911
3.979,-0.30201889
3.9795,-0.16992255
3.98,-0.0535905
3.9805,-0.10085011
3.981,-0.06136737
3.9815,-0.06114498
3.982,-0.26162864
3.9825,-0.29407521
3.983,-0.26773773
3.9835,-0.27941403
3.984,-0.16843681
3.9845,0.04269553
3.985,0.16770725
3.9855,0.1642127
3.986,0.28702401
3.9865,0.31399384
3.987,0.51121103
3.9875,0.53835472
3.988,0.62146107
3.9885,0.60664185
3.989,0.48207575
3.9895,0.38331168
3.99,0.27080376
3.9905,0.1484217
3.991,0.19824651
3.9915,0.17025799
3.992,0.13251616
3.9925,0.13772238
3.993,0.08284598
3.9935,0.05342693
3.994,0.14746477
3.9945,0.13919955
3.995,0.18990001
3.9955,0.20041622
3.996,0.12517464
3.9965,-0.10970471
3.997,-0.26402513
3.9975,-0.42704906
3.998,-0.49409382
3.9985,-0.58628405
3.999,-0.55171641
3.9995,-0.45025364
