time,voltage
0.0,-0.219465
0.0005,-0.11110056
0.001,-0.06523299
0.0015,0.00837568
0.002,-0.13157929
0.0025,-0.16293887
0.003,-0.2294423
0.0035,-0.23918756
0.004,-0.23475242
0.0045,-0.23043439
0.005,-0.22855334
0.0055,-0.23695173
0.006,-0.14866003
0.0065,-0.06971911
0.007,-0.04655366
0.0075,0.07439713
0.008,0.31182192
0.0085,0.48436186
0.009,0.44489948
0.0095,0.35768517
0.01,0.36153093
0.0105,0.24102431
0.011,0.15825722
0.0115,0.17496405
0.012,0.18253428
0.0125,0.15512534
0.013,0.15913526
0.0135,0.17636193
0.014,0.13869988
0.0145,0.07916242
0.015,0.18066985
0.0155,0.26480553
0.016,0.3244546
0.0165,0.35464906
0.017,0.27244721
0.0175,0.15465139
0.018,-0.03913076
0.0185,-0.18898915
0.019,-0.2908155
0.0195,-0.33906252
0.02,-0.3452257
0.0205,-0.26760363
0.021,-0.33826631
0.0215,-0.29488092
0.022,-0.34573931
0.0225,-0.24092276
0.023,-0.23981838
0.0235,-0.13993539
0.024,-0.08176597
0.0245,0.00011765
0.025,-0.04903524
0.0255,-0.17323811
0.026,-0.24062183
0.0265,-0.35850462
0.027,-0.38246198
0.0275,-0.2633591
0.028,-0.22472958
0.0285,-0.03207382
0.029,-0.07658066
0.0295,0.00156736
0.03,0.12595367
0.0305,0.1538275
0.031,0.24514499
0.0315,0.33765526
0.032,0.45012092
0.0325,0.46806191
0.033,0.38286808
0.0335,0.39347923
0.034,0.15608785
0.0345,0.0484282
0.035,-0.03019934
0.0355,0.13241467
0.036,0.13176889
0.0365,0.19451421
0.037,0.2294971
0.0375,0.23388602
0.038,0.2648843
0.0385,0.25901977
0.039,0.25134097
0.0395,0.24990327
0.04,0.23157541
0.0405,0.13544829
0.041,0.03294324
0.0415,-0.18921311
0.042,-0.31959748
0.0425,-0.40212385
0.043,-0.42525044
0.0435,-0.4044164
0.044,-0.36650145
0.0445,-0.30050333
0.045,-0.20807498
0.0455,-0.16512042
0.046,-0.13652045
0.0465,-0.22390082
0.047,-0.13868052
0.0475,-0.08964461
0.048,-0.16017105
0.0485,-0.15116681
0.049,-0.1881997
0.0495,-0.22455579
0.05,-0.36388321
0.0505,-0.38257157
0.051,-0.26669398
0.0515,-0.19448935
0.052,-0.00723246
0.0525,0.15555781
0.053,0.21759871
0.0535,0.27603041
0.054,0.29251865
0.0545,0.3706081
0.055,0.30581787
0.0555,0.33038061
0.056,0.35918343
0.0565,0.31229737
0.057,0.20732412
0.0575,0.14306517
0.058,0.05830312
0.0585,0.05845323
0.059,0.09156494
0.0595,0.24048378
0.06,0.28191811
0.0605,0.38254638
0.061,0.35029291
0.0615,0.37143607
0.062,0.24037033
0.0625,0.13043368
0.063,0.05119077
0.0635,0.03034984
0.064,-0.02506954
0.0645,-0.1317742
0.065,-0.33506793
0.0655,-0.35622862
0.066,-0.42042755
0.0665,-0.47475125
0.067,-0.41706343
0.0675,-0.36562154
0.068,-0.17590227
0.0685,-0.12119371
0.069,-0.05795549
0.0695,-0.08717002
0.07,-0.22191825
0.0705,-0.207025
0.071,-0.26079485
0.0715,-0.3180623
0.072,-0.29250515
0.0725,-0.3206091
0.073,-0.33567893
0.0735,-0.26458907
0.074,-0.24811507
0.0745,-0.15690853
0.075,0.00195372
0.0755,0.11948958
0.076,0.22565833
0.0765,0.39968874
0.077,0.45827492
0.0775,0.43360221
0.078,0.3493896
0.0785,0.24900598
0.079,0.1678203
0.0795,0.1836087
0.08,0.15344667
0.0805,0.20518996
0.081,0.14255823
0.0815,0.18733617
0.082,0.16247198
0.0825,0.1679331
0.083,0.22707161
0.0835,0.34846831
0.084,0.38721065
0.0845,0.37691293
0.085,0.27921451
0.0855,0.216861
0.086,0.06256776
0.0865,-0.10097874
0.087,-0.14982593
0.0875,-0.26871156
0.088,-0.30002323
0.0885,-0.28924539
0.089,-0.36143474
0.0895,-0.32394092
0.09,-0.34545431
0.0905,-0.32518133
0.091,-0.22457646
0.0915,-0.08939712
0.092,-0.02842172
0.0925,-0.02461789
0.093,-0.10834279
0.0935,-0.20081041
0.094,-0.35962927
0.0945,-0.40955649
0.095,-0.38655649
0.0955,-0.32495536
0.096,-0.23613533
0.0965,-0.19404552
0.097,-0.14694678
0.0975,-0.08786328
0.098,0.0262624
0.0985,0.13247621
0.099,0.18769006
0.0995,0.32025205
0.1,0.39742697
0.1005,0.42785562
0.101,0.35333283
0.1015,0.27223935
0.102,0.08659373
0.1025,0.09870408
0.103,0.07513678
0.1035,0.1690772
0.104,0.10909767
0.1045,0.25950486
0.105,0.34634907
0.1055,0.25450505
0.106,0.25201434
0.1065,0.27500255
0.107,0.28761175
0.1075,0.28595521
0.108,0.3700952
0.1085,0.20480593
0.109,0.0488819
0.1095,-0.07648671
0.11,-0.28002186
0.1105,-0.35614163
0.111,-0.31794231
0.1115,-0.35601495
0.112,-0.26050805
0.1125,-0.2493556
0.113,-0.26415494
0.1135,-0.16604909
0.114,-0.15260356
0.1145,-0.18793633
0.115,-0.12090563
0.1155,-0.15705933
0.116,-0.14343801
0.1165,-0.19831126
0.117,-0.21892416
0.1175,-0.39417702
0.118,-0.45874244
0.1185,-0.41470556
0.119,-0.36427941
0.1195,-0.23909782
0.12,0.01907824
0.1205,0.02382713
0.121,0.15638132
0.1215,0.18117884
0.122,0.18017191
0.1225,0.28408374
0.123,0.26809726
0.1235,0.31251954
0.124,0.34574238
0.1245,0.36631354
0.125,0.21021626
0.1255,0.04500519
0.126,0.08796451
0.1265,0.05327029
0.127,0.167923
0.1275,0.26492392
0.128,0.33587089
0.1285,0.41178258
0.129,0.40404589
0.1295,0.33480702
0.13,0.25722113
0.1305,0.22804574
0.131,0.18856484
0.1315,0.20091878
0.132,0.03079744
0.1325,-0.06043412
0.133,-0.17337848
0.1335,-0.35306701
0.134,-0.401136
0.1345,-0.37057008
0.135,-0.28344008
0.1355,-0.24512783
0.136,-0.10689745
0.1365,-0.09715555
0.137,-0.09705373
0.1375,-0.16699624
0.138,-0.20917995
0.1385,-0.23855233
0.139,-0.24899078
0.1395,-0.28923105
0.14,-0.31137412
0.1405,-0.36112609
0.141,-0.41201514
0.1415,-0.35409364
0.142,-0.33230039
0.1425,-0.26040232
0.143,-0.09052528
0.1435,0.04849393
0.144,0.23373962
0.1445,0.34511382
0.145,0.30162297
0.1455,0.26678024
0.146,0.30853373
0.1465,0.24384105
0.147,0.29359285
0.1475,0.24867784
0.148,0.19861832
0.1485,0.16649299
0.149,0.12689673
0.1495,0.02676162
0.15,0.08063985
0.1505,0.20940546
0.151,0.27666742
0.1515,0.42891015
0.152,0.43678342
0.1525,0.45314149
0.153,0.32463771
0.1535,0.13465609
0.154,0.04935216
0.1545,-0.01563705
0.155,-0.00664634
0.1555,-0.17374019
0.156,-0.1750937
0.1565,-0.28311572
0.157,-0.39431147
0.1575,-0.39352483
0.158,-0.36330863
0.1585,-0.26663324
0.159,-0.19687544
0.1595,-0.0128103
0.16,-0.07329031
0.1605,-0.07942235
0.161,-0.18341713
0.1615,-0.20205902
0.162,-0.37870913
0.1625,-0.35793696
0.163,-0.29849164
0.1635,-0.38999814
0.164,-0.31389494
0.1645,-0.26456765
0.165,-0.2870788
0.1655,-0.1812038
0.166,-0.02706484
0.1665,0.08930775
0.167,0.25475152
0.1675,0.34577009
0.168,0.43607473
0.1685,0.24798209
0.169,0.25727062
0.1695,0.18946991
0.17,0.18436822
0.1705,0.09880202
0.171,0.09692644
0.1715,0.13926778
0.172,0.16323896
0.1725,0.26773777
0.173,0.22237651
0.1735,0.26554829
0.174,0.23802379
0.1745,0.33522719
0.175,0.45302129
0.1755,0.43687856
0.176,0.30350712
0.1765,0.23926052
0.177,0.0844456
0.1775,-0.04579674
0.178,-0.19908167
0.1785,-0.27103343
0.179,-0.22691842
0.1795,-0.21499976
0.18,-0.28535987
0.1805,-0.22064099
0.181,-0.21043691
0.1815,-0.24115896
0.182,-0.17472431
0.1825,-0.10360536
0.183,-0.11552246
0.1835,-0.10700149
0.184,-0.18045451
0.1845,-0.23991218
0.185,-0.34339137
0.1855,-0.41431129
0.186,-0.49275367
0.1865,-0.49226763
0.187,-0.3960908
0.1875,-0.2418846
0.188,-0.05556421
0.1885,0.0048581
0.189,0.02572126
0.1895,0.0667234
0.19,0.18975449
0.1905,0.31093427
0.191,0.30492654
0.1915,0.40859493
0.192,0.31885081
0.1925,0.21368046
0.193,0.11393385
0.1935,0.03360277
0.194,0.00688436
0.1945,0.06170953
0.195,0.12277603
0.1955,0.28648632
0.196,0.36593405
0.1965,0.40869905
0.197,0.31339403
0.1975,0.30755501
0.198,0.29842727
0.1985,0.34791563
0.199,0.28627256
0.1995,0.27009023
0.2,0.16729661
0.2005,0.03519433
0.201,-0.18537673
0.2015,-0.27905689
0.202,-0.35488139
0.2025,-0.30838796
0.203,-0.26983881
0.2035,-0.12989571
0.204,-0.05684222
0.2045,-0.04030879
0.205,-0.0957869
0.2055,-0.13705841
0.206,-0.18091186
0.2065,-0.22175542
0.207,-0.18972911
0.2075,-0.26408288
0.208,-0.25727381
0.2085,-0.33214979
0.209,-0.5130575
0.2095,-0.46398478
0.21,-0.3664265
0.2105,-0.31694075
0.211,-0.15150025
0.2115,0.01164029
0.212,0.10164745
0.2125,0.19601083
0.213,0.22794528
0.2135,0.17741129
0.214,0.20787942
0.2145,0.18407983
0.215,0.23109675
0.2155,0.2243763
0.216,0.18685691
0.2165,0.12553814
0.217,0.11291399
0.2175,0.05127137
0.218,0.18676733
0.2185,0.2232359
0.219,0.31546133
0.2195,0.45003928
0.22,0.48417009
0.2205,0.44995521
0.221,0.33857695
0.2215,0.25944293
0.222,0.1609351
0.2225,0.063973
0.223,0.07725272
0.2235,0.04055336
0.224,-0.11125594
0.2245,-0.23647428
0.225,-0.33295879
0.2255,-0.30436541
0.226,-0.2914206
0.2265,-0.12061177
0.227,-0.0602914
0.2275,-0.03373845
0.228,-0.04269215
0.2285,-0.08651243
0.229,-0.19223802
0.2295,-0.31222854
0.23,-0.28465973
0.2305,-0.37933073
0.231,-0.39963536
0.2315,-0.36617839
0.232,-0.3731648
0.2325,-0.30141887
0.233,-0.39105694
0.2335,-0.31800897
0.234,-0.11001853
0.2345,0.05119037
0.235,0.12585651
0.2355,0.22661013
0.236,0.35835997
0.2365,0.24815653
0.237,0.13272081
0.2375,0.10849784
0.238,0.00380451
0.2385,0.09182222
0.239,0.09740388
0.2395,0.1280624
0.24,0.19913501
0.2405,0.19603748
0.241,0.14386157
0.2415,0.23237222
0.242,0.31228099
0.2425,0.42938734
0.243,0.47181855
0.2435,0.51125794
0.244,0.46641902
0.2445,0.27923681
0.245,0.11199629
0.2455,-0.0817887
0.246,-0.10846965
0.2465,-0.15185219
0.247,-0.14364004
0.2475,-0.20842908
0.248,-0.16501353
0.2485,-0.26981808
0.249,-0.22985848
0.2495,-0.18357986
0.25,-0.08050438
0.2505,-0.04760386
0.251,-0.04539365
0.2515,-0.06805048
0.252,-0.14283482
0.2525,-0.25404068
0.253,-0.42796533
0.2535,-0.45290946
0.254,-0.48272387
0.2545,-0.50582167
0.255,-0.3807237
0.2555,-0.30311825
0.256,-0.23372874
0.2565,-0.09162042
0.257,-0.08151457
0.2575,-0.05720621
0.258,0.13354491
0.2585,0.24908298
0.259,0.30503287
0.2595,0.25307692
0.26,0.25079593
0.2605,0.13498576
0.261,0.05913146
0.2615,-0.05733538
0.262,0.05758622
0.2625,0.14179119
0.263,0.24601998
0.2635,0.26752981
0.264,0.41741498
0.2645,0.37947723
0.265,0.39600552
0.2655,0.3800912
0.266,0.39243463
0.2665,0.47238637
0.267,0.38745139
0.2675,0.2623188
0.268,0.12678297
0.2685,0.04285692
0.269,-0.10090657
0.2695,-0.30548671
0.27,-0.26766713
0.2705,-0.210619
0.271,-0.21730566
0.2715,-0.12897947
0.272,-0.05694541
0.2725,-0.13600433
0.273,-0.15119537
0.2735,-0.10314561
0.274,-0.19490485
0.2745,-0.13910242
0.275,-0.14615133
0.2755,-0.3013744
0.276,-0.4048405
0.2765,-0.47016059
0.277,-0.48272141
0.2775,-0.55030215
0.278,-0.39869047
0.2785,-0.28815872
0.279,-0.11823217
0.2795,0.00393491
0.28,0.09216344
0.2805,0.12885295
0.281,0.09098671
0.2815,0.18066081
0.282,0.14895549
0.2825,0.25752032
0.283,0.23424842
0.2835,0.18153658
0.284,0.08608389
0.2845,0.0533155
0.285,0.04270006
0.2855,0.0137295
0.286,0.12817268
0.2865,0.31393192
0.287,0.40182184
0.2875,0.49559331
0.288,0.43064695
0.2885,0.4892053
0.289,0.31569206
0.2895,0.31867878
0.29,0.24173736
0.2905,0.18326924
0.291,0.11254076
0.2915,0.04212452
0.292,-0.07643297
0.2925,-0.26826683
0.293,-0.24224112
0.2935,-0.28220481
0.294,-0.18176109
0.2945,-0.12324495
0.295,0.00583926
0.2955,-0.01308908
0.296,-0.03515527
0.2965,-0.11141303
0.297,-0.2152963
0.2975,-0.2586592
0.298,-0.2927406
0.2985,-0.33061381
0.299,-0.36888127
0.2995,-0.41001657
0.3,-0.45310007
0.3005,-0.50025121
0.301,-0.41935056
0.3015,-0.36357954
0.302,-0.18904565
0.3025,-0.03149583
0.303,0.10831074
0.3035,0.18186319
0.304,0.14318153
0.3045,0.19275416
0.305,0.01390195
0.3055,0.14310712
0.306,0.09770804
0.3065,0.12850281
0.307,0.08919243
0.3075,0.13414613
0.308,0.09574697
0.3085,0.09360217
0.309,0.18220687
0.3095,0.21453283
0.31,0.3852288
0.3105,0.5104832
0.311,0.56008115
0.3115,0.50993285
0.312,0.46696867
0.3125,0.29229154
0.313,0.15734723
0.3135,-0.00426491
0.314,-0.01645197
0.3145,-0.04222429
0.315,-0.05785432
0.3155,-0.10408605
0.316,-0.22247221
0.3165,-0.31033258
0.317,-0.2390634
0.3175,-0.14805986
0.318,-0.0260992
0.3185,0.00311842
0.319,0.02092578
0.3195,-0.05932592
0.32,-0.15205093
0.3205,-0.32478929
0.321,-0.40362334
0.3215,-0.45958564
0.322,-0.43859829
0.3225,-0.46587004
0.323,-0.44724564
0.3235,-0.32387367
0.324,-0.2746963
0.3245,-0.20129412
0.325,-0.24545985
0.3255,-0.01834224
0.326,0.09068033
0.3265,0.20509821
0.327,0.28982493
0.3275,0.27066978
0.328,0.22869955
0.3285,0.04030377
0.329,0.04243472
0.3295,0.02697542
0.33,0.06758732
0.3305,0.11094156
0.331,0.16611374
0.3315,0.28112645
0.332,0.25496335
0.3325,0.28190628
0.333,0.37685097
0.3335,0.49316746
0.334,0.49363266
0.3345,0.51334659
0.335,0.46125725
0.3355,0.34566758
0.336,0.15144589
0.3365,0.00081098
0.337,-0.09254174
0.3375,-0.17484167
0.338,-0.08995269
0.3385,-0.14398033
0.339,-0.15319322
0.3395,-0.0582985
0.34,-0.12694061
0.3405,-0.11954652
0.341,-0.17007183
0.3415,-0.10705792
0.342,-0.09871011
0.3425,-0.06767285
0.343,-0.17028498
0.3435,-0.28246518
0.344,-0.349352
0.3445,-0.51334002
0.345,-0.56208067
0.3455,-0.54123162
0.346,-0.4453494
0.3465,-0.29683838
0.347,-0.19117111
0.3475,-0.12452392
0.348,-0.01854231
0.3485,0.02933306
0.349,0.06661386
0.3495,0.15455645
0.35,0.18513155
0.3505,0.25148108
0.351,0.16795215
0.3515,0.10012753
0.352,0.02060958
0.3525,-0.00860993
0.353,-0.08532147
0.3535,-0.00125527
0.354,0.17889772
0.3545,0.24474654
0.355,0.41902023
0.3555,0.49709879
0.356,0.46822958
0.3565,0.46091464
0.357,0.37606271
0.3575,0.40538659
0.358,0.38338518
0.3585,0.3648584
0.359,0.21209521
0.3595,0.06683705
0.36,-0.17596874
0.3605,-0.21191286
0.361,-0.17594355
0.3615,-0.18346183
0.362,-0.15277328
0.3625,-0.11557923
0.363,0.03225658
0.3635,0.05506221
0.364,-0.01431825
0.3645,-0.08273856
0.365,-0.13523782
0.3655,-0.22373109
0.366,-0.27597596
0.3665,-0.29269575
0.367,-0.3754782
0.3675,-0.46114098
0.368,-0.53210549
0.3685,-0.47888645
0.369,-0.48009243
0.3695,-0.31906067
0.37,-0.19097441
0.3705,-0.05833239
0.371,0.08504126
0.3715,0.12676142
0.372,0.23313442
0.3725,0.09139152
0.373,0.1073074
0.3735,0.04645846
0.374,0.0913544
0.3745,0.05807834
0.375,0.01856484
0.3755,-0.00364402
0.376,-0.03749973
0.3765,0.0486436
0.377,0.20110536
0.3775,0.27646852
0.378,0.46057082
0.3785,0.51321784
0.379,0.52149408
0.3795,0.49758051
0.38,0.43612781
0.3805,0.28924324
0.381,0.2288393
0.3815,0.12968385
0.382,0.11416184
0.3825,0.02905264
0.383,-0.00468585
0.3835,-0.15287656
0.384,-0.11205518
0.3845,-0.15473391
0.385,-0.12160475
0.3855,-0.04814143
0.386,0.0785095
0.3865,0.06401163
0.387,0.07487748
0.3875,-0.09133938
0.388,-0.19102154
0.3885,-0.30022937
0.389,-0.35779495
0.3895,-0.45266926
0.39,-0.36858775
0.3905,-0.37912502
0.391,-0.36316243
0.3915,-0.44741068
0.392,-0.37777156
0.3925,-0.30047799
0.393,-0.2386768
0.3935,-0.08626004
0.394,0.0628697
0.3945,0.20126585
0.395,0.11837986
0.3955,0.13740485
0.396,0.0549316
0.3965,0.0454053
0.397,-0.04574061
0.3975,-0.01913192
0.398,0.08515508
0.3985,0.10171861
0.399,0.14544177
0.3995,0.19540131
0.4,0.19201906
0.4005,0.34346765
0.401,0.35606131
0.4015,0.50801239
0.402,0.56436339
0.4025,0.61341208
0.403,0.43777855
0.4035,0.34041889
0.404,0.21797887
0.4045,0.10864665
0.405,-0.01519865
0.4055,-0.07630633
0.406,-0.06015987
0.4065,-0.09876701
0.407,-0.10161118
0.4075,-0.07345615
0.408,-0.05885531
0.4085,-0.09705049
0.409,-0.01909542
0.4095,0.05465117
0.41,-0.02700184
0.4105,-0.07459291
0.411,-0.22565035
0.4115,-0.2378346
0.412,-0.47471385
0.4125,-0.49305901
0.413,-0.57126565
0.4135,-0.45675147
0.414,-0.42559758
0.4145,-0.35317474
0.415,-0.2170945
0.4155,-0.19946413
0.416,-0.17383574
0.4165,-0.09507732
0.417,0.0544091
0.4175,0.10139663
0.418,0.17872321
0.4185,0.25030628
0.419,0.10886416
0.4195,0.02968892
0.42,-0.08961987
0.4205,-0.09396497
0.421,-0.07955841
0.4215,0.03023268
0.422,0.13204566
0.4225,0.32433772
0.423,0.37692683
0.4235,0.38751507
0.424,0.46274435
0.4245,0.44103737
0.425,0.4681785
0.4255,0.47548954
0.426,0.45557213
0.4265,0.43723889
0.427,0.1782324
0.4275,0.05747835
0.428,-0.02320895
0.4285,-0.13768717
0.429,-0.16329315
0.4295,-0.08397126
0.43,-0.01393529
0.4305,0.05664772
0.431,0.0031824
0.4315,-0.03584695
0.432,-0.05623506
0.4325,-0.17186199
0.433,-0.0637266
0.4335,-0.14371052
0.434,-0.18155077
0.4345,-0.31816631
0.435,-0.35740174
0.4355,-0.49046529
0.436,-0.5772931
0.4365,-0.58587324
0.437,-0.50651741
0.4375,-0.36141163
0.438,-0.21094527
0.4385,-0.12134223
0.439,-0.03626538
0.4395,-0.00172575
0.44,0.02647415
0.4405,0.13229108
0.441,-0.01086839
0.4415,0.03658357
0.442,0.07853543
0.4425,0.08839847
0.443,-0.03180886
0.4435,-0.02317841
0.444,-0.02729502
0.4445,-0.01183595
0.445,0.19447788
0.4455,0.31596189
0.446,0.46226986
0.4465,0.53580104
0.447,0.54687322
0.4475,0.56735385
0.448,0.42825461
0.4485,0.37618394
0.449,0.35389807
0.4495,0.34378074
0.45,0.17041609
0.4505,0.1198944
0.451,0.00616803
0.4515,-0.10679158
0.452,-0.17648478
0.4525,-0.11475672
0.453,-0.04884109
0.4535,-0.01969924
0.454,0.11470686
0.4545,0.15492932
0.455,0.06694425
0.4555,-0.01317978
0.456,-0.18310112
0.4565,-0.25700626
0.457,-0.31338114
0.4575,-0.38963342
0.458,-0.40773724
0.4585,-0.46511102
0.459,-0.49273665
0.4595,-0.48395195
0.46,-0.48791092
0.4605,-0.34630067
0.461,-0.22556072
0.4615,-0.07778305
0.462,0.07356295
0.4625,0.06576317
0.463,0.10626149
0.4635,0.02127039
0.464,-0.02749126
0.4645,-0.05221562
0.465,-0.05345842
0.4655,-0.02658114
0.466,0.01905165
0.4665,0.0536951
0.467,0.02273517
0.4675,0.03436631
0.468,0.1152929
0.4685,0.24925179
0.469,0.33576628
0.4695,0.57239565
0.47,0.60602951
0.4705,0.5739601
0.471,0.47022983
0.4715,0.39599658
0.472,0.20643993
0.4725,0.18141307
0.473,0.07079741
0.4735,0.01357104
0.474,0.03967169
0.4745,0.0416077
0.475,-0.06447426
0.4755,-0.00742974
0.476,-0.11050116
0.4765,0.04642686
0.477,0.06885129
0.4775,0.06636101
0.478,0.09505324
0.4785,-0.02683997
0.479,-0.08630699
0.4795,-0.31982887
0.48,-0.40719649
0.4805,-0.50303635
0.481,-0.49814096
0.4815,-0.51800051
0.482,-0.41544894
0.4825,-0.36818465
0.483,-0.32506976
0.4835,-0.27954309
0.484,-0.17461629
0.4845,-0.06281986
0.485,-0.00794937
0.4855,0.11513454
0.486,0.14230703
0.4865,0.11696577
0.487,-0.01101582
0.4875,-0.08083601
0.488,-0.14290912
0.4885,-0.17660945
0.489,-0.05056404
0.4895,0.04909593
0.49,0.14163403
0.4905,0.18071688
0.491,0.28363639
0.4915,0.32048707
0.492,0.37539263
0.4925,0.50031008
0.493,0.48891986
0.4935,0.50636991
0.494,0.45608287
0.4945,0.37228952
0.495,0.17385434
0.4955,0.12771178
0.496,-0.01163923
0.4965,-0.1166843
0.497,-0.01939948
0.4975,-0.02480315
0.498,-0.01577032
0.4985,0.10639005
0.499,0.04928067
0.4995,0.08623998
0.5,0.01365817
0.5005,0.05873144
0.501,-0.00385688
0.5015,-0.01988745
0.502,-0.11819423
0.5025,-0.24692452
0.503,-0.34305427
0.5035,-0.49018274
0.504,-0.60682854
0.5045,-0.58068422
0.505,-0.52595177
0.5055,-0.33322383
0.506,-0.20420116
0.5065,-0.15206595
0.507,-0.13100019
0.5075,-0.07937414
0.508,-0.0072389
0.5085,0.01693343
0.509,0.06368696
0.5095,0.06300368
0.51,-0.00996063
0.5105,-0.03387214
0.511,-0.1380728
0.5115,-0.10847388
0.512,-0.14315559
0.5125,-0.02010178
0.513,0.15419839
0.5135,0.26891252
0.514,0.42377029
0.5145,0.48344555
0.515,0.44693623
0.5155,0.47702751
0.516,0.46220581
0.5165,0.40504426
0.517,0.38364877
0.5175,0.37990047
0.518,0.26408975
0.5185,0.1192397
0.519,0.03517757
0.5195,-0.02323675
0.52,-0.14339111
0.5205,0.00031006
0.521,0.13073889
0.5215,0.09755665
0.522,0.19091017
0.5225,0.11651408
0.523,0.02046447
0.5235,-0.04634383
0.524,-0.15972341
0.5245,-0.20126737
0.525,-0.30826179
0.5255,-0.30632596
0.526,-0.3719876
0.5265,-0.45130837
0.527,-0.5408605
0.5275,-0.52498082
0.528,-0.55254089
0.5285,-0.38469359
0.529,-0.25225397
0.5295,-0.10806298
0.53,-0.00823116
0.5305,0.01050005
0.531,0.07844548
0.5315,-0.08154809
0.532,-0.06608525
0.5325,-0.09778909
0.533,-0.10702076
0.5335,-0.01731075
0.534,-0.0176811
0.5345,-0.01177305
0.535,-0.01383737
0.5355,-0.07169638
0.536,0.12524493
0.5365,0.21351459
0.537,0.37688873
0.5375,0.48489146
0.538,0.60240226
0.5385,0.60161636
0.539,0.39869033
0.5395,0.37554857
0.54,0.20438387
0.5405,0.19282805
0.541,0.14491694
0.5415,0.1144518
0.542,0.06924966
0.5425,0.03532105
0.543,-0.03660803
0.5435,-0.03528819
0.544,-0.03461736
0.5445,0.03998868
0.545,0.14430897
0.5455,0.0994448
0.546,0.09965837
0.5465,0.05970846
0.547,-0.16091021
0.5475,-0.28334319
0.548,-0.33252308
0.5485,-0.46739366
0.549,-0.43160531
0.5495,-0.45969057
0.55,-0.44677863
0.5505,-0.49887232
0.551,-0.39806927
0.5515,-0.40761838
0.552,-0.33573448
0.5525,-0.17440681
0.553,-0.00707079
0.5535,-0.00717457
0.554,0.1262591
0.5545,0.04080732
0.555,-0.06830928
0.5555,-0.08528264
0.556,-0.17654098
0.5565,-0.20405684
0.557,-0.0699936
0.5575,-0.0503578
0.558,0.0350902
0.5585,0.16896347
0.559,0.18158431
0.5595,0.24309392
0.56,0.38675247
0.5605,0.46666557
0.561,0.56158428
0.5615,0.52201587
0.562,0.50483176
0.5625,0.35797248
0.563,0.17175582
0.5635,0.11954358
0.564,0.02318228
0.5645,0.01858375
0.565,0.06057336
0.5655,0.0854806
0.566,0.08422094
0.5665,0.04269915
0.567,0.05818024
0.5675,0.06676425
0.568,0.01988279
0.5685,0.09299808
0.569,0.12507111
0.5695,0.06349911
0.57,-0.0562983
0.5705,-0.2344074
0.571,-0.38155749
0.5715,-0.521491
0.572,-0.55211349
0.5725,-0.49496552
0.573,-0.37337997
0.5735,-0.34708168
0.574,-0.2455926
0.5745,-0.2657077
0.575,-0.1798129
0.5755,-0.12089787
0.576,-0.07836831
0.5765,-0.00567786
0.577,-0.00919901
0.5775,0.01513636
0.578,-0.03724422
0.5785,-0.17109258
0.579,-0.23007586
0.5795,-0.22176795
0.58,-0.18482053
0.5805,-0.04087042
0.581,0.08162243
0.5815,0.2246282
0.582,0.39854677
0.5825,0.3522568
0.583,0.40198981
0.5835,0.45772071
0.584,0.41860879
0.5845,0.44516504
0.585,0.45479421
0.5855,0.35006524
0.586,0.26468396
0.5865,0.11880534
0.587,0.05211262
0.5875,0.00493709
0.588,-0.06918733
0.5885,0.0175127
0.589,0.11773003
0.5895,0.2063808
0.59,0.1530106
0.5905,0.15911685
0.591,0.05621735
0.5915,0.00374764
0.592,-0.08342421
0.5925,-0.08313353
0.593,-0.19934624
0.5935,-0.19736036
0.594,-0.37581844
0.5945,-0.44356373
0.595,-0.54963153
0.5955,-0.56696797
0.596,-0.4546647
0.5965,-0.31639364
0.597,-0.17733817
0.5975,-0.14301666
0.598,-0.03226479
0.5985,0.02617766
0.599,-0.04524978
0.5995,-0.06379785
0.6,-0.10769504
0.6005,-0.04398503
0.601,-0.09218347
0.6015,-0.15919207
0.602,-0.14038402
0.6025,-0.07501474
0.603,-0.03941878
0.6035,-0.08012746
0.604,0.04818714
0.6045,0.23252019
0.605,0.36151623
0.6055,0.49017543
0.606,0.53331936
0.6065,0.53976258
0.607,0.38505952
0.6075,0.32351139
0.608,0.31531705
0.6085,0.22307565
0.609,0.23220526
0.6095,0.16422527
0.61,0.12599213
0.6105,-0.01179304
0.611,-0.0564026
0.6115,0.07467471
0.612,0.09981308
0.6125,0.17475096
0.613,0.29029682
0.6135,0.2488456
0.614,0.13659928
0.6145,0.06655867
0.615,-0.07140265
0.6155,-0.19788788
0.616,-0.30756364
0.6165,-0.37348985
0.617,-0.40924991
0.6175,-0.45288117
0.618,-0.44975337
0.6185,-0.44476137
0.619,-0.49236113
0.6195,-0.36150899
0.62,-0.25229735
0.6205,-0.06241992
0.621,0.01139523
0.6215,-0.03581771
0.622,0.03740907
0.6225,-0.07607757
0.623,-0.1683313
0.6235,-0.21325254
0.624,-0.27489742
0.6245,-0.15136861
0.625,-0.0565074
0.6255,-0.03976251
0.626,0.02911481
0.6265,-0.00356647
0.627,0.11256052
0.6275,0.28643285
0.628,0.36227666
0.6285,0.5108157
0.629,0.57691923
0.6295,0.56532534
0.63,0.50664181
0.6305,0.31631183
0.631,0.1985503
0.6315,0.13859233
0.632,0.08147756
0.6325,0.1361381
0.633,0.12590321
0.6335,0.15614183
0.634,0.13613478
0.6345,0.11004997
0.635,0.08758619
0.6355,0.13895485
0.636,0.11100923
0.6365,0.17717249
0.637,0.15598278
0.6375,0.12943025
0.638,-0.08151465
0.6385,-0.25585002
0.639,-0.43110542
0.6395,-0.45325771
0.64,-0.52499132
0.6405,-0.50233169
0.641,-0.44941986
0.6415,-0.35190964
0.642,-0.30973481
0.6425,-0.24276611
0.643,-0.2354911
0.6435,-0.0985412
0.644,-0.06734705
0.6445,-0.08307403
0.645,-0.00147754
0.6455,-0.06586185
0.646,-0.14003759
0.6465,-0.23081778
0.647,-0.2893199
0.6475,-0.18152227
0.648,-0.16916508
0.6485,-0.0783685
0.649,0.15942666
0.6495,0.17229621
0.65,0.2985638
0.6505,0.32645991
0.651,0.37633
0.6515,0.42715323
0.652,0.4816811
0.6525,0.52503999
0.653,0.49874147
0.6535,0.32118262
0.654,0.2223759
0.6545,0.07665282
0.655,-0.00850038
0.6555,0.02946747
0.656,0.00600004
0.6565,0.16282839
0.657,0.24224294
0.6575,0.25656677
0.658,0.20582131
0.6585,0.21789737
0.659,0.14764771
0.6595,0.08796578
0.66,0.0208108
0.6605,0.03500375
0.661,-0.05076563
0.6615,-0.16379021
0.662,-0.31941604
0.6625,-0.49982296
0.663,-0.611326
0.6635,-0.54121427
0.664,-0.42313814
0.6645,-0.37496359
0.665,-0.17672361
0.6655,-0.1493436
0.666,-0.1139309
0.6665,-0.14291869
0.667,-0.18930059
0.6675,-0.17436157
0.668,-0.03095434
0.6685,-0.16442677
0.669,-0.17883258
0.6695,-0.19298935
0.67,-0.24667014
0.6705,-0.28385635
0.671,-0.27393918
0.6715,-0.16865234
0.672,0.02071834
0.6725,0.23008844
0.673,0.4140043
0.6735,0.45577036
0.674,0.41829534
0.6745,0.41520938
0.675,0.42250317
0.6755,0.36747408
0.676,0.38265714
0.6765,0.32143086
0.677,0.31564745
0.6775,0.15714801
0.678,0.09719418
0.6785,-0.00278491
0.679,0.02455556
0.6795,0.11776164
0.68,0.13124505
0.6805,0.2606514
0.681,0.29861781
0.6815,0.26941616
0.682,0.23833358
0.6825,0.08179688
0.683,-0.0407077
0.6835,-0.08768598
0.684,-0.118086
0.6845,-0.2660652
0.685,-0.33439107
0.6855,-0.39762023
0.686,-0.42150454
0.6865,-0.54627996
0.687,-0.48401141
0.6875,-0.33083144
0.688,-0.24175515
0.6885,-0.16284985
0.689,-0.04926282
0.6895,-0.11974414
0.69,-0.11360155
0.6905,-0.18948105
0.691,-0.25523941
0.6915,-0.21435652
0.692,-0.27107331
0.6925,-0.14835532
0.693,-0.20700307
0.6935,-0.19184539
0.694,-0.20906939
0.6945,-0.06841757
0.695,0.02023632
0.6955,0.1076303
0.696,0.38030832
0.6965,0.43916598
0.697,0.51460103
0.6975,0.52884858
0.698,0.44321753
0.6985,0.31503552
0.699,0.20402814
0.6995,0.09208585
0.7,0.13651636
0.7005,0.13710719
0.701,0.15611916
0.7015,0.10529061
0.702,0.15066959
0.7025,0.16719039
0.703,0.19305352
0.7035,0.18947056
0.704,0.31326054
0.7045,0.2985781
0.705,0.23780387
0.7055,0.10293789
0.706,-0.04093253
0.7065,-0.18962755
0.707,-0.33829549
0.7075,-0.44624445
0.708,-0.41725799
0.7085,-0.40507443
0.709,-0.39399945
0.7095,-0.41305918
0.71,-0.36715366
0.7105,-0.35616677
0.711,-0.24167814
0.7115,-0.13541426
0.712,-0.08116476
0.7125,-0.05866229
0.713,-0.05346935
0.7135,-0.14028461
0.714,-0.24820274
0.7145,-0.40294643
0.715,-0.35342185
0.7155,-0.23106988
0.716,-0.22665474
0.7165,-0.14432503
0.717,0.02267018
0.7175,0.10218599
0.718,0.13428256
0.7185,0.22515804
0.719,0.31149348
0.7195,0.45884876
0.72,0.54689358
0.7205,0.54630078
0.721,0.40537237
0.7215,0.39808336
0.722,0.19987144
0.7225,0.10581778
0.723,0.0449903
0.7235,0.11750231
0.724,0.10454559
0.7245,0.18661614
0.725,0.23496761
0.7255,0.2074528
0.726,0.21604534
0.7265,0.17551801
0.727,0.23778427
0.7275,0.21980744
0.728,0.22243062
0.7285,0.08124075
0.729,0.04727209
0.7295,-0.20722363
0.73,-0.30525787
0.7305,-0.53290794
0.731,-0.49864693
0.7315,-0.48536236
0.732,-0.4426185
0.7325,-0.31178863
0.733,-0.19135211
0.7335,-0.14546431
0.734,-0.2356219
0.7345,-0.16857841
0.735,-0.14712643
0.7355,-0.08487028
0.736,-0.12643615
0.7365,-0.12628256
0.737,-0.15272674
0.7375,-0.26419193
0.738,-0.34850651
0.7385,-0.36295563
0.739,-0.26056108
0.7395,-0.17148316
0.74,0.00522604
0.7405,0.19294683
0.741,0.28243926
0.7415,0.30332032
0.742,0.27797877
0.7425,0.37300103
0.743,0.38302171
0.7435,0.45844368
0.744,0.36394289
0.7445,0.33980531
0.745,0.30858434
0.7455,0.12348479
0.746,0.0049193
0.7465,0.00938842
0.747,0.0063531
0.7475,0.18089056
0.748,0.26984266
0.7485,0.34934808
0.749,0.40170189
0.7495,0.34903644
0.75,0.20092219
0.7505,0.14415298
0.751,0.05476124
0.7515,-0.01519217
0.752,-0.02392511
0.7525,-0.14776531
0.753,-0.25756719
0.7535,-0.34261166
0.754,-0.53828999
0.7545,-0.51865064
0.755,-0.40773814
0.7555,-0.30239251
0.756,-0.24274161
0.7565,-0.1319891
0.757,-0.11268662
0.7575,-0.0854689
0.758,-0.1777697
0.7585,-0.20671118
0.759,-0.31034196
0.7595,-0.24038412
0.76,-0.18880408
0.7605,-0.25381516
0.761,-0.26425891
0.7615,-0.28937283
0.762,-0.20486018
0.7625,-0.14407335
0.763,-0.00480763
0.7635,0.20225893
0.764,0.34215499
0.7645,0.48414185
0.765,0.5492364
0.7655,0.46594727
0.766,0.3838585
0.7665,0.28543966
0.767,0.31635887
0.7675,0.23709712
0.768,0.17721143
0.7685,0.21652321
0.769,0.23522618
0.7695,0.17622187
0.77,0.11199768
0.7705,0.17248359
0.771,0.18541319
0.7715,0.34093424
0.772,0.44034142
0.7725,0.38940427
0.773,0.28426362
0.7735,0.095261
0.774,0.01563817
0.7745,-0.12309774
0.775,-0.25960798
0.7755,-0.31538004
0.776,-0.38124035
0.7765,-0.3396581
0.777,-0.42518499
0.7775,-0.40401765
0.778,-0.41972837
0.7785,-0.32009239
0.779,-0.18275164
0.7795,-0.11700434
0.78,-0.08393472
0.7805,-0.04159896
0.781,-0.11329083
0.7815,-0.2732059
0.782,-0.3863318
0.7825,-0.36137093
0.783,-0.39715652
0.7835,-0.31119961
0.784,-0.24099058
0.7845,-0.22116976
0.785,-0.0984806
0.7855,-0.06097476
0.786,0.0035343
0.7865,0.19070997
0.787,0.28931351
0.7875,0.41812413
0.788,0.49517999
0.7885,0.497822
0.789,0.41093877
0.7895,0.34800198
0.79,0.24857691
0.7905,0.08828044
0.791,0.07320679
0.7915,0.16017701
0.792,0.17475347
0.7925,0.18126563
0.793,0.22831175
0.7935,0.20168684
0.794,0.28650727
0.7945,0.28968284
0.795,0.2909343
0.7955,0.35435747
0.796,0.32342676
0.7965,0.1548725
0.797,0.0505367
0.7975,-0.18508934
0.798,-0.34945672
0.7985,-0.34918055
0.799,-0.44131035
0.7995,-0.39582909
0.8,-0.3612517
0.8005,-0.27283091
0.801,-0.29547484
0.8015,-0.24236663
0.802,-0.19177957
0.8025,-0.23140263
0.803,-0.19668676
0.8035,-0.14357213
0.804,-0.14322916
0.8045,-0.17152347
0.805,-0.24108273
0.8055,-0.38418246
0.806,-0.43430507
0.8065,-0.45280985
0.807,-0.28694513
0.8075,-0.14133629
0.808,-0.00626263
0.8085,0.11488303
0.809,0.15161532
0.8095,0.28973574
0.81,0.35357601
0.8105,0.31983161
0.811,0.47130775
0.8115,0.36759475
0.812,0.46166228
0.8125,0.36474634
0.813,0.22825167
0.8135,0.09766063
0.814,0.0012441
0.8145,0.08758931
0.815,0.11382069
0.8155,0.22559844
0.816,0.33023277
0.8165,0.39375092
0.817,0.35023562
0.8175,0.36303124
0.818,0.28054716
0.8185,0.28751668
0.819,0.17072874
0.8195,0.12282534
0.82,-0.00822254
0.8205,-0.12463462
0.821,-0.31319628
0.8215,-0.43823995
0.822,-0.47728232
0.8225,-0.48974565
0.823,-0.34499143
0.8235,-0.21198669
0.824,-0.20361248
0.8245,-0.04255393
0.825,-0.11208507
0.8255,-0.22784149
0.826,-0.23464799
0.8265,-0.22665413
0.827,-0.14462388
0.8275,-0.2126168
0.828,-0.25589583
0.8285,-0.30829583
0.829,-0.36347363
0.8295,-0.35398261
0.83,-0.39329385
0.8305,-0.18890256
0.831,-0.01632041
0.8315,0.12623614
0.832,0.26634947
0.8325,0.34477485
0.833,0.35694758
0.8335,0.34615165
0.834,0.29245777
0.8345,0.28826543
0.835,0.26097049
0.8355,0.22150886
0.836,0.28184502
0.8365,0.21122075
0.837,0.11421629
0.8375,0.12134454
0.838,0.13751926
0.8385,0.183925
0.839,0.26856928
0.8395,0.42032787
0.84,0.44434745
0.8405,0.43979706
0.841,0.30239281
0.8415,0.15964059
0.842,0.08062143
0.8425,-0.09299972
0.843,-0.14044512
0.8435,-0.22252131
0.844,-0.24166155
0.8445,-0.37984761
0.845,-0.39495508
0.8455,-0.36060127
0.846,-0.38117648
0.8465,-0.31593029
0.847,-0.21543446
0.8475,-0.10636288
0.848,-0.05489125
0.8485,-0.03395922
0.849,-0.18245784
0.8495,-0.30791518
0.85,-0.31999259
0.8505,-0.42957109
0.851,-0.37162616
0.8515,-0.30034542
0.852,-0.23822337
0.8525,-0.24282164
0.853,-0.24164257
0.8535,-0.1426889
0.854,-0.08399918
0.8545,0.04246794
0.855,0.29532545
0.8555,0.43515075
0.856,0.46988198
0.8565,0.43386141
0.857,0.35073541
0.8575,0.24902985
0.858,0.05025886
0.8585,0.12357483
0.859,0.15623596
0.8595,0.19309365
0.86,0.23077325
0.8605,0.21579729
0.861,0.25575208
0.8615,0.23871416
0.862,0.28123356
0.8625,0.39144012
0.863,0.44206648
0.8635,0.39717623
0.864,0.35440854
0.8645,0.29164173
0.865,0.08529707
0.8655,-0.17031242
0.866,-0.20167755
0.8665,-0.30759504
0.867,-0.2962727
0.8675,-0.36585652
0.868,-0.25117972
0.8685,-0.26110179
0.869,-0.21266162
0.8695,-0.25905206
0.87,-0.25385093
0.8705,-0.16393839
0.871,-0.01030754
0.8715,-0.14223221
0.872,-0.08272482
0.8725,-0.20227932
0.873,-0.3763495
0.8735,-0.40627465
0.874,-0.54130658
0.8745,-0.4465593
0.875,-0.33869554
0.8755,-0.20681112
0.876,-0.0496539
0.8765,0.00158796
0.877,-0.01118002
0.8775,0.11053211
0.878,0.24051845
0.8785,0.34848575
0.879,0.41667214
0.8795,0.36018402
0.88,0.39828502
0.8805,0.18965388
0.881,0.1778475
0.8815,0.06577042
0.882,0.09550747
0.8825,0.1137773
0.883,0.24381696
0.8835,0.32628638
0.884,0.3223186
0.8845,0.35452805
0.885,0.42480822
0.8855,0.31261667
0.886,0.38468191
0.8865,0.27078978
0.887,0.29572231
0.8875,0.17375192
0.888,0.06277526
0.8885,-0.11203529
0.889,-0.24145729
0.8895,-0.31938668
0.89,-0.418711
0.8905,-0.34790769
0.891,-0.27859075
0.8915,-0.24260303
0.892,-0.11419296
0.8925,-0.13613826
0.893,-0.15981881
0.8935,-0.23798797
0.894,-0.21504028
0.8945,-0.2561497
0.895,-0.24844002
0.8955,-0.26696
0.896,-0.29868888
0.8965,-0.37238232
0.897,-0.51267428
0.8975,-0.5123111
0.898,-0.41106581
0.8985,-0.26515695
0.899,-0.09281828
0.8995,0.11611927
0.9,0.26850902
0.9005,0.25069365
0.901,0.27306035
0.9015,0.2968165
0.902,0.30349902
0.9025,0.32184279
0.903,0.3523887
0.9035,0.27016092
0.904,0.27952396
0.9045,0.13866622
0.905,0.1596828
0.9055,0.02684703
0.906,0.09438994
0.9065,0.24973806
0.907,0.34979027
0.9075,0.51944869
0.908,0.43803912
0.9085,0.51959261
0.909,0.32027519
0.9095,0.21520866
0.91,0.11590991
0.9105,0.14406991
0.911,-0.02729073
0.9115,-0.09798501
0.912,-0.23554993
0.9125,-0.33264212
0.913,-0.33649421
0.9135,-0.36178529
0.914,-0.44931298
0.9145,-0.2531922
0.915,-0.10926558
0.9155,-0.01600095
0.916,-0.03646867
0.9165,-0.09176618
0.917,-0.15075402
0.9175,-0.3443709
0.918,-0.38624684
0.9185,-0.37668829
0.919,-0.32874309
0.9195,-0.39123262
0.92,-0.30237534
0.9205,-0.41651669
0.921,-0.33824228
0.9215,-0.24609047
0.922,-0.16315106
0.9225,0.06297833
0.923,0.25745479
0.9235,0.36278871
0.924,0.41377215
0.9245,0.28881784
0.925,0.28676036
0.9255,0.11706129
0.926,0.15926537
0.9265,0.15227754
0.927,0.17602439
0.9275,0.21332524
0.928,0.20421846
0.9285,0.20651933
0.929,0.20030225
0.9295,0.27393281
0.93,0.3758028
0.9305,0.46930939
0.931,0.46925313
0.9315,0.50838055
0.932,0.41501054
0.9325,0.32786364
0.933,0.1233313
0.9335,-0.09684861
0.934,-0.15212466
0.9345,-0.20334585
0.935,-0.21740989
0.9355,-0.23073811
0.936,-0.28328694
0.9365,-0.30057301
0.937,-0.23733876
0.9375,-0.30082472
0.938,-0.18939917
0.9385,-0.17090722
0.939,-0.10426288
0.9395,-0.04603532
0.94,-0.19407803
0.9405,-0.30379014
0.941,-0.4154045
0.9415,-0.5057564
0.942,-0.59734299
0.9425,-0.46336163
0.943,-0.36436108
0.9435,-0.28745574
0.944,-0.17984763
0.9445,-0.08532941
0.945,-0.10615603
0.9455,0.10381832
0.946,0.17651673
0.9465,0.28047463
0.947,0.36669899
0.9475,0.36697678
0.948,0.21637086
0.9485,0.15713393
0.949,0.08882125
0.9495,0.02224795
0.95,0.09370411
0.9505,0.14447496
0.951,0.21833274
0.9515,0.37996521
0.952,0.39182293
0.9525,0.30174047
0.953,0.3409086
0.9535,0.35150948
0.954,0.46118443
0.9545,0.36270097
0.955,0.39108884
0.9555,0.31953657
0.956,0.07905456
0.9565,-0.07560653
0.957,-0.25490096
0.9575,-0.30560272
0.958,-0.30785128
0.9585,-0.21940245
0.959,-0.25246146
0.9595,-0.18125805
0.96,-0.11370308
0.9605,-0.1451607
0.961,-0.17428782
0.9615,-0.17026876
0.962,-0.17217072
0.9625,-0.09838445
0.963,-0.19702228
0.9635,-0.21373415
0.964,-0.37553938
0.9645,-0.48045795
0.965,-0.56310728
0.9655,-0.57016434
0.966,-0.48995549
0.9665,-0.31003198
0.967,-0.13293516
0.9675,-0.0211505
0.968,0.09259202
0.9685,0.14014545
0.969,0.16030525
0.9695,0.19973849
0.97,0.31223505
0.9705,0.30032757
0.971,0.25664873
0.9715,0.25515469
0.972,0.12773496
0.9725,0.02900214
0.973,0.00523168
0.9735,0.06903952
0.974,0.19810454
0.9745,0.26929718
0.975,0.39575615
0.9755,0.49594212
0.976,0.48488253
0.9765,0.43422355
0.977,0.3603582
0.9775,0.27865461
0.978,0.28841343
0.9785,0.19351696
0.979,0.14504211
0.9795,-0.04180978
0.98,-0.21037964
0.9805,-0.24335863
0.981,-0.36267617
0.9815,-0.35699345
0.982,-0.26664307
0.9825,-0.151275
0.983,-0.0803092
0.9835,-0.0077051
0.984,-0.06016025
0.9845,-0.16896603
0.985,-0.21255586
0.9855,-0.33241867
0.986,-0.30637265
0.9865,-0.30043656
0.987,-0.4001391
0.9875,-0.37432134
0.988,-0.4666661
0.9885,-0.51712305
0.989,-0.45379999
0.9895,-0.3461804
0.99,-0.12558805
0.9905,0.01842897
0.991,0.20184262
0.9915,0.281679
0.992,0.27988513
0.9925,0.17979425
0.993,0.18474499
0.9935,0.13587521
0.994,0.13546546
0.9945,0.14662071
0.995,0.26019568
0.9955,0.19595184
0.996,0.16675664
0.9965,0.09988041
0.997,0.13376825
0.9975,0.30687526
0.998,0.41218577
0.9985,0.50562138
0.999,0.56684636
0.9995,0.58018783
1.0,0.4615086
1.0005,0.31551616
1.001,0.19483135
1.0015,0.01266603
1.002,0.03832023
1.0025,-0.06058341
1.003,-0.1480072
1.0035,-0.29261818
1.004,-0.28864178
1.0045,-0.25672801
1.005,-0.29754364
1.0055,-0.17358036
1.006,-0.09666586
1.0065,-0.02953385
1.007,-0.01878148
1.0075,-0.11467431
1.008,-0.189152
1.0085,-0.33983315
1.009,-0.46659928
1.0095,-0.52557857
1.01,-0.538501
1.0105,-0.50421925
1.011,-0.43411011
1.0115,-0.35397121
1.012,-0.26145526
1.0125,-0.24963105
1.013,-0.07839706
1.0135,0.02626014
1.014,0.14131676
1.0145,0.26833378
1.015,0.2557846
1.0155,0.3462936
1.016,0.16049628
1.0165,0.106862
1.017,0.00386176
1.0175,0.03537927
1.018,0.14576091
1.0185,0.16445198
1.019,0.21643725
1.0195,0.31979463
1.02,0.2663906
1.0205,0.30947585
1.021,0.36615509
1.0215,0.44107942
1.022,0.46632683
1.0225,0.54996984
1.023,0.48976339
1.0235,0.26436748
1.024,0.20103298
1.0245,-0.06331352
1.025,-0.14660474
1.0255,-0.18996041
1.026,-0.20639499
1.0265,-0.17851247
1.027,-0.11999105
1.0275,-0.15386516
1.028,-0.18809815
1.0285,-0.17052196
1.029,-0.22709448
1.0295,-0.15791931
1.03,-0.06287489
1.0305,-0.08266853
1.031,-0.16717011
1.0315,-0.28928031
1.032,-0.39206667
1.0325,-0.57536639
1.033,-0.57891646
1.0335,-0.58206886
1.034,-0.45288823
1.0345,-0.27590931
1.035,-0.19586855
1.0355,-0.04154828
1.036,-0.06045762
1.0365,0.01798122
1.037,0.10290575
1.0375,0.17017821
1.038,0.26641873
1.0385,0.26678311
1.039,0.26566409
1.0395,0.22460047
1.04,0.12869105
1.0405,-0.00154685
1.041,0.04329706
1.0415,0.11466591
1.042,0.21463831
1.0425,0.35708969
1.043,0.4649043
1.0435,0.48696071
1.044,0.50711834
1.0445,0.49620681
1.045,0.42341011
1.0455,0.36771933
1.046,0.36203437
1.0465,0.30594436
1.047,0.1945386
1.0475,0.00785987
1.048,-0.19011956
1.0485,-0.3202401
1.049,-0.30004241
1.0495,-0.16725906
1.05,-0.17338851
1.0505,-0.0574729
1.051,-0.02808231
1.0515,-0.03433869
1.052,-0.08009721
1.0525,-0.14648803
1.053,-0.20466009
1.0535,-0.19058652
1.054,-0.25068818
1.0545,-0.29139771
1.055,-0.37041337
1.0555,-0.44285696
1.056,-0.51968353
1.0565,-0.60505708
1.057,-0.48241524
1.0575,-0.33545776
1.058,-0.10750776
1.0585,-0.01976189
1.059,0.11241482
1.0595,0.18817432
1.06,0.17802367
1.0605,0.09841947
1.061,0.15071056
1.0615,0.13410178
1.062,0.15218749
1.0625,0.12836186
1.063,0.1047373
1.0635,0.07269802
1.064,0.08330994
1.0645,0.01301406
1.065,0.10322633
1.0655,0.28077574
1.066,0.42354042
1.0665,0.53467643
1.067,0.54874398
1.0675,0.523088
1.068,0.4827961
1.0685,0.30661843
1.069,0.24154092
1.0695,0.15518986
1.07,0.04189477
1.0705,0.00165259
1.071,-0.10013494
1.0715,-0.21517209
1.072,-0.26083834
1.0725,-0.21678841
1.073,-0.16734444
1.0735,-0.13257643
1.074,-0.05191804
1.0745,0.04005228
1.075,0.02455637
1.0755,-0.07977048
1.076,-0.20112807
1.0765,-0.31830338
1.077,-0.45298196
1.0775,-0.41117293
1.078,-0.49441626
1.0785,-0.49585629
1.079,-0.4637136
1.0795,-0.49802563
1.08,-0.37349959
1.0805,-0.31107308
1.081,-0.08269793
1.0815,-0.04591921
1.082,0.06532905
1.0825,0.25798495
1.083,0.20199426
1.0835,0.22905823
1.084,0.15543926
1.0845,0.04144193
1.085,0.0306821
1.0855,0.02768846
1.086,0.05752748
1.0865,0.06212145
1.087,0.23966409
1.0875,0.16978394
1.088,0.21831154
1.0885,0.24738299
1.089,0.4182432
1.0895,0.44826256
1.09,0.5784975
1.0905,0.61122299
1.091,0.44974482
1.0915,0.35118053
1.092,0.16471755
1.0925,0.06316468
1.093,-0.10657743
1.0935,-0.09632964
1.094,-0.13257998
1.0945,-0.0990405
1.095,-0.08002571
1.0955,-0.10259236
1.096,-0.14021232
1.0965,-0.07799227
1.097,-0.10334475
1.0975,0.03272809
1.098,0.00678851
1.0985,-0.05064329
1.099,-0.13324356
1.0995,-0.27646194
1.1,-0.44573695
1.1005,-0.55233567
1.101,-0.5298082
1.1015,-0.59306477
1.102,-0.42178399
1.1025,-0.35458835
1.103,-0.27882053
1.1035,-0.19463016
1.104,-0.21658927
1.1045,-0.03899593
1.105,0.03374826
1.1055,0.12633401
1.106,0.21853828
1.1065,0.16877579
1.107,0.17890803
1.1075,0.03296291
1.108,-0.06479759
1.1085,-0.04461988
1.109,-0.02216991
1.1095,0.03425708
1.11,0.20243777
1.1105,0.29459533
1.111,0.41760853
1.1115,0.41122041
1.112,0.44216497
1.1125,0.50501312
1.113,0.48661396
1.1135,0.50722727
1.114,0.42159586
1.1145,0.3706071
1.115,0.21581475
1.1155,0.01725784
1.116,-0.17100916
1.1165,-0.17729282
1.117,-0.28298013
1.1175,-0.1871244
1.118,-0.05738312
1.1185,0.00757508
1.119,0.0140953
1.1195,0.00704477
1.12,-0.08791998
1.1205,-0.09359532
1.121,-0.13743695
1.1215,-0.10196898
1.122,-0.15391512
1.1225,-0.30083382
1.123,-0.4513052
1.1235,-0.52507774
1.124,-0.57211654
1.1245,-0.60736762
1.125,-0.53057781
1.1255,-0.33234276
1.126,-0.15251967
1.1265,-0.07885925
1.127,0.03760423
1.1275,0.09227755
1.128,0.09335227
1.1285,0.07279607
1.129,0.11339231
1.1295,0.10535502
1.13,0.10321155
1.1305,0.12649425
1.131,-0.00172641
1.1315,0.03223023
1.132,-0.0204815
1.1325,0.04879727
1.133,0.17635108
1.1335,0.3470054
1.134,0.52934884
1.1345,0.55508328
1.135,0.59919516
1.1355,0.47263237
1.136,0.48066284
1.1365,0.36494641
1.137,0.33532589
1.1375,0.28610187
1.138,0.13781549
1.1385,0.03465844
1.139,-0.11015775
1.1395,-0.13747671
1.14,-0.18259271
1.1405,-0.16728276
1.141,-0.0739859
1.1415,-0.04051367
1.142,0.07900144
1.1425,0.05007236
1.143,0.0783446
1.1435,-0.08134609
1.144,-0.17833518
1.1445,-0.31254548
1.145,-0.44048579
1.1455,-0.35454729
1.146,-0.4180976
1.1465,-0.5001622
1.147,-0.50970419
1.1475,-0.55477283
1.148,-0.52121742
1.1485,-0.37703674
1.149,-0.21964738
1.1495,-0.050683
1.15,0.1187149
1.1505,0.1957107
1.151,0.09781447
1.1515,0.10580467
1.152,0.00248726
1.1525,0.05633443
1.153,-0.04794911
1.1535,0.05355381
1.154,0.06692007
1.1545,0.13530298
1.155,0.07224178
1.1555,0.12770207
1.156,0.22862276
1.1565,0.27401874
1.157,0.3937206
1.1575,0.55972415
1.158,0.66565324
1.1585,0.66598729
1.159,0.48196925
1.1595,0.27215451
1.16,0.25696375
1.1605,0.06538762
1.161,0.01698552
1.1615,-0.05667645
1.162,-0.01435941
1.1625,-0.07213132
1.163,-0.04970466
1.1635,-0.07675904
1.164,-0.09451275
1.1645,-0.03500404
1.165,0.00613359
1.1655,0.03295938
1.166,0.06122149
1.1665,-0.05391825
1.167,-0.18530744
1.1675,-0.40454558
1.168,-0.49425796
1.1685,-0.56446327
1.169,-0.51800154
1.1695,-0.50106557
1.17,-0.46759312
1.1705,-0.41700215
1.171,-0.33946483
1.1715,-0.28693211
1.172,-0.18101912
1.1725,-0.07107865
1.173,0.0678144
1.1735,0.15326857
1.174,0.21666777
1.1745,0.11990088
1.175,0.01900056
1.1755,0.04954689
1.176,-0.13070743
1.1765,-0.1379253
1.177,-0.03309476
1.1775,0.1355723
1.178,0.19676094
1.1785,0.25657701
1.179,0.27977996
1.1795,0.39703561
1.18,0.44800997
1.1805,0.52874635
1.181,0.57034577
1.1815,0.53804066
1.182,0.48029348
1.1825,0.44912839
1.183,0.2293992
1.1835,0.08523188
1.184,-0.03835085
1.1845,-0.14049681
1.185,-0.09531406
1.1855,-0.05457495
1.186,0.00361676
1.1865,-0.02400129
1.187,0.00310883
1.1875,-0.00288825
1.188,-0.02980576
1.1885,0.01759879
1.189,-0.0174197
1.1895,-0.10599978
1.19,-0.1518407
1.1905,-0.33490607
1.191,-0.46336523
1.1915,-0.55804508
1.192,-0.65689958
1.1925,-0.60514561
1.193,-0.47524836
1.1935,-0.41515821
1.194,-0.21734937
1.1945,-0.15595916
1.195,-0.06652421
1.1955,-0.060043
1.196,-0.02133226
1.1965,-0.00265448
1.197,0.12639351
1.1975,0.12692082
1.198,0.04902059
1.1985,0.03268823
1.199,-0.01761278
1.1995,-0.12364495
1.2,-0.02840806
1.2005,0.06238444
1.201,0.15290188
1.2015,0.28759
1.202,0.50812129
1.2025,0.50025839
1.203,0.48919898
1.2035,0.49287404
1.204,0.4090254
1.2045,0.40239831
1.205,0.41344938
1.2055,0.38136303
1.206,0.26186597
1.2065,0.07981518
1.207,-0.07041137
1.2075,-0.09815085
1.208,-0.13140165
1.2085,-0.10782385
1.209,-0.04037427
1.2095,0.07887839
1.21,0.16415117
1.2105,0.05986816
1.211,0.01297037
1.2115,-0.02346648
1.212,-0.13129172
1.2125,-0.22274882
1.213,-0.33061141
1.2135,-0.33566715
1.214,-0.40592771
1.2145,-0.53608307
1.215,-0.54022657
1.2155,-0.57494265
1.216,-0.54150053
1.2165,-0.39777435
1.217,-0.16496914
1.2175,-0.08792568
1.218,0.03388591
1.2185,0.07550845
1.219,-0.02100374
1.2195,-0.02309042
1.22,-0.02845165
1.2205,-0.07026903
1.221,-0.01906674
1.2215,0.01116482
1.222,0.02341758
1.2225,0.02895137
1.223,-4.241e-05
1.2235,0.01010967
1.224,0.11297267
1.2245,0.28594046
1.225,0.44931637
1.2255,0.58697906
1.226,0.6084833
1.2265,0.62302361
1.227,0.39705145
1.2275,0.3676033
1.228,0.2495498
1.2285,0.22600933
1.229,0.13576137
1.2295,0.09064246
1.23,0.02257557
1.2305,-0.01584066
1.231,-0.09797807
1.2315,-0.10335993
1.232,-0.09222856
1.2325,0.00625552
1.233,0.13965322
1.2335,0.14602587
1.234,0.1095834
1.2345,0.04133675
1.235,-0.12076773
1.2355,-0.28166112
1.236,-0.39002722
1.2365,-0.49923043
1.237,-0.50770675
1.2375,-0.47756524
1.238,-0.48076696
1.2385,-0.50230865
1.239,-0.42539088
1.2395,-0.2911179
1.24,-0.23406964
1.2405,-0.11554742
1.241,0.09260038
1.2415,0.09688866
1.242,0.1048515
1.2425,-0.02509085
1.243,-0.07722032
1.2435,-0.112494
1.244,-0.09391133
1.2445,-0.1135538
1.245,-0.02047604
1.2455,0.09238788
1.246,0.15179156
1.2465,0.16552937
1.247,0.2441925
1.2475,0.36605246
1.248,0.37857487
1.2485,0.50861061
1.249,0.60151658
1.2495,0.61001847
1.25,0.54056312
1.2505,0.39084573
1.251,0.21819255
1.2515,0.10230631
1.252,-0.00282453
1.2525,-0.00373812
1.253,0.05020402
1.2535,0.08748821
1.254,0.03854567
1.2545,0.04418545
1.255,-0.00643856
1.2555,0.04308604
1.256,0.08560688
1.2565,0.06793597
1.257,0.0459774
1.2575,0.06247539
1.258,-0.08552152
1.2585,-0.2728354
1.259,-0.49197343
1.2595,-0.57648091
1.26,-0.5786887
1.2605,-0.55049981
1.261,-0.44130949
1.2615,-0.39169317
1.262,-0.30436489
1.2625,-0.21985016
1.263,-0.15338857
1.2635,-0.15088234
1.264,-0.04043438
1.2645,0.01055708
1.265,0.05119163
1.2655,0.11150972
1.266,-0.06414695
1.2665,-0.08395474
1.267,-0.12977568
1.2675,-0.1887096
1.268,-0.08918552
1.2685,-0.0297675
1.269,0.18406598
1.2695,0.24284219
1.27,0.34108828
1.2705,0.43283103
1.271,0.46250869
1.2715,0.46198263
1.272,0.42003138
1.2725,0.51278326
1.273,0.4291572
1.2735,0.43450993
1.274,0.27222005
1.2745,0.12426344
1.275,-0.01704381
1.2755,-0.13324675
1.276,-0.10491483
1.2765,0.00133692
1.277,0.06484256
1.2775,0.12565904
1.278,0.17172226
1.2785,0.06298998
1.279,0.02675833
1.2795,-0.00243439
1.28,-0.09337481
1.2805,-0.10610512
1.281,-0.13037986
1.2815,-0.30132032
1.282,-0.41250798
1.2825,-0.5332044
1.283,-0.62031684
1.2835,-0.65126615
1.284,-0.50983009
1.2845,-0.38652728
1.285,-0.140465
1.2855,-0.10035248
1.286,-0.06299474
1.2865,0.02474386
1.287,-0.0838643
1.2875,-0.06795662
1.288,-0.0739065
1.2885,-0.02598261
1.289,0.02729491
1.2895,-0.06472753
1.29,-0.0994967
1.2905,-0.10026347
1.291,-0.11321258
1.2915,-0.05529099
1.292,0.07038619
1.2925,0.31357552
1.293,0.44015037
1.2935,0.54167785
1.294,0.61177416
1.2945,0.50158177
1.295,0.40066334
1.2955,0.35723889
1.296,0.33774194
1.2965,0.22443365
1.297,0.24576965
1.2975,0.17312648
1.298,0.09909073
1.2985,-0.00161717
1.299,-0.06031766
1.2995,-0.10052141
1.3,0.02448899
1.3005,0.12219872
1.301,0.18682344
1.3015,0.25989997
1.302,0.17917637
1.3025,-0.01214157
1.303,-0.11617761
1.3035,-0.22027361
1.304,-0.35742618
1.3045,-0.45222172
1.305,-0.43669425
1.3055,-0.45188725
1.306,-0.46363738
1.3065,-0.52629652
1.307,-0.48088229
1.3075,-0.40301865
1.308,-0.27216786
1.3085,-0.1132505
1.309,0.03353307
1.3095,0.06830507
1.31,-0.02779884
1.3105,-0.06188468
1.311,-0.12801838
1.3115,-0.14543186
1.312,-0.17869636
1.3125,-0.19074467
1.313,-0.09002607
1.3135,0.00747165
1.314,-0.02439665
1.3145,0.08284171
1.315,0.17231687
1.3155,0.26550941
1.316,0.40665176
1.3165,0.59824008
1.317,0.63216512
1.3175,0.61920892
1.318,0.53304044
1.3185,0.38452172
1.319,0.24780366
1.3195,0.11022019
1.32,0.09737594
1.3205,0.08297919
1.321,0.11971736
1.3215,0.12053805
1.322,0.06234914
1.3225,0.03525801
1.323,0.00351828
1.3235,0.09216651
1.324,0.1863067
1.3245,0.12114062
1.325,0.20180071
1.3255,0.09239292
1.326,-0.09616899
1.3265,-0.3023827
1.327,-0.44347662
1.3275,-0.57057706
1.328,-0.5781651
1.3285,-0.5290081
1.329,-0.39955644
1.3295,-0.39162519
1.33,-0.37736629
1.3305,-0.29839537
1.331,-0.23921164
1.3315,-0.16959632
1.332,-0.12075496
1.3325,0.00220279
1.333,0.02431831
1.3335,-0.01425274
1.334,-0.09943364
1.3345,-0.2771988
1.335,-0.28189641
1.3355,-0.25596777
1.336,-0.2195275
1.3365,0.01618981
1.337,0.0152296
1.3375,0.30978311
1.338,0.28617569
1.3385,0.34757174
1.339,0.36524148
1.3395,0.46976702
1.34,0.45040094
1.3405,0.57784434
1.341,0.54552114
1.3415,0.43091995
1.342,0.2682619
1.3425,0.12081999
1.343,0.02652432
1.3435,-0.04035259
1.344,0.0702649
1.3445,0.1111416
1.345,0.15170848
1.3455,0.25008282
1.346,0.16748698
1.3465,0.14555373
1.347,0.14013217
1.3475,0.04592303
1.348,0.01984505
1.3485,-0.01436175
1.349,-0.0896265
1.3495,-0.27223894
1.35,-0.42581411
1.3505,-0.49594165
1.351,-0.60107845
1.3515,-0.66677586
1.352,-0.41708624
1.3525,-0.34522164
1.353,-0.2110862
1.3535,-0.18054039
1.354,-0.14801674
1.3545,-0.17473819
1.355,-0.07392068
1.3555,-0.04776328
1.356,-0.03477148
1.3565,-0.04812554
1.357,-0.08897738
1.3575,-0.15127403
1.358,-0.19623748
1.3585,-0.19847532
1.359,-0.17877218
1.3595,-0.04192243
1.36,0.07577027
1.3605,0.27521097
1.361,0.36362132
1.3615,0.5900969
1.362,0.53211704
1.3625,0.49992677
1.363,0.46245842
1.3635,0.42864602
1.364,0.3155563
1.3645,0.37692802
1.365,0.27195363
1.3655,0.19050897
1.366,0.06277664
1.3665,-0.01895871
1.367,-0.00701449
1.3675,0.04145631
1.368,0.14624781
1.3685,0.2323664
1.369,0.28043549
1.3695,0.32154183
1.37,0.1603277
1.3705,0.07512856
1.371,-0.08074291
1.3715,-0.16799185
1.372,-0.23129711
1.3725,-0.28124514
1.373,-0.3913108
1.3735,-0.49142281
1.374,-0.53341145
1.3745,-0.57893405
1.375,-0.5702116
1.3755,-0.40073423
1.376,-0.26976462
1.3765,-0.05112362
1.377,-0.04464606
1.3775,-0.03559861
1.378,-0.11061297
1.3785,-0.14522885
1.379,-0.21950376
1.3795,-0.24120984
1.38,-0.15624094
1.3805,-0.22389571
1.381,-0.14406672
1.3815,-0.11475976
1.382,-0.1780709
1.3825,-0.02318362
1.383,0.12929638
1.3835,0.20211201
1.384,0.42404932
1.3845,0.46867171
1.385,0.6051609
1.3855,0.56451613
1.386,0.47235267
1.3865,0.36171225
1.387,0.24977318
1.3875,0.19018361
1.388,0.15809595
1.3885,0.17057007
1.389,0.11452716
1.3895,0.06753568
1.39,0.12142584
1.3905,-0.00244638
1.391,0.15796924
1.3915,0.20762484
1.392,0.27398845
1.3925,0.24938338
1.393,0.25667625
1.3935,0.08591643
1.394,-0.08799257
1.3945,-0.23381959
1.395,-0.41301213
1.3955,-0.41093698
1.396,-0.41478751
1.3965,-0.40573057
1.397,-0.41595358
1.3975,-0.43914763
1.398,-0.44009343
1.3985,-0.41995974
1.399,-0.31021741
1.3995,-0.1775744
1.4,-0.06914832
1.4005,-0.01872674
1.401,-0.03052653
1.4015,-0.15174642
1.402,-0.23930116
1.4025,-0.27628185
1.403,-0.32893315
1.4035,-0.33488879
1.404,-0.16202218
1.4045,-0.05087688
1.405,0.05863984
1.4055,0.08297616
1.406,0.18869221
1.4065,0.25126752
1.407,0.34712068
1.4075,0.46887051
1.408,0.54244369
1.4085,0.5593634
1.409,0.48774285
1.4095,0.40560462
1.41,0.22010428
1.4105,0.12056624
1.411,0.01377179
1.4115,0.10486624
1.412,0.12108298
1.4125,0.18594645
1.413,0.19709399
1.4135,0.24674481
1.414,0.20715369
1.4145,0.26415462
1.415,0.20070484
1.4155,0.23838144
1.416,0.18322472
1.4165,0.13840409
1.417,-0.04048912
1.4175,-0.23516521
1.418,-0.42157292
1.4185,-0.54831104
1.419,-0.59597005
1.4195,-0.49106946
1.42,-0.41656644
1.4205,-0.30867657
1.421,-0.28728963
1.4215,-0.25414575
1.422,-0.20255905
1.4225,-0.16364145
1.423,-0.16630309
1.4235,-0.1592155
1.424,-0.10650249
1.4245,-0.05699217
1.425,-0.21267229
1.4255,-0.29556263
1.426,-0.32505864
1.4265,-0.28187431
1.427,-0.26160552
1.4275,-0.1618641
1.428,0.09935593
1.4285,0.20188396
1.429,0.35054955
1.4295,0.41468871
1.43,0.39481914
1.4305,0.45815647
1.431,0.51492415
1.4315,0.49023372
1.432,0.3941608
1.4325,0.3839221
1.433,0.25047167
1.4335,0.20307244
1.434,0.11960743
1.4345,-0.00566845
1.435,0.05156166
1.4355,0.09405448
1.436,0.2749355
1.4365,0.36509716
1.437,0.34921239
1.4375,0.298655
1.438,0.1124972
1.4385,0.03821122
1.439,0.02532381
1.4395,-0.07503984
1.44,-0.15027684
1.4405,-0.17224672
1.441,-0.39076969
1.4415,-0.57611696
1.442,-0.54909057
1.4425,-0.60389402
1.443,-0.51326689
1.4435,-0.3783402
1.444,-0.24143527
1.4445,-0.08159152
1.445,-0.08362554
1.4455,-0.07663412
1.446,-0.19856217
1.4465,-0.16170976
1.447,-0.23545887
1.4475,-0.22748924
1.448,-0.23491114
1.4485,-0.19914113
1.449,-0.18532409
1.4495,-0.22943509
1.45,-0.20209213
1.4505,-0.12865591
1.451,0.04259453
1.4515,0.27390006
1.452,0.36529608
1.4525,0.52527982
1.453,0.53344001
1.4535,0.45225911
1.454,0.44704909
1.4545,0.28618853
1.455,0.2632502
1.4555,0.27258043
1.456,0.23346121
1.4565,0.1680702
1.457,0.15181977
1.4575,0.10216548
1.458,0.05607828
1.4585,0.1532489
1.459,0.19317385
1.4595,0.27379017
1.46,0.41378098
1.4605,0.39999633
1.461,0.2699109
1.4615,0.10119254
1.462,-0.0355597
1.4625,-0.22024673
1.463,-0.33677814
1.4635,-0.42007824
1.464,-0.43538087
1.4645,-0.46845209
1.465,-0.43922234
1.4655,-0.43184355
1.466,-0.42061287
1.4665,-0.28958037
1.467,-0.2881003
1.4675,-0.13178571
1.468,-0.08530195
1.4685,0.04751782
1.469,-0.0334918
1.4695,-0.17603025
1.47,-0.27600063
1.4705,-0.32775333
1.471,-0.32914496
1.4715,-0.29969677
1.472,-0.24132996
1.4725,-0.12341077
1.473,-0.05782991
1.4735,-0.03625576
1.474,0.09426329
1.4745,0.25456997
1.475,0.38399484
1.4755,0.51503885
1.476,0.53974008
1.4765,0.55948199
1.477,0.47883546
1.4775,0.35734558
1.478,0.22345691
1.4785,0.09482584
1.479,0.07304496
1.4795,0.16431561
1.48,0.12512627
1.4805,0.27809947
1.481,0.24043011
1.4815,0.16686286
1.482,0.18794335
1.4825,0.2499324
1.483,0.31414765
1.4835,0.34253435
1.484,0.23693747
1.4845,0.11547334
1.485,-0.01016938
1.4855,-0.17994282
1.486,-0.43209771
1.4865,-0.48520848
1.487,-0.51854611
1.4875,-0.40763757
1.488,-0.40290391
1.4885,-0.34435166
1.489,-0.29376833
1.4895,-0.27936635
1.49,-0.2284265
1.4905,-0.24261226
1.491,-0.14200092
1.4915,-0.1233794
1.492,-0.09536847
1.4925,-0.13270584
1.493,-0.19496631
1.4935,-0.29534282
1.494,-0.34632425
1.4945,-0.33991244
1.495,-0.28555898
1.4955,-0.07671917
1.496,0.02206107
1.4965,0.16251432
1.497,0.19999703
1.4975,0.31287705
1.498,0.36072286
1.4985,0.40118048
1.499,0.40482526
1.4995,0.50352316
1.5,0.4254367
1.5005,0.38566607
1.501,0.25015182
1.5015,0.15097159
1.502,0.0767835
1.5025,0.09622776
1.503,0.11833669
1.5035,0.2023498
1.504,0.33318623
1.5045,0.44506133
1.505,0.35282239
1.5055,0.27539471
1.506,0.2019847
1.5065,0.19205749
1.507,0.11817861
1.5075,0.07523289
1.508,-0.0303695
1.5085,-0.12014767
1.509,-0.35183362
1.5095,-0.54969246
1.51,-0.56296854
1.5105,-0.57326091
1.511,-0.32653696
1.5115,-0.35459023
1.512,-0.14206728
1.5125,-0.10468742
1.513,-0.10362692
1.5135,-0.1753415
1.514,-0.19563806
1.5145,-0.19491025
1.515,-0.28493334
1.5155,-0.20416182
1.516,-0.23632925
1.5165,-0.31302559
1.517,-0.32120423
1.5175,-0.42609933
1.518,-0.377711
1.5185,-0.15830315
1.519,-0.05180501
1.5195,0.19808069
1.52,0.30739432
1.5205,0.45633805
1.521,0.43980984
1.5215,0.45110106
1.522,0.38352101
1.5225,0.40428993
1.523,0.33265444
1.5235,0.29926249
1.524,0.29013367
1.5245,0.23774974
1.525,0.09505409
1.5255,0.08166467
1.526,0.11881048
1.5265,0.18235219
1.527,0.32895348
1.5275,0.40213006
1.528,0.46622861
1.5285,0.41423527
1.529,0.3706386
1.5295,0.15425609
1.53,0.07644175
1.5305,-0.09522372
1.531,-0.18137859
1.5315,-0.26514147
1.532,-0.33603078
1.5325,-0.40906295
1.533,-0.46094864
1.5335,-0.48250504
1.534,-0.4591624
1.5345,-0.28113584
1.535,-0.17230393
1.5355,-0.10504594
1.536,-0.0564011
1.5365,-0.06033352
1.537,-0.19612057
1.5375,-0.29438153
1.538,-0.29556148
1.5385,-0.31114525
1.539,-0.31073419
1.5395,-0.27599208
1.54,-0.33208453
1.5405,-0.27971966
1.541,-0.14428066
1.5415,-0.13208931
1.542,0.06634817
1.5425,0.17347347
1.543,0.35458032
1.5435,0.50707985
1.544,0.54225248
1.5445,0.46245667
1.545,0.39537686
1.5455,0.25151892
1.546,0.20477562
1.5465,0.20209849
1.547,0.13590711
1.5475,0.17886024
1.548,0.20185049
1.5485,0.18230112
1.549,0.19396315
1.5495,0.27565213
1.55,0.31985636
1.5505,0.34455344
1.551,0.37727867
1.5515,0.39826832
1.552,0.31446966
1.5525,0.22861885
1.553,0.05088668
1.5535,-0.17510495
1.554,-0.32021995
1.5545,-0.39581619
1.555,-0.39901403
1.5555,-0.41627919
1.556,-0.36613792
1.5565,-0.31965414
1.557,-0.41345057
1.5575,-0.24984016
1.558,-0.2864931
1.5585,-0.21602003
1.559,-0.05760647
1.5595,-0.08586065
1.56,-0.11915657
1.5605,-0.14480082
1.561,-0.31599777
1.5615,-0.43488379
1.562,-0.44286117
1.5625,-0.42807918
1.563,-0.31532706
1.5635,-0.20170672
1.564,-0.09994694
1.5645,0.0657479
1.565,0.07210614
1.5655,0.20585959
1.566,0.29389616
1.5665,0.31592372
1.567,0.47971057
1.5675,0.43072362
1.568,0.4737044
1.5685,0.28545494
1.569,0.2194175
1.5695,0.10883555
1.57,0.03924728
1.5705,0.11694504
1.571,0.20572044
1.5715,0.18960516
1.572,0.41746833
1.5725,0.41195746
1.573,0.35364428
1.5735,0.27752929
1.574,0.31126871
1.5745,0.28114214
1.575,0.34230889
1.5755,0.14488426
1.576,0.04090482
1.5765,-0.13378434
1.577,-0.33990095
1.5775,-0.41890946
1.578,-0.44964268
1.5785,-0.42322633
1.579,-0.43719265
1.5795,-0.29157679
1.58,-0.1854457
1.5805,-0.18954715
1.581,-0.20883633
1.5815,-0.19686622
1.582,-0.22532674
1.5825,-0.18933207
1.583,-0.07774508
1.5835,-0.21803105
1.584,-0.26888418
1.5845,-0.36864687
1.585,-0.49963213
1.5855,-0.52316379
1.586,-0.40212335
1.5865,-0.21601517
1.587,-0.03786855
1.5875,0.15495268
1.588,0.26549143
1.5885,0.32331865
1.589,0.30566801
1.5895,0.29424625
1.59,0.33613563
1.5905,0.36276856
1.591,0.29328951
1.5915,0.3085002
1.592,0.15544925
1.5925,0.16151379
1.593,0.05726696
1.5935,0.05142224
1.594,0.21768734
1.5945,0.21072343
1.595,0.41611709
1.5955,0.47731674
1.596,0.46869883
1.5965,0.47226249
1.597,0.3077948
1.5975,0.22917138
1.598,0.10390283
1.5985,0.04535226
1.599,-0.12617313
1.5995,-0.12891903
1.6,-0.3212129
1.6005,-0.38994881
1.601,-0.49559223
1.6015,-0.46108973
1.602,-0.33867828
1.6025,-0.28991679
1.603,-0.15221563
1.6035,-0.03103376
1.604,-0.08336735
1.6045,-0.14223124
1.605,-0.19503646
1.6055,-0.31686329
1.606,-0.31590329
1.6065,-0.32189233
1.607,-0.33233521
1.6075,-0.37965603
1.608,-0.36226055
1.6085,-0.45104533
1.609,-0.3214865
1.6095,-0.25569928
1.61,-0.05106491
1.6105,0.13534953
1.611,0.28064745
1.6115,0.41248529
1.612,0.38780183
1.6125,0.43800039
1.613,0.28103107
1.6135,0.24662637
1.614,0.19198704
1.6145,0.25323152
1.615,0.26084565
1.6155,0.20229316
1.616,0.16216319
1.6165,0.12277433
1.617,0.14369487
1.6175,0.19583943
1.618,0.37325906
1.6185,0.40972676
1.619,0.46507187
1.6195,0.412327
1.62,0.35445381
1.6205,0.25377496
1.621,0.07460262
1.6215,-0.10293167
1.622,-0.20085491
1.6225,-0.27945385
1.623,-0.25758703
1.6235,-0.27605719
1.624,-0.34677808
1.6245,-0.34431479
1.625,-0.31084655
1.6255,-0.30354884
1.626,-0.278188
1.6265,-0.12162863
1.627,-0.04358905
1.6275,-0.07687348
1.628,-0.17365674
1.6285,-0.31939615
1.629,-0.50027942
1.6295,-0.50917533
1.63,-0.52222204
1.6305,-0.4825588
1.631,-0.35588003
1.6315,-0.21148486
1.632,-0.15015527
1.6325,-0.10229135
1.633,-0.02736489
1.6335,0.13340096
1.634,0.26403246
1.6345,0.37175971
1.635,0.42984412
1.6355,0.44717778
1.636,0.371934
1.6365,0.18703971
1.637,0.17084092
1.6375,0.10167153
1.638,0.06559652
1.6385,0.15943742
1.639,0.17979861
1.6395,0.27162042
1.64,0.32391815
1.6405,0.32163831
1.641,0.31358712
1.6415,0.37032946
1.642,0.40857793
1.6425,0.43731836
1.643,0.39332121
1.6435,0.23258968
1.644,0.15316111
1.6445,-0.11992409
1.645,-0.31494381
1.6455,-0.34606275
1.646,-0.41464731
1.6465,-0.2755872
1.647,-0.27649006
1.6475,-0.2313574
1.648,-0.24222571
1.6485,-0.23769359
1.649,-0.17936713
1.6495,-0.22224594
1.65,-0.170867
1.6505,-0.15803457
1.651,-0.19093741
1.6515,-0.32607508
1.652,-0.35529706
1.6525,-0.44972669
1.653,-0.55864068
1.6535,-0.52670857
1.654,-0.41092621
1.6545,-0.29318672
1.655,-0.03672268
1.6555,0.09606373
1.656,0.09813827
1.6565,0.19831123
1.657,0.2367131
1.6575,0.25940152
1.658,0.30602393
1.6585,0.34791932
1.659,0.30890938
1.6595,0.27098497
1.66,0.17984208
1.6605,0.07994205
1.661,0.08904756
1.6615,0.03810667
1.662,0.16732446
1.6625,0.31579014
1.663,0.43574009
1.6635,0.47767706
1.664,0.47542201
1.6645,0.37923786
1.665,0.40422679
1.6655,0.31274479
1.666,0.22113814
1.6665,0.22724135
1.667,0.02649333
1.6675,-0.07421745
1.668,-0.26401417
1.6685,-0.31479142
1.669,-0.4498509
1.6695,-0.46618669
1.67,-0.29206188
1.6705,-0.19787434
1.671,-0.09626699
1.6715,-0.07565253
1.672,-0.08468941
1.6725,-0.16104685
1.673,-0.22252378
1.6735,-0.2004073
1.674,-0.39308933
1.6745,-0.31782471
1.675,-0.34697368
1.6755,-0.41883361
1.676,-0.46537888
1.6765,-0.45884878
1.677,-0.43973449
1.6775,-0.3211324
1.678,-0.09850048
1.6785,0.07847293
1.679,0.18804595
1.6795,0.28712748
1.68,0.37630854
1.6805,0.29300405
1.681,0.19436816
1.6815,0.19375605
1.682,0.17636021
1.6825,0.19255112
1.683,0.19771666
1.6835,0.24126945
1.684,0.12014862
1.6845,0.16704445
1.685,0.22954612
1.6855,0.28232744
1.686,0.37228195
1.6865,0.51434282
1.687,0.58381006
1.6875,0.56197144
1.688,0.39248677
1.6885,0.30681877
1.689,0.06644452
1.6895,0.01532093
1.69,-0.06503901
1.6905,-0.14082982
1.691,-0.1539767
1.6915,-0.20422567
1.692,-0.30579893
1.6925,-0.35527858
1.693,-0.34407385
1.6935,-0.25884709
1.694,-0.11919556
1.6945,-0.0430268
1.695,-0.04539795
1.6955,-0.19892462
1.696,-0.26147073
1.6965,-0.34036703
1.697,-0.3940948
1.6975,-0.5165074
1.698,-0.43050652
1.6985,-0.41050804
1.699,-0.32614731
1.6995,-0.31326394
1.7,-0.29494885
1.7005,-0.20266913
1.701,-0.1244849
1.7015,0.05386869
1.702,0.28159475
1.7025,0.34758268
1.703,0.48078336
1.7035,0.41303612
1.704,0.23812523
1.7045,0.15479093
1.705,0.13092809
1.7055,0.05226141
1.706,0.18071477
1.7065,0.179982
1.707,0.24613475
1.7075,0.2776539
1.708,0.28126898
1.7085,0.33065166
1.709,0.42413029
1.7095,0.43270057
1.71,0.55946515
1.7105,0.46122285
1.711,0.43934118
1.7115,0.36519545
1.712,0.07399157
1.7125,0.00018551
1.713,-0.20947466
1.7135,-0.2737039
1.714,-0.25057402
1.7145,-0.23758624
1.715,-0.22488614
1.7155,-0.24861057
1.716,-0.21740119
1.7165,-0.22030384
1.717,-0.126724
1.7175,-0.17729163
1.718,-0.12965514
1.7185,-0.1519146
1.719,-0.22303776
1.7195,-0.28205314
1.72,-0.43548835
1.7205,-0.45783537
1.721,-0.54942841
1.7215,-0.49650506
1.722,-0.39816696
1.7225,-0.28206202
1.723,-0.1389479
1.7235,-0.13909146
1.724,0.02996069
1.7245,0.03789769
1.725,0.19326811
1.7255,0.27149698
1.726,0.3090922
1.7265,0.31749132
1.727,0.22417327
1.7275,0.19102339
1.728,0.11373522
1.7285,0.01571833
1.729,-0.06702039
1.7295,0.09964106
1.73,0.22651461
1.7305,0.3646737
1.731,0.41474762
1.7315,0.48115685
1.732,0.40694682
1.7325,0.4209087
1.733,0.44212047
1.7335,0.4165063
1.734,0.31489882
1.7345,0.26766149
1.735,0.1336177
1.7355,-0.07828628
1.736,-0.25562708
1.7365,-0.31791197
1.737,-0.44000114
1.7375,-0.31179512
1.738,-0.16778589
1.7385,-0.12349035
1.739,-0.02686426
1.7395,-0.0765891
1.74,-0.14748784
1.7405,-0.18854775
1.741,-0.25550418
1.7415,-0.22429425
1.742,-0.25016833
1.7425,-0.30041922
1.743,-0.3534826
1.7435,-0.49928463
1.744,-0.54807187
1.7445,-0.5331985
1.745,-0.45599629
1.7455,-0.32294579
1.746,-0.13981484
1.7465,0.10176056
1.747,0.15317188
1.7475,0.24054795
1.748,0.20412385
1.7485,0.19429276
1.749,0.227387
1.7495,0.24623547
1.75,0.21996255
1.7505,0.14991304
1.751,0.12428849
1.7515,0.05846014
1.752,0.10295313
1.7525,0.12333059
1.753,0.16089524
1.7535,0.29971848
1.754,0.43181508
1.7545,0.51298885
1.755,0.59376626
1.7555,0.50340887
1.756,0.46149232
1.7565,0.23760874
1.757,0.15708411
1.7575,0.14541801
1.758,0.06547419
1.7585,-0.02821506
1.759,-0.15504638
1.7595,-0.23414451
1.76,-0.30051032
1.7605,-0.34044998
1.761,-0.29732021
1.7615,-0.18223039
1.762,-0.00526101
1.7625,-0.01433417
1.763,-0.01473802
1.7635,-0.14676377
1.764,-0.20499657
1.7645,-0.37865517
1.765,-0.40265334
1.7655,-0.4367069
1.766,-0.44107299
1.7665,-0.44447941
1.767,-0.34038806
1.7675,-0.49123316
1.768,-0.41942639
1.7685,-0.30211277
1.769,-0.16700131
1.7695,0.00942583
1.77,0.20948416
1.7705,0.27121264
1.771,0.31652113
1.7715,0.28720225
1.772,0.18193053
1.7725,0.11416082
1.773,0.07902182
1.7735,0.07822406
1.774,0.09526062
1.7745,0.21458581
1.775,0.19950943
1.7755,0.19199146
1.776,0.21108909
1.7765,0.33273465
1.777,0.43089051
1.7775,0.51336439
1.778,0.61015224
1.7785,0.54351342
1.779,0.4649355
1.7795,0.28767336
1.78,0.14767808
1.7805,0.01189726
1.781,-0.05615236
1.7815,-0.11409288
1.782,-0.14429115
1.7825,-0.14911537
1.783,-0.23028242
1.7835,-0.11933157
1.784,-0.19364088
1.7845,-0.29092831
1.785,-0.12243445
1.7855,-0.08740748
1.786,-0.06407552
1.7865,-0.08260315
1.787,-0.20063316
1.7875,-0.31203601
1.788,-0.50244599
1.7885,-0.54401137
1.789,-0.58218078
1.7895,-0.51129058
1.79,-0.41546293
1.7905,-0.27415083
1.791,-0.2418217
1.7915,-0.22795975
1.792,-0.05070289
1.7925,-0.07982597
1.793,0.10025627
1.7935,0.25206544
1.794,0.3994293
1.7945,0.22739668
1.795,0.24316958
1.7955,0.13941546
1.796,0.06412582
1.7965,-0.01049602
1.797,0.0418014
1.7975,0.10336361
1.798,0.19478773
1.7985,0.34808578
1.799,0.39082543
1.7995,0.42120983
1.8,0.43752698
1.8005,0.50290729
1.801,0.533062
1.8015,0.44820385
1.802,0.48603463
1.8025,0.3567453
1.803,0.17864449
1.8035,-0.01128869
1.804,-0.15063263
1.8045,-0.18880381
1.805,-0.24652176
1.8055,-0.18054922
1.806,-0.14222981
1.8065,-0.04468451
1.807,-0.03840783
1.8075,-0.08381938
1.808,-0.15948975
1.8085,-0.16489188
1.809,-0.15572978
1.8095,-0.17934876
1.81,-0.2627476
1.8105,-0.26719593
1.811,-0.47776612
1.8115,-0.45912351
1.812,-0.61553987
1.8125,-0.535795
1.813,-0.49314444
1.8135,-0.32043978
1.814,-0.15219534
1.8145,-0.04318559
1.815,-0.03281105
1.8155,0.09776688
1.816,0.07077398
1.8165,0.09899687
1.817,0.15008379
1.8175,0.17398524
1.818,0.14269959
1.8185,0.13515064
1.819,0.00643029
1.8195,0.03673073
1.82,0.03985296
1.8205,0.07061198
1.821,0.15553995
1.8215,0.3619906
1.822,0.5416911
1.8225,0.53219089
1.823,0.59227689
1.8235,0.51101046
1.824,0.40168784
1.8245,0.33612653
1.825,0.33975176
1.8255,0.24991037
1.826,0.13908817
1.8265,0.05312224
1.827,-0.08321521
1.8275,-0.22371728
1.828,-0.24928182
1.8285,-0.25415002
1.829,-0.19383035
1.8295,-0.05848298
1.83,0.02156778
1.8305,0.05244309
1.831,-0.02316914
1.8315,-0.15082846
1.832,-0.24727375
1.8325,-0.32672833
1.833,-0.3221404
1.8335,-0.36602374
1.834,-0.4373608
1.8345,-0.42100464
1.835,-0.54257284
1.8355,-0.51793007
1.836,-0.43091343
1.8365,-0.31020511
1.837,-0.22717245
1.8375,-0.03527111
1.838,0.1430109
1.8385,0.28872029
1.839,0.22985341
1.8395,0.20427528
1.84,0.04267569
1.8405,0.10094266
1.841,0.04551746
1.8415,0.02001018
1.842,0.0950215
1.8425,0.09077436
1.843,0.10507663
1.8435,0.09614731
1.844,0.12316901
1.8445,0.33627549
1.845,0.43792879
1.8455,0.56903725
1.846,0.59290028
1.8465,0.57550171
1.847,0.54752581
1.8475,0.30908929
1.848,0.15575457
1.8485,0.08835005
1.849,0.01117641
1.8495,-0.01208176
1.85,-0.04981833
1.8505,-0.15942178
1.851,-0.12588176
1.8515,-0.13181933
1.852,-0.20913997
1.8525,-0.13111365
1.853,-0.0334999
1.8535,-0.00166937
1.854,0.01722303
1.8545,-0.0605417
1.855,-0.19640195
1.8555,-0.30437073
1.856,-0.46915337
1.8565,-0.52585942
1.857,-0.53408632
1.8575,-0.44765134
1.858,-0.46839243
1.8585,-0.34957368
1.859,-0.33363876
1.8595,-0.26950936
1.86,-0.21081831
1.8605,-0.03058734
1.861,0.10809557
1.8615,0.22891822
1.862,0.22030843
1.8625,0.19904453
1.863,0.13694541
1.8635,-0.01012832
1.864,-0.033772
1.8645,-0.03289065
1.865,0.03879312
1.8655,0.19315488
1.866,0.23540447
1.8665,0.28245216
1.867,0.32830247
1.8675,0.30758172
1.868,0.43648582
1.8685,0.46527718
1.869,0.54421279
1.8695,0.59379481
1.87,0.47864444
1.8705,0.41281406
1.871,0.14152959
1.8715,0.02242117
1.872,-0.11824027
1.8725,-0.16539386
1.873,-0.15147583
1.8735,-0.11238446
1.874,-0.05110697
1.8745,-0.04520058
1.875,-0.08898188
1.8755,-0.10844142
1.876,0.00745093
1.8765,-0.0294268
1.877,-0.0410855
1.8775,-0.0441483
1.878,-0.2261417
1.8785,-0.27401982
1.879,-0.46469953
1.8795,-0.64289806
1.88,-0.65676694
1.8805,-0.56115987
1.881,-0.44640735
1.8815,-0.40640096
1.882,-0.22630227
1.8825,-0.15122603
1.883,-0.10932551
1.8835,-0.01249557
1.884,0.06608326
1.8845,0.07556484
1.885,0.20099508
1.8855,0.15833204
1.886,0.16855196
1.8865,0.0810944
1.887,-0.00548685
1.8875,-0.06991487
1.888,-0.05314379
1.8885,0.06475423
1.889,0.13657301
1.8895,0.38968454
1.89,0.48417095
1.8905,0.47380775
1.891,0.49768377
1.8915,0.50093092
1.892,0.49810689
1.8925,0.39925261
1.893,0.41770183
1.8935,0.33367884
1.894,0.18599959
1.8945,0.03920758
1.895,-0.09282954
1.8955,-0.251581
1.896,-0.26125997
1.8965,-0.14335222
1.897,-0.01566103
1.8975,0.01987643
1.898,0.00448287
1.8985,0.01897114
1.899,-0.01958108
1.8995,-0.11132859
1.9,-0.19862044
1.9005,-0.1937802
1.901,-0.33950337
1.9015,-0.33137158
1.902,-0.3880832
1.9025,-0.44611896
1.903,-0.52347382
1.9035,-0.67180801
1.904,-0.54727979
1.9045,-0.37060847
1.905,-0.17371799
1.9055,-0.07866447
1.906,0.05649423
1.9065,0.11811502
1.907,0.09164489
1.9075,0.0593044
1.908,0.03522903
1.9085,-0.04035706
1.909,0.07694497
1.9095,0.0654808
1.91,0.00570274
1.9105,-0.02170248
1.911,0.04481123
1.9115,0.01102587
1.912,0.16859239
1.9125,0.36513394
1.913,0.49255251
1.9135,0.63849081
1.914,0.62454451
1.9145,0.56453126
1.915,0.50129268
1.9155,0.31506035
1.916,0.22990854
1.9165,0.16989954
1.917,0.15641585
1.9175,0.05090367
1.918,0.03127226
1.9185,-0.13514055
1.919,-0.1280853
1.9195,-0.1276228
1.92,-0.08160523
1.9205,0.02854599
1.921,0.06705546
1.9215,0.12579228
1.922,0.07812836
1.9225,-0.05447755
1.923,-0.18396749
1.9235,-0.37314343
1.924,-0.49393683
1.9245,-0.44500398
1.925,-0.50197022
1.9255,-0.54345536
1.926,-0.47073736
1.9265,-0.42029801
1.927,-0.44399869
1.9275,-0.35188893
1.928,-0.31325338
1.9285,-0.07772875
1.929,0.06376788
1.9295,0.10190872
1.93,0.19578339
1.9305,0.00784811
1.931,0.00384448
1.9315,-0.08233371
1.932,-0.08112541
1.9325,-0.0902646
1.933,-0.05312229
1.9335,0.05642783
1.934,0.06525519
1.9345,0.15021226
1.935,0.19389226
1.9355,0.30976541
1.936,0.40300744
1.9365,0.57720752
1.937,0.58700302
1.9375,0.60425051
1.938,0.52554764
1.9385,0.35969834
1.939,0.21127972
1.9395,0.02783682
1.94,0.00580412
1.9405,-0.04336566
1.941,-0.03568091
1.9415,0.07077359
1.942,-0.00311528
1.9425,-0.06038496
1.943,0.00160478
1.9435,-0.00231948
1.944,-0.04429373
1.9445,0.12632359
1.945,0.08591205
1.9455,-0.01264699
1.946,-0.18322973
1.9465,-0.28983199
1.947,-0.46049103
1.9475,-0.5264933
1.948,-0.65656109
1.9485,-0.53545082
1.949,-0.42761134
1.9495,-0.34812008
1.95,-0.30937265
1.9505,-0.18260679
1.951,-0.15666721
1.9515,-0.04482743
1.952,0.01457953
1.9525,0.038451
1.953,0.16575393
1.9535,0.14133829
1.954,0.00867737
1.9545,-0.09019234
1.955,-0.16689382
1.9555,-0.0782492
1.956,-0.07335363
1.9565,0.00096285
1.957,0.22860871
1.9575,0.35503597
1.958,0.39057955
1.9585,0.45939963
1.959,0.46284168
1.9595,0.41447893
1.96,0.51902043
1.9605,0.52022458
1.961,0.44892671
1.9615,0.29561426
1.962,0.24002608
1.9625,0.06809914
1.963,-0.10923017
1.9635,-0.0977729
1.964,-0.12566301
1.9645,-0.01162185
1.965,0.03232464
1.9655,0.09791405
1.966,0.05223355
1.9665,0.1294193
1.967,0.03915712
1.9675,-0.02007493
1.968,-0.12935091
1.9685,-0.12809118
1.969,-0.17152495
1.9695,-0.30230409
1.97,-0.45707236
1.9705,-0.56013153
1.971,-0.60452222
1.9715,-0.58906462
1.972,-0.53016636
1.9725,-0.32713037
1.973,-0.18315211
1.9735,-0.09867141
1.974,0.00526302
1.9745,-0.01260187
1.975,-0.02106171
1.9755,-0.05111342
1.976,-0.05750528
1.9765,-0.04470905
1.977,-0.03438844
1.9775,-0.0209959
1.978,-0.0946412
1.9785,-0.15926487
1.979,-0.04420397
1.9795,0.05108775
1.98,0.13496852
1.9805,0.33511675
1.981,0.51730791
1.9815,0.57302239
1.982,0.54722952
1.9825,0.49848448
1.983,0.46302006
1.9835,0.40041539
1.984,0.31585532
1.9845,0.29088473
1.985,0.25330544
1.9855,0.10970975
1.986,-0.02243353
1.9865,-0.07668734
1.987,-0.08856932
1.9875,-0.08586065
1.988,0.03000889
1.9885,0.06053135
1.989,0.12608824
1.9895,0.23425388
1.99,0.06337183
1.9905,-0.0514855
1.991,-0.14162635
1.9915,-0.24401435
1.992,-0.36228522
1.9925,-0.39443146
1.993,-0.42318663
1.9935,-0.5267016
1.994,-0.47847173
1.9945,-0.5168378
1.995,-0.41639589
1.9955,-0.35593145
1.996,-0.25374243
1.9965,-0.07087884
1.997,0.01806474
1.9975,0.10541742
1.998,0.01967939
1.9985,0.04664781
1.999,-0.12762986
1.9995,-0.12546556
2.0,-0.16686334
2.0005,-0.02393217
2.001,-0.09019357
2.0015,-0.02370449
2.002,0.04103096
2.0025,0.04226285
2.003,0.18355387
2.0035,0.27039853
2.004,0.42128176
2.0045,0.5621183
2.005,0.63644812
2.0055,0.63026184
2.006,0.49302396
2.0065,0.35840894
2.007,0.24445324
2.0075,0.10745278
2.008,0.08343587
2.0085,0.08753508
2.009,0.07300459
2.0095,0.07713858
2.01,0.02543299
2.0105,-0.01541004
2.011,-0.02906859
2.0115,-0.02782548
2.012,0.15727939
2.0125,0.10062009
2.013,0.06944836
2.0135,0.0585032
2.014,-0.1098407
2.0145,-0.28158213
2.015,-0.47029823
2.0155,-0.57450038
2.016,-0.47876313
2.0165,-0.51564146
2.017,-0.49682809
2.0175,-0.42425616
2.018,-0.4072438
2.0185,-0.29407588
2.019,-0.23595991
2.0195,-0.11683524
2.02,-0.01436217
2.0205,0.06200139
2.021,0.10357567
2.0215,0.03818255
2.022,-0.07782981
2.0225,-0.16838826
2.023,-0.25564022
2.0235,-0.19461237
2.024,-0.1596846
2.0245,-0.00232673
2.025,0.16826564
2.0255,0.27104204
2.026,0.32142372
2.0265,0.35835916
2.027,0.49644228
2.0275,0.51657346
2.028,0.51548646
2.0285,0.58004325
2.029,0.58733748
2.0295,0.36497386
2.03,0.27505017
2.0305,0.08249191
2.031,-0.028557
2.0315,-0.04736967
2.032,-0.02109512
2.0325,0.09159439
2.033,0.07536525
2.0335,0.07711676
2.034,0.14618269
2.0345,0.13311247
2.035,0.03762311
2.0355,0.07681581
2.036,-0.06249739
2.0365,-0.0207208
2.037,-0.09407783
2.0375,-0.30373642
2.038,-0.44056856
2.0385,-0.58614261
2.039,-0.69644862
2.0395,-0.64595544
2.04,-0.51302339
2.0405,-0.29778577
2.041,-0.29689083
2.0415,-0.19953976
2.042,-0.10822726
2.0425,-0.08724247
2.043,-0.05764558
2.0435,-0.05545261
2.044,0.0059973
2.0445,-0.02590931
2.045,-0.03760618
2.0455,-0.04485144
2.046,-0.2398517
2.0465,-0.19433837
2.047,-0.17901208
2.0475,-0.06130996
2.048,0.18597299
2.0485,0.34837946
2.049,0.47167943
2.0495,0.54643172
2.05,0.53543562
2.0505,0.48493042
2.051,0.46572802
2.0515,0.40519611
2.052,0.40478553
2.0525,0.31693832
2.053,0.23911116
2.0535,0.18096439
2.054,-0.00715268
2.0545,-0.10672325
2.055,-0.03935475
2.0555,-0.01021613
2.056,0.09564063
2.0565,0.23526497
2.057,0.21443379
2.0575,0.20519213
2.058,0.10584195
2.0585,0.00012254
2.059,-0.11280568
2.0595,-0.14250026
2.06,-0.22171666
2.0605,-0.27529138
2.061,-0.44006094
2.0615,-0.41447081
2.062,-0.5311508
2.0625,-0.55257819
2.063,-0.48037699
2.0635,-0.46748843
2.064,-0.21498266
2.0645,-0.10920986
2.065,-0.03317569
2.0655,-0.02217323
2.066,-0.03057439
2.0665,-0.03385482
2.067,-0.1451614
2.0675,-0.12719988
2.068,-0.05635791
2.0685,-0.1027621
2.069,-0.04483202
2.0695,-0.04898774
2.07,-0.09436719
2.0705,0.00648365
2.071,0.14498039
2.0715,0.27736751
2.072,0.44176889
2.0725,0.54671435
2.073,0.63937516
2.0735,0.56710017
2.074,0.49336985
2.0745,0.34652528
2.075,0.33234607
2.0755,0.22560713
2.076,0.24400213
2.0765,0.14931131
2.077,0.12733032
2.0775,0.06769056
2.078,0.04328728
2.0785,-0.01039463
2.079,0.07336173
2.0795,0.15312406
2.08,0.14470583
2.0805,0.21108191
2.081,0.19165928
2.0815,-0.00892204
2.082,-0.14114514
2.0825,-0.29350142
2.083,-0.36400121
2.0835,-0.51350275
2.084,-0.4870325
2.0845,-0.46738866
2.085,-0.50650394
2.0855,-0.52524556
2.086,-0.45186526
2.0865,-0.35160352
2.087,-0.27377339
2.0875,-0.09641676
2.088,0.04325204
2.0885,0.05321511
2.089,-0.02142629
2.0895,-0.06668747
2.09,-0.14634028
2.0905,-0.24813481
2.091,-0.22136293
2.0915,-0.23898286
2.092,-0.07249853
2.0925,-0.04012362
2.093,0.11611754
2.0935,0.15617649
2.094,0.22229641
2.0945,0.25357853
2.095,0.4105881
2.0955,0.46916659
2.096,0.58655768
2.0965,0.52427647
2.097,0.56003183
2.0975,0.35110262
2.098,0.23102343
2.0985,0.08762248
2.099,0.01898574
2.0995,0.03000192
2.1,0.0747055
2.1005,0.19698363
2.101,0.12001114
2.1015,0.09675031
2.102,0.14073511
2.1025,0.11270192
2.103,0.13741702
2.1035,0.05879001
2.104,0.14492725
2.1045,0.10525572
2.105,-0.10384471
2.1055,-0.28316022
2.106,-0.38705145
2.1065,-0.45821983
2.107,-0.60023299
2.1075,-0.5741093
2.108,-0.34730986
2.1085,-0.37633354
2.109,-0.31165375
2.1095,-0.2887654
2.11,-0.19569377
2.1105,-0.1646506
2.111,-0.12007297
2.1115,-0.08518838
2.112,-0.02155779
2.1125,0.05642528
2.113,-0.18031705
2.1135,-0.22560943
2.114,-0.24239128
2.1145,-0.32677407
2.115,-0.2009295
2.1155,-0.07488525
2.116,0.05125884
2.1165,0.29657935
2.117,0.34470464
2.1175,0.37152674
2.118,0.42639026
2.1185,0.37725439
2.119,0.48990324
2.1195,0.45513393
2.12,0.4948954
2.1205,0.37562024
2.121,0.28659494
2.1215,0.13110076
2.122,0.0638221
2.1225,-0.02863153
2.123,-0.00035055
2.1235,0.15313025
2.124,0.16302267
2.1245,0.2561795
2.125,0.2586365
2.1255,0.28452998
2.126,0.11407007
2.1265,0.02807747
2.127,0.09295934
2.1275,-0.0630341
2.128,-0.22647485
2.1285,-0.29234675
2.129,-0.41267175
2.1295,-0.50769617
2.13,-0.58296898
2.1305,-0.55454014
2.131,-0.53121686
2.1315,-0.30706526
2.132,-0.22563121
2.1325,-0.10149686
2.133,-0.01860022
2.1335,-0.08327659
2.134,-0.10296964
2.1345,-0.15235439
2.135,-0.16440709
2.1355,-0.16259828
2.136,-0.14974495
2.1365,-0.13012237
2.137,-0.20439283
2.1375,-0.21597167
2.138,-0.26258492
2.1385,-0.04866964
2.139,0.05562523
2.1395,0.29970265
2.14,0.43525156
2.1405,0.45201089
2.141,0.51102627
2.1415,0.45277709
2.142,0.47320548
2.1425,0.31297683
2.143,0.19025236
2.1435,0.27008212
2.144,0.25088327
2.1445,0.14335191
2.145,0.08807044
2.1455,0.05131845
2.146,0.05098076
2.1465,0.09758469
2.147,0.14615891
2.1475,0.22201483
2.148,0.36964719
2.1485,0.30786935
2.149,0.21180155
2.1495,0.05268069
2.15,-0.16143415
2.1505,-0.16439676
2.151,-0.31027683
2.1515,-0.36525639
2.152,-0.42164938
2.1525,-0.37390677
2.153,-0.46980948
2.1535,-0.44347912
2.154,-0.45415797
2.1545,-0.40757954
2.155,-0.19470179
2.1555,-0.09074919
2.156,-0.10201597
2.1565,0.01089673
2.157,-0.04419548
2.1575,-0.20829961
2.158,-0.26331032
2.1585,-0.23393061
2.159,-0.29703042
2.1595,-0.24104431
2.16,-0.15505895
2.1605,-0.12115382
2.161,-0.06383901
2.1615,-0.00080474
2.162,0.1053185
2.1625,0.25087404
2.163,0.39601592
2.1635,0.54482641
2.164,0.53267012
2.1645,0.54621995
2.165,0.49235653
2.1655,0.26869112
2.166,0.20160537
2.1665,0.15490828
2.167,0.05024049
2.1675,0.16497601
2.168,0.20378317
2.1685,0.21086835
2.169,0.13462112
2.1695,0.08614278
2.17,0.16135217
2.1705,0.19964116
2.171,0.24187814
2.1715,0.23151308
2.172,0.25329467
2.1725,0.11427076
2.173,-0.05559848
2.1735,-0.21211861
2.174,-0.43329631
2.1745,-0.51825074
2.175,-0.52357595
2.1755,-0.45962261
2.176,-0.43385338
2.1765,-0.32278006
2.177,-0.37448352
2.1775,-0.36059381
2.178,-0.31343415
2.1785,-0.18408302
2.179,-0.11140292
2.1795,-0.02882645
2.18,-0.10377432
2.1805,-0.10300621
2.181,-0.14809131
2.1815,-0.36858179
2.182,-0.40362715
2.1825,-0.34720817
2.183,-0.22974106
2.1835,-0.09256905
2.184,0.03168329
2.1845,0.22771247
2.185,0.23164947
2.1855,0.38610229
2.186,0.36271785
2.1865,0.3666544
2.187,0.45957409
2.1875,0.46442955
2.188,0.43330397
2.1885,0.38664803
2.189,0.19904767
2.1895,0.04731787
2.19,0.00979719
2.1905,0.04891343
2.191,0.06344349
2.1915,0.15478062
2.192,0.23029806
2.1925,0.262367
2.193,0.32341588
2.1935,0.33599078
2.194,0.23296242
2.1945,0.14536845
2.195,0.11432881
2.1955,0.03641415
2.196,-0.07235097
2.1965,-0.24325579
2.197,-0.42374504
2.1975,-0.57512253
2.198,-0.60100063
2.1985,-0.53557796
2.199,-0.45756672
2.1995,-0.32044248
2.2,-0.19964414
2.2005,-0.14935931
2.201,-0.13973417
2.2015,-0.19677537
2.202,-0.19237609
2.2025,-0.14282126
2.203,-0.08070715
2.2035,-0.1274008
2.204,-0.19045739
2.2045,-0.31977908
2.205,-0.30893007
2.2055,-0.29630838
2.206,-0.26731783
2.2065,-0.15906745
2.207,0.0380461
2.2075,0.23645714
2.208,0.38041939
2.2085,0.4016982
2.209,0.47056594
2.2095,0.41964941
2.21,0.41320301
2.2105,0.33949033
2.211,0.3096814
2.2115,0.38925122
2.212,0.2576033
2.2125,0.23362694
2.213,0.11790351
2.2135,0.08201235
2.214,0.01753798
2.2145,0.15259843
2.215,0.26120944
2.2155,0.36097953
2.216,0.43206586
2.2165,0.29940703
2.217,0.29615627
2.2175,0.06713913
2.218,0.01226104
2.2185,-0.12801187
2.219,-0.1849155
2.2195,-0.20470843
2.22,-0.34384795
2.2205,-0.43320159
2.221,-0.44894847
2.2215,-0.47150285
2.222,-0.47690284
2.2225,-0.31871164
2.223,-0.24059108
2.2235,-0.11488968
2.224,-0.02161516
2.2245,-0.00496223
2.225,-0.16226643
2.2255,-0.32116137
2.226,-0.28320097
2.2265,-0.34155971
2.227,-0.30413187
2.2275,-0.229635
2.228,-0.30898392
2.2285,-0.21872301
2.229,-0.18124569
2.2295,-0.12902244
2.23,0.05391523
2.2305,0.21016499
2.231,0.37480547
2.2315,0.47363379
2.232,0.4956109
2.2325,0.44257625
2.233,0.42627712
2.2335,0.32792889
2.234,0.21424215
2.2345,0.12398526
2.235,0.2109288
2.2355,0.12482213
2.236,0.19295849
2.2365,0.12240883
2.237,0.17194693
2.2375,0.21025554
2.238,0.26634298
2.2385,0.26113991
2.239,0.35661292
2.2395,0.33684554
2.24,0.26994788
2.2405,0.13598939
2.241,-0.04540573
2.2415,-0.18731579
2.242,-0.32769234
2.2425,-0.40663676
2.243,-0.39419827
2.2435,-0.37598328
2.244,-0.29029259
2.2445,-0.36901284
2.245,-0.35136131
2.2455,-0.31493156
2.246,-0.28839275
2.2465,-0.21397517
2.247,-0.07735307
2.2475,-0.01684634
2.248,-0.08053767
2.2485,-0.20801897
2.249,-0.26090624
2.2495,-0.33983852
2.25,-0.41865496
2.2505,-0.31852418
2.251,-0.21271582
2.2515,-0.1514409
2.252,0.00524488
2.2525,0.04456449
2.253,0.18703637
2.2535,0.26432702
2.254,0.29910323
2.2545,0.41657826
2.255,0.52955863
2.2555,0.48579037
2.256,0.47815525
2.2565,0.2718152
2.257,0.20375197
2.2575,0.10229109
2.258,0.05627361
2.2585,0.12344665
2.259,0.13203205
2.2595,0.17885585
2.26,0.26944479
2.2605,0.25738984
2.261,0.28534102
2.2615,0.24965759
2.262,0.23006817
2.2625,0.28239449
2.263,0.24000737
2.2635,0.16462216
2.264,-0.00628612
2.2645,-0.16920556
2.265,-0.30166556
2.2655,-0.44919246
2.266,-0.53374317
2.2665,-0.42607315
2.267,-0.37704794
2.2675,-0.2447965
2.268,-0.22435391
2.2685,-0.20334847
2.269,-0.19677889
2.2695,-0.24384097
2.27,-0.21375845
2.2705,-0.14157659
2.271,-0.24376532
2.2715,-0.26847682
2.272,-0.26745026
2.2725,-0.30633014
2.273,-0.4281937
2.2735,-0.37722413
2.274,-0.35024992
2.2745,-0.10353787
2.275,0.09556263
2.2755,0.19541032
2.276,0.2998499
2.2765,0.30614834
2.277,0.33520334
2.2775,0.39286976
2.278,0.39794558
2.2785,0.39548312
2.279,0.35682741
2.2795,0.23622075
2.28,0.23156902
2.2805,0.11106435
2.281,0.04436706
2.2815,0.07011424
2.282,0.12050223
2.2825,0.20760131
2.283,0.360483
2.2835,0.45918344
2.284,0.43682479
2.2845,0.34667323
2.285,0.23829654
2.2855,0.15477434
2.286,0.0888382
2.2865,-0.03920697
2.287,-0.08233855
2.2875,-0.1535504
2.288,-0.25095569
2.2885,-0.32923223
2.289,-0.45556462
2.2895,-0.41037703
2.29,-0.38617275
2.2905,-0.27972338
2.291,-0.1495374
2.2915,-0.13229092
2.292,-0.06776805
2.2925,-0.16605108
2.293,-0.13601319
2.2935,-0.25361053
2.294,-0.33116765
2.2945,-0.29927449
2.295,-0.29963956
2.2955,-0.24554442
2.296,-0.25055449
2.2965,-0.20756006
2.297,-0.20365533
2.2975,-0.18765696
2.298,-0.00717343
2.2985,0.14702021
2.299,0.32137328
2.2995,0.43186188
2.3,0.44240268
2.3005,0.41528516
2.301,0.32137333
2.3015,0.25696246
2.302,0.24997137
2.3025,0.14448582
2.303,0.22394502
2.3035,0.19511353
2.304,0.18010046
2.3045,0.16292818
2.305,0.16392014
2.3055,0.199207
2.306,0.37778321
2.3065,0.34543718
2.307,0.41092246
2.3075,0.40610734
2.308,0.26679206
2.3085,0.11483996
2.309,-0.03771112
2.3095,-0.11196474
2.31,-0.26024353
2.3105,-0.22346767
2.311,-0.31893704
2.3115,-0.38659825
2.312,-0.35505558
2.3125,-0.41020016
2.313,-0.41268794
2.3135,-0.30653422
2.314,-0.26434159
2.3145,-0.11864847
2.315,-0.05447767
2.3155,-0.04948834
2.316,-0.13709209
2.3165,-0.2383982
2.317,-0.37740748
2.3175,-0.47838852
2.318,-0.32889765
2.3185,-0.32522169
2.319,-0.26620459
2.3195,-0.20307497
2.32,-0.09319404
2.3205,-0.05793883
2.321,0.04807404
2.3215,0.10206409
2.322,0.28535963
2.3225,0.3760182
2.323,0.47571519
2.3235,0.4200263
2.324,0.42139896
2.3245,0.28074225
2.325,0.17930129
2.3255,0.10119606
2.326,0.03178269
2.3265,0.13485913
2.327,0.17944958
2.3275,0.24651637
2.328,0.27625996
2.3285,0.29587958
2.329,0.2762572
2.3295,0.33467821
2.33,0.33793227
2.3305,0.30124732
2.331,0.30133059
2.3315,0.17490121
2.332,0.03864298
2.3325,-0.12700525
2.333,-0.32085294
2.3335,-0.38771893
2.334,-0.41570379
2.3345,-0.4272428
2.335,-0.30346738
2.3355,-0.26748217
2.336,-0.19977625
2.3365,-0.21342747
2.337,-0.20529019
2.3375,-0.17990078
2.338,-0.10046377
2.3385,-0.11914575
2.339,-0.11033335
2.3395,-0.21614924
2.34,-0.28768332
2.3405,-0.49796813
2.341,-0.5180768
2.3415,-0.36679014
2.342,-0.3514799
2.3425,-0.2203713
2.343,-0.00560659
2.3435,0.08584331
2.344,0.12451335
2.3445,0.14993245
2.345,0.22327513
2.3455,0.2832611
2.346,0.36501669
2.3465,0.37297482
2.347,0.44991268
2.3475,0.29909854
2.348,0.1872282
2.3485,0.13564279
2.349,0.10580507
2.3495,0.03056392
2.35,0.21755667
2.3505,0.26607849
2.351,0.3569393
2.3515,0.40694335
2.352,0.41206958
2.3525,0.36359171
2.353,0.31372777
2.3535,0.27672808
2.354,0.2155284
2.3545,0.12161793
2.355,0.04247374
2.3555,-0.17694594
2.356,-0.27211736
2.3565,-0.37069132
2.357,-0.45420385
2.3575,-0.47487124
2.358,-0.28985222
2.3585,-0.21800427
2.359,-0.11392168
2.3595,-0.11331405
2.36,-0.13273772
2.3605,-0.19583841
2.361,-0.23450926
2.3615,-0.26615549
2.362,-0.321846
2.3625,-0.33008936
2.363,-0.29443903
2.3635,-0.36300896
2.364,-0.38250273
2.3645,-0.44734674
2.365,-0.37326207
2.3655,-0.19457639
2.366,-0.02913646
2.3665,0.14058954
2.367,0.29441719
2.3675,0.34732323
2.368,0.37022067
2.3685,0.34958001
2.369,0.25913268
2.3695,0.23304221
2.37,0.19629319
2.3705,0.18279619
2.371,0.19845719
2.3715,0.16288157
2.372,0.15312694
2.3725,0.08889456
2.373,0.08450736
2.3735,0.27132401
2.374,0.35762053
2.3745,0.4929641
2.375,0.51025589
2.3755,0.435153
2.376,0.36487687
2.3765,0.17135923
2.377,0.09668401
2.3775,-0.01730117
2.378,-0.08150341
2.3785,-0.1225715
2.379,-0.25117046
2.3795,-0.3122899
2.38,-0.32787251
2.3805,-0.41816578
2.381,-0.38016043
2.3815,-0.23295222
2.382,-0.15971497
2.3825,-0.03851744
2.383,0.02503208
2.3835,-0.12389683
2.384,-0.22187521
2.3845,-0.32706092
2.385,-0.41387927
2.3855,-0.40668845
2.386,-0.42598671
2.3865,-0.40918519
2.387,-0.33888786
2.3875,-0.28629226
2.388,-0.30889357
2.3885,-0.22935654
2.389,-0.00445919
2.3895,0.03056527
2.39,0.23212603
2.3905,0.36566062
2.391,0.3685987
2.3915,0.33896681
2.392,0.3091199
2.3925,0.25015709
2.393,0.13713159
2.3935,0.09601659
2.394,0.09858313
2.3945,0.24462567
2.395,0.22211815
2.3955,0.26606573
2.396,0.22982653
2.3965,0.28648933
2.397,0.38297716
2.3975,0.39178427
2.398,0.47063984
2.3985,0.39675912
2.399,0.3921888
2.3995,0.21012441
2.4,0.04607716
2.4005,-0.12428325
2.401,-0.22921002
2.4015,-0.28589155
2.402,-0.26501345
2.4025,-0.23054341
2.403,-0.24746471
2.4035,-0.18323874
2.404,-0.24802697
2.4045,-0.264846
2.405,-0.15717777
2.4055,-0.14926341
2.406,-0.08125981
2.4065,-0.11391335
2.407,-0.1641233
2.4075,-0.26999375
2.408,-0.37490441
2.4085,-0.48178402
2.409,-0.50299414
2.4095,-0.45183701
2.41,-0.34402332
2.4105,-0.18804236
2.411,-0.1104555
2.4115,-0.0568146
2.412,0.08427394
2.4125,0.12014348
2.413,0.19821276
2.4135,0.24636024
2.414,0.31702611
2.4145,0.35830479
2.415,0.3507192
2.4155,0.2535423
2.416,0.09546365
2.4165,0.0430708
2.417,0.10345105
2.4175,0.07989072
2.418,0.15942765
2.4185,0.37926844
2.419,0.42127135
2.4195,0.45271518
2.42,0.40199623
2.4205,0.43173594
2.421,0.39279347
2.4215,0.27763417
2.422,0.34871673
2.4225,0.21734271
2.423,0.09398151
2.4235,-0.10751652
2.424,-0.1968285
2.4245,-0.34773198
2.425,-0.44504556
2.4255,-0.33303134
2.426,-0.2000146
2.4265,-0.18479285
2.427,-0.08305963
2.4275,-0.07597542
2.428,-0.17893363
2.4285,-0.2102212
2.429,-0.23035571
2.4295,-0.24711071
2.43,-0.19088388
2.4305,-0.22683656
2.431,-0.32419451
2.4315,-0.39399154
2.432,-0.46596393
2.4325,-0.54758565
2.433,-0.41312795
2.4335,-0.32487566
2.434,-0.08901899
2.4345,0.05818962
2.435,0.18472174
2.4355,0.28356472
2.436,0.22497874
2.4365,0.24509792
2.437,0.22057987
2.4375,0.22111377
2.438,0.30782883
2.4385,0.24149382
2.439,0.2221932
2.4395,0.12538144
2.44,0.04733846
2.4405,0.11154198
2.441,0.1815013
2.4415,0.34522374
2.442,0.43560001
2.4425,0.48886503
2.443,0.49386851
2.4435,0.46667481
2.444,0.36172467
2.4445,0.29290186
2.445,0.15265245
2.4455,0.10717631
2.446,0.01124255
2.4465,-0.06845333
2.447,-0.17158341
2.4475,-0.26226328
2.448,-0.39441955
2.4485,-0.39067688
2.449,-0.29064551
2.4495,-0.19596606
2.45,-0.1996825
2.4505,-0.03205361
2.451,-0.12242674
2.4515,-0.08879314
2.452,-0.21657849
2.4525,-0.32174599
2.453,-0.46088567
2.4535,-0.47046857
2.454,-0.38956969
2.4545,-0.35071346
2.455,-0.38555652
2.4555,-0.38091505
2.456,-0.3663919
2.4565,-0.26142211
2.457,-0.1100113
2.4575,0.07504225
2.458,0.19205796
2.4585,0.21992705
2.459,0.3439949
2.4595,0.23394627
2.46,0.20417161
2.4605,0.13346334
2.461,0.08835095
2.4615,0.10057911
2.462,0.21588139
2.4625,0.11907493
2.463,0.23507533
2.4635,0.18255934
2.464,0.21385544
2.4645,0.23630212
2.465,0.40598975
2.4655,0.47606947
2.466,0.62109005
2.4665,0.51942599
2.467,0.36085979
2.4675,0.22159349
2.468,0.06703555
2.4685,-0.07551796
2.469,-0.14059635
2.4695,-0.1770074
2.47,-0.15005866
2.4705,-0.16520144
2.471,-0.22524914
2.4715,-0.22639431
2.472,-0.13650646
2.4725,-0.23695812
2.473,-0.15603875
2.4735,-0.11985767
2.474,-0.06553372
2.4745,-0.05725848
2.475,-0.15670401
2.4755,-0.37938219
2.476,-0.43010763
2.4765,-0.54856297
2.477,-0.51523897
2.4775,-0.43415753
2.478,-0.39350238
2.4785,-0.30157566
2.479,-0.20883864
2.4795,-0.12923784
2.48,-0.0732114
2.4805,0.02571716
2.481,0.15852486
2.4815,0.3164859
2.482,0.4456087
2.4825,0.36432334
2.483,0.2567293
2.4835,0.10702597
2.484,-0.02499596
2.4845,0.01323468
2.485,0.03889554
2.4855,0.16464951
2.486,0.24511427
2.4865,0.3047454
2.487,0.38610052
2.4875,0.31896701
2.488,0.38845563
2.4885,0.48462793
2.489,0.396714
2.4895,0.48613801
2.49,0.33375308
2.4905,0.27215477
2.491,0.20754978
2.4915,-0.04211356
2.492,-0.14440558
2.4925,-0.29408667
2.493,-0.32125182
2.4935,-0.15460844
2.494,-0.09523052
2.4945,-0.10097154
2.495,-0.06556776
2.4955,-0.13492288
2.496,-0.0507061
2.4965,-0.16565694
2.497,-0.16815167
2.4975,-0.14883758
2.498,-0.22637871
2.4985,-0.30418896
2.499,-0.41537
2.4995,-0.50855473
2.5,-0.51716992
2.5005,-0.49884375
2.501,-0.42708696
2.5015,-0.3202955
2.502,-0.17334151
2.5025,0.00561961
2.503,0.07204927
2.5035,0.14841907
2.504,0.13047447
2.5045,0.12071224
2.505,0.23113058
2.5055,0.25948134
2.506,0.21741525
2.5065,0.22012679
2.507,0.14475141
2.5075,0.03400074
2.508,-0.01530061
2.5085,0.1040125
2.509,0.18446838
2.5095,0.30661673
2.51,0.45699142
2.5105,0.43950102
2.511,0.52591279
2.5115,0.42145571
2.512,0.41327279
2.5125,0.34924201
2.513,0.24948727
2.5135,0.13819546
2.514,0.06378748
2.5145,0.01475628
2.515,-0.16238761
2.5155,-0.19459354
2.516,-0.34143382
2.5165,-0.26999761
2.517,-0.16246258
2.5175,-0.0967808
2.518,0.01546417
2.5185,-0.01103425
2.519,-0.01145486
2.5195,-0.10227328
2.52,-0.22381055
2.5205,-0.37728896
2.521,-0.32520473
2.5215,-0.29881803
2.522,-0.37624755
2.5225,-0.45168457
2.523,-0.52012577
2.5235,-0.48698301
2.524,-0.41344867
2.5245,-0.35833666
2.525,-0.17213615
2.5255,0.05978713
2.526,0.20675133
2.5265,0.26152258
2.527,0.21324548
2.5275,0.20438394
2.528,0.12268016
2.5285,0.0375886
2.529,0.06834251
2.5295,0.08263421
2.53,0.10191869
2.5305,0.10665992
2.531,0.06265135
2.5315,0.10647924
2.532,0.18225969
2.5325,0.33415445
2.533,0.36487724
2.5335,0.5209494
2.534,0.53081236
2.5345,0.48552988
2.535,0.40800592
2.5355,0.33500399
2.536,0.15749522
2.5365,0.02411651
2.537,-0.04804368
2.5375,-0.08962008
2.538,-0.06899898
2.5385,-0.12558385
2.539,-0.28957163
2.5395,-0.19820912
2.54,-0.21880306
2.5405,-0.14391919
2.541,-0.02508519
2.5415,-0.02789086
2.542,0.02677633
2.5425,-0.09435753
2.543,-0.20075461
2.5435,-0.30829533
2.544,-0.42884369
2.5445,-0.5283331
2.545,-0.54410778
2.5455,-0.48657486
2.546,-0.41920509
2.5465,-0.34552847
2.547,-0.27718704
2.5475,-0.21276639
2.548,-0.14694826
2.5485,-0.02351065
2.549,0.0873487
2.5495,0.2495085
2.55,0.26077619
2.5505,0.24926756
2.551,0.1262455
2.5515,0.00048002
2.552,0.01888959
2.5525,-0.00489057
2.553,0.07137707
2.5535,0.20207934
2.554,0.26834291
2.5545,0.30432952
2.555,0.32010567
2.5555,0.36439764
2.556,0.37666758
2.5565,0.44509207
2.557,0.48754903
2.5575,0.51545978
2.558,0.4749127
2.5585,0.38898231
2.559,0.11554576
2.5595,-0.02354046
2.56,-0.17153315
2.5605,-0.22946989
2.561,-0.17154939
2.5615,-0.15387377
2.562,-0.08851196
2.5625,-0.06533927
2.563,-0.09765578
2.5635,-0.17548303
2.564,-0.11467416
2.5645,-0.10098735
2.565,-0.1220974
2.5655,-0.06276503
2.566,-0.1953733
2.5665,-0.30161048
2.567,-0.46244225
2.5675,-0.54056695
2.568,-0.4951441
2.5685,-0.56227348
2.569,-0.4562656
2.5695,-0.33299831
2.57,-0.18937249
2.5705,-0.08227875
2.571,-0.04352284
2.5715,0.02569423
2.572,0.07794322
2.5725,0.18177449
2.573,0.1879588
2.5735,0.23423503
2.574,0.2210137
2.5745,0.15985314
2.575,0.10865246
2.5755,-0.08257454
2.576,-0.02410703
2.5765,0.0703151
2.577,0.176669
2.5775,0.38000718
2.578,0.43400035
2.5785,0.41975548
2.579,0.39921895
2.5795,0.51460639
2.58,0.4538272
2.5805,0.4226792
2.581,0.32841673
2.5815,0.25987191
2.582,0.16371802
2.5825,0.07079225
2.583,-0.11611237
2.5835,-0.21008754
2.584,-0.27004205
2.5845,-0.19386326
2.585,-0.07873447
2.5855,0.05404404
2.586,0.07264139
2.5865,0.00577979
2.587,0.01947532
2.5875,-0.1121136
2.588,-0.17579324
2.5885,-0.18940708
2.589,-0.32008197
2.5895,-0.291588
2.59,-0.37226371
2.5905,-0.43912049
2.591,-0.49988645
2.5915,-0.53194461
2.592,-0.45834489
2.5925,-0.3925357
2.593,-0.15462159
2.5935,0.01301454
2.594,0.17598578
2.5945,0.10235255
2.595,0.19808285
2.5955,0.10478276
2.596,0.08604408
2.5965,0.12406454
2.597,0.07876211
2.5975,0.09578284
2.598,0.07720637
2.5985,0.00984277
2.599,-0.0087039
2.5995,-0.00677688
2.6,0.21624766
2.6005,0.28180675
2.601,0.46615656
2.6015,0.54047987
2.602,0.54530757
2.6025,0.502263
2.603,0.41768602
2.6035,0.28545396
2.604,0.22568333
2.6045,0.17259668
2.605,0.09048359
2.6055,0.03683326
2.606,-0.04025032
2.6065,-0.10635508
2.607,-0.25433424
2.6075,-0.17652751
2.608,-0.11367822
2.6085,-0.05129264
2.609,0.02904036
2.6095,0.05043571
2.61,0.02151884
2.6105,-0.08953798
2.611,-0.17844843
2.6115,-0.29558821
2.612,-0.45085914
2.6125,-0.4645603
2.613,-0.44398671
2.6135,-0.42889728
2.614,-0.41928314
2.6145,-0.48302464
2.615,-0.3591206
2.6155,-0.36609603
2.616,-0.14717566
2.6165,-0.0242371
2.617,0.12577318
2.6175,0.2265585
2.618,0.13208245
2.6185,0.1717621
2.619,-0.01446014
2.6195,-0.01337516
2.62,-0.05405321
2.6205,0.06482879
2.621,0.05469069
2.6215,0.04722745
2.622,0.18563825
2.6225,0.164801
2.623,0.26895727
2.6235,0.29246425
2.624,0.4556722
2.6245,0.52294731
2.625,0.55926919
2.6255,0.52985896
2.626,0.45922946
2.6265,0.34706862
2.627,0.14378885
2.6275,0.03892303
2.628,-0.0251409
2.6285,-0.05820331
2.629,-0.11834344
2.6295,-0.05910907
2.63,-0.09678775
2.6305,-0.04392932
2.631,-0.09020119
2.6315,-0.03630558
2.632,-0.03992125
2.6325,-0.0263605
2.633,0.01904583
2.6335,-0.09874546
2.634,-0.2002555
2.6345,-0.34152679
2.635,-0.43591865
2.6355,-0.58646356
2.636,-0.57660418
2.6365,-0.4743435
2.637,-0.38694922
2.6375,-0.31876168
2.638,-0.24841893
2.6385,-0.18845617
2.639,-0.15928199
2.6395,-0.07524567
2.64,0.07142496
2.6405,0.09912947
2.641,0.15650399
2.6415,0.10670732
2.642,0.1286052
2.6425,0.05620885
2.643,-0.07633662
2.6435,-0.03993491
2.644,-0.04570635
2.6445,0.05086487
2.645,0.25534246
2.6455,0.32753341
2.646,0.41428353
2.6465,0.40866879
2.647,0.43652052
2.6475,0.48803977
2.648,0.42881148
2.6485,0.46480301
2.649,0.41042227
2.6495,0.31804446
2.65,0.16367863
2.6505,0.07813664
2.651,-0.09143811
2.6515,-0.15405838
2.652,-0.11090088
2.6525,-0.08145639
2.653,-0.0254326
2.6535,0.04288391
2.654,0.04125913
2.6545,-0.01427091
2.655,-0.00913103
2.6555,-0.11021869
2.656,-0.09643774
2.6565,-0.1673172
2.657,-0.24360696
2.6575,-0.26216109
2.658,-0.38721415
2.6585,-0.5345392
2.659,-0.58687384
2.6595,-0.49154459
2.66,-0.43870379
2.6605,-0.32448838
2.661,-0.13665447
2.6615,-0.02836967
2.662,-0.00188159
2.6625,-0.03185572
2.663,0.02727448
2.6635,0.01885723
2.664,0.06480077
2.6645,0.11590036
2.665,0.06808937
2.6655,0.02969288
2.666,0.01735746
2.6665,-0.16922174
2.667,-0.12508674
2.6675,-0.01984992
2.668,0.18239388
2.6685,0.30594291
2.669,0.42354583
2.6695,0.47007784
2.67,0.53277434
2.6705,0.46725323
2.671,0.38148862
2.6715,0.29795705
2.672,0.26405856
2.6725,0.18841454
2.673,0.17512728
2.6735,0.10116072
2.674,-0.05937427
2.6745,-0.08572237
2.675,-0.17002245
2.6755,-0.15465834
2.676,-0.07201679
2.6765,0.06819806
2.677,0.11602294
2.6775,0.08280504
2.678,0.15762496
2.6785,-0.07787905
2.679,-0.17526926
2.6795,-0.27966882
2.68,-0.41791943
2.6805,-0.34404391
2.681,-0.35416462
2.6815,-0.47135551
2.682,-0.46954984
2.6825,-0.47971246
2.683,-0.42896505
2.6835,-0.36771842
2.684,-0.21939787
2.6845,-0.04270826
2.685,0.09143706
2.6855,0.12677522
2.686,0.13274925
2.6865,0.04516704
2.687,0.0184761
2.6875,-0.05205607
2.688,-0.0439342
2.6885,-0.02720244
2.689,0.02927211
2.6895,0.06117575
2.69,0.0725045
2.6905,0.07857315
2.691,0.17395357
2.6915,0.30000209
2.692,0.38931406
2.6925,0.45716927
2.693,0.57925132
2.6935,0.5622419
2.694,0.40558685
2.6945,0.35019844
2.695,0.13034154
2.6955,0.04967108
2.696,0.08937208
2.6965,0.04454713
2.697,0.02938102
2.6975,0.02865007
2.698,0.01511832
2.6985,-0.03109055
2.699,-0.12556387
2.6995,0.00300585
2.7,0.06875896
2.7005,0.14089217
2.701,0.08224565
2.7015,-0.00739176
2.702,-0.15184441
2.7025,-0.3126299
2.703,-0.44603162
2.7035,-0.4960489
2.704,-0.5031503
2.7045,-0.46934009
2.705,-0.46108756
2.7055,-0.35929889
2.706,-0.34147048
2.7065,-0.24689204
2.707,-0.21618901
2.7075,-0.0881759
2.708,0.01574135
2.7085,0.06747442
2.709,0.09782448
2.7095,0.00172441
2.71,0.00700926
2.7105,-0.12983167
2.711,-0.2593142
2.7115,-0.15602934
2.712,-0.01216713
2.7125,-0.00020448
2.713,0.21225372
2.7135,0.23532635
2.714,0.31462219
2.7145,0.39326593
2.715,0.43043381
2.7155,0.43997733
2.716,0.47278309
2.7165,0.44272324
2.717,0.51864363
2.7175,0.39761006
2.718,0.21052233
2.7185,-0.00972208
2.719,-0.06078945
2.7195,-0.01660832
2.72,-0.03462084
2.7205,0.06712066
2.721,0.06042998
2.7215,0.03526207
2.722,0.06434881
2.7225,0.01092751
2.723,0.02394499
2.7235,-0.009691
2.724,-0.04734795
2.7245,-0.00365659
2.725,-0.12591593
2.7255,-0.29411885
2.726,-0.43462203
2.7265,-0.50005002
2.727,-0.52491059
2.7275,-0.53826638
2.728,-0.44479357
2.7285,-0.23087553
2.729,-0.24289492
2.7295,-0.16522226
2.73,-0.06409222
2.7305,-0.07566884
2.731,-0.06577187
2.7315,-0.04916546
2.732,0.00269486
2.7325,0.12365902
2.733,0.05876594
2.7335,-0.02645657
2.734,-0.11448442
2.7345,-0.20973081
2.735,-0.02787661
2.7355,0.00942974
2.736,0.12852769
2.7365,0.29153564
2.737,0.44300723
2.7375,0.48957252
2.738,0.4753619
2.7385,0.42627213
2.739,0.42108356
2.7395,0.37363576
2.74,0.34363496
2.7405,0.27396891
2.741,0.28277392
2.7415,0.11199191
2.742,-0.08549483
2.7425,-0.12032002
2.743,-0.09482128
2.7435,-0.06279561
2.744,0.05537962
2.7445,0.24047474
2.745,0.16778222
2.7455,0.10891083
2.746,0.0820647
2.7465,0.00388312
2.747,-0.11908213
2.7475,-0.16107111
2.748,-0.26551604
2.7485,-0.33186258
2.749,-0.35894574
2.7495,-0.45026696
2.75,-0.5609053
2.7505,-0.57181153
2.751,-0.45664867
2.7515,-0.36649416
2.752,-0.27736701
2.7525,-0.06694206
2.753,0.00689882
2.7535,-0.03341952
2.754,0.0007992
2.7545,-0.02284813
2.755,-0.03489556
2.7555,-0.07421901
2.756,-0.0255399
2.7565,0.00238326
2.757,-0.06594823
2.7575,-0.09338861
2.758,0.04201099
2.7585,-0.0009848
2.759,0.11926321
2.7595,0.27125678
2.76,0.33698159
2.7605,0.57598006
2.761,0.57182002
2.7615,0.53902839
2.762,0.44428801
2.7625,0.32593588
2.763,0.26794147
2.7635,0.19219652
2.764,0.15501557
2.7645,0.1128516
2.765,0.0689442
2.7655,0.02401847
2.766,0.02797927
2.7665,-0.05601393
2.767,0.02041736
2.7675,0.03287544
2.768,0.16175651
2.7685,0.14543213
2.769,0.1486895
2.7695,-0.01533938
2.77,-0.12001876
2.7705,-0.26568695
2.771,-0.42365455
2.7715,-0.46827843
2.772,-0.39559761
2.7725,-0.45913726
2.773,-0.49419831
2.7735,-0.4573259
2.774,-0.35719253
2.7745,-0.33778247
2.775,-0.24939328
2.7755,-0.08981531
2.776,-0.00895133
2.7765,0.0661659
2.777,0.06295508
2.7775,-0.0191574
2.778,-0.13531942
2.7785,-0.15405938
2.779,-0.11119513
2.7795,-0.1489234
2.78,-0.09941334
2.7805,0.02309502
2.781,0.09641194
2.7815,0.15392765
2.782,0.13654874
2.7825,0.26854978
2.783,0.36393512
2.7835,0.47901553
2.784,0.56223634
2.7845,0.56691662
2.785,0.43319315
2.7855,0.31719933
2.786,0.20829814
2.7865,0.09987287
2.787,-0.01637195
2.7875,0.03617454
2.788,0.06212814
2.7885,0.02041365
2.789,0.1043403
2.7895,0.14720534
2.79,0.08297562
2.7905,0.11948154
2.791,0.07266168
2.7915,0.07468101
2.792,0.11861538
2.7925,0.02320353
2.793,-0.17874167
2.7935,-0.27187169
2.794,-0.41606492
2.7945,-0.59288154
2.795,-0.5694716
2.7955,-0.44699116
2.796,-0.37057279
2.7965,-0.26378182
2.797,-0.24828783
2.7975,-0.23203243
2.798,-0.14780655
2.7985,-0.1475248
2.799,-0.07455418
2.7995,0.00309164
2.8,0.07086696
2.8005,-0.03427468
2.801,-0.00716914
2.8015,-0.17007421
2.802,-0.1832384
2.8025,-0.1658134
2.803,-0.13571021
2.8035,-0.00082044
2.804,0.15985162
2.8045,0.27713288
2.805,0.34858663
2.8055,0.3714651
2.806,0.4165918
2.8065,0.44772203
2.807,0.46359942
2.8075,0.43254915
2.808,0.45614655
2.8085,0.30353423
2.809,0.32627921
2.8095,0.04969827
2.81,0.02216374
2.8105,-0.06670029
2.811,-0.07335681
2.8115,0.08508037
2.812,0.12880306
2.8125,0.18525902
2.813,0.27855615
2.8135,0.1335938
2.814,0.03004595
2.8145,-0.10261265
2.815,-0.02302857
2.8155,-0.07245876
2.816,-0.15386892
2.8165,-0.20135388
2.817,-0.39345359
2.8175,-0.51848922
2.818,-0.570457
2.8185,-0.60161897
2.819,-0.45698266
2.8195,-0.34388205
2.82,-0.15653218
2.8205,-0.08097975
2.821,-0.05360398
2.8215,-0.08354409
2.822,-0.10579596
2.8225,-0.1019528
2.823,-0.12107963
2.8235,-0.04656404
2.824,-0.09663251
2.8245,-0.02646855
2.825,-0.17655479
2.8255,-0.24387783
2.826,-0.11429175
2.8265,-0.02813272
2.827,0.03466728
2.8275,0.22608397
2.828,0.4191825
2.8285,0.4882883
2.829,0.5336045
2.8295,0.52424902
2.83,0.41909437
2.8305,0.28549704
2.831,0.24802794
2.8315,0.21693548
2.832,0.23036697
2.8325,0.16023719
2.833,0.05549652
2.8335,0.0370441
2.834,0.01649867
2.8345,-0.00954779
2.835,0.13364117
2.8355,0.08402256
2.836,0.23679855
2.8365,0.20135276
2.837,0.18406591
2.8375,-0.06999157
2.838,-0.05861247
2.8385,-0.23770282
2.839,-0.31729308
2.8395,-0.32623549
2.84,-0.3973533
2.8405,-0.44590676
2.841,-0.49041425
2.8415,-0.4706758
2.842,-0.44255733
2.8425,-0.35447774
2.843,-0.24563405
2.8435,-0.03882864
2.844,-0.02063204
2.8445,0.03724232
2.845,-0.02209846
2.8455,-0.07101636
2.846,-0.24119218
2.8465,-0.18753091
2.847,-0.23836727
2.8475,-0.1551502
2.848,-0.09163117
2.8485,-0.11034068
2.849,0.02029475
2.8495,0.03899423
2.85,0.19343243
2.8505,0.21252711
2.851,0.34670199
2.8515,0.46734807
2.852,0.58809716
2.8525,0.53966816
2.853,0.425873
2.8535,0.31233415
2.854,0.16086643
2.8545,0.14074911
2.855,0.02876389
2.8555,0.09417092
2.856,0.14262393
2.8565,0.07797761
2.857,0.05757436
2.8575,0.0692446
2.858,0.11332242
2.8585,0.05759491
2.859,0.24669097
2.8595,0.20558488
2.86,0.1185643
2.8605,0.06907702
2.861,-0.05407087
2.8615,-0.25204036
2.862,-0.4038321
2.8625,-0.53011467
2.863,-0.52262289
2.8635,-0.46150738
2.864,-0.3492953
2.8645,-0.28679821
2.865,-0.32800425
2.8655,-0.25266574
2.866,-0.19967485
2.8665,-0.17076213
2.867,-0.08632465
2.8675,-0.07946856
2.868,-0.07527789
2.8685,-0.03458858
2.869,-0.1714245
2.8695,-0.21057106
2.87,-0.39242938
2.8705,-0.24433295
2.871,-0.08706709
2.8715,-0.02299574
2.872,0.11362894
2.8725,0.19136744
2.873,0.25133911
2.8735,0.29796529
2.874,0.33714067
2.8745,0.39701684
2.875,0.43091666
2.8755,0.50741878
2.876,0.37848011
2.8765,0.35253469
2.877,0.209139
2.8775,0.14376938
2.878,-0.0637244
2.8785,-0.0359741
2.879,0.08994061
2.8795,0.12219419
2.88,0.27984544
2.8805,0.29921861
2.881,0.18315695
2.8815,0.11670129
2.882,0.18509003
2.8825,0.1269191
2.883,0.07912388
2.8835,0.05820232
2.884,-0.06014291
2.8845,-0.25407163
2.885,-0.42562262
2.8855,-0.56387399
2.886,-0.59095109
2.8865,-0.42397058
2.887,-0.39463923
2.8875,-0.28621107
2.888,-0.15113221
2.8885,-0.16094025
2.889,-0.12342727
2.8895,-0.10385036
2.89,-0.20313661
2.8905,-0.12540272
2.891,-0.07219742
2.8915,-0.11410053
2.892,-0.0467582
2.8925,-0.17714438
2.893,-0.25257912
2.8935,-0.2470737
2.894,-0.21519658
2.8945,-0.0695868
2.895,0.06608132
2.8955,0.24841031
2.896,0.36719489
2.8965,0.40313058
2.897,0.44742589
2.8975,0.36394834
2.898,0.32605779
2.8985,0.28204492
2.899,0.33956416
2.8995,0.30332719
2.9,0.23775283
2.9005,0.17847228
2.901,-0.03086524
2.9015,-0.03112877
2.902,-0.04539193
2.9025,0.17871746
2.903,0.17532278
2.9035,0.26255345
2.904,0.35648367
2.9045,0.24846634
2.905,0.20098362
2.9055,0.005953
2.906,-0.04139123
2.9065,-0.19239131
2.907,-0.24693325
2.9075,-0.21556288
2.908,-0.38486855
2.9085,-0.38917768
2.909,-0.48961308
2.9095,-0.52012827
2.91,-0.50108631
2.9105,-0.28666004
2.911,-0.13466348
2.9115,-0.10480484
2.912,-0.05655156
2.9125,-0.0447362
2.913,-0.09031448
2.9135,-0.12595128
2.914,-0.20444447
2.9145,-0.19232244
2.915,-0.23130613
2.9155,-0.12630463
2.916,-0.14687879
2.9165,-0.09432773
2.917,-0.08721751
2.9175,-0.06158484
2.918,0.08216981
2.9185,0.19316239
2.919,0.39508301
2.9195,0.53514365
2.92,0.52008292
2.9205,0.48070622
2.921,0.35719073
2.9215,0.29152683
2.922,0.14904785
2.9225,0.13143391
2.923,0.15918166
2.9235,0.16037686
2.924,0.14717459
2.9245,0.04207284
2.925,0.06671083
2.9255,0.15925262
2.926,0.16616738
2.9265,0.16158294
2.927,0.28227585
2.9275,0.30192553
2.928,0.25561817
2.9285,0.11728492
2.929,-0.07668418
2.9295,-0.18930995
2.93,-0.278753
2.9305,-0.38329731
2.931,-0.42320891
2.9315,-0.44766042
2.932,-0.36436428
2.9325,-0.40853367
2.933,-0.37085795
2.9335,-0.29934806
2.934,-0.2540206
2.9345,-0.04026077
2.935,-0.06126567
2.9355,0.01492551
2.936,-0.02864084
2.9365,-0.14236029
2.937,-0.21266249
2.9375,-0.35403164
2.938,-0.36648818
2.9385,-0.30138919
2.939,-0.18171089
2.9395,-0.06826134
2.94,0.01668785
2.9405,0.01690615
2.941,0.10188365
2.9415,0.27203739
2.942,0.25481433
2.9425,0.41127714
2.943,0.45764845
2.9435,0.44860153
2.944,0.41603903
2.9445,0.35448709
2.945,0.13421376
2.9455,0.07340734
2.946,0.0504062
2.9465,0.09434351
2.947,0.17184256
2.9475,0.1983927
2.948,0.21981905
2.9485,0.22068024
2.949,0.231216
2.9495,0.23094015
2.95,0.2315527
2.9505,0.14463882
2.951,0.20818655
2.9515,0.10259936
2.952,-0.01194245
2.9525,-0.23228772
2.953,-0.3203278
2.9535,-0.44976107
2.954,-0.52601919
2.9545,-0.44731641
2.955,-0.29220358
2.9555,-0.23120119
2.956,-0.21828389
2.9565,-0.21722779
2.957,-0.13097402
2.9575,-0.24562405
2.958,-0.13138505
2.9585,-0.05181238
2.959,-0.11735315
2.9595,-0.10241934
2.96,-0.21553203
2.9605,-0.19121202
2.961,-0.31791976
2.9615,-0.31481758
2.962,-0.31039619
2.9625,-0.1027121
2.963,0.08155523
2.9635,0.18837315
2.964,0.26624061
2.9645,0.31983394
2.965,0.29219703
2.9655,0.39206259
2.966,0.34936098
2.9665,0.43060808
2.967,0.44507291
2.9675,0.33914421
2.968,0.25421169
2.9685,0.15485801
2.969,-0.01433673
2.9695,0.03166562
2.97,0.08512142
2.9705,0.21191519
2.971,0.31448098
2.9715,0.33377272
2.972,0.39773525
2.9725,0.29399676
2.973,0.2107836
2.9735,0.04922498
2.974,-0.03517619
2.9745,-0.0668642
2.975,-0.13310501
2.9755,-0.21922089
2.976,-0.27915995
2.9765,-0.40052786
2.977,-0.42399947
2.9775,-0.52276222
2.978,-0.41525403
2.9785,-0.25212627
2.979,-0.13568014
2.9795,-0.11189235
2.98,-0.08899144
2.9805,-0.01450401
2.981,-0.12094874
2.9815,-0.30212196
2.982,-0.22404504
2.9825,-0.21952998
2.983,-0.24598056
2.9835,-0.28517934
2.984,-0.14017548
2.9845,-0.23193945
2.985,-0.29377386
2.9855,-0.07428434
2.986,0.03271095
2.9865,0.23896524
2.987,0.26885156
2.9875,0.43452502
2.988,0.45572213
2.9885,0.41945761
2.989,0.2699209
2.9895,0.27722389
2.99,0.19336263
2.9905,0.25161471
2.991,0.2148917
2.9915,0.19773742
2.992,0.15348723
2.9925,0.02716436
2.993,0.05915011
2.9935,0.13468072
2.994,0.19917773
2.9945,0.32653004
2.995,0.3840416
2.9955,0.34952495
2.996,0.26037084
2.9965,0.15229843
2.997,-0.01771414
2.9975,-0.19680596
2.998,-0.23035964
2.9985,-0.26617985
2.999,-0.36099755
2.9995,-0.35875015
3.0,-0.36074877
3.0005,-0.44002223
3.001,-0.32946807
3.0015,-0.27226605
3.002,-0.2249748
3.0025,-0.14277815
3.003,-0.0465752
3.0035,-0.01426075
3.004,-0.12697548
3.0045,-0.15012779
3.005,-0.22739625
3.0055,-0.31951529
3.006,-0.30080378
3.0065,-0.2860971
3.007,-0.23667466
3.0075,-0.12228666
3.008,-0.10514042
3.0085,-0.00069494
3.009,0.11694982
3.0095,0.16629965
3.01,0.28976048
3.0105,0.44327091
3.011,0.45739096
3.0115,0.53583443
3.012,0.39890582
3.0125,0.25788238
3.013,0.15274324
3.0135,0.12481167
3.014,0.05514529
3.0145,0.06930731
3.015,0.18035074
3.0155,0.20490659
3.016,0.21268566
3.0165,0.21613366
3.017,0.18526435
3.0175,0.29414459
3.018,0.35866967
3.0185,0.33140983
3.019,0.27864767
3.0195,0.1061361
3.02,-0.02142006
3.0205,-0.19293195
3.021,-0.32345329
3.0215,-0.41620216
3.022,-0.40020476
3.0225,-0.29816602
3.023,-0.30774662
3.0235,-0.25537841
3.024,-0.16374953
3.0245,-0.311535
3.025,-0.2157944
3.0255,-0.21925741
3.026,-0.15214663
3.0265,-0.08168103
3.027,-0.01414969
3.0275,-0.25683608
3.028,-0.30380636
3.0285,-0.35118439
3.029,-0.36816561
3.0295,-0.39595189
3.03,-0.33409944
3.0305,-0.13800005
3.031,0.02848448
3.0315,0.14584228
3.032,0.16711961
3.0325,0.28079012
3.033,0.24933015
3.0335,0.31064263
3.034,0.37569212
3.0345,0.4419509
3.035,0.40175408
3.0355,0.32374823
3.036,0.23880334
3.0365,0.0811624
3.037,0.04429618
3.0375,0.09314708
3.038,0.19408214
3.0385,0.23436737
3.039,0.34382034
3.0395,0.44706338
3.04,0.31101022
3.0405,0.26860429
3.041,0.2363657
3.0415,0.20690467
3.042,0.11227214
3.0425,0.09937975
3.043,-0.04323235
3.0435,-0.17563315
3.044,-0.21454941
3.0445,-0.40093266
3.045,-0.3803424
3.0455,-0.37485331
3.046,-0.30069833
3.0465,-0.22716862
3.047,-0.15385988
3.0475,-0.13717924
3.048,-0.10914424
3.0485,-0.19298641
3.049,-0.16386346
3.0495,-0.22965971
3.05,-0.19904658
3.0505,-0.19621346
3.051,-0.27990555
3.0515,-0.33211084
3.052,-0.31551327
3.0525,-0.40197581
3.053,-0.30590122
3.0535,-0.11738336
3.054,0.00423223
3.0545,0.14595805
3.055,0.26387121
3.0555,0.41245971
3.056,0.36123753
3.0565,0.3449655
3.057,0.22905195
3.0575,0.28223403
3.058,0.32091983
3.0585,0.26004879
3.059,0.20268216
3.0595,0.12328122
3.06,0.09850528
3.0605,0.07251833
3.061,0.06297577
3.0615,0.23169529
3.062,0.31881972
3.0625,0.39999978
3.063,0.42009362
3.0635,0.48012604
3.064,0.24080815
3.0645,0.16824565
3.065,0.02257911
3.0655,-0.01857883
3.066,-0.05730551
3.0665,-0.21820243
3.067,-0.27209244
3.0675,-0.3784004
3.068,-0.33748728
3.0685,-0.45416516
3.069,-0.34868005
3.0695,-0.24035423
3.07,-0.17750749
3.0705,-0.10559724
3.071,-0.0452404
3.0715,-0.07405312
3.072,-0.19156946
3.0725,-0.28665828
3.073,-0.31434915
3.0735,-0.35892004
3.074,-0.30544963
3.0745,-0.27050691
3.075,-0.24778504
3.0755,-0.21334559
3.076,-0.1789267
3.0765,-0.13753617
3.077,0.03328262
3.0775,0.09077209
3.078,0.32616722
3.0785,0.45462499
3.079,0.38746107
3.0795,0.31288992
3.08,0.27104195
3.0805,0.26044206
3.081,0.17560597
3.0815,0.15631621
3.082,0.11390905
3.0825,0.13997478
3.083,0.1901221
3.0835,0.19238225
3.084,0.22418057
3.0845,0.13954255
3.085,0.31124685
3.0855,0.4293832
3.086,0.3641213
3.0865,0.41139609
3.087,0.26700616
3.0875,0.20813815
3.088,0.01209577
3.0885,-0.15382952
3.089,-0.26130605
3.0895,-0.28140054
3.09,-0.28237227
3.0905,-0.26153291
3.091,-0.31501513
3.0915,-0.28287625
3.092,-0.30924017
3.0925,-0.2676326
3.093,-0.21692414
3.0935,-0.12746879
3.094,-0.08254719
3.0945,-0.06650313
3.095,-0.17419695
3.0955,-0.1586753
3.096,-0.33732318
3.0965,-0.44760243
3.097,-0.4333402
3.0975,-0.4299264
3.098,-0.27979649
3.0985,-0.1416356
3.099,-0.01649911
3.0995,0.06870369
3.1,0.0749486
3.1005,0.16959492
3.101,0.2529656
3.1015,0.32737269
3.102,0.31968812
3.1025,0.43338613
3.103,0.35483057
3.1035,0.24528565
3.104,0.09482398
3.1045,0.06023093
3.105,0.00390768
3.1055,0.08797543
3.106,0.17843343
3.1065,0.29210992
3.107,0.39304884
3.1075,0.30320036
3.108,0.36180721
3.1085,0.30692526
3.109,0.31655814
3.1095,0.28196163
3.11,0.28793453
3.1105,0.15664228
3.111,0.04180384
3.1115,-0.10810252
3.112,-0.24838529
3.1125,-0.32849139
3.113,-0.29663648
3.1135,-0.34191003
3.114,-0.26666669
3.1145,-0.14968311
3.115,-0.10689472
3.1155,-0.13414323
3.116,-0.20064227
3.1165,-0.15756909
3.117,-0.2423175
3.1175,-0.21393619
3.118,-0.20630066
3.1185,-0.21122981
3.119,-0.30355178
3.1195,-0.35032997
3.12,-0.45589216
3.1205,-0.41847929
3.121,-0.2937269
3.1215,-0.18034347
3.122,-0.01780876
3.1225,0.15974016
3.123,0.23893927
3.1235,0.29624146
3.124,0.27866242
3.1245,0.23081776
3.125,0.29884887
3.1255,0.25936439
3.126,0.29416682
3.1265,0.25867045
3.127,0.18022313
3.1275,0.06308392
3.128,0.03350757
3.1285,0.10563484
3.129,0.12200098
3.1295,0.28501189
3.13,0.37525512
3.1305,0.41501907
3.131,0.47054023
3.1315,0.42541308
3.132,0.29137891
3.1325,0.16980852
3.133,0.11678054
3.1335,-0.05579387
3.134,-0.05265281
3.1345,-0.11706061
3.135,-0.22569096
3.1355,-0.32550884
3.136,-0.36086113
3.1365,-0.31096989
3.137,-0.30877708
3.1375,-0.18773919
3.138,-0.12989629
3.1385,-0.09532037
3.139,-0.10339303
3.1395,-0.1633891
3.14,-0.23572861
3.1405,-0.26418297
3.141,-0.29025932
3.1415,-0.33956334
3.142,-0.32667235
3.1425,-0.25146988
3.143,-0.35195995
3.1435,-0.32805364
3.144,-0.25408159
3.1445,-0.24558202
3.145,-0.03818547
3.1455,0.10956538
3.146,0.2937415
3.1465,0.3334949
3.147,0.39717851
3.1475,0.31601852
3.148,0.24376192
3.1485,0.13145469
3.149,0.09784344
3.1495,0.22734467
3.15,0.16222732
3.1505,0.12202421
3.151,0.18354355
3.1515,0.13166225
3.152,0.13136291
3.1525,0.23517052
3.153,0.36551374
3.1535,0.45460522
3.154,0.41856196
3.1545,0.47937005
3.155,0.41362329
3.1555,0.2496329
3.156,0.1253832
3.1565,-0.06253273
3.157,-0.11637886
3.1575,-0.22519965
3.158,-0.13837106
3.1585,-0.20964995
3.159,-0.23585638
3.1595,-0.29552741
3.16,-0.24459315
3.1605,-0.25361207
3.161,-0.13559599
3.1615,-0.08695831
3.162,-0.05816479
3.1625,-0.04724676
3.163,-0.12826001
3.1635,-0.26582695
3.164,-0.3787586
3.1645,-0.44186203
3.165,-0.42945193
3.1655,-0.40559219
3.166,-0.29498207
3.1665,-0.20573402
3.167,-0.19959491
3.1675,-0.12058961
3.168,0.00510192
3.1685,0.08055225
3.169,0.20381829
3.1695,0.35698711
3.17,0.37999641
3.1705,0.36864501
3.171,0.2789159
3.1715,0.22097586
3.172,0.07283092
3.1725,0.00493902
3.173,0.09825413
3.1735,0.14026982
3.174,0.25097561
3.1745,0.31891622
3.175,0.33904138
3.1755,0.36385478
3.176,0.32340575
3.1765,0.32970225
3.177,0.45755053
3.1775,0.4135918
3.178,0.3712825
3.1785,0.27141537
3.179,0.08928288
3.1795,-0.10250715
3.18,-0.25680156
3.1805,-0.27955167
3.181,-0.27703665
3.1815,-0.29637422
3.182,-0.20798881
3.1825,-0.16797401
3.183,-0.11481441
3.1835,-0.15370531
3.184,-0.14530099
3.1845,-0.14103224
3.185,-0.11122907
3.1855,-0.15788366
3.186,-0.14402627
3.1865,-0.20687608
3.187,-0.32240203
3.1875,-0.44657443
3.188,-0.47854087
3.1885,-0.47793796
3.189,-0.39726632
3.1895,-0.16056464
3.19,-0.0126455
3.1905,-0.00576091
3.191,0.09260077
3.1915,0.14867302
3.192,0.15787444
3.1925,0.22273433
3.193,0.21033246
3.1935,0.25908639
3.194,0.2399433
3.1945,0.20263718
3.195,0.10044021
3.1955,0.03338557
3.196,0.0646073
3.1965,0.0714939
3.197,0.16564671
3.1975,0.33762785
3.198,0.39725999
3.1985,0.44429926
3.199,0.47915638
3.1995,0.39395389
3.2,0.41396436
3.2005,0.26311566
3.201,0.1773937
3.2015,0.16517161
3.202,0.09091048
3.2025,-0.07280473
3.203,-0.17793779
3.2035,-0.27820123
3.204,-0.31142702
3.2045,-0.24652372
3.205,-0.18851883
3.2055,-0.12415704
3.206,-0.09138516
3.2065,-0.07823156
3.207,-0.07784602
3.2075,-0.15482785
3.208,-0.27728966
3.2085,-0.28498295
3.209,-0.30848352
3.2095,-0.27147266
3.21,-0.37634889
3.2105,-0.42429105
3.211,-0.38086842
3.2115,-0.40199518
3.212,-0.30857232
3.2125,-0.22371727
3.213,-0.10649957
3.2135,0.08261459
3.214,0.1363433
3.2145,0.2470487
3.215,0.24152044
3.2155,0.22173371
3.216,0.1500822
3.2165,0.18466601
3.217,0.10380558
3.2175,0.12568508
3.218,0.14742217
3.2185,0.14253084
3.219,0.14865929
3.2195,0.14798474
3.22,0.1141414
3.2205,0.25008196
3.221,0.42054181
3.2215,0.44469861
3.222,0.49638556
3.2225,0.46485684
3.223,0.41017434
3.2235,0.22714121
3.224,0.2058088
3.2245,0.03105765
3.225,-0.03864592
3.2255,-0.07128852
3.226,-0.10080083
3.2265,-0.18531527
3.227,-0.20524227
3.2275,-0.28395538
3.228,-0.24189644
3.2285,-0.18061863
3.229,-0.14103817
3.2295,-0.00174069
3.23,-0.0467349
3.2305,-0.09889126
3.231,-0.1939577
3.2315,-0.29996809
3.232,-0.41540203
3.2325,-0.38011134
3.233,-0.37058911
3.2335,-0.37365629
3.234,-0.36238836
3.2345,-0.30992206
3.235,-0.29847821
3.2355,-0.18774272
3.236,-0.0345381
3.2365,0.05175497
3.237,0.12415862
3.2375,0.27488815
3.238,0.28061793
3.2385,0.29194253
3.239,0.19763669
3.2395,0.0982686
3.24,0.07107184
3.2405,-0.01354036
3.241,0.07780572
3.2415,0.11203045
3.242,0.21618034
3.2425,0.28953156
3.243,0.27024799
3.2435,0.31497787
3.244,0.33958934
3.2445,0.32939127
3.245,0.47439194
3.2455,0.42218514
3.246,0.35586339
3.2465,0.28642519
3.247,0.09867537
3.2475,-0.07028197
3.248,-0.1632045
3.2485,-0.21100496
3.249,-0.23646764
3.2495,-0.11251232
3.25,-0.11687089
3.2505,-0.14226611
3.251,-0.11513396
3.2515,-0.16051491
3.252,-0.14435464
3.2525,-0.09036121
3.253,-0.12772118
3.2535,-0.06171581
3.254,-0.14279255
3.2545,-0.29569171
3.255,-0.29615614
3.2555,-0.48928832
3.256,-0.54076163
3.2565,-0.45225318
3.257,-0.3754785
3.2575,-0.19288967
3.258,-0.15582505
3.2585,-0.08245769
3.259,0.09566671
3.2595,0.04269914
3.26,0.1136431
3.2605,0.14357506
3.261,0.24304029
3.2615,0.22029959
3.262,0.14584152
3.2625,0.11160274
3.263,0.04896995
3.2635,-0.01498361
3.264,0.04002904
3.2645,0.06279778
3.265,0.22056341
3.2655,0.34240774
3.266,0.33572898
3.2665,0.48884589
3.267,0.42311881
3.2675,0.38698676
3.268,0.37686325
3.2685,0.31874364
3.269,0.32302167
3.2695,0.22133165
3.27,0.14802916
3.2705,0.02362496
3.271,-0.22937266
3.2715,-0.32138083
3.272,-0.26001324
3.2725,-0.15915082
3.273,-0.11314989
3.2735,-0.08422907
3.274,0.00520918
3.2745,-0.1486222
3.275,-0.0709087
3.2755,-0.15021742
3.276,-0.13449048
3.2765,-0.27380086
3.277,-0.24344647
3.2775,-0.32233263
3.278,-0.41127864
3.2785,-0.47328912
3.279,-0.47745284
3.2795,-0.4655918
3.28,-0.41929933
3.2805,-0.23622588
3.281,-0.0850723
3.2815,-0.00923252
3.282,0.14679517
3.2825,0.21088233
3.283,0.15883106
3.2835,0.1437964
3.284,0.09640118
3.2845,0.14009688
3.285,0.13179245
3.2855,0.11934601
3.286,0.0817695
3.2865,0.00551696
3.287,0.08059087
3.2875,0.09195353
3.288,0.12742373
3.2885,0.29038974
3.289,0.34569067
3.2895,0.54518845
3.29,0.51448512
3.2905,0.52167648
3.291,0.39996127
3.2915,0.24160511
3.292,0.14270751
3.2925,0.12277855
3.293,-0.02650214
3.2935,-0.02614844
3.294,-0.08445879
3.2945,-0.26236306
3.295,-0.20314039
3.2955,-0.16903304
3.296,-0.20101039
3.2965,-0.11681186
3.297,-0.03216571
3.2975,0.04313983
3.298,-0.00470509
3.2985,-0.09274481
3.299,-0.26000703
3.2995,-0.36436824
3.3,-0.35273367
3.3005,-0.38112596
3.301,-0.424572
3.3015,-0.40028998
3.302,-0.34057335
3.3025,-0.41212363
3.303,-0.2928643
3.3035,-0.26207308
3.304,-0.15640265
3.3045,0.00911351
3.305,0.07028139
3.3055,0.25570938
3.306,0.17590931
3.3065,0.19419543
3.307,0.08647635
3.3075,-0.00825306
3.308,0.03506078
3.3085,0.07626885
3.309,0.10692159
3.3095,0.13906159
3.31,0.15064872
3.3105,0.20996275
3.311,0.17796704
3.3115,0.2460759
3.312,0.39530562
3.3125,0.52607861
3.313,0.51743995
3.3135,0.48373452
3.314,0.39975723
3.3145,0.26182467
3.315,0.15159158
3.3155,-0.05134696
3.316,-0.03495242
3.3165,-0.12130104
3.317,-0.03620714
3.3175,-0.10573101
3.318,-0.07358101
3.3185,-0.07257838
3.319,-0.12597776
3.3195,-0.06929206
3.32,-0.04880229
3.3205,-0.02514688
3.321,-0.05638307
3.3215,-0.07447118
3.322,-0.14728265
3.3225,-0.31608748
3.323,-0.43003051
3.3235,-0.43758646
3.324,-0.41199074
3.3245,-0.47465597
3.325,-0.33608297
3.3255,-0.36187325
3.326,-0.21104284
3.3265,-0.15182829
3.327,-0.17354536
3.3275,-0.00658239
3.328,0.0631027
3.3285,0.17922758
3.329,0.2144948
3.3295,0.21876699
3.33,0.14288927
3.3305,0.04196414
3.331,-0.05206532
3.3315,-0.03782236
3.332,-0.00986165
3.3325,0.04002712
3.333,0.21676266
3.3335,0.26714027
3.334,0.34836299
3.3345,0.38111598
3.335,0.39249139
3.3355,0.40729473
3.336,0.33933291
3.3365,0.47836807
3.337,0.38575653
3.3375,0.32002359
3.338,0.10782234
3.3385,0.01529077
3.339,-0.1730963
3.3395,-0.26614212
3.34,-0.10868247
3.3405,-0.11240147
3.341,-0.06290245
3.3415,-0.01460294
3.342,-0.05282781
3.3425,-0.04003682
3.343,-0.05219462
3.3435,-0.07272707
3.344,-0.06968467
3.3445,-0.08426357
3.345,-0.18989675
3.3455,-0.28275568
3.346,-0.39710568
3.3465,-0.51286213
3.347,-0.59599076
3.3475,-0.51289896
3.348,-0.43489185
3.3485,-0.2405509
3.349,-0.09849578
3.3495,-0.01563306
3.35,0.0261307
3.3505,0.00881402
3.351,-0.00180315
3.3515,0.06762284
3.352,0.18624132
3.3525,0.09044593
3.353,0.14293346
3.3535,0.01107036
3.354,0.01661653
3.3545,-0.0452636
3.355,-0.00503886
3.3555,0.07781603
3.356,0.17729824
3.3565,0.37074994
3.357,0.49356213
3.3575,0.45646654
3.358,0.56033443
3.3585,0.4243925
3.359,0.3926478
3.3595,0.25155195
3.36,0.27716425
3.3605,0.24892887
3.361,0.14478622
3.3615,0.00489461
3.362,-0.08152113
3.3625,-0.10770819
3.363,-0.14446758
3.3635,-0.20632074
3.364,-0.07775653
3.3645,-0.01126054
3.365,0.04834182
3.3655,-0.0312551
3.366,0.02502073
3.3665,-0.1042561
3.367,-0.21747855
3.3675,-0.29168655
3.368,-0.36571615
3.3685,-0.38091451
3.369,-0.41393441
3.3695,-0.40739412
3.37,-0.47881468
3.3705,-0.44098649
3.371,-0.46332594
3.3715,-0.30352842
3.372,-0.16097331
3.3725,-0.02617076
3.373,0.15668737
3.3735,0.14345315
3.374,0.08420599
3.3745,0.03265096
3.375,0.05717725
3.3755,0.03149661
3.376,0.0465747
3.3765,0.00113631
3.377,0.00035383
3.3775,0.05138926
3.378,0.01738344
3.3785,0.11928508
3.379,0.17580018
3.3795,0.26359006
3.38,0.41533525
3.3805,0.52342339
3.381,0.52368951
3.3815,0.51027046
3.382,0.3775883
3.3825,0.24282476
3.383,0.16904995
3.3835,0.0333992
3.384,0.02745161
3.3845,-0.02513336
3.385,-0.07258819
3.3855,-0.05190392
3.386,-0.09447048
3.3865,-0.15927233
3.387,-0.09901146
3.3875,-0.08125022
3.388,-0.01017613
3.3885,0.04826165
3.389,-0.02610127
3.3895,-0.11201994
3.39,-0.13989206
3.3905,-0.32195435
3.391,-0.41176988
3.3915,-0.53068552
3.392,-0.41714808
3.3925,-0.45030365
3.393,-0.4202512
3.3935,-0.3204246
3.394,-0.26241235
3.3945,-0.25543737
3.395,-0.17936501
3.3955,-0.06182184
3.396,0.09388211
3.3965,0.15675769
3.397,0.18692613
3.3975,0.13854559
3.398,0.03667222
3.3985,-0.04449801
3.399,-0.09608332
3.3995,-0.10693003
3.4,0.02131337
3.4005,0.11391504
3.401,0.10769301
3.4015,0.17673207
3.402,0.28036979
3.4025,0.31680964
3.403,0.40718867
3.4035,0.44437806
3.404,0.42101079
3.4045,0.46894577
3.405,0.42912477
3.4055,0.352017
3.406,0.14244564
3.4065,-0.03533294
3.407,-0.05875035
3.4075,-0.11447851
3.408,-0.05995282
3.4085,-0.02414564
3.409,0.00995454
3.4095,0.00116456
3.41,0.05138795
3.4105,0.00634419
3.411,-0.01587462
3.4115,-0.00776197
3.412,-0.04881576
3.4125,-0.09195073
3.413,-0.17960909
3.4135,-0.26758218
3.414,-0.44449945
3.4145,-0.52917302
3.415,-0.55955164
3.4155,-0.4738443
3.416,-0.43171079
3.4165,-0.29465651
3.417,-0.16739703
3.4175,-0.0959541
3.418,-0.04513675
3.4185,-0.04873119
3.419,0.02166773
3.4195,0.09782504
3.42,0.08057424
3.4205,0.13008831
3.421,0.08525142
3.4215,0.05003324
3.422,-0.08128338
3.4225,-0.08899029
3.423,-0.0349709
3.4235,0.05864978
3.424,0.20752576
3.4245,0.24416532
3.425,0.42211276
3.4255,0.39200834
3.426,0.39995975
3.4265,0.4329361
3.427,0.42360768
3.4275,0.37613214
3.428,0.38814316
3.4285,0.31280017
3.429,0.21327724
3.4295,0.09663496
3.43,-0.03445601
3.4305,-0.07019989
3.431,-0.0979422
3.4315,-0.04826851
3.432,0.01662937
3.4325,0.08454765
3.433,0.10074294
3.4335,0.07254923
3.434,-0.03240194
3.4345,-0.08234398
3.435,-0.12678132
3.4355,-0.18702269
3.436,-0.25038584
3.4365,-0.37051595
3.437,-0.3626407
3.4375,-0.43315738
3.438,-0.5140224
3.4385,-0.51620912
3.439,-0.45371503
3.4395,-0.3233347
3.44,-0.13796669
3.4405,-0.10786551
3.441,0.01256857
3.4415,0.03637045
3.442,0.00625637
3.4425,-0.01871134
3.443,-0.02357875
3.4435,-0.07462867
3.444,-0.00396369
3.4445,0.00640179
3.445,0.0319236
3.4455,-0.01208119
3.446,-0.03552892
3.4465,0.0130354
3.447,0.10485273
3.4475,0.22495696
3.448,0.46772876
3.4485,0.52523531
3.449,0.5289823
3.4495,0.43033394
3.45,0.3933034
3.4505,0.26910057
3.451,0.14849666
3.4515,0.04890303
3.452,0.14757642
3.4525,0.0454524
3.453,0.00396514
3.4535,-0.12600812
3.454,-0.04417212
3.4545,-0.09128127
3.455,-0.0254978
3.4555,0.04446884
3.456,0.07564932
3.4565,0.05137397
3.457,0.11193202
3.4575,-0.05919617
3.458,-0.18286989
3.4585,-0.27956041
3.459,-0.36207678
3.4595,-0.39621977
3.46,-0.44319771
3.4605,-0.43662099
3.461,-0.40696762
3.4615,-0.3742517
3.462,-0.34702431
3.4625,-0.28089838
3.463,-0.23473833
3.4635,-0.03743426
3.464,0.04024681
3.4645,0.0578348
3.465,0.09678017
3.4655,-0.00537599
3.466,-0.06733918
3.4665,-0.13656425
3.467,-0.11724674
3.4675,-0.09571262
3.468,0.0629416
3.4685,0.07793549
3.469,0.12897245
3.4695,0.16690717
3.47,0.24082391
3.4705,0.26578094
3.471,0.40374867
3.4715,0.44318691
3.472,0.57684125
3.4725,0.49470488
3.473,0.41417057
3.4735,0.26590818
3.474,0.16560324
3.4745,0.08933635
3.475,0.00250801
3.4755,0.02271431
3.476,-0.00624769
3.4765,0.03600738
3.477,0.01214446
3.4775,0.0370252
3.478,0.0432072
3.4785,0.07556546
3.479,0.00632639
3.4795,0.07703069
3.48,0.02549886
3.4805,-0.03281259
3.481,-0.18523461
3.4815,-0.25682028
3.482,-0.47857252
3.4825,-0.45863091
3.483,-0.55508986
3.4835,-0.4700983
3.484,-0.40207381
3.4845,-0.32200418
3.485,-0.26070999
3.4855,-0.16382475
3.486,-0.16844461
3.4865,-0.05458834
3.487,-0.05447296
3.4875,0.01995946
3.488,0.11230834
3.4885,0.04659789
3.489,-0.0504519
3.4895,-0.09411311
3.49,-0.18814655
3.4905,-0.18083572
3.491,-0.10039507
3.4915,0.09361623
3.492,0.20794781
3.4925,0.27163388
3.493,0.32930527
3.4935,0.32781698
3.494,0.45728597
3.4945,0.46856994
3.495,0.44936891
3.4955,0.39733536
3.496,0.45601043
3.4965,0.28819349
3.497,0.16436145
3.4975,0.03305532
3.498,-0.05495861
3.4985,-0.00185583
3.499,-0.04035381
3.4995,0.08311945
3.5,0.10765949
3.5005,0.10778554
3.501,0.12359484
3.5015,0.07602307
3.502,0.03743097
3.5025,-0.02225434
3.503,-0.00514747
3.5035,-0.11192515
3.504,-0.17179437
3.5045,-0.26122749
3.505,-0.37976818
3.5055,-0.45575604
3.506,-0.52027412
3.5065,-0.50797898
3.507,-0.45157454
3.5075,-0.32015048
3.508,-0.18924812
3.5085,-0.04818006
3.509,-0.04734878
3.5095,-0.05101813
3.51,-0.07524502
3.5105,-0.09030935
3.511,-0.01603678
3.5115,-0.07147488
3.512,0.02029285
3.5125,-0.02889246
3.513,-0.13332753
3.5135,-0.09045356
3.514,-0.13536163
3.5145,-0.00498684
3.515,0.17702229
3.5155,0.30329578
3.516,0.47619035
3.5165,0.48243505
3.517,0.48265057
3.5175,0.42428386
3.518,0.40103339
3.5185,0.32449645
3.519,0.25033159
3.5195,0.24776317
3.52,0.13228877
3.5205,0.11641797
3.521,0.04348435
3.5215,-0.01611144
3.522,-0.06040358
3.5225,-0.00726464
3.523,0.05849381
3.5235,0.14021468
3.524,0.12290051
3.5245,0.21472188
3.525,0.10405875
3.5255,0.02656792
3.526,-0.13375693
3.5265,-0.28269397
3.527,-0.29025008
3.5275,-0.41174759
3.528,-0.39549424
3.5285,-0.3774803
3.529,-0.37305624
3.5295,-0.46817126
3.53,-0.39786808
3.5305,-0.30262582
3.531,-0.18759379
3.5315,-0.05020444
3.532,0.02373332
3.5325,0.08414865
3.533,0.01077868
3.5335,-0.03456498
3.534,-0.1587753
3.5345,-0.15684863
3.535,-0.15762815
3.5355,-0.16584878
3.536,-0.02747902
3.5365,0.02383856
3.537,0.06094447
3.5375,0.10070799
3.538,0.06049643
3.5385,0.25712413
3.539,0.41826567
3.5395,0.51870596
3.54,0.52593402
3.5405,0.51956424
3.541,0.3989497
3.5415,0.29427382
3.542,0.18957045
3.5425,0.06617467
3.543,0.00468738
3.5435,0.10974199
3.544,0.07377967
3.5445,0.06665008
3.545,0.05773368
3.5455,0.06691576
3.546,0.04418645
3.5465,0.10400429
3.547,0.181057
3.5475,0.13292555
3.548,0.15427273
3.5485,-0.00929288
3.549,-0.1462372
3.5495,-0.28947931
3.55,-0.37406959
3.5505,-0.46079238
3.551,-0.51832533
3.5515,-0.41406327
3.552,-0.36048368
3.5525,-0.32879073
3.553,-0.25825706
3.5535,-0.28778309
3.554,-0.24739502
3.5545,-0.09808034
3.555,-0.04091604
3.5555,0.04100311
3.556,0.08092152
3.5565,-0.04629171
3.557,-0.13545672
3.5575,-0.13947791
3.558,-0.23249426
3.5585,-0.22963486
3.559,-0.13280576
3.5595,-0.0418538
3.56,0.0956977
3.5605,0.17922758
3.561,0.25023268
3.5615,0.32528926
3.562,0.36504061
3.5625,0.34625022
3.563,0.42204556
3.5635,0.47948514
3.564,0.42945647
3.5645,0.38995015
3.565,0.16217479
3.5655,0.09037733
3.566,0.02443776
3.5665,-0.03951184
3.567,0.09904815
3.5675,0.08148702
3.568,0.20700304
3.5685,0.12198368
3.569,0.1762372
3.5695,0.11992631
3.57,0.10166722
3.5705,0.05698487
3.571,-0.00071193
3.5715,-0.04011094
3.572,-0.07416985
3.5725,-0.24220792
3.573,-0.41078404
3.5735,-0.4720715
3.574,-0.50480849
3.5745,-0.548763
3.575,-0.37250892
3.5755,-0.26052453
3.576,-0.22602202
3.5765,-0.14344959
3.577,-0.13252748
3.5775,-0.0949592
3.578,-0.14115227
3.5785,-0.07260241
3.579,-0.10612118
3.5795,-0.0691692
3.58,-0.0890549
3.5805,-0.12584872
3.581,-0.15762734
3.5815,-0.20809018
3.582,-0.1388914
3.5825,-0.00503998
3.583,0.1116161
3.5835,0.20544327
3.584,0.40681012
3.5845,0.46283267
3.585,0.46057175
3.5855,0.44258373
3.586,0.44797823
3.5865,0.36052724
3.587,0.26799618
3.5875,0.27335493
3.588,0.17724914
3.5885,0.17619268
3.589,0.10468794
3.5895,0.01352428
3.59,-0.030336
3.5905,0.08691618
3.591,0.20557727
3.5915,0.17365369
3.592,0.19641793
3.5925,0.19150332
3.593,0.08897474
3.5935,-0.02429275
3.594,-0.08749605
3.5945,-0.20801396
3.595,-0.23691012
3.5955,-0.22404944
3.596,-0.33372787
3.5965,-0.38959501
3.597,-0.46573607
3.5975,-0.41448843
3.598,-0.46294326
3.5985,-0.36415079
3.599,-0.18158924
3.5995,-0.11091256
3.6,0.02045182
3.6005,-0.03481168
3.601,-0.06154366
3.6015,-0.13758462
3.602,-0.17571858
3.6025,-0.12656568
3.603,-0.12198588
3.6035,-0.14665994
3.604,-0.0829878
3.6045,-0.02602168
3.605,-0.16429063
3.6055,-0.01049648
3.606,0.13449038
3.6065,0.20739392
3.607,0.42362599
3.6075,0.47374178
3.608,0.52442952
3.6085,0.4026022
3.609,0.37071409
3.6095,0.30342216
3.61,0.1674015
3.6105,0.11508032
3.611,0.1284637
3.6115,0.13900067
3.612,0.15232115
3.6125,0.06388788
3.613,0.06459799
3.6135,0.1057324
3.614,0.13249406
3.6145,0.12000022
3.615,0.21511924
3.6155,0.25154619
3.616,0.19744426
3.6165,0.04630475
3.617,-0.07735667
3.6175,-0.22502287
3.618,-0.37741005
3.6185,-0.38442289
3.619,-0.3317904
3.6195,-0.39178505
3.62,-0.37527406
3.6205,-0.37569136
3.621,-0.38155539
3.6215,-0.31278914
3.622,-0.24684541
3.6225,-0.1421867
3.623,-0.00409825
3.6235,0.03541707
3.624,-0.0262718
3.6245,-0.0148433
3.625,-0.20060903
3.6255,-0.26389364
3.626,-0.37194705
3.6265,-0.25734875
3.627,-0.06745946
3.6275,-0.05507696
3.628,0.04565593
3.6285,0.09554783
3.629,0.20083207
3.6295,0.20278316
3.63,0.29369196
3.6305,0.39411697
3.631,0.4724732
3.6315,0.45528064
3.632,0.42082355
3.6325,0.30945221
3.633,0.14440809
3.6335,0.01635114
3.634,0.01736333
3.6345,0.04151302
3.635,0.12188584
3.6355,0.17115535
3.636,0.14063995
3.6365,0.09630494
3.637,0.13073578
3.6375,0.13995549
3.638,0.12129021
3.6385,0.18242409
3.639,0.16391624
3.6395,0.03010614
3.64,-0.07855938
3.6405,-0.23619746
3.641,-0.40399132
3.6415,-0.50509243
3.642,-0.54897307
3.6425,-0.44502225
3.643,-0.46199947
3.6435,-0.38045836
3.644,-0.18640363
3.6445,-0.17586692
3.645,-0.20206423
3.6455,-0.14537534
3.646,-0.04553568
3.6465,-0.13085425
3.647,-0.07544436
3.6475,-0.11521871
3.648,-0.18509452
3.6485,-0.24106779
3.649,-0.30627369
3.6495,-0.27914334
3.65,-0.20199469
3.6505,-0.08106909
3.651,0.06667919
3.6515,0.28404196
3.652,0.3163974
3.6525,0.34967964
3.653,0.31074735
3.6535,0.40476459
3.654,0.40026581
3.6545,0.36445965
3.655,0.37761173
3.6555,0.35985209
3.656,0.19334432
3.6565,0.02885159
3.657,0.02372882
3.6575,0.04984142
3.658,-0.00688165
3.6585,0.11713077
3.659,0.26983158
3.6595,0.26861767
3.66,0.30065493
3.6605,0.1596738
3.661,0.15550036
3.6615,0.01087939
3.662,0.0033753
3.6625,-0.09630983
3.663,-0.19572719
3.6635,-0.22374069
3.664,-0.32089961
3.6645,-0.47360169
3.665,-0.49390057
3.6655,-0.55769988
3.666,-0.40728482
3.6665,-0.30291287
3.667,-0.09125624
3.6675,-0.11001318
3.668,-0.04718356
3.6685,-0.14909881
3.669,-0.13645679
3.6695,-0.23634824
3.67,-0.1595489
3.6705,-0.11808988
3.671,-0.0818703
3.6715,-0.17940177
3.672,-0.15386122
3.6725,-0.16791847
3.673,-0.21523597
3.6735,-0.11591347
3.674,-0.03250237
3.6745,0.23894139
3.675,0.3730095
3.6755,0.47235081
3.676,0.4943172
3.6765,0.40641599
3.677,0.36640021
3.6775,0.31634772
3.678,0.21041331
3.6785,0.24153353
3.679,0.20899019
3.6795,0.10245933
3.68,0.1959411
3.6805,0.06853215
3.681,0.00971102
3.6815,0.14849783
3.682,0.1446681
3.6825,0.3134556
3.683,0.31362533
3.6835,0.25606101
3.684,0.22575737
3.6845,0.10390093
3.685,-0.04881014
3.6855,-0.18297938
3.686,-0.31740656
3.6865,-0.27640361
3.687,-0.33339744
3.6875,-0.29192353
3.688,-0.34218661
3.6885,-0.44306015
3.689,-0.37872224
3.6895,-0.23790342
3.69,-0.16009522
3.6905,-0.16974156
3.691,-0.07879532
3.6915,-0.0079787
3.692,-0.08793112
3.6925,-0.10687398
3.693,-0.27046875
3.6935,-0.29739587
3.694,-0.25278174
3.6945,-0.2961927
3.695,-0.18949862
3.6955,-0.07577464
3.696,-0.01306049
3.6965,0.05835203
3.697,0.11055559
3.6975,0.18149996
3.698,0.33545909
3.6985,0.44967383
3.699,0.40146931
3.6995,0.48076473
3.7,0.30845983
3.7005,0.21957296
3.701,0.18069998
3.7015,0.10843151
3.702,0.10980508
3.7025,0.13061587
3.703,0.12518463
3.7035,0.20719531
3.704,0.1797545
3.7045,0.18905007
3.705,0.22325009
3.7055,0.20932397
3.706,0.27847046
3.7065,0.21742709
3.707,0.25298165
3.7075,0.07358192
3.708,-0.05147732
3.7085,-0.21569245
3.709,-0.44417022
3.7095,-0.40196088
3.71,-0.46239073
3.7105,-0.39093528
3.711,-0.322868
3.7115,-0.27370401
3.712,-0.23872187
3.7125,-0.23091442
3.713,-0.21514815
3.7135,-0.16399331
3.714,-0.05641865
3.7145,-0.06696442
3.715,-0.08771468
3.7155,-0.0694554
3.716,-0.29839721
3.7165,-0.30554249
3.717,-0.27532218
3.7175,-0.37608183
3.718,-0.23009319
3.7185,-0.072731
3.719,0.01667413
3.7195,0.1684297
3.72,0.19639689
3.7205,0.34089947
3.721,0.25541122
3.7215,0.364769
3.722,0.44481639
3.7225,0.48120343
3.723,0.3366718
3.7235,0.34305439
3.724,0.17229742
3.7245,0.05608524
3.725,0.02052561
3.7255,0.08493583
3.726,0.1353217
3.7265,0.215287
3.727,0.3173064
3.7275,0.28093946
3.728,0.25102929
3.7285,0.23218068
3.729,0.21819713
3.7295,0.14109718
3.73,0.09020713
3.7305,-0.013471
3.731,-0.07249533
3.7315,-0.16779884
3.732,-0.34427188
3.7325,-0.42459441
3.733,-0.47773035
3.7335,-0.43383332
3.734,-0.32463093
3.7345,-0.22795901
3.735,-0.12237213
3.7355,-0.09746429
3.736,-0.12394563
3.7365,-0.12154605
3.737,-0.17681514
3.7375,-0.14603477
3.738,-0.20172945
3.7385,-0.18972199
3.739,-0.24965203
3.7395,-0.2600669
3.74,-0.29195723
3.7405,-0.26056538
3.741,-0.26249206
3.7415,-0.10628872
3.742,0.02142628
3.7425,0.22111237
3.743,0.28099139
3.7435,0.4133378
3.744,0.37808622
3.7445,0.39042144
3.745,0.30731813
3.7455,0.32477334
3.746,0.31085251
3.7465,0.23065459
3.747,0.24855151
3.7475,0.1250236
3.748,0.10875119
3.7485,0.09459846
3.749,0.07782662
3.7495,0.11004548
3.75,0.2280832
3.7505,0.38604537
3.751,0.36871025
3.7515,0.34868348
3.752,0.17971664
3.7525,0.07512148
3.753,-0.01288096
3.7535,-0.04767828
3.754,-0.19521705
3.7545,-0.19897896
3.755,-0.26599277
3.7555,-0.35058962
3.756,-0.33186432
3.7565,-0.38822186
3.757,-0.37073659
3.7575,-0.29247532
3.758,-0.13665721
3.7585,-0.03960438
3.759,-0.04098965
3.7595,-0.10930996
3.76,-0.11345482
3.7605,-0.2725713
3.761,-0.29973657
3.7615,-0.30583217
3.762,-0.30016661
3.7625,-0.2169584
3.763,-0.2603594
3.7635,-0.19796246
3.764,-0.13724653
3.7645,-0.08151514
3.765,0.01996528
3.7655,0.10254934
3.766,0.29206826
3.7665,0.41610486
3.767,0.46248958
3.7675,0.42272626
3.768,0.27708576
3.7685,0.25769595
3.769,0.10540652
3.7695,0.10586586
3.77,0.13660156
3.7705,0.09881367
3.771,0.17474603
3.7715,0.22492215
3.772,0.17227228
3.7725,0.20888783
3.773,0.23114127
3.7735,0.30455437
3.774,0.37046694
3.7745,0.35994404
3.775,0.29507776
3.7755,0.10877084
3.776,-0.06118202
3.7765,-0.22389756
3.777,-0.27541478
3.7775,-0.30621048
3.778,-0.3629157
3.7785,-0.33564498
3.779,-0.25366671
3.7795,-0.32222461
3.78,-0.28461794
3.7805,-0.2558143
3.781,-0.20655246
3.7815,-0.16313548
3.782,-0.11720387
3.7825,-0.16399067
3.783,-0.03531192
3.7835,-0.23193728
3.784,-0.26596919
3.7845,-0.41664889
3.785,-0.37486371
3.7855,-0.34737425
3.786,-0.18641774
3.7865,-0.17201772
3.787,-0.02312309
3.7875,0.05229366
3.788,0.19894259
3.7885,0.20731173
3.789,0.25678991
3.7895,0.35213768
3.79,0.33144583
3.7905,0.42011788
3.791,0.33542851
3.7915,0.23384011
3.792,0.14202226
3.7925,0.09623602
3.793,0.03881968
3.7935,0.16251535
3.794,0.13913367
3.7945,0.23918618
3.795,0.29193473
3.7955,0.30091281
3.796,0.31130211
3.7965,0.33925648
3.797,0.23596221
3.7975,0.26153713
3.798,0.14727255
3.7985,0.1875286
3.799,-0.01571341
3.7995,-0.17962764
3.8,-0.32677143
3.8005,-0.4375498
3.801,-0.40145999
3.8015,-0.34575083
3.802,-0.31442595
3.8025,-0.27126135
3.803,-0.12064119
3.8035,-0.13754293
3.804,-0.17148034
3.8045,-0.21893025
3.805,-0.17779155
3.8055,-0.18943304
3.806,-0.15457507
3.8065,-0.26862679
3.807,-0.27784119
3.8075,-0.32005749
3.808,-0.40104798
3.8085,-0.37175322
3.809,-0.31087237
3.8095,-0.17290498
3.81,-0.0604984
3.8105,0.18945187
3.811,0.20348478
3.8115,0.27208164
3.812,0.28297097
3.8125,0.24408866
3.813,0.31360956
3.8135,0.30441939
3.814,0.20649133
3.8145,0.25985501
3.815,0.22979969
3.8155,0.10891766
3.816,0.10869516
3.8165,0.03721739
3.817,0.08977872
3.8175,0.21402777
3.818,0.35573895
3.8185,0.4427667
3.819,0.4961081
3.8195,0.34030119
3.82,0.19478558
3.8205,0.18081192
3.821,0.05173592
3.8215,0.03759575
3.822,-0.09178387
3.8225,-0.09170903
3.823,-0.21511193
3.8235,-0.30546062
3.824,-0.42031835
3.8245,-0.37133833
3.825,-0.35661908
3.8255,-0.2494013
3.826,-0.0583892
3.8265,-0.04088523
3.827,-0.0481808
3.8275,-0.13695482
3.828,-0.18969826
3.8285,-0.301079
3.829,-0.29348837
3.8295,-0.33733682
3.83,-0.30864918
3.8305,-0.34213116
3.831,-0.33959072
3.8315,-0.29138414
3.832,-0.2460083
3.8325,-0.19616668
3.833,-0.00723889
3.8335,0.11947526
3.834,0.29620913
3.8345,0.35716631
3.835,0.40175169
3.8355,0.3655534
3.836,0.17188232
3.8365,0.13280808
3.837,0.13811884
3.8375,0.14888082
3.838,0.12731129
3.8385,0.21686837
3.839,0.16053024
3.8395,0.1231418
3.84,0.18826795
3.8405,0.21461069
3.841,0.27352674
3.8415,0.39724814
3.842,0.41251232
3.8425,0.37560302
3.843,0.29934665
3.8435,0.15868888
3.844,0.0336879
3.8445,-0.12108587
3.845,-0.23809814
3.8455,-0.22335885
3.846,-0.24369188
3.8465,-0.26042312
3.847,-0.2948067
3.8475,-0.34958961
3.848,-0.3364367
3.8485,-0.29567329
3.849,-0.15218208
3.8495,-0.12697404
3.85,-0.06588846
3.8505,-0.07271169
3.851,-0.10835979
3.8515,-0.34215938
3.852,-0.40857393
3.8525,-0.40997204
3.853,-0.41951293
3.8535,-0.35684813
3.854,-0.21499137
3.8545,-0.13074148
3.855,-0.16326063
3.8555,-0.07173945
3.856,-0.02688861
3.8565,0.14851498
3.857,0.23654316
3.8575,0.29537324
3.858,0.34517885
3.8585,0.43175768
3.859,0.31928577
3.8595,0.17175975
3.86,0.10536765
3.8605,0.11844859
3.861,0.09582688
3.8615,0.11979998
3.862,0.23085136
3.8625,0.26488151
3.863,0.24701711
3.8635,0.32531998
3.864,0.30484814
3.8645,0.30613402
3.865,0.34455311
3.8655,0.38766123
3.866,0.33730087
3.8665,0.18444848
3.867,0.09222882
3.8675,-0.19300341
3.868,-0.21200775
3.8685,-0.39517658
3.869,-0.32011433
3.8695,-0.28091251
3.87,-0.20975764
3.8705,-0.11693989
3.871,-0.1634974
3.8715,-0.13411241
3.872,-0.16463182
3.8725,-0.14189666
3.873,-0.08639201
3.8735,-0.14277467
3.874,-0.14071737
3.8745,-0.22285787
3.875,-0.36698787
3.8755,-0.46009481
3.876,-0.42090153
3.8765,-0.45629925
3.877,-0.29473637
3.8775,-0.11795421
3.878,0.01368693
3.8785,0.09290105
3.879,0.1546016
3.8795,0.12983367
3.88,0.19896005
3.8805,0.27921722
3.881,0.26345274
3.8815,0.26369291
3.882,0.30352126
3.8825,0.21277223
3.883,0.14226747
3.8835,0.00530956
3.884,0.05468012
3.8845,0.14715536
3.885,0.15304719
3.8855,0.29638097
3.886,0.40299583
3.8865,0.38407987
3.887,0.43814881
3.8875,0.30658598
3.888,0.32145652
3.8885,0.24678081
3.889,0.11238708
3.8895,0.15627027
3.89,0.00855594
3.8905,-0.17518145
3.891,-0.25020612
3.8915,-0.36049198
3.892,-0.35386865
3.8925,-0.31689248
3.893,-0.30800309
3.8935,-0.17963427
3.894,-0.07128707
3.8945,-0.0444593
3.895,-0.13628616
3.8955,-0.20488354
3.896,-0.18142665
3.8965,-0.25510283
3.897,-0.30359445
3.8975,-0.2961664
3.898,-0.29707425
3.8985,-0.37331048
3.899,-0.35833464
3.8995,-0.42430837
3.9,-0.30550347
3.9005,-0.20003858
3.901,-0.04698141
3.9015,0.14483801
3.902,0.31695672
3.9025,0.25090395
3.903,0.32731203
3.9035,0.2515812
3.904,0.20495099
3.9045,0.20053595
3.905,0.20888314
3.9055,0.14751625
3.906,0.19492522
3.9065,0.11694802
3.907,0.17173292
3.9075,0.16101884
3.908,0.21214278
3.9085,0.23794777
3.909,0.37708825
3.9095,0.3912449
3.91,0.43774695
3.9105,0.44981063
3.911,0.31458067
3.9115,0.15362514
3.912,0.10770958
3.9125,-0.02958881
3.913,-0.14100494
3.9135,-0.09308009
3.914,-0.1831696
3.9145,-0.27959017
3.915,-0.26847459
3.9155,-0.33335795
3.916,-0.19635359
3.9165,-0.24560082
3.917,0.00039307
3.9175,-0.07354163
3.918,-0.06285354
3.9185,-0.07442404
3.919,-0.15032937
3.9195,-0.32164952
3.92,-0.40748888
3.9205,-0.47179884
3.921,-0.43546574
3.9215,-0.35399737
3.922,-0.36960966
3.9225,-0.29996839
3.923,-0.20835319
3.9235,-0.12685211
3.924,-0.03626653
3.9245,0.12361026
3.925,0.20724868
3.9255,0.25155076
3.926,0.37798518
3.9265,0.27808486
3.927,0.27891778
3.9275,0.12476494
3.928,0.0691874
3.9285,0.04540243
3.929,0.11704304
3.9295,0.18132164
3.93,0.24770443
3.9305,0.28191875
3.931,0.22705126
3.9315,0.26559255
3.932,0.36247284
3.9325,0.3425035
3.933,0.44079931
3.9335,0.53964992
3.934,0.39798687
3.9345,0.24780516
3.935,0.09460734
3.9355,-0.09410593
3.936,-0.20837365
3.9365,-0.18526519
3.937,-0.2429858
3.9375,-0.19383869
3.938,-0.16811577
3.9385,-0.22510392
3.939,-0.20068034
3.9395,-0.15792702
3.94,-0.18130326
3.9405,-0.22046147
3.941,-0.16374421
3.9415,-0.0917536
3.942,-0.17761228
3.9425,-0.33373587
3.943,-0.38669406
3.9435,-0.46669821
3.944,-0.47359355
3.9445,-0.39755745
3.945,-0.35064058
3.9455,-0.18701036
3.946,-0.08883603
3.9465,-0.01676044
3.947,0.07631315
3.9475,0.06169912
3.948,0.12180801
3.9485,0.25372991
3.949,0.28928698
3.9495,0.25075027
3.95,0.2757808
3.9505,0.17902439
3.951,0.08027998
3.9515,-0.00907017
3.952,0.00615148
3.9525,0.10830939
3.953,0.17677278
3.9535,0.32644247
3.954,0.45668494
3.9545,0.4219096
3.955,0.33396811
3.9555,0.4636645
3.956,0.30687473
3.9565,0.33306289
3.957,0.24944615
3.9575,0.2004447
3.958,0.09556295
3.9585,-0.10085761
3.959,-0.17914399
3.9595,-0.30241952
3.96,-0.23798853
3.9605,-0.18255553
3.961,-0.14734833
3.9615,-0.13204542
3.962,-0.07494329
3.9625,-0.06570718
3.963,-0.11350869
3.9635,-0.15433664
3.964,-0.15392731
3.9645,-0.22276002
3.965,-0.2571861
3.9655,-0.27348129
3.966,-0.36649242
3.9665,-0.35165029
3.967,-0.568626
3.9675,-0.40215923
3.968,-0.38928446
3.9685,-0.23603062
3.969,-0.07221481
3.9695,0.06106061
3.97,0.19195172
3.9705,0.21085536
3.971,0.16335923
3.9715,0.17798992
3.972,0.15858679
3.9725,0.17735445
3.973,0.23790252
3.9735,0.22105325
3.974,0.12725738
3.9745,0.03364967
3.975,0.0796531
3.9755,0.07919433
3.976,0.18955953
3.9765,0.30993626
3.977,0.43464779
3.9775,0.51568004
3.978,0.55386189
3.9785,0.42704384
3.979,0.35864642
3.9795,0.27122967
3.98,0.20256906
3.9805,0.11361752
3.981,0.03975416
3.9815,-0.09664798
3.982,-0.13861798
3.9825,-0.19446943
3.983,-0.25131552
3.9835,-0.32101846
3.984,-0.2134805
3.9845,-0.08598373
3.985,0.00826465
3.9855,0.0676584
3.986,-0.04831701
3.9865,-0.11759321
3.987,-0.19125907
3.9875,-0.32982636
3.988,-0.38978758
3.9885,-0.43176556
3.989,-0.33770079
3.9895,-0.40106758
3.99,-0.42394124
3.9905,-0.37529737
3.991,-0.34495139
3.9915,-0.27345693
3.992,-0.18437989
3.9925,0.04630084
3.993,0.2328338
3.9935,0.21835463
3.994,0.29152728
3.9945,0.25960827
3.995,0.13378562
3.9955,0.10810627
3.996,0.1150458
3.9965,0.0656904
3.997,0.09026258
3.9975,0.17042693
3.998,0.12948282
3.9985,0.17083292
3.999,0.20398917
3.9995,0.33772683
